{
  "graph_index": 4630,
  "nodes": {
    "0": {
      "type": "root",
      "in_degree": 0,
      "out_degree": 2,
      "betweenness": 0.0,
      "closeness": 0.0,
      "pagerank": 0.02185530772838389,
      "degree_centrality": 0.07142857142857142,
      "cpd": {
        "values": [
          0.5,
          0.5,
          0.0,
          0.0
        ],
        "evidence": [],
        "evidence_card": []
      }
    },
    "1": {
      "type": "intermediate",
      "in_degree": 1,
      "out_degree": 4,
      "betweenness": 0.021164021164021163,
      "closeness": 0.03571428571428571,
      "pagerank": 0.031143933646062008,
      "degree_centrality": 0.17857142857142855,
      "cpd": {
        "values": [
          0.013447047642783363,
          0.657383465903649,
          0.9865529523572166,
          0.34261653409635096
        ],
        "evidence": [
          0
        ],
        "evidence_card": [
          2
        ]
      }
    },
    "2": {
      "type": "intermediate",
      "in_degree": 1,
      "out_degree": 4,
      "betweenness": 0.013227513227513227,
      "closeness": 0.03571428571428571,
      "pagerank": 0.031143933646062008,
      "degree_centrality": 0.17857142857142855,
      "cpd": {
        "values": [
          0.6040625401495884,
          0.5759502329003506,
          0.3959374598504117,
          0.42404976709964937
        ],
        "evidence": [
          0
        ],
        "evidence_card": [
          2
        ]
      }
    },
    "3": {
      "type": "intermediate",
      "in_degree": 1,
      "out_degree": 2,
      "betweenness": 0.01455026455026455,
      "closeness": 0.047619047619047616,
      "pagerank": 0.02847342764577281,
      "degree_centrality": 0.10714285714285714,
      "cpd": {
        "values": [
          0.672277647525626,
          0.48486252778326727,
          0.3277223524743741,
          0.5151374722167328
        ],
        "evidence": [
          2
        ],
        "evidence_card": [
          2
        ]
      }
    },
    "4": {
      "type": "intermediate",
      "in_degree": 1,
      "out_degree": 2,
      "betweenness": 0.006613756613756613,
      "closeness": 0.047619047619047616,
      "pagerank": 0.02847342764577281,
      "degree_centrality": 0.10714285714285714,
      "cpd": {
        "values": [
          0.4626510080113544,
          0.633835149830831,
          0.5373489919886457,
          0.3661648501691691
        ],
        "evidence": [
          2
        ],
        "evidence_card": [
          2
        ]
      }
    },
    "5": {
      "type": "intermediate",
      "in_degree": 1,
      "out_degree": 1,
      "betweenness": 0.003968253968253968,
      "closeness": 0.05357142857142857,
      "pagerank": 0.03395641728802299,
      "degree_centrality": 0.07142857142857142,
      "cpd": {
        "values": [
          0.5699796168739436,
          0.4229700866774333,
          0.43002038312605645,
          0.5770299133225668
        ],
        "evidence": [
          4
        ],
        "evidence_card": [
          2
        ]
      }
    },
    "6": {
      "type": "leaf",
      "in_degree": 1,
      "out_degree": 0,
      "betweenness": 0.0,
      "closeness": 0.05714285714285714,
      "pagerank": 0.050718794256458206,
      "degree_centrality": 0.03571428571428571,
      "cpd": {
        "values": [
          0.6326692428494114,
          0.7238641607699843,
          0.36733075715058855,
          0.2761358392300157
        ],
        "evidence": [
          5
        ],
        "evidence_card": [
          2
        ]
      }
    },
    "7": {
      "type": "intermediate",
      "in_degree": 1,
      "out_degree": 3,
      "betweenness": 0.009259259259259259,
      "closeness": 0.05357142857142857,
      "pagerank": 0.03395641728802299,
      "degree_centrality": 0.14285714285714285,
      "cpd": {
        "values": [
          0.3028819190849404,
          0.3194349403417409,
          0.6971180809150594,
          0.6805650596582591
        ],
        "evidence": [
          3
        ],
        "evidence_card": [
          2
        ]
      }
    },
    "8": {
      "type": "intermediate",
      "in_degree": 2,
      "out_degree": 4,
      "betweenness": 0.018518518518518517,
      "closeness": 0.09523809523809523,
      "pagerank": 0.04057453720541192,
      "degree_centrality": 0.21428571428571427,
      "cpd": {
        "values": [
          0.37622747752778063,
          0.23188411768574843,
          0.9199770698931874,
          0.2609188451374458
        ],
        "evidence": [
          1,
          3
        ],
        "evidence_card": [
          2,
          2
        ]
      }
    },
    "9": {
      "type": "leaf",
      "in_degree": 2,
      "out_degree": 0,
      "betweenness": 0.0,
      "closeness": 0.10714285714285714,
      "pagerank": 0.042578530741022066,
      "degree_centrality": 0.07142857142857142,
      "cpd": {
        "values": [
          0.06614297179804303,
          0.5367879128251535,
          0.17394421741330887,
          0.37861356802904444
        ],
        "evidence": [
          17,
          8
        ],
        "evidence_card": [
          2,
          2
        ]
      }
    },
    "10": {
      "type": "leaf",
      "in_degree": 1,
      "out_degree": 0,
      "betweenness": 0.0,
      "closeness": 0.08116883116883117,
      "pagerank": 0.03047742118138296,
      "degree_centrality": 0.03571428571428571,
      "cpd": {
        "values": [
          0.8915246642758571,
          0.284182060108717,
          0.10847533572414292,
          0.715817939891283
        ],
        "evidence": [
          8
        ],
        "evidence_card": [
          2
        ]
      }
    },
    "11": {
      "type": "leaf",
      "in_degree": 2,
      "out_degree": 0,
      "betweenness": 0.0,
      "closeness": 0.10714285714285714,
      "pagerank": 0.03652797596120251,
      "degree_centrality": 0.07142857142857142,
      "cpd": {
        "values": [
          0.9450248276202216,
          0.4193538671238019,
          0.7021162034044777,
          0.6262566210260657
        ],
        "evidence": [
          16,
          8
        ],
        "evidence_card": [
          2,
          2
        ]
      }
    },
    "12": {
      "type": "leaf",
      "in_degree": 1,
      "out_degree": 0,
      "betweenness": 0.0,
      "closeness": 0.08116883116883117,
      "pagerank": 0.03047742118138296,
      "degree_centrality": 0.03571428571428571,
      "cpd": {
        "values": [
          0.5156174323999388,
          0.10270414481768983,
          0.48438256760006104,
          0.8972958551823101
        ],
        "evidence": [
          8
        ],
        "evidence_card": [
          2
        ]
      }
    },
    "13": {
      "type": "leaf",
      "in_degree": 1,
      "out_degree": 0,
      "betweenness": 0.0,
      "closeness": 0.05714285714285714,
      "pagerank": 0.03147646990440866,
      "degree_centrality": 0.03571428571428571,
      "cpd": {
        "values": [
          0.251189864728066,
          0.6566746552610526,
          0.748810135271934,
          0.3433253447389475
        ],
        "evidence": [
          7
        ],
        "evidence_card": [
          2
        ]
      }
    },
    "14": {
      "type": "leaf",
      "in_degree": 1,
      "out_degree": 0,
      "betweenness": 0.0,
      "closeness": 0.05714285714285714,
      "pagerank": 0.03147646990440866,
      "degree_centrality": 0.03571428571428571,
      "cpd": {
        "values": [
          0.5461406953226182,
          0.7053952851830327,
          0.45385930467738184,
          0.29460471481696726
        ],
        "evidence": [
          7
        ],
        "evidence_card": [
          2
        ]
      }
    },
    "15": {
      "type": "leaf",
      "in_degree": 3,
      "out_degree": 0,
      "betweenness": 0.0,
      "closeness": 0.14285714285714285,
      "pagerank": 0.050195699381436684,