{
  "graph_index": 9505,
  "nodes": {
    "0": {
      "type": "root",
      "in_degree": 0,
      "out_degree": 1,
      "betweenness": 0.0,
      "closeness": 0.0,
      "pagerank": 0.024746880009634965,
      "degree_centrality": 0.038461538461538464,
      "cpd": {
        "values": [
          0.5,
          0.5,
          0.0,
          0.0
        ],
        "evidence": [],
        "evidence_card": []
      }
    },
    "1": {
      "type": "intermediate",
      "in_degree": 1,
      "out_degree": 2,
      "betweenness": 0.038461538461538464,
      "closeness": 0.038461538461538464,
      "pagerank": 0.045781055743423844,
      "degree_centrality": 0.11538461538461539,
      "cpd": {
        "values": [
          0.6441924563679999,
          0.024336162707781984,
          0.355807543632,
          0.9756638372922181
        ],
        "evidence": [
          0
        ],
        "evidence_card": [
          2
        ]
      }
    },
    "2": {
      "type": "intermediate",
      "in_degree": 1,
      "out_degree": 4,
      "betweenness": 0.027692307692307693,
      "closeness": 0.05128205128205128,
      "pagerank": 0.04420315681746094,
      "degree_centrality": 0.19230769230769232,
      "cpd": {
        "values": [
          0.24754379667443463,
          0.49563781710823246,
          0.7524562033255653,
          0.5043621828917676
        ],
        "evidence": [
          1
        ],
        "evidence_card": [
          2
        ]
      }
    },
    "3": {
      "type": "intermediate",
      "in_degree": 1,
      "out_degree": 5,
      "betweenness": 0.043076923076923075,
      "closeness": 0.05128205128205128,
      "pagerank": 0.04420315681746094,
      "degree_centrality": 0.23076923076923078,
      "cpd": {
        "values": [
          0.7497191871804384,
          0.049565148355028114,
          0.2502808128195616,
          0.9504348516449719
        ],
        "evidence": [
          1
        ],
        "evidence_card": [
          2
        ]
      }
    },
    "4": {
      "type": "intermediate",
      "in_degree": 1,
      "out_degree": 3,
      "betweenness": 0.013846153846153847,
      "closeness": 0.057692307692307696,
      "pagerank": 0.03226158769081676,
      "degree_centrality": 0.15384615384615385,
      "cpd": {
        "values": [
          0.6921487390233119,
          0.6764242344274268,
          0.3078512609766882,
          0.3235757655725732
        ],
        "evidence": [
          3
        ],
        "evidence_card": [
          2
        ]
      }
    },
    "5": {
      "type": "intermediate",
      "in_degree": 1,
      "out_degree": 4,
      "betweenness": 0.01846153846153846,
      "closeness": 0.057692307692307696,
      "pagerank": 0.03226158769081676,
      "degree_centrality": 0.19230769230769232,
      "cpd": {
        "values": [
          0.4460240007779932,
          0.1998684981852234,
          0.5539759992220067,
          0.8001315018147767
        ],
        "evidence": [
          3
        ],
        "evidence_card": [
          2
        ]
      }
    },
    "6": {
      "type": "intermediate",
      "in_degree": 1,
      "out_degree": 1,
      "betweenness": 0.004615384615384615,
      "closeness": 0.057692307692307696,
      "pagerank": 0.03226158769081676,
      "degree_centrality": 0.07692307692307693,
      "cpd": {
        "values": [
          0.548692225446007,
          0.49693876655476377,
          0.451307774553993,
          0.5030612334452363
        ],
        "evidence": [
          3
        ],
        "evidence_card": [
          2
        ]
      }
    },
    "7": {
      "type": "intermediate",
      "in_degree": 1,
      "out_degree": 2,
      "betweenness": 0.006153846153846154,
      "closeness": 0.057692307692307696,
      "pagerank": 0.03226158769081676,
      "degree_centrality": 0.11538461538461539,
      "cpd": {
        "values": [
          0.621588907003342,
          0.8266242837862592,
          0.378411092996658,
          0.17337571621374084
        ],
        "evidence": [
          3
        ],
        "evidence_card": [
          2
        ]
      }
    },
    "8": {
      "type": "leaf",
      "in_degree": 2,
      "out_degree": 0,
      "betweenness": 0.0,
      "closeness": 0.10683760683760685,
      "pagerank": 0.0478509785065276,
      "degree_centrality": 0.07692307692307693,
      "cpd": {
        "values": [
          0.8679978809503984,
          0.24638721608746175,
          0.7529573651098251,
          0.4165267592723709
        ],
        "evidence": [
          2,
          7
        ],
        "evidence_card": [
          2,
          2
        ]
      }
    },
    "9": {
      "type": "leaf",
      "in_degree": 1,
      "out_degree": 0,
      "betweenness": 0.0,
      "closeness": 0.06153846153846154,
      "pagerank": 0.038457593905050345,
      "degree_centrality": 0.038461538461538464,
      "cpd": {
        "values": [
          0.05219623138527519,
          0.7085994015973063,
          0.9478037686147248,
          0.2914005984026937
        ],
        "evidence": [
          7
        ],
        "evidence_card": [
          2
        ]
      }
    },
    "10": {
      "type": "leaf",
      "in_degree": 1,
      "out_degree": 0,
      "betweenness": 0.0,
      "closeness": 0.06153846153846154,
      "pagerank": 0.052168307800465726,
      "degree_centrality": 0.038461538461538464,
      "cpd": {
        "values": [
          0.4840264966035208,
          0.6412929568184652,
          0.5159735033964792,
          0.3587070431815348
        ],
        "evidence": [
          6
        ],
        "evidence_card": [
          2
        ]
      }
    },
    "11": {
      "type": "leaf",
      "in_degree": 1,
      "out_degree": 0,
      "betweenness": 0.0,
      "closeness": 0.06153846153846154,
      "pagerank": 0.031602236957342655,
      "degree_centrality": 0.038461538461538464,
      "cpd": {
        "values": [
          0.8151847972988754,
          0.6953198412806094,
          0.18481520270112456,
          0.3046801587193906
        ],
        "evidence": [
          5
        ],
        "evidence_card": [
          2
        ]
      }
    },
    "12": {
      "type": "leaf",
      "in_degree": 1,
      "out_degree": 0,
      "betweenness": 0.0,
      "closeness": 0.06153846153846154,
      "pagerank": 0.031602236957342655,
      "degree_centrality": 0.038461538461538464,
      "cpd": {
        "values": [
          0.41933286973542555,
          0.4959536437112733,
          0.5806671302645745,
          0.5040463562887266
        ],
        "evidence": [
          5
        ],
        "evidence_card": [
          2
        ]
      }
    },
    "13": {
      "type": "leaf",
      "in_degree": 1,
      "out_degree": 0,
      "betweenness": 0.0,
      "closeness": 0.06153846153846154,
      "pagerank": 0.031602236957342655,
      "degree_centrality": 0.038461538461538464,
      "cpd": {
        "values": [
          0.8166870082496234,
          0.5545373212756941,
          0.18331299175037669,
          0.44546267872430584
        ],
        "evidence": [
          5
        ],
        "evidence_card": [
          2
        ]
      }
    },
    "14": {
      "type": "leaf",
      "in_degree": 1,
      "out_degree": 0,
      "betweenness": 0.0,
      "closeness": 0.06153846153846154,
      "pagerank": 0.031602236957342655,
      "degree_centrality": 0.038461538461538464,
      "cpd": {
        "values": [
          0.4021668059494809,
          0.8555348922189636,
          0.5978331940505192,
          0.14446510778103644
        ],
        "evidence": [
          5
        ],
        "evidence_card": [
          2
        ]
      }
    },
    "15": {
      "type": "leaf",
      "in_degree": 1,
      "out_degree": 0,
      "betweenness": 0.0,
      "closeness": 0.06153846153846154,
      "pagerank": 0.03388735593991188,
      "degree_centrality": 0.038461538461538464,