{
  "graph_index": 3653,
  "nodes": {
    "0": {
      "type": "root",
      "in_degree": 0,
      "out_degree": 1,
      "betweenness": 0.0,
      "closeness": 0.0,
      "pagerank": 0.023437199771588958,
      "degree_centrality": 0.03571428571428571,
      "cpd": {
        "values": [
          0.5,
          0.5,
          0.0,
          0.0
        ],
        "evidence": [],
        "evidence_card": []
      }
    },
    "1": {
      "type": "intermediate",
      "in_degree": 1,
      "out_degree": 2,
      "betweenness": 0.03571428571428571,
      "closeness": 0.03571428571428571,
      "pagerank": 0.04335790930753249,
      "degree_centrality": 0.10714285714285714,
      "cpd": {
        "values": [
          0.5362859565185812,
          0.9801402049027579,
          0.4637140434814188,
          0.019859795097242127
        ],
        "evidence": [
          0
        ],
        "evidence_card": [
          2
        ]
      }
    },
    "2": {
      "type": "intermediate",
      "in_degree": 1,
      "out_degree": 4,
      "betweenness": 0.021164021164021163,
      "closeness": 0.047619047619047616,
      "pagerank": 0.04186384910664457,
      "degree_centrality": 0.17857142857142855,
      "cpd": {
        "values": [
          0.05956175761795134,
          0.38072363573620915,
          0.9404382423820487,
          0.6192763642637907
        ],
        "evidence": [
          1
        ],
        "evidence_card": [
          2
        ]
      }
    },
    "3": {
      "type": "intermediate",
      "in_degree": 1,
      "out_degree": 4,
      "betweenness": 0.04497354497354497,
      "closeness": 0.047619047619047616,
      "pagerank": 0.04186384910664457,
      "degree_centrality": 0.17857142857142855,
      "cpd": {
        "values": [
          0.7822416705439317,
          0.8143371436477206,
          0.21775832945606824,
          0.18566285635227942
        ],
        "evidence": [
          1
        ],
        "evidence_card": [
          2
        ]
      }
    },
    "4": {
      "type": "intermediate",
      "in_degree": 1,
      "out_degree": 4,
      "betweenness": 0.015873015873015872,
      "closeness": 0.05357142857142857,
      "pagerank": 0.03233340466856152,
      "degree_centrality": 0.17857142857142855,
      "cpd": {
        "values": [
          0.3945993121899871,
          0.6396825273329999,
          0.605400687810013,
          0.36031747266700015
        ],
        "evidence": [
          3
        ],
        "evidence_card": [
          2
        ]
      }
    },
    "5": {
      "type": "intermediate",
      "in_degree": 1,
      "out_degree": 4,
      "betweenness": 0.015873015873015872,
      "closeness": 0.05357142857142857,
      "pagerank": 0.03233340466856152,
      "degree_centrality": 0.17857142857142855,
      "cpd": {
        "values": [
          0.6502810407154291,
          0.36724553179593505,
          0.34971895928457086,
          0.632754468204065
        ],
        "evidence": [
          3
        ],
        "evidence_card": [
          2
        ]
      }
    },
    "6": {
      "type": "intermediate",
      "in_degree": 1,
      "out_degree": 2,
      "betweenness": 0.007936507936507936,
      "closeness": 0.05357142857142857,
      "pagerank": 0.03233340466856152,
      "degree_centrality": 0.10714285714285714,
      "cpd": {
        "values": [
          0.18298041072367965,
          0.2613358480145638,
          0.8170195892763203,
          0.7386641519854362
        ],
        "evidence": [
          3
        ],
        "evidence_card": [
          2
        ]
      }
    },
    "7": {
      "type": "intermediate",
      "in_degree": 1,
      "out_degree": 4,
      "betweenness": 0.013227513227513227,
      "closeness": 0.05357142857142857,
      "pagerank": 0.03233340466856152,
      "degree_centrality": 0.17857142857142855,
      "cpd": {
        "values": [
          0.8244436318567399,
          0.4687301207906477,
          0.17555636814326017,
          0.5312698792093523
        ],
        "evidence": [
          3
        ],
        "evidence_card": [
          2
        ]
      }
    },
    "8": {
      "type": "leaf",
      "in_degree": 1,
      "out_degree": 0,
      "betweenness": 0.0,
      "closeness": 0.05714285714285714,
      "pagerank": 0.03030782688737772,
      "degree_centrality": 0.03571428571428571,
      "cpd": {
        "values": [
          0.5078847946155095,
          0.17975501358471904,
          0.4921152053844904,
          0.820244986415281
        ],
        "evidence": [
          7
        ],
        "evidence_card": [
          2
        ]
      }
    },
    "9": {
      "type": "leaf",
      "in_degree": 2,
      "out_degree": 0,
      "betweenness": 0.0,
      "closeness": 0.09920634920634921,
      "pagerank": 0.039204031784350286,
      "degree_centrality": 0.07142857142857142,
      "cpd": {
        "values": [
          0.6677964335549585,
          0.7706686678715647,
          0.32200673070920105,
          0.6178965321120529
        ],
        "evidence": [
          2,
          7
        ],
        "evidence_card": [
          2,
          2
        ]
      }
    },
    "10": {
      "type": "leaf",
      "in_degree": 1,
      "out_degree": 0,
      "betweenness": 0.0,
      "closeness": 0.05714285714285714,
      "pagerank": 0.03030782688737772,
      "degree_centrality": 0.03571428571428571,
      "cpd": {
        "values": [
          0.6170619381736608,
          0.47691808850435885,
          0.3829380618263391,
          0.5230819114956411
        ],
        "evidence": [
          7
        ],
        "evidence_card": [
          2
        ]
      }
    },
    "11": {
      "type": "leaf",
      "in_degree": 1,
      "out_degree": 0,
      "betweenness": 0.0,
      "closeness": 0.05714285714285714,
      "pagerank": 0.03030782688737772,
      "degree_centrality": 0.03571428571428571,
      "cpd": {
        "values": [
          0.24649879940499753,
          0.6277234754833939,
          0.7535012005950024,
          0.37227652451660603
        ],
        "evidence": [
          7
        ],
        "evidence_card": [
          2
        ]
      }
    },
    "12": {
      "type": "leaf",
      "in_degree": 1,
      "out_degree": 0,
      "betweenness": 0.0,
      "closeness": 0.05714285714285714,
      "pagerank": 0.03717845400316649,
      "degree_centrality": 0.03571428571428571,
      "cpd": {
        "values": [
          0.3192288532521894,
          0.397745448628045,
          0.6807711467478105,
          0.6022545513719549
        ],
        "evidence": [
          6
        ],
        "evidence_card": [
          2
        ]
      }
    },
    "13": {
      "type": "leaf",
      "in_degree": 1,
      "out_degree": 0,
      "betweenness": 0.0,
      "closeness": 0.05714285714285714,
      "pagerank": 0.03717845400316649,
      "degree_centrality": 0.03571428571428571,
      "cpd": {
        "values": [
          0.3087608033094658,
          0.6204374801053534,
          0.6912391966905341,
          0.3795625198946466
        ],
        "evidence": [
          6
        ],
        "evidence_card": [
          2
        ]
      }
    },
    "14": {
      "type": "leaf",
      "in_degree": 1,
      "out_degree": 0,
      "betweenness": 0.0,
      "closeness": 0.05714285714285714,
      "pagerank": 0.03030782688737772,
      "degree_centrality": 0.03571428571428571,
      "cpd": {
        "values": [
          0.6709987227984388,
          0.605324303969217,
          0.3290012772015612,
          0.394675696030783
        ],
        "evidence": [
          5
        ],
        "evidence_card": [
          2
        ]
      }
    },
    "15": {
      "type": "leaf",
      "in_degree": 1,
      "out_degree": 0,
      "betweenness": 0.0,
      "closeness": 0.05714285714285714,
      "pagerank": 0.03030782688737772,
      "degree_centrality": 0.03571428571428571,