{
  "graph_index": 9149,
  "nodes": {
    "0": {
      "type": "root",
      "in_degree": 0,
      "out_degree": 1,
      "betweenness": 0.0,
      "closeness": 0.0,
      "pagerank": 0.04774425106361431,
      "degree_centrality": 0.1,
      "cpd": {
        "values": [
          0.5,
          0.5,
          0.0,
          0.0
        ],
        "evidence": [],
        "evidence_card": []
      }
    },
    "1": {
      "type": "intermediate",
      "in_degree": 1,
      "out_degree": 2,
      "betweenness": 0.1,
      "closeness": 0.1,
      "pagerank": 0.08832651078788552,
      "degree_centrality": 0.30000000000000004,
      "cpd": {
        "values": [
          0.18895875810465484,
          0.3426120841534806,
          0.8110412418953451,
          0.6573879158465193
        ],
        "evidence": [
          0
        ],
        "evidence_card": [
          2
        ]
      }
    },
    "2": {
      "type": "intermediate",
      "in_degree": 1,
      "out_degree": 2,
      "betweenness": 0.08888888888888889,
      "closeness": 0.13333333333333333,
      "pagerank": 0.08528311569049876,
      "degree_centrality": 0.30000000000000004,
      "cpd": {
        "values": [
          0.39332150404577954,
          0.7148288258495813,
          0.6066784959542205,
          0.2851711741504187
        ],
        "evidence": [
          1
        ],
        "evidence_card": [
          2
        ]
      }
    },
    "3": {
      "type": "intermediate",
      "in_degree": 1,
      "out_degree": 2,
      "betweenness": 0.06666666666666667,
      "closeness": 0.13333333333333333,
      "pagerank": 0.08528311569049876,
      "degree_centrality": 0.30000000000000004,
      "cpd": {
        "values": [
          0.41320976830045586,
          0.42150307031070355,
          0.5867902316995441,
          0.5784969296892964
        ],
        "evidence": [
          1
        ],
        "evidence_card": [
          2
        ]
      }
    },
    "4": {
      "type": "intermediate",
      "in_degree": 1,
      "out_degree": 1,
      "betweenness": 0.011111111111111112,
      "closeness": 0.15,
      "pagerank": 0.08398892541672144,
      "degree_centrality": 0.2,
      "cpd": {
        "values": [
          0.3498587910709833,
          0.4167802501021567,
          0.6501412089290167,
          0.5832197498978433
        ],
        "evidence": [
          3
        ],
        "evidence_card": [
          2
        ]
      }
    },
    "5": {
      "type": "intermediate",
      "in_degree": 1,
      "out_degree": 1,
      "betweenness": 0.03333333333333333,
      "closeness": 0.15,
      "pagerank": 0.08398892541672144,
      "degree_centrality": 0.2,
      "cpd": {
        "values": [
          0.6454452147485122,
          0.0613544281312578,
          0.35455478525148776,
          0.9386455718687422
        ],
        "evidence": [
          3
        ],
        "evidence_card": [
          2
        ]
      }
    },
    "6": {
      "type": "leaf",
      "in_degree": 1,
      "out_degree": 0,
      "betweenness": 0.0,
      "closeness": 0.16000000000000003,
      "pagerank": 0.11913576836687235,
      "degree_centrality": 0.1,
      "cpd": {
        "values": [
          0.05928762731644325,
          0.3313991978682817,
          0.9407123726835568,
          0.6686008021317182
        ],
        "evidence": [
          5
        ],
        "evidence_card": [
          2
        ]
      }
    },
    "7": {
      "type": "leaf",
      "in_degree": 2,
      "out_degree": 0,
      "betweenness": 0.0,
      "closeness": 0.2777777777777778,
      "pagerank": 0.1553804427199795,
      "degree_centrality": 0.2,
      "cpd": {
        "values": [
          0.09690514409655752,
          0.6178451143038179,
          0.22700249235934275,
          0.2436251889010532
        ],
        "evidence": [
          2,
          4
        ],
        "evidence_card": [
          2,
          2
        ]
      }
    },
    "8": {
      "type": "intermediate",
      "in_degree": 1,
      "out_degree": 2,
      "betweenness": 0.06666666666666667,
      "closeness": 0.15,
      "pagerank": 0.08398892541672144,
      "degree_centrality": 0.30000000000000004,
      "cpd": {
        "values": [
          0.3137236907103603,
          0.4634056730960491,
          0.6862763092896397,
          0.5365943269039509
        ],
        "evidence": [
          2
        ],
        "evidence_card": [
          2
        ]
      }
    },
    "9": {
      "type": "leaf",
      "in_degree": 1,
      "out_degree": 0,
      "betweenness": 0.0,
      "closeness": 0.16000000000000003,
      "pagerank": 0.08344000971524333,
      "degree_centrality": 0.1,
      "cpd": {
        "values": [
          0.8973403215037359,
          0.8597911573979898,
          0.10265967849626417,
          0.14020884260201016
        ],
        "evidence": [
          8
        ],
        "evidence_card": [
          2
        ]
      }
    },
    "10": {
      "type": "leaf",
      "in_degree": 1,
      "out_degree": 0,
      "betweenness": 0.0,
      "closeness": 0.16000000000000003,
      "pagerank": 0.08344000971524333,
      "degree_centrality": 0.1,
      "cpd": {
        "values": [
          0.768607437652802,
          0.15325428593877988,
          0.23139256234719796,
          0.8467457140612201
        ],
        "evidence": [
          8
        ],
        "evidence_card": [
          2
        ]
      }
    }
  },
  "edges": [
    [
      0,
      1
    ],
    [
      1,
      2
    ],
    [
      1,
      3
    ],
    [
      2,
      8
    ],
    [
      2,
      7
    ],
    [
      3,
      4
    ],
    [
      3,
      5
    ],
    [
      4,
      7
    ],
    [
      5,
      6
    ],
    [
      8,
      9
    ],
    [
      8,
      10
    ]
  ]
}