{
  "graph_index": 9345,
  "nodes": {
    "0": {
      "type": "root",
      "in_degree": 0,
      "out_degree": 1,
      "betweenness": 0.0,
      "closeness": 0.0,
      "pagerank": 0.0368764184560017,
      "degree_centrality": 0.06666666666666667,
      "cpd": {
        "values": [
          0.5,
          0.5,
          0.0,
          0.0
        ],
        "evidence": [],
        "evidence_card": []
      }
    },
    "1": {
      "type": "intermediate",
      "in_degree": 1,
      "out_degree": 2,
      "betweenness": 0.06666666666666668,
      "closeness": 0.06666666666666667,
      "pagerank": 0.06822114808614994,
      "degree_centrality": 0.2,
      "cpd": {
        "values": [
          0.5495642118036991,
          0.4104007786981282,
          0.45043578819630087,
          0.5895992213018718
        ],
        "evidence": [
          0
        ],
        "evidence_card": [
          2
        ]
      }
    },
    "2": {
      "type": "intermediate",
      "in_degree": 1,
      "out_degree": 4,
      "betweenness": 0.08571428571428572,
      "closeness": 0.08888888888888888,
      "pagerank": 0.06587166789845209,
      "degree_centrality": 0.3333333333333333,
      "cpd": {
        "values": [
          0.6171662732844985,
          0.12172570100536109,
          0.3828337267155017,
          0.8782742989946389
        ],
        "evidence": [
          1
        ],
        "evidence_card": [
          2
        ]
      }
    },
    "3": {
      "type": "intermediate",
      "in_degree": 1,
      "out_degree": 1,
      "betweenness": 0.028571428571428574,
      "closeness": 0.08888888888888888,
      "pagerank": 0.06587166789845209,
      "degree_centrality": 0.13333333333333333,
      "cpd": {
        "values": [
          0.34677711851943177,
          0.049762004170541725,
          0.6532228814805683,
          0.9502379958294582
        ],
        "evidence": [
          1
        ],
        "evidence_card": [
          2
        ]
      }
    },
    "4": {
      "type": "intermediate",
      "in_degree": 1,
      "out_degree": 3,
      "betweenness": 0.03333333333333334,
      "closeness": 0.1,
      "pagerank": 0.0928660981561596,
      "degree_centrality": 0.26666666666666666,
      "cpd": {
        "values": [
          0.9902060922684758,
          0.502161998415892,
          0.009793907731524198,
          0.49783800158410796
        ],
        "evidence": [
          3
        ],
        "evidence_card": [
          2
        ]
      }
    },
    "5": {
      "type": "leaf",
      "in_degree": 2,
      "out_degree": 0,
      "betweenness": 0.0,
      "closeness": 0.18518518518518517,
      "pagerank": 0.07718566221356962,
      "degree_centrality": 0.13333333333333333,
      "cpd": {
        "values": [
          0.09517548794600707,
          0.7211282006307995,
          0.8536564949246135,
          0.5462438929249505
        ],
        "evidence": [
          2,
          4
        ],
        "evidence_card": [
          2,
          2
        ]
      }
    },
    "6": {
      "type": "leaf",
      "in_degree": 1,
      "out_degree": 0,
      "betweenness": 0.0,
      "closeness": 0.10666666666666667,
      "pagerank": 0.06318824228853014,
      "degree_centrality": 0.06666666666666667,
      "cpd": {
        "values": [
          0.2459359710686389,
          0.427981292414215,
          0.754064028931361,
          0.572018707585785
        ],
        "evidence": [
          4
        ],
        "evidence_card": [
          2
        ]
      }
    },
    "7": {
      "type": "leaf",
      "in_degree": 1,
      "out_degree": 0,
      "betweenness": 0.0,
      "closeness": 0.10666666666666667,
      "pagerank": 0.06318824228853014,
      "degree_centrality": 0.06666666666666667,
      "cpd": {
        "values": [
          0.5595650924487733,
          0.4738556530838519,
          0.44043490755122666,
          0.5261443469161481
        ],
        "evidence": [
          4
        ],
        "evidence_card": [
          2
        ]
      }
    },
    "8": {
      "type": "intermediate",
      "in_degree": 1,
      "out_degree": 2,
      "betweenness": 0.028571428571428574,
      "closeness": 0.1,
      "pagerank": 0.050873838381041175,
      "degree_centrality": 0.2,
      "cpd": {
        "values": [
          0.7682967698458321,
          0.49974712392352894,
          0.23170323015416794,
          0.5002528760764711
        ],
        "evidence": [
          2
        ],
        "evidence_card": [
          2
        ]
      }
    },
    "9": {
      "type": "intermediate",
      "in_degree": 1,
      "out_degree": 1,
      "betweenness": 0.014285714285714287,
      "closeness": 0.1,
      "pagerank": 0.050873838381041175,
      "degree_centrality": 0.13333333333333333,
      "cpd": {
        "values": [
          0.9532181454116418,
          0.9345803068887725,
          0.046781854588358124,
          0.06541969311122754
        ],
        "evidence": [
          2
        ],
        "evidence_card": [
          2
        ]
      }
    },
    "10": {
      "type": "intermediate",
      "in_degree": 1,
      "out_degree": 2,
      "betweenness": 0.028571428571428574,
      "closeness": 0.1,
      "pagerank": 0.050873838381041175,
      "degree_centrality": 0.2,
      "cpd": {
        "values": [
          0.4485903782194544,
          0.44259814512083795,
          0.5514096217805455,
          0.557401854879162
        ],
        "evidence": [
          2
        ],
        "evidence_card": [
          2
        ]
      }
    },
    "11": {
      "type": "leaf",
      "in_degree": 1,
      "out_degree": 0,
      "betweenness": 0.0,
      "closeness": 0.10666666666666667,
      "pagerank": 0.05849762600450546,
      "degree_centrality": 0.06666666666666667,
      "cpd": {
        "values": [
          0.9200888722389666,
          0.5419445336673795,
          0.07991112776103343,
          0.4580554663326205
        ],
        "evidence": [
          10
        ],
        "evidence_card": [
          2
        ]
      }
    },
    "12": {
      "type": "leaf",
      "in_degree": 1,
      "out_degree": 0,
      "betweenness": 0.0,
      "closeness": 0.10666666666666667,
      "pagerank": 0.05849762600450546,
      "degree_centrality": 0.06666666666666667,
      "cpd": {
        "values": [
          0.6201137759299155,
          0.8372570178989074,
          0.37988622407008454,
          0.16274298210109267
        ],
        "evidence": [
          10
        ],
        "evidence_card": [
          2
        ]
      }
    },
    "13": {
      "type": "leaf",
      "in_degree": 1,
      "out_degree": 0,
      "betweenness": 0.0,
      "closeness": 0.10666666666666667,
      "pagerank": 0.08011883355300922,
      "degree_centrality": 0.06666666666666667,
      "cpd": {
        "values": [
          0.8101322884862022,
          0.3857461081648086,
          0.18986771151379783,
          0.6142538918351913
        ],
        "evidence": [
          9
        ],
        "evidence_card": [
          2
        ]
      }
    },
    "14": {
      "type": "leaf",
      "in_degree": 1,
      "out_degree": 0,
      "betweenness": 0.0,
      "closeness": 0.10666666666666667,
      "pagerank": 0.05849762600450546,
      "degree_centrality": 0.06666666666666667,
      "cpd": {
        "values": [
          0.7683136481567965,
          0.8458838436852907,
          0.23168635184320355,
          0.15411615631470926
        ],
        "evidence": [
          8
        ],
        "evidence_card": [
          2
        ]
      }
    },
    "15": {
      "type": "leaf",
      "in_degree": 1,
      "out_degree": 0,
      "betweenness": 0.0,
      "closeness": 0.10666666666666667,
      "pagerank": 0.05849762600450546,
      "degree_centrality": 0.06666666666666667,
      "cpd": {
        "values": [
          0.740598098145991,
          0.06526247089413856,
          0.259401901854009,
          0.9347375291058614
        ],