{
  "graph_index": 4958,
  "nodes": {
    "0": {
      "type": "root",
      "in_degree": 0,
      "out_degree": 2,
      "betweenness": 0.0,
      "closeness": 0.0,
      "pagerank": 0.018788178661845685,
      "degree_centrality": 0.058823529411764705,
      "cpd": {
        "values": [
          0.5,
          0.5,
          0.0,
          0.0
        ],
        "evidence": [],
        "evidence_card": []
      }
    },
    "1": {
      "type": "intermediate",
      "in_degree": 1,
      "out_degree": 3,
      "betweenness": 0.020944741532976825,
      "closeness": 0.029411764705882353,
      "pagerank": 0.026773014641131805,
      "degree_centrality": 0.11764705882352941,
      "cpd": {
        "values": [
          0.58583048869877,
          0.7655111275095514,
          0.4141695113012301,
          0.23448887249044856
        ],
        "evidence": [
          0
        ],
        "evidence_card": [
          2
        ]
      }
    },
    "2": {
      "type": "intermediate",
      "in_degree": 1,
      "out_degree": 2,
      "betweenness": 0.007575757575757575,
      "closeness": 0.029411764705882353,
      "pagerank": 0.026773014641131805,
      "degree_centrality": 0.08823529411764705,
      "cpd": {
        "values": [
          0.7249656368622222,
          0.6095405789523798,
          0.27503436313777785,
          0.3904594210476201
        ],
        "evidence": [
          0
        ],
        "evidence_card": [
          2
        ]
      }
    },
    "3": {
      "type": "intermediate",
      "in_degree": 1,
      "out_degree": 2,
      "betweenness": 0.0053475935828877,
      "closeness": 0.0392156862745098,
      "pagerank": 0.030166113122938123,
      "degree_centrality": 0.08823529411764705,
      "cpd": {
        "values": [
          0.0335996853269885,
          0.4503364008154065,
          0.9664003146730115,
          0.5496635991845936
        ],
        "evidence": [
          2
        ],
        "evidence_card": [
          2
        ]
      }
    },
    "4": {
      "type": "intermediate",
      "in_degree": 1,
      "out_degree": 1,
      "betweenness": 0.00267379679144385,
      "closeness": 0.04411764705882353,
      "pagerank": 0.03160988962669146,
      "degree_centrality": 0.058823529411764705,
      "cpd": {
        "values": [
          0.7232171010573202,
          0.738304549153952,
          0.27678289894267977,
          0.26169545084604795
        ],
        "evidence": [
          3
        ],
        "evidence_card": [
          2
        ]
      }
    },
    "5": {
      "type": "leaf",
      "in_degree": 1,
      "out_degree": 0,
      "betweenness": 0.0,
      "closeness": 0.047058823529411764,
      "pagerank": 0.0456573800545613,
      "degree_centrality": 0.029411764705882353,
      "cpd": {
        "values": [
          0.2980912665035939,
          0.43551775534719334,
          0.7019087334964061,
          0.5644822446528067
        ],
        "evidence": [
          4
        ],
        "evidence_card": [
          2
        ]
      }
    },
    "6": {
      "type": "intermediate",
      "in_degree": 1,
      "out_degree": 3,
      "betweenness": 0.0142602495543672,
      "closeness": 0.0392156862745098,
      "pagerank": 0.026373468302573977,
      "degree_centrality": 0.11764705882352941,
      "cpd": {
        "values": [
          0.4192595494886054,
          0.4318911711192924,
          0.5807404505113946,
          0.5681088288807076
        ],
        "evidence": [
          1
        ],
        "evidence_card": [
          2
        ]
      }
    },
    "7": {
      "type": "intermediate",
      "in_degree": 1,
      "out_degree": 4,
      "betweenness": 0.01693404634581105,
      "closeness": 0.0392156862745098,
      "pagerank": 0.026373468302573977,
      "degree_centrality": 0.14705882352941177,
      "cpd": {
        "values": [
          0.5272322850332967,
          0.7223279003880017,
          0.47276771496670333,
          0.2776720996119984
        ],
        "evidence": [
          1
        ],
        "evidence_card": [
          2
        ]
      }
    },
    "8": {
      "type": "intermediate",
      "in_degree": 1,
      "out_degree": 3,
      "betweenness": 0.010249554367201425,
      "closeness": 0.0392156862745098,
      "pagerank": 0.026373468302573977,
      "degree_centrality": 0.11764705882352941,
      "cpd": {
        "values": [
          0.16581743704477306,
          0.8317061702219429,
          0.8341825629552269,
          0.1682938297780571
        ],
        "evidence": [
          1
        ],
        "evidence_card": [
          2
        ]
      }
    },
    "9": {
      "type": "intermediate",
      "in_degree": 1,
      "out_degree": 2,
      "betweenness": 0.0035650623885918,
      "closeness": 0.04411764705882353,
      "pagerank": 0.026261124863840718,
      "degree_centrality": 0.08823529411764705,
      "cpd": {
        "values": [
          0.8987206221266554,
          0.0849926659131022,
          0.10127937787334465,
          0.9150073340868978
        ],
        "evidence": [
          8
        ],
        "evidence_card": [
          2
        ]
      }
    },
    "10": {
      "type": "intermediate",
      "in_degree": 1,
      "out_degree": 2,
      "betweenness": 0.0053475935828877,
      "closeness": 0.04411764705882353,
      "pagerank": 0.026261124863840718,
      "degree_centrality": 0.08823529411764705,
      "cpd": {
        "values": [
          0.42164157986136347,
          0.5864238623172966,
          0.5783584201386366,
          0.4135761376827034
        ],
        "evidence": [
          8
        ],
        "evidence_card": [
          2
        ]
      }
    },
    "11": {
      "type": "leaf",
      "in_degree": 1,
      "out_degree": 0,
      "betweenness": 0.0,
      "closeness": 0.047058823529411764,
      "pagerank": 0.029949154178009512,
      "degree_centrality": 0.029411764705882353,
      "cpd": {
        "values": [
          0.3927980347343355,
          0.7388564698730835,
          0.6072019652656646,
          0.2611435301269166
        ],
        "evidence": [
          10
        ],
        "evidence_card": [
          2
        ]
      }
    },
    "12": {
      "type": "leaf",
      "in_degree": 1,
      "out_degree": 0,
      "betweenness": 0.0,
      "closeness": 0.047058823529411764,
      "pagerank": 0.029949154178009512,
      "degree_centrality": 0.029411764705882353,
      "cpd": {
        "values": [
          0.7924138065764176,
          0.8071744933081093,
          0.20758619342358248,
          0.19282550669189072
        ],
        "evidence": [
          10
        ],
        "evidence_card": [
          2
        ]
      }
    },
    "13": {
      "type": "leaf",
      "in_degree": 1,
      "out_degree": 0,
      "betweenness": 0.0,
      "closeness": 0.047058823529411764,
      "pagerank": 0.029949154178009512,
      "degree_centrality": 0.029411764705882353,
      "cpd": {
        "values": [
          0.8844485507402772,
          0.4671983146250493,
          0.11555144925972284,
          0.5328016853749507
        ],
        "evidence": [
          9
        ],
        "evidence_card": [
          2
        ]
      }
    },
    "14": {
      "type": "leaf",
      "in_degree": 2,
      "out_degree": 0,
      "betweenness": 0.0,
      "closeness": 0.08169934640522876,
      "pagerank": 0.035553863829505795,
      "degree_centrality": 0.058823529411764705,
      "cpd": {
        "values": [
          0.7565044924217069,
          0.3493327700290548,
          0.3142026802417982,
          0.9003031889356913
        ],
        "evidence": [
          7,
          9
        ],
        "evidence_card": [
          2,
          2
        ]
      }
    },
    "15": {
      "type": "intermediate",
      "in_degree": 1,
      "out_degree": 1,
      "betweenness": 0.00089126559714795,
      "closeness": 0.04411764705882353,
      "pagerank": 0.02439288831334196,