{
  "graph_index": 2455,
  "nodes": {
    "0": {
      "type": "root",
      "in_degree": 0,
      "out_degree": 2,
      "betweenness": 0.0,
      "closeness": 0.0,
      "pagerank": 0.033537840245394746,
      "degree_centrality": 0.125,
      "cpd": {
        "values": [
          0.5,
          0.5,
          0.0,
          0.0
        ],
        "evidence": [],
        "evidence_card": []
      }
    },
    "1": {
      "type": "intermediate",
      "in_degree": 1,
      "out_degree": 2,
      "betweenness": 0.03333333333333333,
      "closeness": 0.0625,
      "pagerank": 0.04779124127181914,
      "degree_centrality": 0.1875,
      "cpd": {
        "values": [
          0.4921764896154091,
          0.17567726001673042,
          0.5078235103845908,
          0.8243227399832695
        ],
        "evidence": [
          0
        ],
        "evidence_card": [
          2
        ]
      }
    },
    "2": {
      "type": "intermediate",
      "in_degree": 1,
      "out_degree": 2,
      "betweenness": 0.025,
      "closeness": 0.0625,
      "pagerank": 0.04779124127181914,
      "degree_centrality": 0.1875,
      "cpd": {
        "values": [
          0.8759286002065836,
          0.5993144557823998,
          0.12407139979341639,
          0.4006855442176002
        ],
        "evidence": [
          0
        ],
        "evidence_card": [
          2
        ]
      }
    },
    "3": {
      "type": "intermediate",
      "in_degree": 1,
      "out_degree": 2,
      "betweenness": 0.03333333333333333,
      "closeness": 0.08333333333333333,
      "pagerank": 0.05384910818438417,
      "degree_centrality": 0.1875,
      "cpd": {
        "values": [
          0.05842765557528689,
          0.7592664869150412,
          0.9415723444247132,
          0.24073351308495886
        ],
        "evidence": [
          2
        ],
        "evidence_card": [
          2
        ]
      }
    },
    "4": {
      "type": "intermediate",
      "in_degree": 1,
      "out_degree": 2,
      "betweenness": 0.025,
      "closeness": 0.09375,
      "pagerank": 0.056423804331269256,
      "degree_centrality": 0.1875,
      "cpd": {
        "values": [
          0.5663119857845651,
          0.4791435248119069,
          0.43368801421543485,
          0.5208564751880931
        ],
        "evidence": [
          3
        ],
        "evidence_card": [
          2
        ]
      }
    },
    "5": {
      "type": "leaf",
      "in_degree": 1,
      "out_degree": 0,
      "betweenness": 0.0,
      "closeness": 0.1,
      "pagerank": 0.05751810640638809,
      "degree_centrality": 0.0625,
      "cpd": {
        "values": [
          0.3011230517080512,
          0.6774215799143205,
          0.6988769482919488,
          0.32257842008567944
        ],
        "evidence": [
          4
        ],
        "evidence_card": [
          2
        ]
      }
    },
    "6": {
      "type": "leaf",
      "in_degree": 1,
      "out_degree": 0,
      "betweenness": 0.0,
      "closeness": 0.1,
      "pagerank": 0.05751810640638809,
      "degree_centrality": 0.0625,
      "cpd": {
        "values": [
          0.9092391045276097,
          0.1538748937972317,
          0.09076089547239034,
          0.8461251062027683
        ],
        "evidence": [
          4
        ],
        "evidence_card": [
          2
        ]
      }
    },
    "7": {
      "type": "intermediate",
      "in_degree": 1,
      "out_degree": 1,
      "betweenness": 0.0375,
      "closeness": 0.08333333333333333,
      "pagerank": 0.05384910818438417,
      "degree_centrality": 0.125,
      "cpd": {
        "values": [
          0.7000315023000163,
          0.4032972028591635,
          0.29996849769998374,
          0.5967027971408364
        ],
        "evidence": [
          1
        ],
        "evidence_card": [
          2
        ]
      }
    },
    "8": {
      "type": "intermediate",
      "in_degree": 1,
      "out_degree": 1,
      "betweenness": 0.020833333333333332,
      "closeness": 0.08333333333333333,
      "pagerank": 0.05384910818438417,
      "degree_centrality": 0.125,
      "cpd": {
        "values": [
          0.2887733565991793,
          0.9587020208291313,
          0.7112266434008208,
          0.04129797917086874
        ],
        "evidence": [
          1
        ],
        "evidence_card": [
          2
        ]
      }
    },
    "9": {
      "type": "intermediate",
      "in_degree": 1,
      "out_degree": 2,
      "betweenness": 0.020833333333333332,
      "closeness": 0.09375,
      "pagerank": 0.07930976841714375,
      "degree_centrality": 0.1875,
      "cpd": {
        "values": [
          0.39098278901067685,
          0.31275397921376297,
          0.6090172109893232,
          0.6872460207862371
        ],
        "evidence": [
          8
        ],
        "evidence_card": [
          2
        ]
      }
    },
    "10": {
      "type": "leaf",
      "in_degree": 2,
      "out_degree": 0,
      "betweenness": 0.0,
      "closeness": 0.1736111111111111,
      "pagerank": 0.08755623947994645,
      "degree_centrality": 0.125,
      "cpd": {
        "values": [
          0.30202265449784205,
          0.7641428935158772,
          0.47172233922694695,
          0.37876874592994225
        ],
        "evidence": [
          2,
          9
        ],
        "evidence_card": [
          2,
          2
        ]
      }
    },
    "11": {
      "type": "leaf",
      "in_degree": 1,
      "out_degree": 0,
      "betweenness": 0.0,
      "closeness": 0.1,
      "pagerank": 0.06724497154095702,
      "degree_centrality": 0.0625,
      "cpd": {
        "values": [
          0.5289918120593344,
          0.7211132701035804,
          0.4710081879406655,
          0.27888672989641955
        ],
        "evidence": [
          9
        ],
        "evidence_card": [
          2
        ]
      }
    },
    "12": {
      "type": "intermediate",
      "in_degree": 1,
      "out_degree": 4,
      "betweenness": 0.04583333333333333,
      "closeness": 0.09375,
      "pagerank": 0.07930976841714375,
      "degree_centrality": 0.3125,
      "cpd": {
        "values": [
          0.6172280155591519,
          0.08767012681212065,
          0.38277198444084815,
          0.9123298731878794
        ],
        "evidence": [
          7
        ],
        "evidence_card": [
          2
        ]
      }
    },
    "13": {
      "type": "leaf",
      "in_degree": 1,
      "out_degree": 0,
      "betweenness": 0.0,
      "closeness": 0.1,
      "pagerank": 0.05039140589317589,
      "degree_centrality": 0.0625,
      "cpd": {
        "values": [
          0.2267528647436401,
          0.8930622667415835,
          0.7732471352563599,
          0.10693773325841653
        ],
        "evidence": [
          12
        ],
        "evidence_card": [
          2
        ]
      }
    },
    "14": {
      "type": "leaf",
      "in_degree": 1,
      "out_degree": 0,
      "betweenness": 0.0,
      "closeness": 0.1,
      "pagerank": 0.05039140589317589,
      "degree_centrality": 0.0625,
      "cpd": {
        "values": [
          0.6842737792172341,
          0.7712852132499162,
          0.3157262207827659,
          0.22871478675008383
        ],
        "evidence": [
          12
        ],
        "evidence_card": [
          2
        ]
      }
    },
    "15": {
      "type": "leaf",
      "in_degree": 2,
      "out_degree": 0,
      "betweenness": 0.0,
      "closeness": 0.1875,
      "pagerank": 0.07327736997905039,
      "degree_centrality": 0.125,
      "cpd": {
        "values": [
          0.19498920371689993,
          0.7768430098977288,
          0.35043585005378713,
          0.8241980732964171
        ],
        "evidence": [
          3,
          12
        ],
        "evidence_card": [
          2,
          2
        ]
      }
    },
    "16": {
      "type": "leaf",
      "in_degree": 1,
      "out_degree": 0,
      "betweenness": 0.0,
      "closeness": 0.1,