{
  "graph_index": 6587,
  "nodes": {
    "0": {
      "type": "root",
      "in_degree": 0,
      "out_degree": 1,
      "betweenness": 0.0,
      "closeness": 0.0,
      "pagerank": 0.049584233521232424,
      "degree_centrality": 0.09090909090909091,
      "cpd": {
        "values": [
          0.5,
          0.5,
          0.0,
          0.0
        ],
        "evidence": [],
        "evidence_card": []
      }
    },
    "1": {
      "type": "intermediate",
      "in_degree": 1,
      "out_degree": 1,
      "betweenness": 0.09090909090909091,
      "closeness": 0.09090909090909091,
      "pagerank": 0.09172995875612323,
      "degree_centrality": 0.18181818181818182,
      "cpd": {
        "values": [
          0.9022568942463417,
          0.11631291797388917,
          0.09774310575365819,
          0.8836870820261108
        ],
        "evidence": [
          0
        ],
        "evidence_card": [
          2
        ]
      }
    },
    "2": {
      "type": "intermediate",
      "in_degree": 1,
      "out_degree": 2,
      "betweenness": 0.16363636363636364,
      "closeness": 0.12121212121212122,
      "pagerank": 0.12755344631000948,
      "degree_centrality": 0.2727272727272727,
      "cpd": {
        "values": [
          0.7626326692848838,
          0.9099674526682939,
          0.2373673307151162,
          0.09003254733170606
        ],
        "evidence": [
          1
        ],
        "evidence_card": [
          2
        ]
      }
    },
    "3": {
      "type": "intermediate",
      "in_degree": 1,
      "out_degree": 4,
      "betweenness": 0.10909090909090909,
      "closeness": 0.13636363636363635,
      "pagerank": 0.1037946638832284,
      "degree_centrality": 0.4545454545454546,
      "cpd": {
        "values": [
          0.7060364582771093,
          0.7675920930081911,
          0.2939635417228908,
          0.23240790699180894
        ],
        "evidence": [
          2
        ],
        "evidence_card": [
          2
        ]
      }
    },
    "4": {
      "type": "intermediate",
      "in_degree": 1,
      "out_degree": 3,
      "betweenness": 0.08181818181818182,
      "closeness": 0.13636363636363635,
      "pagerank": 0.1037946638832284,
      "degree_centrality": 0.36363636363636365,
      "cpd": {
        "values": [
          0.3065210363830786,
          0.5042074663458479,
          0.6934789636169214,
          0.4957925336541521
        ],
        "evidence": [
          2
        ],
        "evidence_card": [
          2
        ]
      }
    },
    "5": {
      "type": "leaf",
      "in_degree": 1,
      "out_degree": 0,
      "betweenness": 0.0,
      "closeness": 0.14545454545454548,
      "pagerank": 0.07899313335415754,
      "degree_centrality": 0.09090909090909091,
      "cpd": {
        "values": [
          0.07012023139794811,
          0.45081633189195797,
          0.9298797686020519,
          0.549183668108042
        ],
        "evidence": [
          4
        ],
        "evidence_card": [
          2
        ]
      }
    },
    "6": {
      "type": "leaf",
      "in_degree": 1,
      "out_degree": 0,
      "betweenness": 0.0,
      "closeness": 0.14545454545454548,
      "pagerank": 0.07899313335415754,
      "degree_centrality": 0.09090909090909091,
      "cpd": {
        "values": [
          0.3734608152555079,
          0.44778139055550614,
          0.6265391847444921,
          0.5522186094444939
        ],
        "evidence": [
          4
        ],
        "evidence_card": [
          2
        ]
      }
    },
    "7": {
      "type": "leaf",
      "in_degree": 1,
      "out_degree": 0,
      "betweenness": 0.0,
      "closeness": 0.14545454545454548,
      "pagerank": 0.07899313335415754,
      "degree_centrality": 0.09090909090909091,
      "cpd": {
        "values": [
          0.7514513301691634,
          0.5918185682446523,
          0.24854866983083657,
          0.4081814317553477
        ],
        "evidence": [
          4
        ],
        "evidence_card": [
          2
        ]
      }
    },
    "8": {
      "type": "leaf",
      "in_degree": 1,
      "out_degree": 0,
      "betweenness": 0.0,
      "closeness": 0.14545454545454548,
      "pagerank": 0.07164090839592627,
      "degree_centrality": 0.09090909090909091,
      "cpd": {
        "values": [
          0.40247872565268744,
          0.2012000165379545,
          0.5975212743473127,
          0.7987999834620455
        ],
        "evidence": [
          3
        ],
        "evidence_card": [
          2
        ]
      }
    },
    "9": {
      "type": "leaf",
      "in_degree": 1,
      "out_degree": 0,
      "betweenness": 0.0,
      "closeness": 0.14545454545454548,
      "pagerank": 0.07164090839592627,
      "degree_centrality": 0.09090909090909091,
      "cpd": {
        "values": [
          0.3418765854323079,
          0.23972725443085868,
          0.6581234145676921,
          0.7602727455691414
        ],
        "evidence": [
          3
        ],
        "evidence_card": [
          2
        ]
      }
    },
    "10": {
      "type": "leaf",
      "in_degree": 1,
      "out_degree": 0,
      "betweenness": 0.0,
      "closeness": 0.14545454545454548,
      "pagerank": 0.07164090839592627,
      "degree_centrality": 0.09090909090909091,
      "cpd": {
        "values": [
          0.5686096767656256,
          0.7237102099859699,
          0.4313903232343744,
          0.27628979001403015
        ],
        "evidence": [
          3
        ],
        "evidence_card": [
          2
        ]
      }
    },
    "11": {
      "type": "leaf",
      "in_degree": 1,
      "out_degree": 0,
      "betweenness": 0.0,
      "closeness": 0.14545454545454548,
      "pagerank": 0.07164090839592627,
      "degree_centrality": 0.09090909090909091,
      "cpd": {
        "values": [
          0.5209554112891484,
          0.5516607344191388,
          0.4790445887108516,
          0.44833926558086123
        ],
        "evidence": [
          3
        ],
        "evidence_card": [
          2
        ]
      }
    }
  },
  "edges": [
    [
      0,
      1
    ],
    [
      1,
      2
    ],
    [
      2,
      3
    ],
    [
      2,
      4
    ],
    [
      3,
      8
    ],
    [
      3,
      9
    ],
    [
      3,
      10
    ],
    [
      3,
      11
    ],
    [
      4,
      5
    ],
    [
      4,
      6
    ],
    [
      4,
      7
    ]
  ]
}