{
  "graph_index": 3658,
  "nodes": {
    "0": {
      "type": "root",
      "in_degree": 0,
      "out_degree": 1,
      "betweenness": 0.0,
      "closeness": 0.0,
      "pagerank": 0.05504289508045185,
      "degree_centrality": 0.1111111111111111,
      "cpd": {
        "values": [
          0.5,
          0.5,
          0.0,
          0.0
        ],
        "evidence": [],
        "evidence_card": []
      }
    },
    "1": {
      "type": "intermediate",
      "in_degree": 1,
      "out_degree": 1,
      "betweenness": 0.1111111111111111,
      "closeness": 0.1111111111111111,
      "pagerank": 0.10182976148862197,
      "degree_centrality": 0.2222222222222222,
      "cpd": {
        "values": [
          0.516873430826136,
          0.5976465073327346,
          0.48312656917386404,
          0.4023534926672654
        ],
        "evidence": [
          0
        ],
        "evidence_card": [
          2
        ]
      }
    },
    "2": {
      "type": "intermediate",
      "in_degree": 1,
      "out_degree": 2,
      "betweenness": 0.19444444444444442,
      "closeness": 0.14814814814814814,
      "pagerank": 0.14159733209971292,
      "degree_centrality": 0.3333333333333333,
      "cpd": {
        "values": [
          0.7445714002358886,
          0.8260409804382145,
          0.2554285997641113,
          0.17395901956178553
        ],
        "evidence": [
          1
        ],
        "evidence_card": [
          2
        ]
      }
    },
    "3": {
      "type": "intermediate",
      "in_degree": 1,
      "out_degree": 2,
      "betweenness": 0.08333333333333333,
      "closeness": 0.16666666666666666,
      "pagerank": 0.11522056378109469,
      "degree_centrality": 0.3333333333333333,
      "cpd": {
        "values": [
          0.5248717157685105,
          0.6813877440470222,
          0.4751282842314895,
          0.3186122559529779
        ],
        "evidence": [
          2
        ],
        "evidence_card": [
          2
        ]
      }
    },
    "4": {
      "type": "intermediate",
      "in_degree": 1,
      "out_degree": 3,
      "betweenness": 0.125,
      "closeness": 0.16666666666666666,
      "pagerank": 0.11522056378109469,
      "degree_centrality": 0.4444444444444444,
      "cpd": {
        "values": [
          0.389140382733731,
          0.7506701914974971,
          0.6108596172662689,
          0.24932980850250283
        ],
        "evidence": [
          2
        ],
        "evidence_card": [
          2
        ]
      }
    },
    "5": {
      "type": "leaf",
      "in_degree": 1,
      "out_degree": 0,
      "betweenness": 0.0,
      "closeness": 0.17777777777777778,
      "pagerank": 0.08768862980824597,
      "degree_centrality": 0.1111111111111111,
      "cpd": {
        "values": [
          0.45847331066995395,
          0.5051730011191266,
          0.5415266893300461,
          0.49482699888087334
        ],
        "evidence": [
          4
        ],
        "evidence_card": [
          2
        ]
      }
    },
    "6": {
      "type": "leaf",
      "in_degree": 1,
      "out_degree": 0,
      "betweenness": 0.0,
      "closeness": 0.17777777777777778,
      "pagerank": 0.08768862980824597,
      "degree_centrality": 0.1111111111111111,
      "cpd": {
        "values": [
          0.21803966143262038,
          0.25830204791938544,
          0.7819603385673797,
          0.7416979520806145
        ],
        "evidence": [
          4
        ],
        "evidence_card": [
          2
        ]
      }
    },
    "7": {
      "type": "leaf",
      "in_degree": 1,
      "out_degree": 0,
      "betweenness": 0.0,
      "closeness": 0.17777777777777778,
      "pagerank": 0.08768862980824597,
      "degree_centrality": 0.1111111111111111,
      "cpd": {
        "values": [
          0.23392929789997582,
          0.4858644210772841,
          0.7660707021000241,
          0.5141355789227158
        ],
        "evidence": [
          4
        ],
        "evidence_card": [
          2
        ]
      }
    },
    "8": {
      "type": "leaf",
      "in_degree": 1,
      "out_degree": 0,
      "betweenness": 0.0,
      "closeness": 0.17777777777777778,
      "pagerank": 0.10401149717214303,
      "degree_centrality": 0.1111111111111111,
      "cpd": {
        "values": [
          0.29201899381215535,
          0.4191452869442888,
          0.7079810061878445,
          0.5808547130557111
        ],
        "evidence": [
          3
        ],
        "evidence_card": [
          2
        ]
      }
    },
    "9": {
      "type": "leaf",
      "in_degree": 1,
      "out_degree": 0,
      "betweenness": 0.0,
      "closeness": 0.17777777777777778,
      "pagerank": 0.10401149717214303,
      "degree_centrality": 0.1111111111111111,
      "cpd": {
        "values": [
          0.36308484392567125,
          0.873809693811042,
          0.6369151560743287,
          0.126190306188958
        ],
        "evidence": [
          3
        ],
        "evidence_card": [
          2
        ]
      }
    }
  },
  "edges": [
    [
      0,
      1
    ],
    [
      1,
      2
    ],
    [
      2,
      3
    ],
    [
      2,
      4
    ],
    [
      3,
      8
    ],
    [
      3,
      9
    ],
    [
      4,
      5
    ],
    [
      4,
      6
    ],
    [
      4,
      7
    ]
  ]
}