{
  "graph_index": 1562,
  "nodes": {
    "0": {
      "type": "root",
      "in_degree": 0,
      "out_degree": 2,
      "betweenness": 0.0,
      "closeness": 0.0,
      "pagerank": 0.020641364793006607,
      "degree_centrality": 0.06451612903225806,
      "cpd": {
        "values": [
          0.5,
          0.5,
          0.0,
          0.0
        ],
        "evidence": [],
        "evidence_card": []
      }
    },
    "1": {
      "type": "intermediate",
      "in_degree": 1,
      "out_degree": 3,
      "betweenness": 0.00967741935483871,
      "closeness": 0.03225806451612903,
      "pagerank": 0.0294140210688733,
      "degree_centrality": 0.12903225806451613,
      "cpd": {
        "values": [
          0.6035999494525792,
          0.013630226346308063,
          0.3964000505474208,
          0.9863697736536919
        ],
        "evidence": [
          0
        ],
        "evidence_card": [
          2
        ]
      }
    },
    "2": {
      "type": "intermediate",
      "in_degree": 1,
      "out_degree": 3,
      "betweenness": 0.021505376344086023,
      "closeness": 0.03225806451612903,
      "pagerank": 0.0294140210688733,
      "degree_centrality": 0.12903225806451613,
      "cpd": {
        "values": [
          0.16607259444707403,
          0.247776651676785,
          0.833927405552926,
          0.752223348323215
        ],
        "evidence": [
          0
        ],
        "evidence_card": [
          2
        ]
      }
    },
    "3": {
      "type": "intermediate",
      "in_degree": 1,
      "out_degree": 3,
      "betweenness": 0.021505376344086023,
      "closeness": 0.04301075268817204,
      "pagerank": 0.02897491947372214,
      "degree_centrality": 0.12903225806451613,
      "cpd": {
        "values": [
          0.1087592686209596,
          0.5584831302533303,
          0.8912407313790404,
          0.4415168697466697
        ],
        "evidence": [
          2
        ],
        "evidence_card": [
          2
        ]
      }
    },
    "4": {
      "type": "intermediate",
      "in_degree": 1,
      "out_degree": 4,
      "betweenness": 0.01935483870967742,
      "closeness": 0.04301075268817204,
      "pagerank": 0.02897491947372214,
      "degree_centrality": 0.16129032258064516,
      "cpd": {
        "values": [
          0.6713390724425966,
          0.35285723337957076,
          0.32866092755740334,
          0.6471427666204292
        ],
        "evidence": [
          2
        ],
        "evidence_card": [
          2
        ]
      }
    },
    "5": {
      "type": "intermediate",
      "in_degree": 1,
      "out_degree": 3,
      "betweenness": 0.00967741935483871,
      "closeness": 0.04838709677419355,
      "pagerank": 0.026798952683460397,
      "degree_centrality": 0.12903225806451613,
      "cpd": {
        "values": [
          0.9246743938233076,
          0.5196902632982459,
          0.07532560617669234,
          0.48030973670175414
        ],
        "evidence": [
          4
        ],
        "evidence_card": [
          2
        ]
      }
    },
    "6": {
      "type": "intermediate",
      "in_degree": 2,
      "out_degree": 1,
      "betweenness": 0.004301075268817204,
      "closeness": 0.08602150537634408,
      "pagerank": 0.03513250736417593,
      "degree_centrality": 0.0967741935483871,
      "cpd": {
        "values": [
          0.5102504597311909,
          0.5186023759441539,
          0.619479698588391,
          0.0907512916893003
        ],
        "evidence": [
          1,
          4
        ],
        "evidence_card": [
          2,
          2
        ]
      }
    },
    "7": {
      "type": "intermediate",
      "in_degree": 1,
      "out_degree": 2,
      "betweenness": 0.0064516129032258064,
      "closeness": 0.04838709677419355,
      "pagerank": 0.026798952683460397,
      "degree_centrality": 0.0967741935483871,
      "cpd": {
        "values": [
          0.5506892045286387,
          0.7573839399443734,
          0.4493107954713613,
          0.24261606005562666
        ],
        "evidence": [
          4
        ],
        "evidence_card": [
          2
        ]
      }
    },
    "8": {
      "type": "leaf",
      "in_degree": 1,
      "out_degree": 0,
      "betweenness": 0.0,
      "closeness": 0.05161290322580645,
      "pagerank": 0.032030801683271624,
      "degree_centrality": 0.03225806451612903,
      "cpd": {
        "values": [
          0.4529878201970077,
          0.9600475018506868,
          0.5470121798029923,
          0.03995249814931324
        ],
        "evidence": [
          7
        ],
        "evidence_card": [
          2
        ]
      }
    },
    "9": {
      "type": "leaf",
      "in_degree": 1,
      "out_degree": 0,
      "betweenness": 0.0,
      "closeness": 0.05161290322580645,
      "pagerank": 0.032030801683271624,
      "degree_centrality": 0.03225806451612903,
      "cpd": {
        "values": [
          0.4624893101854067,
          0.5976068384471123,
          0.5375106898145933,
          0.4023931615528877
        ],
        "evidence": [
          7
        ],
        "evidence_card": [
          2
        ]
      }
    },
    "10": {
      "type": "leaf",
      "in_degree": 1,
      "out_degree": 0,
      "betweenness": 0.0,
      "closeness": 0.07331378299120234,
      "pagerank": 0.050505277583618405,
      "degree_centrality": 0.03225806451612903,
      "cpd": {
        "values": [
          0.9157154305223157,
          0.542253785813656,
          0.08428456947768431,
          0.4577462141863441
        ],
        "evidence": [
          6
        ],
        "evidence_card": [
          2
        ]
      }
    },
    "11": {
      "type": "leaf",
      "in_degree": 1,
      "out_degree": 0,
      "betweenness": 0.0,
      "closeness": 0.05161290322580645,
      "pagerank": 0.02823432271984995,
      "degree_centrality": 0.03225806451612903,
      "cpd": {
        "values": [
          0.7530989450304674,
          0.891066364609543,
          0.24690105496953266,
          0.10893363539045701
        ],
        "evidence": [
          5
        ],
        "evidence_card": [
          2
        ]
      }
    },
    "12": {
      "type": "leaf",
      "in_degree": 1,
      "out_degree": 0,
      "betweenness": 0.0,
      "closeness": 0.05161290322580645,
      "pagerank": 0.02823432271984995,
      "degree_centrality": 0.03225806451612903,
      "cpd": {
        "values": [
          0.3240600475334874,
          0.21500640425894318,
          0.6759399524665126,
          0.7849935957410569
        ],
        "evidence": [
          5
        ],
        "evidence_card": [
          2
        ]
      }
    },
    "13": {
      "type": "leaf",
      "in_degree": 1,
      "out_degree": 0,
      "betweenness": 0.0,
      "closeness": 0.05161290322580645,
      "pagerank": 0.02823432271984995,
      "degree_centrality": 0.03225806451612903,
      "cpd": {
        "values": [
          0.34492310927432124,
          0.43828279286593846,
          0.6550768907256788,
          0.5617172071340616
        ],
        "evidence": [
          5
        ],
        "evidence_card": [
          2
        ]
      }
    },
    "14": {
      "type": "intermediate",
      "in_degree": 1,
      "out_degree": 3,
      "betweenness": 0.00967741935483871,
      "closeness": 0.04838709677419355,
      "pagerank": 0.02885148198027833,
      "degree_centrality": 0.12903225806451613,
      "cpd": {
        "values": [
          0.4623365739849806,
          0.929008506944111,
          0.5376634260150194,
          0.07099149305588902
        ],
        "evidence": [
          3
        ],
        "evidence_card": [
          2
        ]
      }
    },
    "15": {
      "type": "intermediate",
      "in_degree": 1,
      "out_degree": 3,
      "betweenness": 0.008602150537634409,
      "closeness": 0.04838709677419355,
      "pagerank": 0.02885148198027833,
      "degree_centrality": 0.12903225806451613,