{
  "graph_index": 3422,
  "nodes": {
    "0": {
      "type": "root",
      "in_degree": 0,
      "out_degree": 2,
      "betweenness": 0.0,
      "closeness": 0.0,
      "pagerank": 0.03191289640022825,
      "degree_centrality": 0.10526315789473684,
      "cpd": {
        "values": [
          0.5,
          0.5,
          0.0,
          0.0
        ],
        "evidence": [],
        "evidence_card": []
      }
    },
    "1": {
      "type": "intermediate",
      "in_degree": 1,
      "out_degree": 2,
      "betweenness": 0.023391812865497075,
      "closeness": 0.05263157894736842,
      "pagerank": 0.04547576855959122,
      "degree_centrality": 0.15789473684210525,
      "cpd": {
        "values": [
          0.46546473625684276,
          0.9775584570412964,
          0.5345352637431572,
          0.02244154295870357
        ],
        "evidence": [
          0
        ],
        "evidence_card": [
          2
        ]
      }
    },
    "2": {
      "type": "intermediate",
      "in_degree": 1,
      "out_degree": 2,
      "betweenness": 0.02631578947368421,
      "closeness": 0.05263157894736842,
      "pagerank": 0.04547576855959122,
      "degree_centrality": 0.15789473684210525,
      "cpd": {
        "values": [
          0.4498617504870117,
          0.04345389516756678,
          0.5501382495129883,
          0.9565461048324332
        ],
        "evidence": [
          0
        ],
        "evidence_card": [
          2
        ]
      }
    },
    "3": {
      "type": "intermediate",
      "in_degree": 1,
      "out_degree": 3,
      "betweenness": 0.043859649122807015,
      "closeness": 0.07017543859649122,
      "pagerank": 0.05123994568988844,
      "degree_centrality": 0.21052631578947367,
      "cpd": {
        "values": [
          0.3325683788642593,
          0.4643578769848866,
          0.6674316211357407,
          0.5356421230151134
        ],
        "evidence": [
          2
        ],
        "evidence_card": [
          2
        ]
      }
    },
    "4": {
      "type": "intermediate",
      "in_degree": 1,
      "out_degree": 2,
      "betweenness": 0.017543859649122806,
      "closeness": 0.07894736842105263,
      "pagerank": 0.046430705983933014,
      "degree_centrality": 0.15789473684210525,
      "cpd": {
        "values": [
          0.24224582123231395,
          0.15103563699472625,
          0.757754178767686,
          0.8489643630052738
        ],
        "evidence": [
          3
        ],
        "evidence_card": [
          2
        ]
      }
    },
    "5": {
      "type": "intermediate",
      "in_degree": 1,
      "out_degree": 4,
      "betweenness": 0.03216374269005848,
      "closeness": 0.07894736842105263,
      "pagerank": 0.046430705983933014,
      "degree_centrality": 0.2631578947368421,
      "cpd": {
        "values": [
          0.9719689609047404,
          0.16195691654965508,
          0.028031039095259634,
          0.838043083450345
        ],
        "evidence": [
          3
        ],
        "evidence_card": [
          2
        ]
      }
    },
    "6": {
      "type": "leaf",
      "in_degree": 1,
      "out_degree": 0,
      "betweenness": 0.0,
      "closeness": 0.08421052631578947,
      "pagerank": 0.04177924726695653,
      "degree_centrality": 0.05263157894736842,
      "cpd": {
        "values": [
          0.8286667644801253,
          0.9825439794751681,
          0.17133323551987462,
          0.01745602052483192
        ],
        "evidence": [
          5
        ],
        "evidence_card": [
          2
        ]
      }
    },
    "7": {
      "type": "leaf",
      "in_degree": 1,
      "out_degree": 0,
      "betweenness": 0.0,
      "closeness": 0.08421052631578947,
      "pagerank": 0.04177924726695653,
      "degree_centrality": 0.05263157894736842,
      "cpd": {
        "values": [
          0.2790156223558652,
          0.9885871701804884,
          0.7209843776441348,
          0.01141282981951168
        ],
        "evidence": [
          5
        ],
        "evidence_card": [
          2
        ]
      }
    },
    "8": {
      "type": "leaf",
      "in_degree": 1,
      "out_degree": 0,
      "betweenness": 0.0,
      "closeness": 0.08421052631578947,
      "pagerank": 0.04177924726695653,
      "degree_centrality": 0.05263157894736842,
      "cpd": {
        "values": [
          0.7357295193854764,
          0.5198980506167994,
          0.2642704806145236,
          0.48010194938320055
        ],
        "evidence": [
          5
        ],
        "evidence_card": [
          2
        ]
      }
    },
    "9": {
      "type": "leaf",
      "in_degree": 2,
      "out_degree": 0,
      "betweenness": 0.0,
      "closeness": 0.14619883040935672,
      "pagerank": 0.06110629655661672,
      "degree_centrality": 0.10526315789473684,
      "cpd": {
        "values": [
          0.3367061066520992,
          0.8275300826167621,
          0.02117030234429679,
          0.4462336207213695
        ],
        "evidence": [
          1,
          5
        ],
        "evidence_card": [
          2,
          2
        ]
      }
    },
    "10": {
      "type": "leaf",
      "in_degree": 1,
      "out_degree": 0,
      "betweenness": 0.0,
      "closeness": 0.08421052631578947,
      "pagerank": 0.05164559813368482,
      "degree_centrality": 0.05263157894736842,
      "cpd": {
        "values": [
          0.5634329340901723,
          0.6083902028313954,
          0.4365670659098277,
          0.3916097971686045
        ],
        "evidence": [
          4
        ],
        "evidence_card": [
          2
        ]
      }
    },
    "11": {
      "type": "leaf",
      "in_degree": 1,
      "out_degree": 0,
      "betweenness": 0.0,
      "closeness": 0.08421052631578947,
      "pagerank": 0.05164559813368482,
      "degree_centrality": 0.05263157894736842,
      "cpd": {
        "values": [
          0.7049019940239724,
          0.26867342974222513,
          0.29509800597602764,
          0.7313265702577748
        ],
        "evidence": [
          4
        ],
        "evidence_card": [
          2
        ]
      }
    },
    "12": {
      "type": "intermediate",
      "in_degree": 1,
      "out_degree": 2,
      "betweenness": 0.038011695906432746,
      "closeness": 0.07017543859649122,
      "pagerank": 0.05123994568988844,
      "degree_centrality": 0.15789473684210525,
      "cpd": {
        "values": [
          0.2423558033098292,
          0.1366507388654151,
          0.7576441966901708,
          0.8633492611345849
        ],
        "evidence": [
          1
        ],
        "evidence_card": [
          2
        ]
      }
    },
    "13": {
      "type": "intermediate",
      "in_degree": 1,
      "out_degree": 3,
      "betweenness": 0.023391812865497075,
      "closeness": 0.07894736842105263,
      "pagerank": 0.05368961077578539,
      "degree_centrality": 0.21052631578947367,
      "cpd": {
        "values": [
          0.3575793579369799,
          0.9673540667775048,
          0.6424206420630201,
          0.03264593322249526
        ],
        "evidence": [
          12
        ],
        "evidence_card": [
          2
        ]
      }
    },
    "14": {
      "type": "intermediate",
      "in_degree": 1,
      "out_degree": 2,
      "betweenness": 0.017543859649122806,
      "closeness": 0.07894736842105263,
      "pagerank": 0.05368961077578539,
      "degree_centrality": 0.15789473684210525,
      "cpd": {
        "values": [
          0.8025591332125841,
          0.9798718070881409,
          0.19744086678741574,
          0.020128192911859025
        ],
        "evidence": [
          12
        ],
        "evidence_card": [
          2
        ]
      }
    },
    "15": {
      "type": "leaf",
      "in_degree": 1,
      "out_degree": 0,
      "betweenness": 0.0,
      "closeness": 0.08421052631578947,
      "pagerank": 0.054730512920731625,
      "degree_centrality": 0.05263157894736842,