{
  "graph_index": 9678,
  "nodes": {
    "0": {
      "type": "root",
      "in_degree": 0,
      "out_degree": 1,
      "betweenness": 0.0,
      "closeness": 0.0,
      "pagerank": 0.032396514408552145,
      "degree_centrality": 0.05,
      "cpd": {
        "values": [
          0.5,
          0.5,
          0.0,
          0.0
        ],
        "evidence": [],
        "evidence_card": []
      }
    },
    "1": {
      "type": "intermediate",
      "in_degree": 1,
      "out_degree": 1,
      "betweenness": 0.049999999999999996,
      "closeness": 0.05,
      "pagerank": 0.059933231024641584,
      "degree_centrality": 0.1,
      "cpd": {
        "values": [
          0.10043450498057448,
          0.3281978915557917,
          0.8995654950194255,
          0.6718021084442084
        ],
        "evidence": [
          0
        ],
        "evidence_card": [
          2
        ]
      }
    },
    "2": {
      "type": "intermediate",
      "in_degree": 1,
      "out_degree": 4,
      "betweenness": 0.09473684210526316,
      "closeness": 0.06666666666666667,
      "pagerank": 0.08333596141968153,
      "degree_centrality": 0.25,
      "cpd": {
        "values": [
          0.5065441839568565,
          0.4591286150571926,
          0.4934558160431435,
          0.5408713849428074
        ],
        "evidence": [
          1
        ],
        "evidence_card": [
          2
        ]
      }
    },
    "3": {
      "type": "intermediate",
      "in_degree": 1,
      "out_degree": 3,
      "betweenness": 0.02368421052631579,
      "closeness": 0.075,
      "pagerank": 0.050104785231318553,
      "degree_centrality": 0.2,
      "cpd": {
        "values": [
          0.2933417670036255,
          0.6252407473406248,
          0.7066582329963744,
          0.3747592526593751
        ],
        "evidence": [
          2
        ],
        "evidence_card": [
          2
        ]
      }
    },
    "4": {
      "type": "intermediate",
      "in_degree": 1,
      "out_degree": 4,
      "betweenness": 0.031578947368421054,
      "closeness": 0.075,
      "pagerank": 0.050104785231318553,
      "degree_centrality": 0.25,
      "cpd": {
        "values": [
          0.5861147719463292,
          0.7890543397472595,
          0.4138852280536708,
          0.21094566025274047
        ],
        "evidence": [
          2
        ],
        "evidence_card": [
          2
        ]
      }
    },
    "5": {
      "type": "intermediate",
      "in_degree": 1,
      "out_degree": 4,
      "betweenness": 0.031578947368421054,
      "closeness": 0.075,
      "pagerank": 0.050104785231318553,
      "degree_centrality": 0.25,
      "cpd": {
        "values": [
          0.2833569700430035,
          0.2717309710041578,
          0.7166430299569966,
          0.7282690289958422
        ],
        "evidence": [
          2
        ],
        "evidence_card": [
          2
        ]
      }
    },
    "6": {
      "type": "intermediate",
      "in_degree": 1,
      "out_degree": 3,
      "betweenness": 0.02368421052631579,
      "closeness": 0.075,
      "pagerank": 0.050104785231318553,
      "degree_centrality": 0.2,
      "cpd": {
        "values": [
          0.3418782956118768,
          0.6099525613712334,
          0.6581217043881232,
          0.3900474386287667
        ],
        "evidence": [
          2
        ],
        "evidence_card": [
          2
        ]
      }
    },
    "7": {
      "type": "leaf",
      "in_degree": 1,
      "out_degree": 0,
      "betweenness": 0.0,
      "closeness": 0.08000000000000002,
      "pagerank": 0.04659351028372883,
      "degree_centrality": 0.05,
      "cpd": {
        "values": [
          0.16016710366686207,
          0.7748211417743738,
          0.839832896333138,
          0.22517885822562622
        ],
        "evidence": [
          6
        ],
        "evidence_card": [
          2
        ]
      }
    },
    "8": {
      "type": "leaf",
      "in_degree": 1,
      "out_degree": 0,
      "betweenness": 0.0,
      "closeness": 0.08000000000000002,
      "pagerank": 0.04659351028372883,
      "degree_centrality": 0.05,
      "cpd": {
        "values": [
          0.3582805690378594,
          0.24933288707103782,
          0.6417194309621407,
          0.7506671129289622
        ],
        "evidence": [
          6
        ],
        "evidence_card": [
          2
        ]
      }
    },
    "9": {
      "type": "leaf",
      "in_degree": 1,
      "out_degree": 0,
      "betweenness": 0.0,
      "closeness": 0.08000000000000002,
      "pagerank": 0.04659351028372883,
      "degree_centrality": 0.05,
      "cpd": {
        "values": [
          0.8444538845837376,
          0.3411138110860288,
          0.15554611541626234,
          0.6588861889139712
        ],
        "evidence": [
          6
        ],
        "evidence_card": [
          2
        ]
      }
    },
    "10": {
      "type": "leaf",
      "in_degree": 1,
      "out_degree": 0,
      "betweenness": 0.0,
      "closeness": 0.08000000000000002,
      "pagerank": 0.043044261314934655,
      "degree_centrality": 0.05,
      "cpd": {
        "values": [
          0.6166456020484312,
          0.4556919847314364,
          0.3833543979515687,
          0.5443080152685636
        ],
        "evidence": [
          5
        ],
        "evidence_card": [
          2
        ]
      }
    },
    "11": {
      "type": "leaf",
      "in_degree": 1,
      "out_degree": 0,
      "betweenness": 0.0,
      "closeness": 0.08000000000000002,
      "pagerank": 0.043044261314934655,
      "degree_centrality": 0.05,
      "cpd": {
        "values": [
          0.6347759714973711,
          0.4996454146140533,
          0.3652240285026289,
          0.5003545853859467
        ],
        "evidence": [
          5
        ],
        "evidence_card": [
          2
        ]
      }
    },
    "12": {
      "type": "leaf",
      "in_degree": 1,
      "out_degree": 0,
      "betweenness": 0.0,
      "closeness": 0.08000000000000002,
      "pagerank": 0.043044261314934655,
      "degree_centrality": 0.05,
      "cpd": {
        "values": [
          0.40949476202778495,
          0.3993187666176608,
          0.5905052379722151,
          0.600681233382339
        ],
        "evidence": [
          5
        ],
        "evidence_card": [
          2
        ]
      }
    },
    "13": {
      "type": "leaf",
      "in_degree": 1,
      "out_degree": 0,
      "betweenness": 0.0,
      "closeness": 0.08000000000000002,
      "pagerank": 0.043044261314934655,
      "degree_centrality": 0.05,
      "cpd": {
        "values": [
          0.09834325068508541,
          0.36137085327896246,
          0.9016567493149146,
          0.6386291467210375
        ],
        "evidence": [
          5
        ],
        "evidence_card": [
          2
        ]
      }
    },
    "14": {
      "type": "leaf",
      "in_degree": 1,
      "out_degree": 0,
      "betweenness": 0.0,
      "closeness": 0.08000000000000002,
      "pagerank": 0.043044261314934655,
      "degree_centrality": 0.05,
      "cpd": {
        "values": [
          0.1501460016117127,
          0.689264801274534,
          0.8498539983882873,
          0.310735198725466
        ],
        "evidence": [
          4
        ],
        "evidence_card": [
          2
        ]
      }
    },
    "15": {
      "type": "leaf",
      "in_degree": 1,
      "out_degree": 0,
      "betweenness": 0.0,
      "closeness": 0.08000000000000002,
      "pagerank": 0.043044261314934655,
      "degree_centrality": 0.05,
      "cpd": {
        "values": [
          0.9094805914089694,
          0.9747974420447241,
          0.09051940859103058,
          0.02520255795527593
        ],
        "evidence": [
          4
        ],
        "evidence_card": [
          2
        ]
      }
    },
    "16": {
      "type": "leaf",
      "in_degree": 1,
      "out_degree": 0,
      "betweenness": 0.0,