{
  "graph_index": 4975,
  "nodes": {
    "0": {
      "type": "root",
      "in_degree": 0,
      "out_degree": 1,
      "betweenness": 0.0,
      "closeness": 0.0,
      "pagerank": 0.04163559319016741,
      "degree_centrality": 0.07142857142857142,
      "cpd": {
        "values": [
          0.5,
          0.5,
          0.0,
          0.0
        ],
        "evidence": [],
        "evidence_card": []
      }
    },
    "1": {
      "type": "intermediate",
      "in_degree": 1,
      "out_degree": 1,
      "betweenness": 0.07142857142857144,
      "closeness": 0.07142857142857142,
      "pagerank": 0.07702682731378077,
      "degree_centrality": 0.14285714285714285,
      "cpd": {
        "values": [
          0.49775148905521494,
          0.6844343172716391,
          0.5022485109447851,
          0.31556568272836105
        ],
        "evidence": [
          0
        ],
        "evidence_card": [
          2
        ]
      }
    },
    "2": {
      "type": "intermediate",
      "in_degree": 1,
      "out_degree": 3,
      "betweenness": 0.13186813186813187,
      "closeness": 0.09523809523809523,
      "pagerank": 0.10711006941152953,
      "degree_centrality": 0.2857142857142857,
      "cpd": {
        "values": [
          0.7580885353055048,
          0.9843955587319394,
          0.24191146469449526,
          0.01560444126806059
        ],
        "evidence": [
          1
        ],
        "evidence_card": [
          2
        ]
      }
    },
    "3": {
      "type": "intermediate",
      "in_degree": 1,
      "out_degree": 4,
      "betweenness": 0.06593406593406594,
      "closeness": 0.10714285714285714,
      "pagerank": 0.07198415074891551,
      "degree_centrality": 0.3571428571428571,
      "cpd": {
        "values": [
          0.6058357975737889,
          0.2031242719227905,
          0.3941642024262111,
          0.7968757280772095
        ],
        "evidence": [
          2
        ],
        "evidence_card": [
          2
        ]
      }
    },
    "4": {
      "type": "intermediate",
      "in_degree": 1,
      "out_degree": 2,
      "betweenness": 0.03296703296703297,
      "closeness": 0.10714285714285714,
      "pagerank": 0.07198415074891551,
      "degree_centrality": 0.21428571428571427,
      "cpd": {
        "values": [
          0.2810272509951734,
          0.13938576715025558,
          0.7189727490048266,
          0.8606142328497445
        ],
        "evidence": [
          2
        ],
        "evidence_card": [
          2
        ]
      }
    },
    "5": {
      "type": "intermediate",
      "in_degree": 1,
      "out_degree": 3,
      "betweenness": 0.049450549450549455,
      "closeness": 0.10714285714285714,
      "pagerank": 0.07198415074891551,
      "degree_centrality": 0.2857142857142857,
      "cpd": {
        "values": [
          0.503620238945018,
          0.8076619669399957,
          0.49637976105498194,
          0.19233803306000433
        ],
        "evidence": [
          2
        ],
        "evidence_card": [
          2
        ]
      }
    },
    "6": {
      "type": "leaf",
      "in_degree": 1,
      "out_degree": 0,
      "betweenness": 0.0,
      "closeness": 0.11428571428571428,
      "pagerank": 0.062030561981975096,
      "degree_centrality": 0.07142857142857142,
      "cpd": {
        "values": [
          0.030050353826650604,
          0.717128275654649,
          0.9699496461733494,
          0.2828717243453509
        ],
        "evidence": [
          5
        ],
        "evidence_card": [
          2
        ]
      }
    },
    "7": {
      "type": "leaf",
      "in_degree": 1,
      "out_degree": 0,
      "betweenness": 0.0,
      "closeness": 0.11428571428571428,
      "pagerank": 0.062030561981975096,
      "degree_centrality": 0.07142857142857142,
      "cpd": {
        "values": [
          0.38218643097761373,
          0.9755883871290193,
          0.6178135690223863,
          0.024411612870980728
        ],
        "evidence": [
          5
        ],
        "evidence_card": [
          2
        ]
      }
    },
    "8": {
      "type": "leaf",
      "in_degree": 1,
      "out_degree": 0,
      "betweenness": 0.0,
      "closeness": 0.11428571428571428,
      "pagerank": 0.062030561981975096,
      "degree_centrality": 0.07142857142857142,
      "cpd": {
        "values": [
          0.7913287845034351,
          0.8078880516361796,
          0.2086712154965648,
          0.19211194836382037
        ],
        "evidence": [
          5
        ],
        "evidence_card": [
          2
        ]
      }
    },
    "9": {
      "type": "leaf",
      "in_degree": 1,
      "out_degree": 0,
      "betweenness": 0.0,
      "closeness": 0.11428571428571428,
      "pagerank": 0.07222804637787893,
      "degree_centrality": 0.07142857142857142,
      "cpd": {
        "values": [
          0.12616437480530618,
          0.6005209648292055,
          0.8738356251946938,
          0.3994790351707946
        ],
        "evidence": [
          4
        ],
        "evidence_card": [
          2
        ]
      }
    },
    "10": {
      "type": "leaf",
      "in_degree": 1,
      "out_degree": 0,
      "betweenness": 0.0,
      "closeness": 0.11428571428571428,
      "pagerank": 0.07222804637787893,
      "degree_centrality": 0.07142857142857142,
      "cpd": {
        "values": [
          0.8854562382299052,
          0.6367137945541426,
          0.11454376177009486,
          0.3632862054458575
        ],
        "evidence": [
          4
        ],
        "evidence_card": [
          2
        ]
      }
    },
    "11": {
      "type": "leaf",
      "in_degree": 1,
      "out_degree": 0,
      "betweenness": 0.0,
      "closeness": 0.11428571428571428,
      "pagerank": 0.056931819784023174,
      "degree_centrality": 0.07142857142857142,
      "cpd": {
        "values": [
          0.33718679788202965,
          0.9904515898020213,
          0.6628132021179703,
          0.00954841019797867
        ],
        "evidence": [
          3
        ],
        "evidence_card": [
          2
        ]
      }
    },
    "12": {
      "type": "leaf",
      "in_degree": 1,
      "out_degree": 0,
      "betweenness": 0.0,
      "closeness": 0.11428571428571428,
      "pagerank": 0.056931819784023174,
      "degree_centrality": 0.07142857142857142,
      "cpd": {
        "values": [
          0.12563434065491588,
          0.7437270841725769,
          0.8743656593450841,
          0.256272915827423
        ],
        "evidence": [
          3
        ],
        "evidence_card": [
          2
        ]
      }
    },
    "13": {
      "type": "leaf",
      "in_degree": 1,
      "out_degree": 0,
      "betweenness": 0.0,
      "closeness": 0.11428571428571428,
      "pagerank": 0.056931819784023174,
      "degree_centrality": 0.07142857142857142,
      "cpd": {
        "values": [
          0.8343874726822306,
          0.518819150849291,
          0.16561252731776946,
          0.481180849150709
        ],
        "evidence": [
          3
        ],
        "evidence_card": [
          2
        ]
      }
    },
    "14": {
      "type": "leaf",
      "in_degree": 1,
      "out_degree": 0,
      "betweenness": 0.0,
      "closeness": 0.11428571428571428,
      "pagerank": 0.056931819784023174,
      "degree_centrality": 0.07142857142857142,
      "cpd": {
        "values": [
          0.44682130871269404,
          0.06083811035759117,
          0.5531786912873059,
          0.9391618896424089
        ],
        "evidence": [
          3
        ],
        "evidence_card": [
          2
        ]
      }
    }
  },