{
  "graph_index": 2509,
  "nodes": {
    "0": {
      "type": "root",
      "in_degree": 0,
      "out_degree": 1,
      "betweenness": 0.0,
      "closeness": 0.0,
      "pagerank": 0.023815018615678005,
      "degree_centrality": 0.037037037037037035,
      "cpd": {
        "values": [
          0.5,
          0.5,
          0.0,
          0.0
        ],
        "evidence": [],
        "evidence_card": []
      }
    },
    "1": {
      "type": "intermediate",
      "in_degree": 1,
      "out_degree": 2,
      "betweenness": 0.03703703703703704,
      "closeness": 0.037037037037037035,
      "pagerank": 0.044058141973758465,
      "degree_centrality": 0.1111111111111111,
      "cpd": {
        "values": [
          0.7590739039070475,
          0.7005177372499594,
          0.24092609609295249,
          0.2994822627500407
        ],
        "evidence": [
          0
        ],
        "evidence_card": [
          2
        ]
      }
    },
    "2": {
      "type": "intermediate",
      "in_degree": 1,
      "out_degree": 4,
      "betweenness": 0.03703703703703704,
      "closeness": 0.04938271604938271,
      "pagerank": 0.042539249072026955,
      "degree_centrality": 0.18518518518518517,
      "cpd": {
        "values": [
          0.8029765967502522,
          0.37704270532961504,
          0.19702340324974782,
          0.622957294670385
        ],
        "evidence": [
          1
        ],
        "evidence_card": [
          2
        ]
      }
    },
    "3": {
      "type": "intermediate",
      "in_degree": 1,
      "out_degree": 3,
      "betweenness": 0.03133903133903134,
      "closeness": 0.04938271604938271,
      "pagerank": 0.042539249072026955,
      "degree_centrality": 0.14814814814814814,
      "cpd": {
        "values": [
          0.4662526346080456,
          0.48143213645538574,
          0.5337473653919543,
          0.5185678635446144
        ],
        "evidence": [
          1
        ],
        "evidence_card": [
          2
        ]
      }
    },
    "4": {
      "type": "intermediate",
      "in_degree": 1,
      "out_degree": 1,
      "betweenness": 0.004273504273504274,
      "closeness": 0.05555555555555555,
      "pagerank": 0.03586775719556295,
      "degree_centrality": 0.07407407407407407,
      "cpd": {
        "values": [
          0.36056298460671277,
          0.49067888127673454,
          0.6394370153932873,
          0.5093211187232655
        ],
        "evidence": [
          3
        ],
        "evidence_card": [
          2
        ]
      }
    },
    "5": {
      "type": "intermediate",
      "in_degree": 1,
      "out_degree": 3,
      "betweenness": 0.012820512820512822,
      "closeness": 0.05555555555555555,
      "pagerank": 0.03586775719556295,
      "degree_centrality": 0.14814814814814814,
      "cpd": {
        "values": [
          0.3837659200110431,
          0.500928231915692,
          0.616234079988957,
          0.49907176808430803
        ],
        "evidence": [
          3
        ],
        "evidence_card": [
          2
        ]
      }
    },
    "6": {
      "type": "intermediate",
      "in_degree": 1,
      "out_degree": 4,
      "betweenness": 0.017094017094017096,
      "closeness": 0.05555555555555555,
      "pagerank": 0.03586775719556295,
      "degree_centrality": 0.18518518518518517,
      "cpd": {
        "values": [
          0.4658211849089999,
          0.9190565380721385,
          0.5341788150910001,
          0.08094346192786155
        ],
        "evidence": [
          3
        ],
        "evidence_card": [
          2
        ]
      }
    },
    "7": {
      "type": "leaf",
      "in_degree": 1,
      "out_degree": 0,
      "betweenness": 0.0,
      "closeness": 0.05925925925925926,
      "pagerank": 0.03143703276787997,
      "degree_centrality": 0.037037037037037035,
      "cpd": {
        "values": [
          0.8801085266088858,
          0.014404472231219727,
          0.11989147339111413,
          0.9855955277687802
        ],
        "evidence": [
          6
        ],
        "evidence_card": [
          2
        ]
      }
    },
    "8": {
      "type": "leaf",
      "in_degree": 1,
      "out_degree": 0,
      "betweenness": 0.0,
      "closeness": 0.05925925925925926,
      "pagerank": 0.03143703276787997,
      "degree_centrality": 0.037037037037037035,
      "cpd": {
        "values": [
          0.05702697785647784,
          0.8817333909301092,
          0.9429730221435222,
          0.1182666090698909
        ],
        "evidence": [
          6
        ],
        "evidence_card": [
          2
        ]
      }
    },
    "9": {
      "type": "leaf",
      "in_degree": 1,
      "out_degree": 0,
      "betweenness": 0.0,
      "closeness": 0.05925925925925926,
      "pagerank": 0.03143703276787997,
      "degree_centrality": 0.037037037037037035,
      "cpd": {
        "values": [
          0.480671034516058,
          0.4928247717812923,
          0.519328965483942,
          0.5071752282187076
        ],
        "evidence": [
          6
        ],
        "evidence_card": [
          2
        ]
      }
    },
    "10": {
      "type": "leaf",
      "in_degree": 1,
      "out_degree": 0,
      "betweenness": 0.0,
      "closeness": 0.05925925925925926,
      "pagerank": 0.03143703276787997,
      "degree_centrality": 0.037037037037037035,
      "cpd": {
        "values": [
          0.48726809360551315,
          0.42190770273527617,
          0.5127319063944868,
          0.5780922972647239
        ],
        "evidence": [
          6
        ],
        "evidence_card": [
          2
        ]
      }
    },
    "11": {
      "type": "leaf",
      "in_degree": 1,
      "out_degree": 0,
      "betweenness": 0.0,
      "closeness": 0.05925925925925926,
      "pagerank": 0.03397770415194729,
      "degree_centrality": 0.037037037037037035,
      "cpd": {
        "values": [
          0.5376550050321495,
          0.9715060596160058,
          0.46234499496785053,
          0.02849394038399417
        ],
        "evidence": [
          5
        ],
        "evidence_card": [
          2
        ]
      }
    },
    "12": {
      "type": "leaf",
      "in_degree": 1,
      "out_degree": 0,
      "betweenness": 0.0,
      "closeness": 0.05925925925925926,
      "pagerank": 0.03397770415194729,
      "degree_centrality": 0.037037037037037035,
      "cpd": {
        "values": [
          0.49398706318212643,
          0.797660116776075,
          0.5060129368178736,
          0.20233988322392504
        ],
        "evidence": [
          5
        ],
        "evidence_card": [
          2
        ]
      }
    },
    "13": {
      "type": "leaf",
      "in_degree": 1,
      "out_degree": 0,
      "betweenness": 0.0,
      "closeness": 0.05925925925925926,
      "pagerank": 0.03397770415194729,
      "degree_centrality": 0.037037037037037035,
      "cpd": {
        "values": [
          0.44353419724169285,
          0.34972337179303686,
          0.5564658027583071,
          0.6502766282069631
        ],
        "evidence": [
          5
        ],
        "evidence_card": [
          2
        ]
      }
    },
    "14": {
      "type": "leaf",
      "in_degree": 1,
      "out_degree": 0,
      "betweenness": 0.0,
      "closeness": 0.05925925925925926,
      "pagerank": 0.054303075224485874,
      "degree_centrality": 0.037037037037037035,
      "cpd": {
        "values": [
          0.6140417738443708,
          0.12540486875374068,
          0.3859582261556292,
          0.8745951312462593
        ],
        "evidence": [
          4
        ],
        "evidence_card": [
          2
        ]
      }
    },
    "15": {
      "type": "intermediate",
      "in_degree": 1,
      "out_degree": 2,
      "betweenness": 0.008547008547008548,
      "closeness": 0.05555555555555555,
      "pagerank": 0.03285457255059171,
      "degree_centrality": 0.1111111111111111,