{
  "graph_index": 3429,
  "nodes": {
    "0": {
      "type": "root",
      "in_degree": 0,
      "out_degree": 1,
      "betweenness": 0.0,
      "closeness": 0.0,
      "pagerank": 0.06528370643235423,
      "degree_centrality": 0.14285714285714285,
      "cpd": {
        "values": [
          0.5,
          0.5,
          0.0,
          0.0
        ],
        "evidence": [],
        "evidence_card": []
      }
    },
    "1": {
      "type": "intermediate",
      "in_degree": 1,
      "out_degree": 1,
      "betweenness": 0.14285714285714285,
      "closeness": 0.14285714285714285,
      "pagerank": 0.12077429175541829,
      "degree_centrality": 0.2857142857142857,
      "cpd": {
        "values": [
          0.04506276010733443,
          0.9291135810019614,
          0.9549372398926655,
          0.07088641899803863
        ],
        "evidence": [
          0
        ],
        "evidence_card": [
          2
        ]
      }
    },
    "2": {
      "type": "intermediate",
      "in_degree": 1,
      "out_degree": 1,
      "betweenness": 0.23809523809523808,
      "closeness": 0.19047619047619047,
      "pagerank": 0.1679412113452476,
      "degree_centrality": 0.2857142857142857,
      "cpd": {
        "values": [
          0.85563493212386,
          0.2240737647325283,
          0.14436506787613995,
          0.7759262352674717
        ],
        "evidence": [
          1
        ],
        "evidence_card": [
          2
        ]
      }
    },
    "3": {
      "type": "intermediate",
      "in_degree": 1,
      "out_degree": 4,
      "betweenness": 0.2857142857142857,
      "closeness": 0.21428571428571427,
      "pagerank": 0.20803441460289585,
      "degree_centrality": 0.7142857142857142,
      "cpd": {
        "values": [
          0.3706144919853387,
          0.4230461970258126,
          0.6293855080146614,
          0.5769538029741875
        ],
        "evidence": [
          2
        ],
        "evidence_card": [
          2
        ]
      }
    },
    "4": {
      "type": "leaf",
      "in_degree": 1,
      "out_degree": 0,
      "betweenness": 0.0,
      "closeness": 0.22857142857142856,
      "pagerank": 0.10949159396602103,
      "degree_centrality": 0.14285714285714285,
      "cpd": {
        "values": [
          0.952458201124199,
          0.24748300632912767,
          0.04754179887580101,
          0.7525169936708723
        ],
        "evidence": [
          3
        ],
        "evidence_card": [
          2
        ]
      }
    },
    "5": {
      "type": "leaf",
      "in_degree": 1,
      "out_degree": 0,
      "betweenness": 0.0,
      "closeness": 0.22857142857142856,
      "pagerank": 0.10949159396602103,
      "degree_centrality": 0.14285714285714285,
      "cpd": {
        "values": [
          0.18047407496628617,
          0.9438741927929011,
          0.8195259250337138,
          0.05612580720709888
        ],
        "evidence": [
          3
        ],
        "evidence_card": [
          2
        ]
      }
    },
    "6": {
      "type": "leaf",
      "in_degree": 1,
      "out_degree": 0,
      "betweenness": 0.0,
      "closeness": 0.22857142857142856,
      "pagerank": 0.10949159396602103,
      "degree_centrality": 0.14285714285714285,
      "cpd": {
        "values": [
          0.6084164606815288,
          0.48559559629825644,
          0.39158353931847123,
          0.5144044037017436
        ],
        "evidence": [
          3
        ],
        "evidence_card": [
          2
        ]
      }
    },
    "7": {
      "type": "leaf",
      "in_degree": 1,
      "out_degree": 0,
      "betweenness": 0.0,
      "closeness": 0.22857142857142856,
      "pagerank": 0.10949159396602103,
      "degree_centrality": 0.14285714285714285,
      "cpd": {
        "values": [
          0.4280136956046046,
          0.39277510350163797,
          0.5719863043953953,
          0.607224896498362
        ],
        "evidence": [
          3
        ],
        "evidence_card": [
          2
        ]
      }
    }
  },
  "edges": [
    [
      0,
      1
    ],
    [
      1,
      2
    ],
    [
      2,
      3
    ],
    [
      3,
      4
    ],
    [
      3,
      5
    ],
    [
      3,
      6
    ],
    [
      3,
      7
    ]
  ]
}