{
  "graph_index": 9013,
  "nodes": {
    "0": {
      "type": "root",
      "in_degree": 0,
      "out_degree": 1,
      "betweenness": 0.0,
      "closeness": 0.0,
      "pagerank": 0.039971472858778286,
      "degree_centrality": 0.06666666666666667,
      "cpd": {
        "values": [
          0.5,
          0.5,
          0.0,
          0.0
        ],
        "evidence": [],
        "evidence_card": []
      }
    },
    "1": {
      "type": "intermediate",
      "in_degree": 1,
      "out_degree": 1,
      "betweenness": 0.06666666666666668,
      "closeness": 0.06666666666666667,
      "pagerank": 0.07394802213370863,
      "degree_centrality": 0.13333333333333333,
      "cpd": {
        "values": [
          0.7827997556564894,
          0.7921078220501082,
          0.2172002443435106,
          0.20789217794989176
        ],
        "evidence": [
          0
        ],
        "evidence_card": [
          2
        ]
      }
    },
    "2": {
      "type": "intermediate",
      "in_degree": 1,
      "out_degree": 3,
      "betweenness": 0.12380952380952381,
      "closeness": 0.08888888888888888,
      "pagerank": 0.1028285899339039,
      "degree_centrality": 0.26666666666666666,
      "cpd": {
        "values": [
          0.3859706332907689,
          0.5757139901501594,
          0.6140293667092311,
          0.4242860098498405
        ],
        "evidence": [
          1
        ],
        "evidence_card": [
          2
        ]
      }
    },
    "3": {
      "type": "intermediate",
      "in_degree": 1,
      "out_degree": 3,
      "betweenness": 0.04285714285714286,
      "closeness": 0.1,
      "pagerank": 0.06910662436705492,
      "degree_centrality": 0.26666666666666666,
      "cpd": {
        "values": [
          0.6337630635592146,
          0.6789139090957047,
          0.3662369364407853,
          0.3210860909042954
        ],
        "evidence": [
          2
        ],
        "evidence_card": [
          2
        ]
      }
    },
    "4": {
      "type": "intermediate",
      "in_degree": 1,
      "out_degree": 3,
      "betweenness": 0.04285714285714286,
      "closeness": 0.1,
      "pagerank": 0.06910662436705492,
      "degree_centrality": 0.26666666666666666,
      "cpd": {
        "values": [
          0.7411660557193038,
          0.10514023011892823,
          0.2588339442806962,
          0.8948597698810717
        ],
        "evidence": [
          2
        ],
        "evidence_card": [
          2
        ]
      }
    },
    "5": {
      "type": "intermediate",
      "in_degree": 1,
      "out_degree": 4,
      "betweenness": 0.05714285714285715,
      "closeness": 0.1,
      "pagerank": 0.06910662436705492,
      "degree_centrality": 0.3333333333333333,
      "cpd": {
        "values": [
          0.1524118253575591,
          0.7271647920624345,
          0.847588174642441,
          0.2728352079375655
        ],
        "evidence": [
          2
        ],
        "evidence_card": [
          2
        ]
      }
    },
    "6": {
      "type": "leaf",
      "in_degree": 1,
      "out_degree": 0,
      "betweenness": 0.0,
      "closeness": 0.10666666666666667,
      "pagerank": 0.054656248974166745,
      "degree_centrality": 0.06666666666666667,
      "cpd": {
        "values": [
          0.429326288128868,
          0.36789441937070994,
          0.5706737118711319,
          0.63210558062929
        ],
        "evidence": [
          5
        ],
        "evidence_card": [
          2
        ]
      }
    },
    "7": {
      "type": "leaf",
      "in_degree": 1,
      "out_degree": 0,
      "betweenness": 0.0,
      "closeness": 0.10666666666666667,
      "pagerank": 0.054656248974166745,
      "degree_centrality": 0.06666666666666667,
      "cpd": {
        "values": [
          0.406617658136343,
          0.5756581428547157,
          0.593382341863657,
          0.4243418571452844
        ],
        "evidence": [
          5
        ],
        "evidence_card": [
          2
        ]
      }
    },
    "8": {
      "type": "leaf",
      "in_degree": 1,
      "out_degree": 0,
      "betweenness": 0.0,
      "closeness": 0.10666666666666667,
      "pagerank": 0.054656248974166745,
      "degree_centrality": 0.06666666666666667,
      "cpd": {
        "values": [
          0.2707857379165259,
          0.7440508314075973,
          0.7292142620834742,
          0.25594916859240263
        ],
        "evidence": [
          5
        ],
        "evidence_card": [
          2
        ]
      }
    },
    "9": {
      "type": "leaf",
      "in_degree": 1,
      "out_degree": 0,
      "betweenness": 0.0,
      "closeness": 0.10666666666666667,
      "pagerank": 0.054656248974166745,
      "degree_centrality": 0.06666666666666667,
      "cpd": {
        "values": [
          0.13469861291095375,
          0.19653709649313322,
          0.8653013870890462,
          0.8034629035068668
        ],
        "evidence": [
          5
        ],
        "evidence_card": [
          2
        ]
      }
    },
    "10": {
      "type": "leaf",
      "in_degree": 1,
      "out_degree": 0,
      "betweenness": 0.0,
      "closeness": 0.10666666666666667,
      "pagerank": 0.059551174345962896,
      "degree_centrality": 0.06666666666666667,
      "cpd": {
        "values": [
          0.8417703210837957,
          0.6743176142962126,
          0.1582296789162043,
          0.3256823857037874
        ],
        "evidence": [
          4
        ],
        "evidence_card": [
          2
        ]
      }
    },
    "11": {
      "type": "leaf",
      "in_degree": 1,
      "out_degree": 0,
      "betweenness": 0.0,
      "closeness": 0.10666666666666667,
      "pagerank": 0.059551174345962896,
      "degree_centrality": 0.06666666666666667,
      "cpd": {
        "values": [
          0.43429400547101404,
          0.23387624836412527,
          0.565705994528986,
          0.7661237516358748
        ],
        "evidence": [
          4
        ],
        "evidence_card": [
          2
        ]
      }
    },
    "12": {
      "type": "leaf",
      "in_degree": 1,
      "out_degree": 0,
      "betweenness": 0.0,
      "closeness": 0.10666666666666667,
      "pagerank": 0.059551174345962896,
      "degree_centrality": 0.06666666666666667,
      "cpd": {
        "values": [
          0.4865033727171866,
          0.949268078134616,
          0.5134966272828135,
          0.050731921865384035
        ],
        "evidence": [
          4
        ],
        "evidence_card": [
          2
        ]
      }
    },
    "13": {
      "type": "leaf",
      "in_degree": 1,
      "out_degree": 0,
      "betweenness": 0.0,
      "closeness": 0.10666666666666667,
      "pagerank": 0.059551174345962896,
      "degree_centrality": 0.06666666666666667,
      "cpd": {
        "values": [
          0.32194110125250797,
          0.41219375919699913,
          0.678058898747492,
          0.5878062408030008
        ],
        "evidence": [
          3
        ],
        "evidence_card": [
          2
        ]
      }
    },
    "14": {
      "type": "leaf",
      "in_degree": 1,
      "out_degree": 0,
      "betweenness": 0.0,
      "closeness": 0.10666666666666667,
      "pagerank": 0.059551174345962896,
      "degree_centrality": 0.06666666666666667,
      "cpd": {
        "values": [
          0.032511591457448405,
          0.5956912192911495,
          0.9674884085425516,
          0.4043087807088505
        ],
        "evidence": [
          3
        ],
        "evidence_card": [
          2
        ]
      }
    },
    "15": {
      "type": "leaf",
      "in_degree": 1,
      "out_degree": 0,
      "betweenness": 0.0,
      "closeness": 0.10666666666666667,
      "pagerank": 0.059551174345962896,
      "degree_centrality": 0.06666666666666667,
      "cpd": {
        "values": [
          0.6727391581698645,
          0.8859861049258337,
          0.32726084183013554,
          0.1140138950741663
        ],