{
  "graph_index": 8154,
  "nodes": {
    "0": {
      "type": "root",
      "in_degree": 0,
      "out_degree": 2,
      "betweenness": 0.0,
      "closeness": 0.0,
      "pagerank": 0.01858001544733192,
      "degree_centrality": 0.05714285714285714,
      "cpd": {
        "values": [
          0.5,
          0.5,
          0.0,
          0.0
        ],
        "evidence": [],
        "evidence_card": []
      }
    },
    "1": {
      "type": "intermediate",
      "in_degree": 1,
      "out_degree": 3,
      "betweenness": 0.018487394957983194,
      "closeness": 0.02857142857142857,
      "pagerank": 0.026476419810797493,
      "degree_centrality": 0.11428571428571428,
      "cpd": {
        "values": [
          0.4103269635370331,
          0.7316224115982194,
          0.5896730364629669,
          0.2683775884017807
        ],
        "evidence": [
          0
        ],
        "evidence_card": [
          2
        ]
      }
    },
    "2": {
      "type": "intermediate",
      "in_degree": 1,
      "out_degree": 2,
      "betweenness": 0.009243697478991597,
      "closeness": 0.02857142857142857,
      "pagerank": 0.026476419810797493,
      "degree_centrality": 0.08571428571428572,
      "cpd": {
        "values": [
          0.2132499709907593,
          0.42777675389254877,
          0.7867500290092407,
          0.5722232461074512
        ],
        "evidence": [
          0
        ],
        "evidence_card": [
          2
        ]
      }
    },
    "3": {
      "type": "intermediate",
      "in_degree": 1,
      "out_degree": 3,
      "betweenness": 0.011764705882352941,
      "closeness": 0.03809523809523809,
      "pagerank": 0.029832163437259723,
      "degree_centrality": 0.11428571428571428,
      "cpd": {
        "values": [
          0.9979836320027204,
          0.36257908300833624,
          0.002016367997279573,
          0.6374209169916637
        ],
        "evidence": [
          2
        ],
        "evidence_card": [
          2
        ]
      }
    },
    "4": {
      "type": "intermediate",
      "in_degree": 1,
      "out_degree": 2,
      "betweenness": 0.0033613445378151263,
      "closeness": 0.04285714285714286,
      "pagerank": 0.027032248159397088,
      "degree_centrality": 0.08571428571428572,
      "cpd": {
        "values": [
          0.558442069903499,
          0.5734461832768074,
          0.44155793009650113,
          0.42655381672319265
        ],
        "evidence": [
          3
        ],
        "evidence_card": [
          2
        ]
      }
    },
    "5": {
      "type": "intermediate",
      "in_degree": 1,
      "out_degree": 3,
      "betweenness": 0.0075630252100840345,
      "closeness": 0.04285714285714286,
      "pagerank": 0.027032248159397088,
      "degree_centrality": 0.11428571428571428,
      "cpd": {
        "values": [
          0.2033228747724309,
          0.9942563424599641,
          0.7966771252275691,
          0.005743657540035921
        ],
        "evidence": [
          3
        ],
        "evidence_card": [
          2
        ]
      }
    },
    "6": {
      "type": "leaf",
      "in_degree": 1,
      "out_degree": 0,
      "betweenness": 0.0,
      "closeness": 0.045714285714285714,
      "pagerank": 0.026239359937664714,
      "degree_centrality": 0.02857142857142857,
      "cpd": {
        "values": [
          0.6604754843647056,
          0.4526449677638883,
          0.3395245156352945,
          0.5473550322361117
        ],
        "evidence": [
          5
        ],
        "evidence_card": [
          2
        ]
      }
    },
    "7": {
      "type": "leaf",
      "in_degree": 1,
      "out_degree": 0,
      "betweenness": 0.0,
      "closeness": 0.045714285714285714,
      "pagerank": 0.026239359937664714,
      "degree_centrality": 0.02857142857142857,
      "cpd": {
        "values": [
          0.16428182154073773,
          0.5774434873604615,
          0.8357181784592622,
          0.4225565126395384
        ],
        "evidence": [
          5
        ],
        "evidence_card": [
          2
        ]
      }
    },
    "8": {
      "type": "leaf",
      "in_degree": 1,
      "out_degree": 0,
      "betweenness": 0.0,
      "closeness": 0.045714285714285714,
      "pagerank": 0.026239359937664714,
      "degree_centrality": 0.02857142857142857,
      "cpd": {
        "values": [
          0.689832400012795,
          0.15769139435507387,
          0.31016759998720494,
          0.8423086056449262
        ],
        "evidence": [
          5
        ],
        "evidence_card": [
          2
        ]
      }
    },
    "9": {
      "type": "leaf",
      "in_degree": 2,
      "out_degree": 0,
      "betweenness": 0.0,
      "closeness": 0.08571428571428572,
      "pagerank": 0.03745861051608913,
      "degree_centrality": 0.05714285714285714,
      "cpd": {
        "values": [
          0.20269011850935004,
          0.708368566468,
          0.46356600846329005,
          0.5470741148035796
        ],
        "evidence": [
          12,
          4
        ],
        "evidence_card": [
          2,
          2
        ]
      }
    },
    "10": {
      "type": "leaf",
      "in_degree": 2,
      "out_degree": 0,
      "betweenness": 0.0,
      "closeness": 0.08571428571428572,
      "pagerank": 0.03745861051608913,
      "degree_centrality": 0.05714285714285714,
      "cpd": {
        "values": [
          0.35725845039042836,
          0.5374568985757558,
          0.07809804423815539,
          0.13198712329445705
        ],
        "evidence": [
          11,
          4
        ],
        "evidence_card": [
          2,
          2
        ]
      }
    },
    "11": {
      "type": "intermediate",
      "in_degree": 1,
      "out_degree": 3,
      "betweenness": 0.013445378151260505,
      "closeness": 0.03809523809523809,
      "pagerank": 0.02608144744061712,
      "degree_centrality": 0.11428571428571428,
      "cpd": {
        "values": [
          0.49249036098902893,
          0.4912445424435656,
          0.5075096390109711,
          0.5087554575564344
        ],
        "evidence": [
          1
        ],
        "evidence_card": [
          2
        ]
      }
    },
    "12": {
      "type": "intermediate",
      "in_degree": 1,
      "out_degree": 3,
      "betweenness": 0.015126050420168069,
      "closeness": 0.03809523809523809,
      "pagerank": 0.02608144744061712,
      "degree_centrality": 0.11428571428571428,
      "cpd": {
        "values": [
          0.4177944480582187,
          0.7977097542523934,
          0.5822055519417814,
          0.20229024574760657
        ],
        "evidence": [
          1
        ],
        "evidence_card": [
          2
        ]
      }
    },
    "13": {
      "type": "intermediate",
      "in_degree": 1,
      "out_degree": 1,
      "betweenness": 0.0075630252100840345,
      "closeness": 0.03809523809523809,
      "pagerank": 0.02608144744061712,
      "degree_centrality": 0.05714285714285714,
      "cpd": {
        "values": [
          0.5895505280070359,
          0.6187031842189097,
          0.4104494719929641,
          0.3812968157810903
        ],
        "evidence": [
          1
        ],
        "evidence_card": [
          2
        ]
      }
    },
    "14": {
      "type": "intermediate",
      "in_degree": 1,
      "out_degree": 4,
      "betweenness": 0.009243697478991597,
      "closeness": 0.04285714285714286,
      "pagerank": 0.04074875044710597,
      "degree_centrality": 0.14285714285714285,
      "cpd": {
        "values": [
          0.21814354631274482,
          0.80564381229651,
          0.7818564536872552,
          0.19435618770349
        ],
        "evidence": [
          13
        ],
        "evidence_card": [
          2
        ]
      }
    },
    "15": {
      "type": "leaf",
      "in_degree": 1,
      "out_degree": 0,
      "betweenness": 0.0,
      "closeness": 0.045714285714285714,
      "pagerank": 0.027239411209919073,