{
  "graph_index": 4784,
  "nodes": {
    "0": {
      "type": "root",
      "in_degree": 0,
      "out_degree": 2,
      "betweenness": 0.0,
      "closeness": 0.0,
      "pagerank": 0.02088678375562602,
      "degree_centrality": 0.06666666666666667,
      "cpd": {
        "values": [
          0.5,
          0.5,
          0.0,
          0.0
        ],
        "evidence": [],
        "evidence_card": []
      }
    },
    "1": {
      "type": "intermediate",
      "in_degree": 1,
      "out_degree": 2,
      "betweenness": 0.013793103448275862,
      "closeness": 0.03333333333333333,
      "pagerank": 0.029763538523737726,
      "degree_centrality": 0.1,
      "cpd": {
        "values": [
          0.12639688795147228,
          0.09330016092921425,
          0.8736031120485277,
          0.9066998390707858
        ],
        "evidence": [
          0
        ],
        "evidence_card": [
          2
        ]
      }
    },
    "2": {
      "type": "intermediate",
      "in_degree": 1,
      "out_degree": 3,
      "betweenness": 0.01839080459770115,
      "closeness": 0.03333333333333333,
      "pagerank": 0.029763538523737726,
      "degree_centrality": 0.13333333333333333,
      "cpd": {
        "values": [
          0.2073660141008211,
          0.46258006858535883,
          0.7926339858991789,
          0.5374199314146412
        ],
        "evidence": [
          0
        ],
        "evidence_card": [
          2
        ]
      }
    },
    "3": {
      "type": "intermediate",
      "in_degree": 1,
      "out_degree": 4,
      "betweenness": 0.021839080459770115,
      "closeness": 0.04444444444444444,
      "pagerank": 0.0293196817654328,
      "degree_centrality": 0.16666666666666666,
      "cpd": {
        "values": [
          0.922307558758142,
          0.5804809949377033,
          0.07769244124185798,
          0.4195190050622967
        ],
        "evidence": [
          2
        ],
        "evidence_card": [
          2
        ]
      }
    },
    "4": {
      "type": "intermediate",
      "in_degree": 1,
      "out_degree": 2,
      "betweenness": 0.006896551724137931,
      "closeness": 0.04444444444444444,
      "pagerank": 0.0293196817654328,
      "degree_centrality": 0.1,
      "cpd": {
        "values": [
          0.12350381305014861,
          0.5453168411720628,
          0.8764961869498514,
          0.4546831588279372
        ],
        "evidence": [
          2
        ],
        "evidence_card": [
          2
        ]
      }
    },
    "5": {
      "type": "intermediate",
      "in_degree": 1,
      "out_degree": 1,
      "betweenness": 0.0034482758620689655,
      "closeness": 0.05,
      "pagerank": 0.03334732297411128,
      "degree_centrality": 0.06666666666666667,
      "cpd": {
        "values": [
          0.9334352909031037,
          0.22957407451875725,
          0.06656470909689637,
          0.7704259254812428
        ],
        "evidence": [
          4
        ],
        "evidence_card": [
          2
        ]
      }
    },
    "6": {
      "type": "leaf",
      "in_degree": 1,
      "out_degree": 0,
      "betweenness": 0.0,
      "closeness": 0.05333333333333334,
      "pagerank": 0.04923232089840989,
      "degree_centrality": 0.03333333333333333,
      "cpd": {
        "values": [
          0.33131999317307276,
          0.5937473966314717,
          0.6686800068269273,
          0.40625260336852836
        ],
        "evidence": [
          5
        ],
        "evidence_card": [
          2
        ]
      }
    },
    "7": {
      "type": "intermediate",
      "in_degree": 1,
      "out_degree": 3,
      "betweenness": 0.008045977011494253,
      "closeness": 0.05,
      "pagerank": 0.02711705336486865,
      "degree_centrality": 0.13333333333333333,
      "cpd": {
        "values": [
          0.2149921123408942,
          0.8332273819195501,
          0.7850078876591058,
          0.16677261808044985
        ],
        "evidence": [
          3
        ],
        "evidence_card": [
          2
        ]
      }
    },
    "8": {
      "type": "intermediate",
      "in_degree": 2,
      "out_degree": 4,
      "betweenness": 0.017241379310344827,
      "closeness": 0.08888888888888888,
      "pagerank": 0.03976640037957882,
      "degree_centrality": 0.2,
      "cpd": {
        "values": [
          0.9861489691179124,
          0.5396449530804779,
          0.7212886407707374,
          0.6765600651956405
        ],
        "evidence": [
          1,
          3
        ],
        "evidence_card": [
          2,
          2
        ]
      }
    },
    "9": {
      "type": "intermediate",
      "in_degree": 1,
      "out_degree": 2,
      "betweenness": 0.006896551724137931,
      "closeness": 0.05,
      "pagerank": 0.02711705336486865,
      "degree_centrality": 0.1,
      "cpd": {
        "values": [
          0.09572663574941302,
          0.5304312489591019,
          0.904273364250587,
          0.46956875104089807
        ],
        "evidence": [
          3
        ],
        "evidence_card": [
          2
        ]
      }
    },
    "10": {
      "type": "leaf",
      "in_degree": 1,
      "out_degree": 0,
      "betweenness": 0.0,
      "closeness": 0.05333333333333334,
      "pagerank": 0.032411545425377844,
      "degree_centrality": 0.03333333333333333,
      "cpd": {
        "values": [
          0.11197942377579026,
          0.3630560045748852,
          0.8880205762242098,
          0.6369439954251148
        ],
        "evidence": [
          9
        ],
        "evidence_card": [
          2
        ]
      }
    },
    "11": {
      "type": "leaf",
      "in_degree": 1,
      "out_degree": 0,
      "betweenness": 0.0,
      "closeness": 0.05333333333333334,
      "pagerank": 0.032411545425377844,
      "degree_centrality": 0.03333333333333333,
      "cpd": {
        "values": [
          0.41235124617979496,
          0.4151905637916134,
          0.587648753820205,
          0.5848094362083867
        ],
        "evidence": [
          9
        ],
        "evidence_card": [
          2
        ]
      }
    },
    "12": {
      "type": "leaf",
      "in_degree": 2,
      "out_degree": 0,
      "betweenness": 0.0,
      "closeness": 0.1,
      "pagerank": 0.03503797550575091,
      "degree_centrality": 0.06666666666666667,
      "cpd": {
        "values": [
          0.5899979783910696,
          0.16801831133043293,
          0.6184089922964296,
          0.4553653462296255
        ],
        "evidence": [
          19,
          8
        ],
        "evidence_card": [
          2,
          2
        ]
      }
    },
    "13": {
      "type": "leaf",
      "in_degree": 1,
      "out_degree": 0,
      "betweenness": 0.0,
      "closeness": 0.07575757575757575,
      "pagerank": 0.029337002928282098,
      "degree_centrality": 0.03333333333333333,
      "cpd": {
        "values": [
          0.3419635010425894,
          0.518140717398032,
          0.6580364989574107,
          0.481859282601968
        ],
        "evidence": [
          8
        ],
        "evidence_card": [
          2
        ]
      }
    },
    "14": {
      "type": "leaf",
      "in_degree": 1,
      "out_degree": 0,
      "betweenness": 0.0,
      "closeness": 0.07575757575757575,
      "pagerank": 0.029337002928282098,
      "degree_centrality": 0.03333333333333333,
      "cpd": {
        "values": [
          0.5852515719148208,
          0.5414538418368592,
          0.4147484280851793,
          0.45854615816314076
        ],
        "evidence": [
          8
        ],
        "evidence_card": [
          2
        ]
      }
    },
    "15": {
      "type": "leaf",
      "in_degree": 1,
      "out_degree": 0,
      "betweenness": 0.0,
      "closeness": 0.07575757575757575,
      "pagerank": 0.029337002928282098,
      "degree_centrality": 0.03333333333333333,