{
  "graph_index": 8328,
  "nodes": {
    "0": {
      "type": "root",
      "in_degree": 0,
      "out_degree": 1,
      "betweenness": 0.0,
      "closeness": 0.0,
      "pagerank": 0.018839561884863243,
      "degree_centrality": 0.029411764705882353,
      "cpd": {
        "values": [
          0.5,
          0.5,
          0.0,
          0.0
        ],
        "evidence": [],
        "evidence_card": []
      }
    },
    "1": {
      "type": "intermediate",
      "in_degree": 1,
      "out_degree": 4,
      "betweenness": 0.029411764705882353,
      "closeness": 0.029411764705882353,
      "pagerank": 0.03485262371209453,
      "degree_centrality": 0.14705882352941177,
      "cpd": {
        "values": [
          0.8419269879142788,
          0.23175055445816106,
          0.15807301208572128,
          0.7682494455418389
        ],
        "evidence": [
          0
        ],
        "evidence_card": [
          2
        ]
      }
    },
    "2": {
      "type": "intermediate",
      "in_degree": 1,
      "out_degree": 2,
      "betweenness": 0.012477718360071301,
      "closeness": 0.0392156862745098,
      "pagerank": 0.026245720175139514,
      "degree_centrality": 0.08823529411764705,
      "cpd": {
        "values": [
          0.9529729353165365,
          0.5558377020284739,
          0.047027064683463536,
          0.44416229797152607
        ],
        "evidence": [
          1
        ],
        "evidence_card": [
          2
        ]
      }
    },
    "3": {
      "type": "intermediate",
      "in_degree": 1,
      "out_degree": 2,
      "betweenness": 0.0089126559714795,
      "closeness": 0.0392156862745098,
      "pagerank": 0.026245720175139514,
      "degree_centrality": 0.08823529411764705,
      "cpd": {
        "values": [
          0.5353635751758734,
          0.8136574134272235,
          0.4646364248241266,
          0.1863425865727765
        ],
        "evidence": [
          1
        ],
        "evidence_card": [
          2
        ]
      }
    },
    "4": {
      "type": "intermediate",
      "in_degree": 1,
      "out_degree": 4,
      "betweenness": 0.0142602495543672,
      "closeness": 0.0392156862745098,
      "pagerank": 0.026245720175139514,
      "degree_centrality": 0.14705882352941177,
      "cpd": {
        "values": [
          0.8507172280424501,
          0.1442160175476788,
          0.1492827719575498,
          0.8557839824523212
        ],
        "evidence": [
          1
        ],
        "evidence_card": [
          2
        ]
      }
    },
    "5": {
      "type": "intermediate",
      "in_degree": 1,
      "out_degree": 3,
      "betweenness": 0.0160427807486631,
      "closeness": 0.0392156862745098,
      "pagerank": 0.026245720175139514,
      "degree_centrality": 0.11764705882352941,
      "cpd": {
        "values": [
          0.8615963609855448,
          0.8111046130633858,
          0.13840363901445515,
          0.1888953869366144
        ],
        "evidence": [
          1
        ],
        "evidence_card": [
          2
        ]
      }
    },
    "6": {
      "type": "intermediate",
      "in_degree": 1,
      "out_degree": 2,
      "betweenness": 0.0053475935828877,
      "closeness": 0.04411764705882353,
      "pagerank": 0.026275712125785385,
      "degree_centrality": 0.08823529411764705,
      "cpd": {
        "values": [
          0.030892505557228764,
          0.5667377322795042,
          0.9691074944427712,
          0.43326226772049586
        ],
        "evidence": [
          5
        ],
        "evidence_card": [
          2
        ]
      }
    },
    "7": {
      "type": "intermediate",
      "in_degree": 1,
      "out_degree": 4,
      "betweenness": 0.0089126559714795,
      "closeness": 0.04411764705882353,
      "pagerank": 0.026275712125785385,
      "degree_centrality": 0.14705882352941177,
      "cpd": {
        "values": [
          0.4876564911500818,
          0.014112774089820262,
          0.5123435088499181,
          0.9858872259101797
        ],
        "evidence": [
          5
        ],
        "evidence_card": [
          2
        ]
      }
    },
    "8": {
      "type": "intermediate",
      "in_degree": 1,
      "out_degree": 2,
      "betweenness": 0.0035650623885918,
      "closeness": 0.04411764705882353,
      "pagerank": 0.026275712125785385,
      "degree_centrality": 0.08823529411764705,
      "cpd": {
        "values": [
          0.6340663968605165,
          0.20833760165780169,
          0.36593360313948353,
          0.7916623983421983
        ],
        "evidence": [
          5
        ],
        "evidence_card": [
          2
        ]
      }
    },
    "9": {
      "type": "leaf",
      "in_degree": 1,
      "out_degree": 0,
      "betweenness": 0.0,
      "closeness": 0.047058823529411764,
      "pagerank": 0.030006414834648252,
      "degree_centrality": 0.029411764705882353,
      "cpd": {
        "values": [
          0.8657011034710613,
          0.5265532090694953,
          0.13429889652893873,
          0.4734467909305046
        ],
        "evidence": [
          8
        ],
        "evidence_card": [
          2
        ]
      }
    },
    "10": {
      "type": "leaf",
      "in_degree": 2,
      "out_degree": 0,
      "betweenness": 0.0,
      "closeness": 0.08169934640522876,
      "pagerank": 0.041160640196031474,
      "degree_centrality": 0.058823529411764705,
      "cpd": {
        "values": [
          0.1561754407135533,
          0.4955273858032349,
          0.34460383462802846,
          0.57646322199535
        ],
        "evidence": [
          3,
          8
        ],
        "evidence_card": [
          2,
          2
        ]
      }
    },
    "11": {
      "type": "leaf",
      "in_degree": 2,
      "out_degree": 0,
      "betweenness": 0.0,
      "closeness": 0.08169934640522876,
      "pagerank": 0.030000101040447355,
      "degree_centrality": 0.058823529411764705,
      "cpd": {
        "values": [
          0.6402350649495904,
          0.8095094457088243,
          0.6385063958164303,
          0.4918078033055932
        ],
        "evidence": [
          4,
          7
        ],
        "evidence_card": [
          2,
          2
        ]
      }
    },
    "12": {
      "type": "leaf",
      "in_degree": 1,
      "out_degree": 0,
      "betweenness": 0.0,
      "closeness": 0.047058823529411764,
      "pagerank": 0.02442298835975575,
      "degree_centrality": 0.029411764705882353,
      "cpd": {
        "values": [
          0.6935622920563747,
          0.3645131379412581,
          0.3064377079436254,
          0.6354868620587419
        ],
        "evidence": [
          7
        ],
        "evidence_card": [
          2
        ]
      }
    },
    "13": {
      "type": "leaf",
      "in_degree": 1,
      "out_degree": 0,
      "betweenness": 0.0,
      "closeness": 0.047058823529411764,
      "pagerank": 0.02442298835975575,
      "degree_centrality": 0.029411764705882353,
      "cpd": {
        "values": [
          0.4984698960065204,
          0.8581671692781657,
          0.5015301039934796,
          0.14183283072183428
        ],
        "evidence": [
          7
        ],
        "evidence_card": [
          2
        ]
      }
    },
    "14": {
      "type": "leaf",
      "in_degree": 1,
      "out_degree": 0,
      "betweenness": 0.0,
      "closeness": 0.047058823529411764,
      "pagerank": 0.02442298835975575,
      "degree_centrality": 0.029411764705882353,
      "cpd": {
        "values": [
          0.3104824283849943,
          0.7139798386840507,
          0.6895175716150057,
          0.28602016131594926
        ],
        "evidence": [
          7
        ],
        "evidence_card": [
          2
        ]
      }
    },
    "15": {
      "type": "leaf",
      "in_degree": 1,
      "out_degree": 0,
      "betweenness": 0.0,
      "closeness": 0.047058823529411764,
      "pagerank": 0.030006414834648252,