{
  "graph_index": 3094,
  "nodes": {
    "0": {
      "type": "root",
      "in_degree": 0,
      "out_degree": 1,
      "betweenness": 0.0,
      "closeness": 0.0,
      "pagerank": 0.031240370545365714,
      "degree_centrality": 0.05,
      "cpd": {
        "values": [
          0.5,
          0.5,
          0.0,
          0.0
        ],
        "evidence": [],
        "evidence_card": []
      }
    },
    "1": {
      "type": "intermediate",
      "in_degree": 1,
      "out_degree": 2,
      "betweenness": 0.049999999999999996,
      "closeness": 0.05,
      "pagerank": 0.05779515792097681,
      "degree_centrality": 0.15000000000000002,
      "cpd": {
        "values": [
          0.7814359489101828,
          0.36361603948640825,
          0.21856405108981727,
          0.6363839605135918
        ],
        "evidence": [
          0
        ],
        "evidence_card": [
          2
        ]
      }
    },
    "2": {
      "type": "intermediate",
      "in_degree": 1,
      "out_degree": 2,
      "betweenness": 0.04736842105263158,
      "closeness": 0.06666666666666667,
      "pagerank": 0.05580237838302184,
      "degree_centrality": 0.15000000000000002,
      "cpd": {
        "values": [
          0.4472238537904012,
          0.4607225461224999,
          0.5527761462095988,
          0.5392774538775001
        ],
        "evidence": [
          1
        ],
        "evidence_card": [
          2
        ]
      }
    },
    "3": {
      "type": "intermediate",
      "in_degree": 1,
      "out_degree": 3,
      "betweenness": 0.042105263157894736,
      "closeness": 0.06666666666666667,
      "pagerank": 0.05580237838302184,
      "degree_centrality": 0.2,
      "cpd": {
        "values": [
          0.45119032166999923,
          0.7858452150484393,
          0.5488096783300007,
          0.21415478495156076
        ],
        "evidence": [
          1
        ],
        "evidence_card": [
          2
        ]
      }
    },
    "4": {
      "type": "intermediate",
      "in_degree": 1,
      "out_degree": 3,
      "betweenness": 0.02368421052631579,
      "closeness": 0.075,
      "pagerank": 0.04705074509772946,
      "degree_centrality": 0.2,
      "cpd": {
        "values": [
          0.10689238551720273,
          0.4593091592769846,
          0.8931076144827973,
          0.5406908407230153
        ],
        "evidence": [
          3
        ],
        "evidence_card": [
          2
        ]
      }
    },
    "5": {
      "type": "intermediate",
      "in_degree": 1,
      "out_degree": 2,
      "betweenness": 0.015789473684210527,
      "closeness": 0.075,
      "pagerank": 0.04705074509772946,
      "degree_centrality": 0.15000000000000002,
      "cpd": {
        "values": [
          0.08193854514046044,
          0.26688642211196484,
          0.9180614548595396,
          0.7331135778880352
        ],
        "evidence": [
          3
        ],
        "evidence_card": [
          2
        ]
      }
    },
    "6": {
      "type": "leaf",
      "in_degree": 1,
      "out_degree": 0,
      "betweenness": 0.0,
      "closeness": 0.08000000000000002,
      "pagerank": 0.05123696610114822,
      "degree_centrality": 0.05,
      "cpd": {
        "values": [
          0.4471361230547604,
          0.07549219099440428,
          0.5528638769452395,
          0.9245078090055957
        ],
        "evidence": [
          5
        ],
        "evidence_card": [
          2
        ]
      }
    },
    "7": {
      "type": "leaf",
      "in_degree": 1,
      "out_degree": 0,
      "betweenness": 0.0,
      "closeness": 0.08000000000000002,
      "pagerank": 0.05123696610114822,
      "degree_centrality": 0.05,
      "cpd": {
        "values": [
          0.19469498647923267,
          0.45597580908748436,
          0.8053050135207672,
          0.5440241909125156
        ],
        "evidence": [
          5
        ],
        "evidence_card": [
          2
        ]
      }
    },
    "8": {
      "type": "leaf",
      "in_degree": 1,
      "out_degree": 0,
      "betweenness": 0.0,
      "closeness": 0.08000000000000002,
      "pagerank": 0.044571434249220714,
      "degree_centrality": 0.05,
      "cpd": {
        "values": [
          0.9174515195000267,
          0.2751038365893759,
          0.08254848049997336,
          0.724896163410624
        ],
        "evidence": [
          4
        ],
        "evidence_card": [
          2
        ]
      }
    },
    "9": {
      "type": "leaf",
      "in_degree": 1,
      "out_degree": 0,
      "betweenness": 0.0,
      "closeness": 0.08000000000000002,
      "pagerank": 0.044571434249220714,
      "degree_centrality": 0.05,
      "cpd": {
        "values": [
          0.47504356781477297,
          0.6941513030381606,
          0.5249564321852271,
          0.3058486969618394
        ],
        "evidence": [
          4
        ],
        "evidence_card": [
          2
        ]
      }
    },
    "10": {
      "type": "leaf",
      "in_degree": 1,
      "out_degree": 0,
      "betweenness": 0.0,
      "closeness": 0.08000000000000002,
      "pagerank": 0.044571434249220714,
      "degree_centrality": 0.05,
      "cpd": {
        "values": [
          0.45222525965143834,
          0.4514562931621031,
          0.5477747403485617,
          0.5485437068378969
        ],
        "evidence": [
          4
        ],
        "evidence_card": [
          2
        ]
      }
    },
    "11": {
      "type": "intermediate",
      "in_degree": 1,
      "out_degree": 4,
      "betweenness": 0.02631578947368421,
      "closeness": 0.075,
      "pagerank": 0.05495593237391133,
      "degree_centrality": 0.25,
      "cpd": {
        "values": [
          0.15360973260791216,
          0.7237763823030738,
          0.8463902673920879,
          0.27622361769692616
        ],
        "evidence": [
          2
        ],
        "evidence_card": [
          2
        ]
      }
    },
    "12": {
      "type": "intermediate",
      "in_degree": 1,
      "out_degree": 4,
      "betweenness": 0.031578947368421054,
      "closeness": 0.075,
      "pagerank": 0.05495593237391133,
      "degree_centrality": 0.25,
      "cpd": {
        "values": [
          0.6902340398250449,
          0.4927192964503317,
          0.3097659601749551,
          0.5072807035496684
        ],
        "evidence": [
          2
        ],
        "evidence_card": [
          2
        ]
      }
    },
    "13": {
      "type": "leaf",
      "in_degree": 1,
      "out_degree": 0,
      "betweenness": 0.0,
      "closeness": 0.08000000000000002,
      "pagerank": 0.0429184687902512,
      "degree_centrality": 0.05,
      "cpd": {
        "values": [
          0.6046549807435404,
          0.8695218525263273,
          0.3953450192564596,
          0.13047814747367273
        ],
        "evidence": [
          12
        ],
        "evidence_card": [
          2
        ]
      }
    },
    "14": {
      "type": "leaf",
      "in_degree": 1,
      "out_degree": 0,
      "betweenness": 0.0,
      "closeness": 0.08000000000000002,
      "pagerank": 0.0429184687902512,
      "degree_centrality": 0.05,
      "cpd": {
        "values": [
          0.6983225867933822,
          0.9129834496081981,
          0.3016774132066178,
          0.08701655039180187
        ],
        "evidence": [
          12
        ],
        "evidence_card": [
          2
        ]
      }
    },
    "15": {
      "type": "leaf",
      "in_degree": 1,
      "out_degree": 0,
      "betweenness": 0.0,
      "closeness": 0.08000000000000002,
      "pagerank": 0.0429184687902512,
      "degree_centrality": 0.05,
      "cpd": {
        "values": [
          0.02634482490501755,
          0.4666148941985807,
          0.9736551750949825,
          0.5333851058014193
        ],
        "evidence": [
          12
        ],
        "evidence_card": [
          2
        ]
      }
    },
    "16": {
      "type": "leaf",
      "in_degree": 1,