{
  "graph_index": 4303,
  "nodes": {
    "0": {
      "type": "root",
      "in_degree": 0,
      "out_degree": 3,
      "betweenness": 0.0,
      "closeness": 0.0,
      "pagerank": 0.023101505194486047,
      "degree_centrality": 0.1111111111111111,
      "cpd": {
        "values": [
          0.5,
          0.5,
          0.0,
          0.0
        ],
        "evidence": [],
        "evidence_card": []
      }
    },
    "1": {
      "type": "intermediate",
      "in_degree": 1,
      "out_degree": 2,
      "betweenness": 0.012820512820512822,
      "closeness": 0.037037037037037035,
      "pagerank": 0.02964702240659187,
      "degree_centrality": 0.1111111111111111,
      "cpd": {
        "values": [
          0.5325889282588607,
          0.21512451378866032,
          0.46741107174113933,
          0.7848754862113396
        ],
        "evidence": [
          0
        ],
        "evidence_card": [
          2
        ]
      }
    },
    "2": {
      "type": "intermediate",
      "in_degree": 1,
      "out_degree": 2,
      "betweenness": 0.01851851851851852,
      "closeness": 0.037037037037037035,
      "pagerank": 0.02964702240659187,
      "degree_centrality": 0.1111111111111111,
      "cpd": {
        "values": [
          0.679016742961361,
          0.04171180350293887,
          0.32098325703863895,
          0.9582881964970611
        ],
        "evidence": [
          0
        ],
        "evidence_card": [
          2
        ]
      }
    },
    "3": {
      "type": "intermediate",
      "in_degree": 1,
      "out_degree": 2,
      "betweenness": 0.002849002849002849,
      "closeness": 0.037037037037037035,
      "pagerank": 0.02964702240659187,
      "degree_centrality": 0.1111111111111111,
      "cpd": {
        "values": [
          0.5768272225325788,
          0.8729412858050575,
          0.42317277746742116,
          0.12705871419494252
        ],
        "evidence": [
          0
        ],
        "evidence_card": [
          2
        ]
      }
    },
    "4": {
      "type": "intermediate",
      "in_degree": 1,
      "out_degree": 3,
      "betweenness": 0.008547008547008548,
      "closeness": 0.04938271604938271,
      "pagerank": 0.03570140144539379,
      "degree_centrality": 0.14814814814814814,
      "cpd": {
        "values": [
          0.13178608864368024,
          0.5181900339031152,
          0.8682139113563198,
          0.4818099660968847
        ],
        "evidence": [
          3
        ],
        "evidence_card": [
          2
        ]
      }
    },
    "5": {
      "type": "intermediate",
      "in_degree": 2,
      "out_degree": 1,
      "betweenness": 0.005698005698005698,
      "closeness": 0.09876543209876543,
      "pagerank": 0.045816476513733016,
      "degree_centrality": 0.1111111111111111,
      "cpd": {
        "values": [
          0.3813007622370144,
          0.41297452217316905,
          0.9196150606496895,
          0.4601094787508681
        ],
        "evidence": [
          1,
          4
        ],
        "evidence_card": [
          2,
          2
        ]
      }
    },
    "6": {
      "type": "intermediate",
      "in_degree": 2,
      "out_degree": 3,
      "betweenness": 0.01566951566951567,
      "closeness": 0.09876543209876543,
      "pagerank": 0.045816476513733016,
      "degree_centrality": 0.18518518518518517,
      "cpd": {
        "values": [
          0.501408346595975,
          0.7762950008756212,
          0.6724127016308297,
          0.6020597415479151
        ],
        "evidence": [
          2,
          4
        ],
        "evidence_card": [
          2,
          2
        ]
      }
    },
    "7": {
      "type": "leaf",
      "in_degree": 1,
      "out_degree": 0,
      "betweenness": 0.0,
      "closeness": 0.08417508417508417,
      "pagerank": 0.036082407200921394,
      "degree_centrality": 0.037037037037037035,
      "cpd": {
        "values": [
          0.6051685751392565,
          0.4282227884936665,
          0.3948314248607434,
          0.5717772115063334
        ],
        "evidence": [
          6
        ],
        "evidence_card": [
          2
        ]
      }
    },
    "8": {
      "type": "leaf",
      "in_degree": 1,
      "out_degree": 0,
      "betweenness": 0.0,
      "closeness": 0.08417508417508417,
      "pagerank": 0.036082407200921394,
      "degree_centrality": 0.037037037037037035,
      "cpd": {
        "values": [
          0.44192312001814155,
          0.6251922774565265,
          0.5580768799818585,
          0.3748077225434735
        ],
        "evidence": [
          6
        ],
        "evidence_card": [
          2
        ]
      }
    },
    "9": {
      "type": "leaf",
      "in_degree": 2,
      "out_degree": 0,
      "betweenness": 0.0,
      "closeness": 0.1111111111111111,
      "pagerank": 0.046197482269260626,
      "degree_centrality": 0.07407407407407407,
      "cpd": {
        "values": [
          0.16855891624355793,
          0.060946052844972336,
          0.833187867014089,
          0.5117030651141208
        ],
        "evidence": [
          11,
          6
        ],
        "evidence_card": [
          2,
          2
        ]
      }
    },
    "10": {
      "type": "leaf",
      "in_degree": 1,
      "out_degree": 0,
      "betweenness": 0.0,
      "closeness": 0.08417508417508417,
      "pagerank": 0.062044211213792104,
      "degree_centrality": 0.037037037037037035,
      "cpd": {
        "values": [
          0.6258901339679904,
          0.6379873483237192,
          0.37410986603200963,
          0.3620126516762809
        ],
        "evidence": [
          5
        ],
        "evidence_card": [
          2
        ]
      }
    },
    "11": {
      "type": "intermediate",
      "in_degree": 1,
      "out_degree": 3,
      "betweenness": 0.027065527065527065,
      "closeness": 0.04938271604938271,
      "pagerank": 0.03570140144539379,
      "degree_centrality": 0.14814814814814814,
      "cpd": {
        "values": [
          0.7704611930982075,
          0.8863031848804561,
          0.2295388069017925,
          0.11369681511954391
        ],
        "evidence": [
          2
        ],
        "evidence_card": [
          2
        ]
      }
    },
    "12": {
      "type": "intermediate",
      "in_degree": 1,
      "out_degree": 4,
      "betweenness": 0.017094017094017096,
      "closeness": 0.05555555555555555,
      "pagerank": 0.03321658026282527,
      "degree_centrality": 0.18518518518518517,
      "cpd": {
        "values": [
          0.10040245689195343,
          0.4623370790323939,
          0.8995975431080465,
          0.537662920967606
        ],
        "evidence": [
          11
        ],
        "evidence_card": [
          2
        ]
      }
    },
    "13": {
      "type": "intermediate",
      "in_degree": 1,
      "out_degree": 4,
      "betweenness": 0.014245014245014245,
      "closeness": 0.05555555555555555,
      "pagerank": 0.03321658026282527,
      "degree_centrality": 0.18518518518518517,
      "cpd": {
        "values": [
          0.34163159059382947,
          0.8723417762421307,
          0.6583684094061706,
          0.1276582237578693
        ],
        "evidence": [
          11
        ],
        "evidence_card": [
          2
        ]
      }
    },
    "14": {
      "type": "leaf",
      "in_degree": 3,
      "out_degree": 0,
      "betweenness": 0.0,
      "closeness": 0.13333333333333333,
      "pagerank": 0.05287498462638448,
      "degree_centrality": 0.1111111111111111,
      "cpd": {
        "values": [
          0.56937962309158,
          0.5038227753310579,
          0.415214319280716,
          0.8043199837684967
        ],
        "evidence": [
          4,
          3,
          13
        ],
        "evidence_card": [
          2,
          2,
          2
        ]
      }
    },
    "15": {
      "type": "leaf",
      "in_degree": 2,
      "out_degree": 0,
      "betweenness": 0.0,