{
  "graph_index": 9540,
  "nodes": {
    "0": {
      "type": "root",
      "in_degree": 0,
      "out_degree": 1,
      "betweenness": 0.0,
      "closeness": 0.0,
      "pagerank": 0.021281115943959514,
      "degree_centrality": 0.03125,
      "cpd": {
        "values": [
          0.5,
          0.5,
          0.0,
          0.0
        ],
        "evidence": [],
        "evidence_card": []
      }
    },
    "1": {
      "type": "intermediate",
      "in_degree": 1,
      "out_degree": 2,
      "betweenness": 0.03125,
      "closeness": 0.03125,
      "pagerank": 0.03936918689465908,
      "degree_centrality": 0.09375,
      "cpd": {
        "values": [
          0.21998988578789247,
          0.5809440349363285,
          0.7800101142121074,
          0.4190559650636715
        ],
        "evidence": [
          0
        ],
        "evidence_card": [
          2
        ]
      }
    },
    "2": {
      "type": "intermediate",
      "in_degree": 1,
      "out_degree": 4,
      "betweenness": 0.038306451612903226,
      "closeness": 0.041666666666666664,
      "pagerank": 0.03801287142685302,
      "degree_centrality": 0.15625,
      "cpd": {
        "values": [
          0.4755743522682361,
          0.5325884876769986,
          0.5244256477317639,
          0.4674115123230015
        ],
        "evidence": [
          1
        ],
        "evidence_card": [
          2
        ]
      }
    },
    "3": {
      "type": "intermediate",
      "in_degree": 1,
      "out_degree": 3,
      "betweenness": 0.020161290322580645,
      "closeness": 0.041666666666666664,
      "pagerank": 0.03801287142685302,
      "degree_centrality": 0.125,
      "cpd": {
        "values": [
          0.7709830672292513,
          0.7380240324307804,
          0.2290169327707486,
          0.26197596756921965
        ],
        "evidence": [
          1
        ],
        "evidence_card": [
          2
        ]
      }
    },
    "4": {
      "type": "intermediate",
      "in_degree": 1,
      "out_degree": 3,
      "betweenness": 0.00907258064516129,
      "closeness": 0.046875,
      "pagerank": 0.03205156110056566,
      "degree_centrality": 0.125,
      "cpd": {
        "values": [
          0.1513307439134777,
          0.5550685808147042,
          0.8486692560865224,
          0.4449314191852958
        ],
        "evidence": [
          3
        ],
        "evidence_card": [
          2
        ]
      }
    },
    "5": {
      "type": "intermediate",
      "in_degree": 1,
      "out_degree": 2,
      "betweenness": 0.006048387096774193,
      "closeness": 0.046875,
      "pagerank": 0.03205156110056566,
      "degree_centrality": 0.09375,
      "cpd": {
        "values": [
          0.024153999738491007,
          0.7482654785861854,
          0.975846000261509,
          0.25173452141381447
        ],
        "evidence": [
          3
        ],
        "evidence_card": [
          2
        ]
      }
    },
    "6": {
      "type": "intermediate",
      "in_degree": 1,
      "out_degree": 2,
      "betweenness": 0.006048387096774193,
      "closeness": 0.046875,
      "pagerank": 0.03205156110056566,
      "degree_centrality": 0.09375,
      "cpd": {
        "values": [
          0.10842199823436771,
          0.2769355354339261,
          0.8915780017656323,
          0.7230644645660739
        ],
        "evidence": [
          3
        ],
        "evidence_card": [
          2
        ]
      }
    },
    "7": {
      "type": "leaf",
      "in_degree": 1,
      "out_degree": 0,
      "betweenness": 0.0,
      "closeness": 0.05,
      "pagerank": 0.03490285344750228,
      "degree_centrality": 0.03125,
      "cpd": {
        "values": [
          0.9179699117018447,
          0.4938938716356566,
          0.08203008829815535,
          0.5061061283643433
        ],
        "evidence": [
          6
        ],
        "evidence_card": [
          2
        ]
      }
    },
    "8": {
      "type": "leaf",
      "in_degree": 1,
      "out_degree": 0,
      "betweenness": 0.0,
      "closeness": 0.05,
      "pagerank": 0.03490285344750228,
      "degree_centrality": 0.03125,
      "cpd": {
        "values": [
          0.192527467190771,
          0.7548467535190163,
          0.807472532809229,
          0.24515324648098366
        ],
        "evidence": [
          6
        ],
        "evidence_card": [
          2
        ]
      }
    },
    "9": {
      "type": "leaf",
      "in_degree": 1,
      "out_degree": 0,
      "betweenness": 0.0,
      "closeness": 0.05,
      "pagerank": 0.03490285344750228,
      "degree_centrality": 0.03125,
      "cpd": {
        "values": [
          0.6488545621219265,
          0.7060609326865472,
          0.3511454378780734,
          0.2939390673134527
        ],
        "evidence": [
          5
        ],
        "evidence_card": [
          2
        ]
      }
    },
    "10": {
      "type": "leaf",
      "in_degree": 1,
      "out_degree": 0,
      "betweenness": 0.0,
      "closeness": 0.05,
      "pagerank": 0.03490285344750228,
      "degree_centrality": 0.03125,
      "cpd": {
        "values": [
          0.6329748939268095,
          0.02347630508117516,
          0.3670251060731905,
          0.9765236949188248
        ],
        "evidence": [
          5
        ],
        "evidence_card": [
          2
        ]
      }
    },
    "11": {
      "type": "leaf",
      "in_degree": 1,
      "out_degree": 0,
      "betweenness": 0.0,
      "closeness": 0.05,
      "pagerank": 0.030362274279654693,
      "degree_centrality": 0.03125,
      "cpd": {
        "values": [
          0.3922072100304915,
          0.47992420068757496,
          0.6077927899695084,
          0.5200757993124251
        ],
        "evidence": [
          4
        ],
        "evidence_card": [
          2
        ]
      }
    },
    "12": {
      "type": "leaf",
      "in_degree": 1,
      "out_degree": 0,
      "betweenness": 0.0,
      "closeness": 0.05,
      "pagerank": 0.030362274279654693,
      "degree_centrality": 0.03125,
      "cpd": {
        "values": [
          0.34036310518535795,
          0.44347738638079376,
          0.659636894814642,
          0.5565226136192062
        ],
        "evidence": [
          4
        ],
        "evidence_card": [
          2
        ]
      }
    },
    "13": {
      "type": "leaf",
      "in_degree": 1,
      "out_degree": 0,
      "betweenness": 0.0,
      "closeness": 0.05,
      "pagerank": 0.030362274279654693,
      "degree_centrality": 0.03125,
      "cpd": {
        "values": [
          0.28958767810172603,
          0.12476766783336755,
          0.710412321898274,
          0.8752323321666324
        ],
        "evidence": [
          4
        ],
        "evidence_card": [
          2
        ]
      }
    },
    "14": {
      "type": "intermediate",
      "in_degree": 1,
      "out_degree": 4,
      "betweenness": 0.012096774193548387,
      "closeness": 0.046875,
      "pagerank": 0.029358949811414126,
      "degree_centrality": 0.15625,
      "cpd": {
        "values": [
          0.5526975469446713,
          0.418690433843263,
          0.4473024530553287,
          0.5813095661567371
        ],
        "evidence": [
          2
        ],
        "evidence_card": [
          2
        ]
      }
    },
    "15": {
      "type": "intermediate",
      "in_degree": 1,
      "out_degree": 4,
      "betweenness": 0.012096774193548387,
      "closeness": 0.046875,
      "pagerank": 0.029358949811414126,
      "degree_centrality": 0.15625,
      "cpd": {
        "values": [
          0.25088034616667515,
          0.4457016050110047,
          0.7491196538333248,
          0.5542983949889954
        ],
        "evidence": [
          2
        ],
        "evidence_card": [
          2
        ]
      }
    },
    "16": {
      "type": "intermediate",
      "in_degree": 1,
      "out_degree": 3,
      "betweenness": 0.00907258064516129,
      "closeness": 0.046875,