{
  "graph_index": 7518,
  "nodes": {
    "0": {
      "type": "root",
      "in_degree": 0,
      "out_degree": 1,
      "betweenness": 0.0,
      "closeness": 0.0,
      "pagerank": 0.02712993495268248,
      "degree_centrality": 0.041666666666666664,
      "cpd": {
        "values": [
          0.5,
          0.5,
          0.0,
          0.0
        ],
        "evidence": [],
        "evidence_card": []
      }
    },
    "1": {
      "type": "intermediate",
      "in_degree": 1,
      "out_degree": 2,
      "betweenness": 0.041666666666666664,
      "closeness": 0.041666666666666664,
      "pagerank": 0.050188885484228625,
      "degree_centrality": 0.125,
      "cpd": {
        "values": [
          0.18994578224909725,
          0.5748132293632727,
          0.8100542177509027,
          0.4251867706367273
        ],
        "evidence": [
          0
        ],
        "evidence_card": [
          2
        ]
      }
    },
    "2": {
      "type": "intermediate",
      "in_degree": 1,
      "out_degree": 3,
      "betweenness": 0.03985507246376812,
      "closeness": 0.05555555555555555,
      "pagerank": 0.04845949336943725,
      "degree_centrality": 0.16666666666666666,
      "cpd": {
        "values": [
          0.3049573696396834,
          0.2784176509445179,
          0.6950426303603167,
          0.7215823490554821
        ],
        "evidence": [
          1
        ],
        "evidence_card": [
          2
        ]
      }
    },
    "3": {
      "type": "intermediate",
      "in_degree": 1,
      "out_degree": 3,
      "betweenness": 0.036231884057971016,
      "closeness": 0.05555555555555555,
      "pagerank": 0.04845949336943725,
      "degree_centrality": 0.16666666666666666,
      "cpd": {
        "values": [
          0.7971949681031726,
          0.5516664863427284,
          0.20280503189682747,
          0.44833351365727164
        ],
        "evidence": [
          1
        ],
        "evidence_card": [
          2
        ]
      }
    },
    "4": {
      "type": "intermediate",
      "in_degree": 1,
      "out_degree": 3,
      "betweenness": 0.016304347826086956,
      "closeness": 0.0625,
      "pagerank": 0.04086010594521811,
      "degree_centrality": 0.16666666666666666,
      "cpd": {
        "values": [
          0.6290652170448517,
          0.5377691865470628,
          0.3709347829551483,
          0.4622308134529372
        ],
        "evidence": [
          3
        ],
        "evidence_card": [
          2
        ]
      }
    },
    "5": {
      "type": "intermediate",
      "in_degree": 1,
      "out_degree": 4,
      "betweenness": 0.021739130434782608,
      "closeness": 0.0625,
      "pagerank": 0.04086010594521811,
      "degree_centrality": 0.20833333333333331,
      "cpd": {
        "values": [
          0.5337302566025816,
          0.5221966847359855,
          0.46626974339741845,
          0.4778033152640145
        ],
        "evidence": [
          3
        ],
        "evidence_card": [
          2
        ]
      }
    },
    "6": {
      "type": "leaf",
      "in_degree": 1,
      "out_degree": 0,
      "betweenness": 0.0,
      "closeness": 0.06666666666666667,
      "pagerank": 0.0358125615958159,
      "degree_centrality": 0.041666666666666664,
      "cpd": {
        "values": [
          0.47983884912483654,
          0.7592935822914515,
          0.5201611508751635,
          0.24070641770854856
        ],
        "evidence": [
          5
        ],
        "evidence_card": [
          2
        ]
      }
    },
    "7": {
      "type": "leaf",
      "in_degree": 1,
      "out_degree": 0,
      "betweenness": 0.0,
      "closeness": 0.06666666666666667,
      "pagerank": 0.0358125615958159,
      "degree_centrality": 0.041666666666666664,
      "cpd": {
        "values": [
          0.6789981198842414,
          0.8197956838583521,
          0.3210018801157587,
          0.18020431614164795
        ],
        "evidence": [
          5
        ],
        "evidence_card": [
          2
        ]
      }
    },
    "8": {
      "type": "leaf",
      "in_degree": 1,
      "out_degree": 0,
      "betweenness": 0.0,
      "closeness": 0.06666666666666667,
      "pagerank": 0.0358125615958159,
      "degree_centrality": 0.041666666666666664,
      "cpd": {
        "values": [
          0.6392389540125305,
          0.19077453905974373,
          0.36076104598746944,
          0.8092254609402563
        ],
        "evidence": [
          5
        ],
        "evidence_card": [
          2
        ]
      }
    },
    "9": {
      "type": "leaf",
      "in_degree": 1,
      "out_degree": 0,
      "betweenness": 0.0,
      "closeness": 0.06666666666666667,
      "pagerank": 0.0358125615958159,
      "degree_centrality": 0.041666666666666664,
      "cpd": {
        "values": [
          0.03338943688644579,
          0.39645129605757584,
          0.9666105631135542,
          0.6035487039424242
        ],
        "evidence": [
          5
        ],
        "evidence_card": [
          2
        ]
      }
    },
    "10": {
      "type": "leaf",
      "in_degree": 1,
      "out_degree": 0,
      "betweenness": 0.0,
      "closeness": 0.06666666666666667,
      "pagerank": 0.03870677047686037,
      "degree_centrality": 0.041666666666666664,
      "cpd": {
        "values": [
          0.4005266732504622,
          0.07255345136319352,
          0.5994733267495378,
          0.9274465486368065
        ],
        "evidence": [
          4
        ],
        "evidence_card": [
          2
        ]
      }
    },
    "11": {
      "type": "leaf",
      "in_degree": 1,
      "out_degree": 0,
      "betweenness": 0.0,
      "closeness": 0.06666666666666667,
      "pagerank": 0.03870677047686037,
      "degree_centrality": 0.041666666666666664,
      "cpd": {
        "values": [
          0.4585652922431637,
          0.6049463277012436,
          0.5414347077568362,
          0.39505367229875643
        ],
        "evidence": [
          4
        ],
        "evidence_card": [
          2
        ]
      }
    },
    "12": {
      "type": "leaf",
      "in_degree": 1,
      "out_degree": 0,
      "betweenness": 0.0,
      "closeness": 0.06666666666666667,
      "pagerank": 0.03870677047686037,
      "degree_centrality": 0.041666666666666664,
      "cpd": {
        "values": [
          0.35170153797762,
          0.40120228033905797,
          0.64829846202238,
          0.598797719660942
        ],
        "evidence": [
          4
        ],
        "evidence_card": [
          2
        ]
      }
    },
    "13": {
      "type": "intermediate",
      "in_degree": 1,
      "out_degree": 3,
      "betweenness": 0.012681159420289856,
      "closeness": 0.0625,
      "pagerank": 0.04086010594521811,
      "degree_centrality": 0.16666666666666666,
      "cpd": {
        "values": [
          0.6392771968756833,
          0.45650852028460087,
          0.36072280312431676,
          0.5434914797153992
        ],
        "evidence": [
          2
        ],
        "evidence_card": [
          2
        ]
      }
    },
    "14": {
      "type": "intermediate",
      "in_degree": 1,
      "out_degree": 2,
      "betweenness": 0.010869565217391304,
      "closeness": 0.0625,
      "pagerank": 0.04086010594521811,
      "degree_centrality": 0.125,
      "cpd": {
        "values": [
          0.42882270749133927,
          0.02412223370902513,
          0.5711772925086608,
          0.9758777662909749
        ],
        "evidence": [
          2
        ],
        "evidence_card": [
          2
        ]
      }
    },
    "15": {
      "type": "intermediate",
      "in_degree": 1,
      "out_degree": 4,
      "betweenness": 0.021739130434782608,
      "closeness": 0.0625,
      "pagerank": 0.04086010594521811,
      "degree_centrality": 0.20833333333333331,