{
  "graph_index": 8849,
  "nodes": {
    "0": {
      "type": "root",
      "in_degree": 0,
      "out_degree": 1,
      "betweenness": 0.0,
      "closeness": 0.0,
      "pagerank": 0.022976050042565494,
      "degree_centrality": 0.03571428571428571,
      "cpd": {
        "values": [
          0.5,
          0.5,
          0.0,
          0.0
        ],
        "evidence": [],
        "evidence_card": []
      }
    },
    "1": {
      "type": "intermediate",
      "in_degree": 1,
      "out_degree": 4,
      "betweenness": 0.03571428571428571,
      "closeness": 0.03571428571428571,
      "pagerank": 0.04250542130663857,
      "degree_centrality": 0.17857142857142855,
      "cpd": {
        "values": [
          0.608718114787517,
          0.0013554143506924175,
          0.3912818852124829,
          0.9986445856493076
        ],
        "evidence": [
          0
        ],
        "evidence_card": [
          2
        ]
      }
    },
    "2": {
      "type": "intermediate",
      "in_degree": 1,
      "out_degree": 2,
      "betweenness": 0.013227513227513227,
      "closeness": 0.047619047619047616,
      "pagerank": 0.032008365989996214,
      "degree_centrality": 0.10714285714285714,
      "cpd": {
        "values": [
          0.058221563125716476,
          0.3309813169455131,
          0.9417784368742835,
          0.6690186830544869
        ],
        "evidence": [
          1
        ],
        "evidence_card": [
          2
        ]
      }
    },
    "3": {
      "type": "intermediate",
      "in_degree": 1,
      "out_degree": 4,
      "betweenness": 0.026455026455026454,
      "closeness": 0.047619047619047616,
      "pagerank": 0.032008365989996214,
      "degree_centrality": 0.17857142857142855,
      "cpd": {
        "values": [
          0.4918255569262452,
          0.4918716524987394,
          0.5081744430737549,
          0.5081283475012606
        ],
        "evidence": [
          1
        ],
        "evidence_card": [
          2
        ]
      }
    },
    "4": {
      "type": "intermediate",
      "in_degree": 1,
      "out_degree": 2,
      "betweenness": 0.010582010582010581,
      "closeness": 0.047619047619047616,
      "pagerank": 0.032008365989996214,
      "degree_centrality": 0.10714285714285714,
      "cpd": {
        "values": [
          0.35512337749892425,
          0.914749100991705,
          0.6448766225010758,
          0.08525089900829509
        ],
        "evidence": [
          1
        ],
        "evidence_card": [
          2
        ]
      }
    },
    "5": {
      "type": "intermediate",
      "in_degree": 1,
      "out_degree": 2,
      "betweenness": 0.010582010582010581,
      "closeness": 0.047619047619047616,
      "pagerank": 0.032008365989996214,
      "degree_centrality": 0.10714285714285714,
      "cpd": {
        "values": [
          0.5857175004219383,
          0.7809898846829894,
          0.41428249957806185,
          0.21901011531701067
        ],
        "evidence": [
          1
        ],
        "evidence_card": [
          2
        ]
      }
    },
    "6": {
      "type": "intermediate",
      "in_degree": 1,
      "out_degree": 3,
      "betweenness": 0.009259259259259259,
      "closeness": 0.05357142857142857,
      "pagerank": 0.036579503530306375,
      "degree_centrality": 0.14285714285714285,
      "cpd": {
        "values": [
          0.5493693506981424,
          0.5818971492005787,
          0.4506306493018576,
          0.4181028507994214
        ],
        "evidence": [
          5
        ],
        "evidence_card": [
          2
        ]
      }
    },
    "7": {
      "type": "leaf",
      "in_degree": 1,
      "out_degree": 0,
      "betweenness": 0.0,
      "closeness": 0.05714285714285714,
      "pagerank": 0.033340066999140903,
      "degree_centrality": 0.03571428571428571,
      "cpd": {
        "values": [
          0.19637536997612223,
          0.7043186138484369,
          0.8036246300238777,
          0.295681386151563
        ],
        "evidence": [
          6
        ],
        "evidence_card": [
          2
        ]
      }
    },
    "8": {
      "type": "leaf",
      "in_degree": 1,
      "out_degree": 0,
      "betweenness": 0.0,
      "closeness": 0.05714285714285714,
      "pagerank": 0.033340066999140903,
      "degree_centrality": 0.03571428571428571,
      "cpd": {
        "values": [
          0.09714474860087693,
          0.06125541506103479,
          0.902855251399123,
          0.9387445849389652
        ],
        "evidence": [
          6
        ],
        "evidence_card": [
          2
        ]
      }
    },
    "9": {
      "type": "leaf",
      "in_degree": 2,
      "out_degree": 0,
      "betweenness": 0.0,
      "closeness": 0.09920634920634921,
      "pagerank": 0.040141793743011335,
      "degree_centrality": 0.07142857142857142,
      "cpd": {
        "values": [
          0.4621869302066239,
          0.10144000698944158,
          0.580729321640252,
          0.12303453573762967
        ],
        "evidence": [
          3,
          6
        ],
        "evidence_card": [
          2,
          2
        ]
      }
    },
    "10": {
      "type": "intermediate",
      "in_degree": 1,
      "out_degree": 3,
      "betweenness": 0.009259259259259259,
      "closeness": 0.05357142857142857,
      "pagerank": 0.036579503530306375,
      "degree_centrality": 0.14285714285714285,
      "cpd": {
        "values": [
          0.6627810850525361,
          0.4588949609354884,
          0.3372189149474638,
          0.5411050390645116
        ],
        "evidence": [
          4
        ],
        "evidence_card": [
          2
        ]
      }
    },
    "11": {
      "type": "leaf",
      "in_degree": 1,
      "out_degree": 0,
      "betweenness": 0.0,
      "closeness": 0.05714285714285714,
      "pagerank": 0.033340066999140903,
      "degree_centrality": 0.03571428571428571,
      "cpd": {
        "values": [
          0.35460324071244087,
          0.144520079616279,
          0.6453967592875591,
          0.855479920383721
        ],
        "evidence": [
          10
        ],
        "evidence_card": [
          2
        ]
      }
    },
    "12": {
      "type": "leaf",
      "in_degree": 1,
      "out_degree": 0,
      "betweenness": 0.0,
      "closeness": 0.05714285714285714,
      "pagerank": 0.033340066999140903,
      "degree_centrality": 0.03571428571428571,
      "cpd": {
        "values": [
          0.6811396300242177,
          0.4192660468249893,
          0.3188603699757821,
          0.5807339531750106
        ],
        "evidence": [
          10
        ],
        "evidence_card": [
          2
        ]
      }
    },
    "13": {
      "type": "leaf",
      "in_degree": 2,
      "out_degree": 0,
      "betweenness": 0.0,
      "closeness": 0.09920634920634921,
      "pagerank": 0.04694352048688178,
      "degree_centrality": 0.07142857142857142,
      "cpd": {
        "values": [
          0.13107677553765376,
          0.6063954781649933,
          0.23662554208809788,
          0.6239120194084723
        ],
        "evidence": [
          5,
          10
        ],
        "evidence_card": [
          2,
          2
        ]
      }
    },
    "14": {
      "type": "intermediate",
      "in_degree": 1,
      "out_degree": 4,
      "betweenness": 0.013227513227513227,
      "closeness": 0.05357142857142857,
      "pagerank": 0.02977777678643593,
      "degree_centrality": 0.17857142857142855,
      "cpd": {
        "values": [
          0.522716486374204,
          0.6414113191223602,
          0.4772835136257959,
          0.35858868087763984
        ],
        "evidence": [
          3
        ],
        "evidence_card": [
          2
        ]
      }
    },
    "15": {
      "type": "intermediate",
      "in_degree": 1,
      "out_degree": 1,
      "betweenness": 0.003968253968253968,
      "closeness": 0.05357142857142857,
      "pagerank": 0.02977777678643593,