{
  "graph_index": 4490,
  "nodes": {
    "0": {
      "type": "root",
      "in_degree": 0,
      "out_degree": 2,
      "betweenness": 0.0,
      "closeness": 0.0,
      "pagerank": 0.01884393194077718,
      "degree_centrality": 0.06060606060606061,
      "cpd": {
        "values": [
          0.5,
          0.5,
          0.0,
          0.0
        ],
        "evidence": [],
        "evidence_card": []
      }
    },
    "1": {
      "type": "intermediate",
      "in_degree": 1,
      "out_degree": 3,
      "betweenness": 0.00946969696969697,
      "closeness": 0.030303030303030304,
      "pagerank": 0.026852556053099007,
      "degree_centrality": 0.12121212121212122,
      "cpd": {
        "values": [
          0.11761672164354188,
          0.5033516528933846,
          0.8823832783564581,
          0.4966483471066154
        ],
        "evidence": [
          0
        ],
        "evidence_card": [
          2
        ]
      }
    },
    "2": {
      "type": "intermediate",
      "in_degree": 1,
      "out_degree": 4,
      "betweenness": 0.019886363636363636,
      "closeness": 0.030303030303030304,
      "pagerank": 0.026852556053099007,
      "degree_centrality": 0.15151515151515152,
      "cpd": {
        "values": [
          0.7508014175700403,
          0.5441723836821394,
          0.24919858242995976,
          0.4558276163178607
        ],
        "evidence": [
          0
        ],
        "evidence_card": [
          2
        ]
      }
    },
    "3": {
      "type": "intermediate",
      "in_degree": 1,
      "out_degree": 2,
      "betweenness": 0.00946969696969697,
      "closeness": 0.0404040404040404,
      "pagerank": 0.02454967792327518,
      "degree_centrality": 0.09090909090909091,
      "cpd": {
        "values": [
          0.2151863176515923,
          0.4830525767957709,
          0.7848136823484076,
          0.5169474232042292
        ],
        "evidence": [
          2
        ],
        "evidence_card": [
          2
        ]
      }
    },
    "4": {
      "type": "intermediate",
      "in_degree": 1,
      "out_degree": 2,
      "betweenness": 0.006628787878787879,
      "closeness": 0.0404040404040404,
      "pagerank": 0.02454967792327518,
      "degree_centrality": 0.09090909090909091,
      "cpd": {
        "values": [
          0.4878757067910859,
          0.4754707425626101,
          0.5121242932089142,
          0.5245292574373898
        ],
        "evidence": [
          2
        ],
        "evidence_card": [
          2
        ]
      }
    },
    "5": {
      "type": "intermediate",
      "in_degree": 1,
      "out_degree": 3,
      "betweenness": 0.011363636363636364,
      "closeness": 0.0404040404040404,
      "pagerank": 0.02454967792327518,
      "degree_centrality": 0.12121212121212122,
      "cpd": {
        "values": [
          0.4670718046205382,
          0.5736907884418148,
          0.5329281953794618,
          0.4263092115581852
        ],
        "evidence": [
          2
        ],
        "evidence_card": [
          2
        ]
      }
    },
    "6": {
      "type": "intermediate",
      "in_degree": 1,
      "out_degree": 2,
      "betweenness": 0.008522727272727272,
      "closeness": 0.0404040404040404,
      "pagerank": 0.02454967792327518,
      "degree_centrality": 0.09090909090909091,
      "cpd": {
        "values": [
          0.4977229591375007,
          0.7623228171896346,
          0.5022770408624994,
          0.23767718281036546
        ],
        "evidence": [
          2
        ],
        "evidence_card": [
          2
        ]
      }
    },
    "7": {
      "type": "intermediate",
      "in_degree": 1,
      "out_degree": 3,
      "betweenness": 0.008522727272727272,
      "closeness": 0.045454545454545456,
      "pagerank": 0.02927797096618101,
      "degree_centrality": 0.12121212121212122,
      "cpd": {
        "values": [
          0.605163299530052,
          0.5558729651416257,
          0.3948367004699481,
          0.44412703485837446
        ],
        "evidence": [
          6
        ],
        "evidence_card": [
          2
        ]
      }
    },
    "8": {
      "type": "leaf",
      "in_degree": 1,
      "out_degree": 0,
      "betweenness": 0.0,
      "closeness": 0.04848484848484849,
      "pagerank": 0.027138987318001444,
      "degree_centrality": 0.030303030303030304,
      "cpd": {
        "values": [
          0.2601543973912755,
          0.6780526385744868,
          0.7398456026087246,
          0.32194736142551317
        ],
        "evidence": [
          7
        ],
        "evidence_card": [
          2
        ]
      }
    },
    "9": {
      "type": "leaf",
      "in_degree": 1,
      "out_degree": 0,
      "betweenness": 0.0,
      "closeness": 0.04848484848484849,
      "pagerank": 0.027138987318001444,
      "degree_centrality": 0.030303030303030304,
      "cpd": {
        "values": [
          0.33600064072030555,
          0.0435361885682422,
          0.6639993592796944,
          0.9564638114317578
        ],
        "evidence": [
          7
        ],
        "evidence_card": [
          2
        ]
      }
    },
    "10": {
      "type": "leaf",
      "in_degree": 1,
      "out_degree": 0,
      "betweenness": 0.0,
      "closeness": 0.04848484848484849,
      "pagerank": 0.027138987318001444,
      "degree_centrality": 0.030303030303030304,
      "cpd": {
        "values": [
          0.4743659084355151,
          0.302965496495696,
          0.5256340915644849,
          0.697034503504304
        ],
        "evidence": [
          7
        ],
        "evidence_card": [
          2
        ]
      }
    },
    "11": {
      "type": "intermediate",
      "in_degree": 1,
      "out_degree": 2,
      "betweenness": 0.005681818181818182,
      "closeness": 0.045454545454545456,
      "pagerank": 0.025799957957713067,
      "degree_centrality": 0.09090909090909091,
      "cpd": {
        "values": [
          0.8848101493853389,
          0.21516116063441787,
          0.11518985061466114,
          0.7848388393655822
        ],
        "evidence": [
          5
        ],
        "evidence_card": [
          2
        ]
      }
    },
    "12": {
      "type": "intermediate",
      "in_degree": 2,
      "out_degree": 1,
      "betweenness": 0.003787878787878788,
      "closeness": 0.0808080808080808,
      "pagerank": 0.033407619267710395,
      "degree_centrality": 0.09090909090909091,
      "cpd": {
        "values": [
          0.5077828412767048,
          0.5650881402778274,
          0.467099754630885,
          0.054375129125239285
        ],
        "evidence": [
          1,
          5
        ],
        "evidence_card": [
          2,
          2
        ]
      }
    },
    "13": {
      "type": "intermediate",
      "in_degree": 1,
      "out_degree": 4,
      "betweenness": 0.005681818181818182,
      "closeness": 0.045454545454545456,
      "pagerank": 0.025799957957713067,
      "degree_centrality": 0.15151515151515152,
      "cpd": {
        "values": [
          0.32143683996366396,
          0.5319302780872848,
          0.678563160036336,
          0.46806972191271534
        ],
        "evidence": [
          5
        ],
        "evidence_card": [
          2
        ]
      }
    },
    "14": {
      "type": "leaf",
      "in_degree": 3,
      "out_degree": 0,
      "betweenness": 0.0,
      "closeness": 0.12121212121212122,
      "pagerank": 0.042367930650177445,
      "degree_centrality": 0.09090909090909091,
      "cpd": {
        "values": [
          0.9454715062194928,
          0.28496999488529007,
          0.831437342914737,
          0.17010387353192763
        ],
        "evidence": [
          6,
          1,
          13
        ],
        "evidence_card": [
          2,
          2,
          2
        ]
      }
    },
    "15": {
      "type": "leaf",
      "in_degree": 1,
      "out_degree": 0,
      "betweenness": 0.0,
      "closeness": 0.04848484848484849,