{
  "graph_index": 7836,
  "nodes": {
    "0": {
      "type": "root",
      "in_degree": 0,
      "out_degree": 1,
      "betweenness": 0.0,
      "closeness": 0.0,
      "pagerank": 0.019768086764059483,
      "degree_centrality": 0.029411764705882353,
      "cpd": {
        "values": [
          0.5,
          0.5,
          0.0,
          0.0
        ],
        "evidence": [],
        "evidence_card": []
      }
    },
    "1": {
      "type": "intermediate",
      "in_degree": 1,
      "out_degree": 3,
      "betweenness": 0.029411764705882353,
      "closeness": 0.029411764705882353,
      "pagerank": 0.03657060813341874,
      "degree_centrality": 0.11764705882352941,
      "cpd": {
        "values": [
          0.5944658187018285,
          0.5263005146715358,
          0.40553418129817154,
          0.4736994853284642
        ],
        "evidence": [
          0
        ],
        "evidence_card": [
          2
        ]
      }
    },
    "2": {
      "type": "intermediate",
      "in_degree": 1,
      "out_degree": 4,
      "betweenness": 0.0213903743315508,
      "closeness": 0.0392156862745098,
      "pagerank": 0.03012965985148011,
      "degree_centrality": 0.14705882352941177,
      "cpd": {
        "values": [
          0.5755178464996273,
          0.4435236949560734,
          0.4244821535003726,
          0.5564763050439266
        ],
        "evidence": [
          1
        ],
        "evidence_card": [
          2
        ]
      }
    },
    "3": {
      "type": "intermediate",
      "in_degree": 1,
      "out_degree": 2,
      "betweenness": 0.0071301247771836,
      "closeness": 0.0392156862745098,
      "pagerank": 0.03012965985148011,
      "degree_centrality": 0.08823529411764705,
      "cpd": {
        "values": [
          0.440821380670404,
          0.7468318310934787,
          0.5591786193295961,
          0.25316816890652133
        ],
        "evidence": [
          1
        ],
        "evidence_card": [
          2
        ]
      }
    },
    "4": {
      "type": "intermediate",
      "in_degree": 1,
      "out_degree": 4,
      "betweenness": 0.024955436720142603,
      "closeness": 0.0392156862745098,
      "pagerank": 0.03012965985148011,
      "degree_centrality": 0.14705882352941177,
      "cpd": {
        "values": [
          0.49271851602928207,
          0.644603085103981,
          0.5072814839707179,
          0.355396914896019
        ],
        "evidence": [
          1
        ],
        "evidence_card": [
          2
        ]
      }
    },
    "5": {
      "type": "intermediate",
      "in_degree": 1,
      "out_degree": 4,
      "betweenness": 0.0106951871657754,
      "closeness": 0.04411764705882353,
      "pagerank": 0.026170626680321336,
      "degree_centrality": 0.14705882352941177,
      "cpd": {
        "values": [
          0.4979113651990709,
          0.8216559267091851,
          0.502088634800929,
          0.17834407329081486
        ],
        "evidence": [
          4
        ],
        "evidence_card": [
          2
        ]
      }
    },
    "6": {
      "type": "intermediate",
      "in_degree": 1,
      "out_degree": 1,
      "betweenness": 0.00089126559714795,
      "closeness": 0.04411764705882353,
      "pagerank": 0.026170626680321336,
      "degree_centrality": 0.058823529411764705,
      "cpd": {
        "values": [
          0.7153371688986276,
          0.2178861983084481,
          0.28466283110137236,
          0.782113801691552
        ],
        "evidence": [
          4
        ],
        "evidence_card": [
          2
        ]
      }
    },
    "7": {
      "type": "intermediate",
      "in_degree": 1,
      "out_degree": 2,
      "betweenness": 0.0053475935828877,
      "closeness": 0.04411764705882353,
      "pagerank": 0.026170626680321336,
      "degree_centrality": 0.08823529411764705,
      "cpd": {
        "values": [
          0.17083042338281745,
          0.23802499076831526,
          0.8291695766171825,
          0.7619750092316847
        ],
        "evidence": [
          4
        ],
        "evidence_card": [
          2
        ]
      }
    },
    "8": {
      "type": "intermediate",
      "in_degree": 1,
      "out_degree": 4,
      "betweenness": 0.0106951871657754,
      "closeness": 0.04411764705882353,
      "pagerank": 0.026170626680321336,
      "degree_centrality": 0.14705882352941177,
      "cpd": {
        "values": [
          0.49286234352249625,
          0.7365499617674481,
          0.5071376564775036,
          0.2634500382325518
        ],
        "evidence": [
          4
        ],
        "evidence_card": [
          2
        ]
      }
    },
    "9": {
      "type": "leaf",
      "in_degree": 1,
      "out_degree": 0,
      "betweenness": 0.0,
      "closeness": 0.047058823529411764,
      "pagerank": 0.025329246902962642,
      "degree_centrality": 0.029411764705882353,
      "cpd": {
        "values": [
          0.60624400450851,
          0.3900599045170912,
          0.39375599549149004,
          0.6099400954829088
        ],
        "evidence": [
          8
        ],
        "evidence_card": [
          2
        ]
      }
    },
    "10": {
      "type": "leaf",
      "in_degree": 1,
      "out_degree": 0,
      "betweenness": 0.0,
      "closeness": 0.047058823529411764,
      "pagerank": 0.025329246902962642,
      "degree_centrality": 0.029411764705882353,
      "cpd": {
        "values": [
          0.6318744221980687,
          0.5085009346247367,
          0.36812557780193134,
          0.49149906537526344
        ],
        "evidence": [
          8
        ],
        "evidence_card": [
          2
        ]
      }
    },
    "11": {
      "type": "leaf",
      "in_degree": 1,
      "out_degree": 0,
      "betweenness": 0.0,
      "closeness": 0.047058823529411764,
      "pagerank": 0.025329246902962642,
      "degree_centrality": 0.029411764705882353,
      "cpd": {
        "values": [
          0.08251892398542361,
          0.4419573192898548,
          0.9174810760145764,
          0.5580426807101452
        ],
        "evidence": [
          8
        ],
        "evidence_card": [
          2
        ]
      }
    },
    "12": {
      "type": "leaf",
      "in_degree": 1,
      "out_degree": 0,
      "betweenness": 0.0,
      "closeness": 0.047058823529411764,
      "pagerank": 0.025329246902962642,
      "degree_centrality": 0.029411764705882353,
      "cpd": {
        "values": [
          0.1942485689292211,
          0.05796289626701747,
          0.8057514310707788,
          0.9420371037329826
        ],
        "evidence": [
          8
        ],
        "evidence_card": [
          2
        ]
      }
    },
    "13": {
      "type": "leaf",
      "in_degree": 1,
      "out_degree": 0,
      "betweenness": 0.0,
      "closeness": 0.047058823529411764,
      "pagerank": 0.0308904070418658,
      "degree_centrality": 0.029411764705882353,
      "cpd": {
        "values": [
          0.2243560570110284,
          0.05508860647602557,
          0.7756439429889715,
          0.9449113935239745
        ],
        "evidence": [
          7
        ],
        "evidence_card": [
          2
        ]
      }
    },
    "14": {
      "type": "leaf",
      "in_degree": 1,
      "out_degree": 0,
      "betweenness": 0.0,
      "closeness": 0.047058823529411764,
      "pagerank": 0.0308904070418658,
      "degree_centrality": 0.029411764705882353,
      "cpd": {
        "values": [
          0.080078251617251,
          0.07752825307410312,
          0.919921748382749,
          0.9224717469258967
        ],
        "evidence": [
          7
        ],
        "evidence_card": [
          2
        ]
      }
    },
    "15": {
      "type": "leaf",
      "in_degree": 2,
      "out_degree": 0,
      "betweenness": 0.0,
      "closeness": 0.08169934640522876,
      "pagerank": 0.04841526723593398,
      "degree_centrality": 0.058823529411764705,