{
  "graph_index": 2277,
  "nodes": {
    "0": {
      "type": "root",
      "in_degree": 0,
      "out_degree": 2,
      "betweenness": 0.0,
      "closeness": 0.0,
      "pagerank": 0.02887786397638259,
      "degree_centrality": 0.09523809523809523,
      "cpd": {
        "values": [
          0.5,
          0.5,
          0.0,
          0.0
        ],
        "evidence": [],
        "evidence_card": []
      }
    },
    "1": {
      "type": "intermediate",
      "in_degree": 1,
      "out_degree": 3,
      "betweenness": 0.01666666666666667,
      "closeness": 0.047619047619047616,
      "pagerank": 0.041151122766963366,
      "degree_centrality": 0.19047619047619047,
      "cpd": {
        "values": [
          0.5234901544536863,
          0.31203363723344596,
          0.47650984554631365,
          0.6879663627665541
        ],
        "evidence": [
          0
        ],
        "evidence_card": [
          2
        ]
      }
    },
    "2": {
      "type": "intermediate",
      "in_degree": 1,
      "out_degree": 3,
      "betweenness": 0.028571428571428574,
      "closeness": 0.047619047619047616,
      "pagerank": 0.041151122766963366,
      "degree_centrality": 0.19047619047619047,
      "cpd": {
        "values": [
          0.39955364621441264,
          0.6131689378963053,
          0.6004463537855874,
          0.3868310621036947
        ],
        "evidence": [
          0
        ],
        "evidence_card": [
          2
        ]
      }
    },
    "3": {
      "type": "intermediate",
      "in_degree": 1,
      "out_degree": 2,
      "betweenness": 0.014285714285714287,
      "closeness": 0.06349206349206349,
      "pagerank": 0.040537241191819125,
      "degree_centrality": 0.14285714285714285,
      "cpd": {
        "values": [
          0.6894165257053791,
          0.11420366325812777,
          0.31058347429462096,
          0.8857963367418722
        ],
        "evidence": [
          2
        ],
        "evidence_card": [
          2
        ]
      }
    },
    "4": {
      "type": "intermediate",
      "in_degree": 1,
      "out_degree": 3,
      "betweenness": 0.04047619047619048,
      "closeness": 0.06349206349206349,
      "pagerank": 0.040537241191819125,
      "degree_centrality": 0.19047619047619047,
      "cpd": {
        "values": [
          0.23220913232033213,
          0.3716156779748925,
          0.7677908676796679,
          0.6283843220251075
        ],
        "evidence": [
          2
        ],
        "evidence_card": [
          2
        ]
      }
    },
    "5": {
      "type": "intermediate",
      "in_degree": 1,
      "out_degree": 4,
      "betweenness": 0.026190476190476195,
      "closeness": 0.07142857142857142,
      "pagerank": 0.04036312817279653,
      "degree_centrality": 0.23809523809523808,
      "cpd": {
        "values": [
          0.6223537592926581,
          0.7129243611817213,
          0.3776462407073419,
          0.28707563881827874
        ],
        "evidence": [
          4
        ],
        "evidence_card": [
          2
        ]
      }
    },
    "6": {
      "type": "intermediate",
      "in_degree": 1,
      "out_degree": 4,
      "betweenness": 0.02142857142857143,
      "closeness": 0.07142857142857142,
      "pagerank": 0.04036312817279653,
      "degree_centrality": 0.23809523809523808,
      "cpd": {
        "values": [
          0.11929745999919655,
          0.5531535044013447,
          0.8807025400008034,
          0.44684649559865536
        ],
        "evidence": [
          4
        ],
        "evidence_card": [
          2
        ]
      }
    },
    "7": {
      "type": "leaf",
      "in_degree": 1,
      "out_degree": 0,
      "betweenness": 0.0,
      "closeness": 0.0761904761904762,
      "pagerank": 0.03745510404853648,
      "degree_centrality": 0.047619047619047616,
      "cpd": {
        "values": [
          0.27941680549840553,
          0.9088138584924942,
          0.7205831945015944,
          0.09118614150750581
        ],
        "evidence": [
          6
        ],
        "evidence_card": [
          2
        ]
      }
    },
    "8": {
      "type": "leaf",
      "in_degree": 2,
      "out_degree": 0,
      "betweenness": 0.0,
      "closeness": 0.13227513227513227,
      "pagerank": 0.0546830003431574,
      "degree_centrality": 0.09523809523809523,
      "cpd": {
        "values": [
          0.8106139903989881,
          0.46540087186222406,
          0.060019712465373555,
          0.46045738681146886
        ],
        "evidence": [
          3,
          6
        ],
        "evidence_card": [
          2,
          2
        ]
      }
    },
    "9": {
      "type": "leaf",
      "in_degree": 2,
      "out_degree": 0,
      "betweenness": 0.0,
      "closeness": 0.14285714285714285,
      "pagerank": 0.0546830003431574,
      "degree_centrality": 0.09523809523809523,
      "cpd": {
        "values": [
          0.5638220177765705,
          0.4333110469085482,
          0.0519412681139907,
          0.5812168246721566
        ],
        "evidence": [
          19,
          6
        ],
        "evidence_card": [
          2,
          2
        ]
      }
    },
    "10": {
      "type": "leaf",
      "in_degree": 1,
      "out_degree": 0,
      "betweenness": 0.0,
      "closeness": 0.0761904761904762,
      "pagerank": 0.03745510404853648,
      "degree_centrality": 0.047619047619047616,
      "cpd": {
        "values": [
          0.19091092317829686,
          0.6304651526235068,
          0.8090890768217032,
          0.3695348473764932
        ],
        "evidence": [
          6
        ],
        "evidence_card": [
          2
        ]
      }
    },
    "11": {
      "type": "leaf",
      "in_degree": 2,
      "out_degree": 0,
      "betweenness": 0.0,
      "closeness": 0.13227513227513227,
      "pagerank": 0.04911448126397302,
      "degree_centrality": 0.09523809523809523,
      "cpd": {
        "values": [
          0.9047279874861662,
          0.22689021035878945,
          0.6829431097354547,
          0.4871041891926341
        ],
        "evidence": [
          1,
          5
        ],
        "evidence_card": [
          2,
          2
        ]
      }
    },
    "12": {
      "type": "leaf",
      "in_degree": 1,
      "out_degree": 0,
      "betweenness": 0.0,
      "closeness": 0.0761904761904762,
      "pagerank": 0.03745510404853648,
      "degree_centrality": 0.047619047619047616,
      "cpd": {
        "values": [
          0.42246810350388875,
          0.06979538172776126,
          0.5775318964961111,
          0.9302046182722388
        ],
        "evidence": [
          5
        ],
        "evidence_card": [
          2
        ]
      }
    },
    "13": {
      "type": "leaf",
      "in_degree": 1,
      "out_degree": 0,
      "betweenness": 0.0,
      "closeness": 0.0761904761904762,
      "pagerank": 0.03745510404853648,
      "degree_centrality": 0.047619047619047616,
      "cpd": {
        "values": [
          0.746300887622689,
          0.3686761230858781,
          0.253699112377311,
          0.631323876914122
        ],
        "evidence": [
          5
        ],
        "evidence_card": [
          2
        ]
      }
    },
    "14": {
      "type": "leaf",
      "in_degree": 1,
      "out_degree": 0,
      "betweenness": 0.0,
      "closeness": 0.0761904761904762,
      "pagerank": 0.03745510404853648,
      "degree_centrality": 0.047619047619047616,
      "cpd": {
        "values": [
          0.285492397675798,
          0.2207277006159985,
          0.714507602324202,
          0.7792722993840014
        ],
        "evidence": [
          5
        ],
        "evidence_card": [
          2
        ]
      }
    },
    "15": {
      "type": "intermediate",
      "in_degree": 2,
      "out_degree": 3,
      "betweenness": 0.028571428571428574,
      "closeness": 0.12698412698412698,
      "pagerank": 0.05776513748644004,
      "degree_centrality": 0.23809523809523808,