{
  "graph_index": 581,
  "nodes": {
    "0": {
      "type": "root",
      "in_degree": 0,
      "out_degree": 1,
      "betweenness": 0.0,
      "closeness": 0.0,
      "pagerank": 0.031240370545365714,
      "degree_centrality": 0.05,
      "cpd": {
        "values": [
          0.5,
          0.5,
          0.0,
          0.0
        ],
        "evidence": [],
        "evidence_card": []
      }
    },
    "1": {
      "type": "intermediate",
      "in_degree": 1,
      "out_degree": 2,
      "betweenness": 0.049999999999999996,
      "closeness": 0.05,
      "pagerank": 0.05779515792097681,
      "degree_centrality": 0.15000000000000002,
      "cpd": {
        "values": [
          0.5080703737984774,
          0.44336360241153894,
          0.49192962620152253,
          0.5566363975884611
        ],
        "evidence": [
          0
        ],
        "evidence_card": [
          2
        ]
      }
    },
    "2": {
      "type": "intermediate",
      "in_degree": 1,
      "out_degree": 2,
      "betweenness": 0.042105263157894736,
      "closeness": 0.06666666666666667,
      "pagerank": 0.05580237838302184,
      "degree_centrality": 0.15000000000000002,
      "cpd": {
        "values": [
          0.9781063594441918,
          0.19898587157771971,
          0.02189364055580823,
          0.8010141284222801
        ],
        "evidence": [
          1
        ],
        "evidence_card": [
          2
        ]
      }
    },
    "3": {
      "type": "intermediate",
      "in_degree": 1,
      "out_degree": 3,
      "betweenness": 0.04736842105263158,
      "closeness": 0.06666666666666667,
      "pagerank": 0.05580237838302184,
      "degree_centrality": 0.2,
      "cpd": {
        "values": [
          0.4422882798080933,
          0.45367792140539775,
          0.5577117201919067,
          0.5463220785946022
        ],
        "evidence": [
          1
        ],
        "evidence_card": [
          2
        ]
      }
    },
    "4": {
      "type": "intermediate",
      "in_degree": 1,
      "out_degree": 2,
      "betweenness": 0.015789473684210527,
      "closeness": 0.075,
      "pagerank": 0.04705074509772946,
      "degree_centrality": 0.15000000000000002,
      "cpd": {
        "values": [
          0.8207224806022421,
          0.46907334235859205,
          0.1792775193977579,
          0.5309266576414079
        ],
        "evidence": [
          3
        ],
        "evidence_card": [
          2
        ]
      }
    },
    "5": {
      "type": "intermediate",
      "in_degree": 1,
      "out_degree": 4,
      "betweenness": 0.031578947368421054,
      "closeness": 0.075,
      "pagerank": 0.04705074509772946,
      "degree_centrality": 0.25,
      "cpd": {
        "values": [
          0.36116415174923233,
          0.5408259036671152,
          0.6388358482507677,
          0.45917409633288486
        ],
        "evidence": [
          3
        ],
        "evidence_card": [
          2
        ]
      }
    },
    "6": {
      "type": "leaf",
      "in_degree": 1,
      "out_degree": 0,
      "betweenness": 0.0,
      "closeness": 0.08000000000000002,
      "pagerank": 0.04123866832325696,
      "degree_centrality": 0.05,
      "cpd": {
        "values": [
          0.5289354542811407,
          0.29588333280699486,
          0.47106454571885914,
          0.704116667193005
        ],
        "evidence": [
          5
        ],
        "evidence_card": [
          2
        ]
      }
    },
    "7": {
      "type": "leaf",
      "in_degree": 1,
      "out_degree": 0,
      "betweenness": 0.0,
      "closeness": 0.08000000000000002,
      "pagerank": 0.04123866832325696,
      "degree_centrality": 0.05,
      "cpd": {
        "values": [
          0.8793347997373724,
          0.7630657603305248,
          0.12066520026262766,
          0.23693423966947524
        ],
        "evidence": [
          5
        ],
        "evidence_card": [
          2
        ]
      }
    },
    "8": {
      "type": "leaf",
      "in_degree": 1,
      "out_degree": 0,
      "betweenness": 0.0,
      "closeness": 0.08000000000000002,
      "pagerank": 0.04123866832325696,
      "degree_centrality": 0.05,
      "cpd": {
        "values": [
          0.3192527782841462,
          0.780949470625645,
          0.6807472217158539,
          0.21905052937435496
        ],
        "evidence": [
          5
        ],
        "evidence_card": [
          2
        ]
      }
    },
    "9": {
      "type": "leaf",
      "in_degree": 1,
      "out_degree": 0,
      "betweenness": 0.0,
      "closeness": 0.08000000000000002,
      "pagerank": 0.04123866832325696,
      "degree_centrality": 0.05,
      "cpd": {
        "values": [
          0.5429499079856966,
          0.9660685058187968,
          0.45705009201430336,
          0.033931494181203184
        ],
        "evidence": [
          5
        ],
        "evidence_card": [
          2
        ]
      }
    },
    "10": {
      "type": "leaf",
      "in_degree": 1,
      "out_degree": 0,
      "betweenness": 0.0,
      "closeness": 0.08000000000000002,
      "pagerank": 0.05123696610114822,
      "degree_centrality": 0.05,
      "cpd": {
        "values": [
          0.44969660706181663,
          0.5545294985203898,
          0.5503033929381833,
          0.4454705014796101
        ],
        "evidence": [
          4
        ],
        "evidence_card": [
          2
        ]
      }
    },
    "11": {
      "type": "leaf",
      "in_degree": 1,
      "out_degree": 0,
      "betweenness": 0.0,
      "closeness": 0.08000000000000002,
      "pagerank": 0.05123696610114822,
      "degree_centrality": 0.05,
      "cpd": {
        "values": [
          0.46344353596427884,
          0.7072786058098821,
          0.5365564640357211,
          0.29272139419011795
        ],
        "evidence": [
          4
        ],
        "evidence_card": [
          2
        ]
      }
    },
    "12": {
      "type": "intermediate",
      "in_degree": 1,
      "out_degree": 3,
      "betweenness": 0.02368421052631579,
      "closeness": 0.075,
      "pagerank": 0.05495593237391133,
      "degree_centrality": 0.2,
      "cpd": {
        "values": [
          0.5157854961429822,
          0.6953787222127381,
          0.4842145038570178,
          0.30462127778726195
        ],
        "evidence": [
          2
        ],
        "evidence_card": [
          2
        ]
      }
    },
    "13": {
      "type": "intermediate",
      "in_degree": 1,
      "out_degree": 4,
      "betweenness": 0.02631578947368421,
      "closeness": 0.075,
      "pagerank": 0.05495593237391133,
      "degree_centrality": 0.25,
      "cpd": {
        "values": [
          0.6656448909964385,
          0.24556697063056254,
          0.33435510900356147,
          0.7544330293694375
        ],
        "evidence": [
          2
        ],
        "evidence_card": [
          2
        ]
      }
    },
    "14": {
      "type": "leaf",
      "in_degree": 1,
      "out_degree": 0,
      "betweenness": 0.0,
      "closeness": 0.08000000000000002,
      "pagerank": 0.0429184687902512,
      "degree_centrality": 0.05,
      "cpd": {
        "values": [
          0.25394218781181455,
          0.414030826790224,
          0.7460578121881855,
          0.585969173209776
        ],
        "evidence": [
          13
        ],
        "evidence_card": [
          2
        ]
      }
    },
    "15": {
      "type": "leaf",
      "in_degree": 2,
      "out_degree": 0,
      "betweenness": 0.0,
      "closeness": 0.1388888888888889,
      "pagerank": 0.05872884334261494,
      "degree_centrality": 0.1,
      "cpd": {
        "values": [
          0.7061438545801534,
          0.821958695649586,
          0.49124139545828377,
          0.011162896080823822
        ],
        "evidence": [
          3,
          13
        ],
        "evidence_card": [
          2,
          2
        ]
      }
    },
    "16": {
      "type": "leaf",