{
  "graph_index": 1451,
  "nodes": {
    "0": {
      "type": "root",
      "in_degree": 0,
      "out_degree": 1,
      "betweenness": 0.0,
      "closeness": 0.0,
      "pagerank": 0.024458054948422035,
      "degree_centrality": 0.038461538461538464,
      "cpd": {
        "values": [
          0.5,
          0.5,
          0.0,
          0.0
        ],
        "evidence": [],
        "evidence_card": []
      }
    },
    "1": {
      "type": "intermediate",
      "in_degree": 1,
      "out_degree": 3,
      "betweenness": 0.038461538461538464,
      "closeness": 0.038461538461538464,
      "pagerank": 0.045246538107196296,
      "degree_centrality": 0.15384615384615385,
      "cpd": {
        "values": [
          0.6326152292531998,
          0.8447356522582891,
          0.36738477074680015,
          0.15526434774171097
        ],
        "evidence": [
          0
        ],
        "evidence_card": [
          2
        ]
      }
    },
    "2": {
      "type": "intermediate",
      "in_degree": 1,
      "out_degree": 2,
      "betweenness": 0.027692307692307693,
      "closeness": 0.05128205128205128,
      "pagerank": 0.03727766673277585,
      "degree_centrality": 0.11538461538461539,
      "cpd": {
        "values": [
          0.5106026202178355,
          0.480550480164578,
          0.48939737978216447,
          0.519449519835422
        ],
        "evidence": [
          1
        ],
        "evidence_card": [
          2
        ]
      }
    },
    "3": {
      "type": "intermediate",
      "in_degree": 1,
      "out_degree": 2,
      "betweenness": 0.007692307692307693,
      "closeness": 0.05128205128205128,
      "pagerank": 0.03727766673277585,
      "degree_centrality": 0.11538461538461539,
      "cpd": {
        "values": [
          0.4085664863799727,
          0.07258441873052104,
          0.5914335136200273,
          0.927415581269479
        ],
        "evidence": [
          1
        ],
        "evidence_card": [
          2
        ]
      }
    },
    "4": {
      "type": "intermediate",
      "in_degree": 1,
      "out_degree": 4,
      "betweenness": 0.03230769230769231,
      "closeness": 0.05128205128205128,
      "pagerank": 0.03727766673277585,
      "degree_centrality": 0.19230769230769232,
      "cpd": {
        "values": [
          0.4629939198411237,
          0.08559315506883729,
          0.5370060801588763,
          0.9144068449311628
        ],
        "evidence": [
          1
        ],
        "evidence_card": [
          2
        ]
      }
    },
    "5": {
      "type": "intermediate",
      "in_degree": 1,
      "out_degree": 2,
      "betweenness": 0.00923076923076923,
      "closeness": 0.057692307692307696,
      "pagerank": 0.03237940342413592,
      "degree_centrality": 0.11538461538461539,
      "cpd": {
        "values": [
          0.36816198832140373,
          0.926129172449287,
          0.6318380116785962,
          0.07387082755071293
        ],
        "evidence": [
          4
        ],
        "evidence_card": [
          2
        ]
      }
    },
    "6": {
      "type": "intermediate",
      "in_degree": 1,
      "out_degree": 1,
      "betweenness": 0.004615384615384615,
      "closeness": 0.057692307692307696,
      "pagerank": 0.03237940342413592,
      "degree_centrality": 0.07692307692307693,
      "cpd": {
        "values": [
          0.6363771927965559,
          0.4330480700393883,
          0.36362280720344414,
          0.5669519299606117
        ],
        "evidence": [
          4
        ],
        "evidence_card": [
          2
        ]
      }
    },
    "7": {
      "type": "intermediate",
      "in_degree": 1,
      "out_degree": 4,
      "betweenness": 0.01846153846153846,
      "closeness": 0.057692307692307696,
      "pagerank": 0.03237940342413592,
      "degree_centrality": 0.19230769230769232,
      "cpd": {
        "values": [
          0.8111614343149234,
          0.5082217527423009,
          0.18883856568507662,
          0.4917782472576991
        ],
        "evidence": [
          4
        ],
        "evidence_card": [
          2
        ]
      }
    },
    "8": {
      "type": "leaf",
      "in_degree": 1,
      "out_degree": 0,
      "betweenness": 0.0,
      "closeness": 0.06153846153846154,
      "pagerank": 0.03133845677199217,
      "degree_centrality": 0.038461538461538464,
      "cpd": {
        "values": [
          0.30733000541915917,
          0.6028750237684688,
          0.6926699945808408,
          0.3971249762315312
        ],
        "evidence": [
          7
        ],
        "evidence_card": [
          2
        ]
      }
    },
    "9": {
      "type": "leaf",
      "in_degree": 1,
      "out_degree": 0,
      "betweenness": 0.0,
      "closeness": 0.06153846153846154,
      "pagerank": 0.03133845677199217,
      "degree_centrality": 0.038461538461538464,
      "cpd": {
        "values": [
          0.4111986931595026,
          0.6237647432209728,
          0.5888013068404974,
          0.3762352567790272
        ],
        "evidence": [
          7
        ],
        "evidence_card": [
          2
        ]
      }
    },
    "10": {
      "type": "leaf",
      "in_degree": 1,
      "out_degree": 0,
      "betweenness": 0.0,
      "closeness": 0.06153846153846154,
      "pagerank": 0.03133845677199217,
      "degree_centrality": 0.038461538461538464,
      "cpd": {
        "values": [
          0.20463010495805567,
          0.700518300357295,
          0.7953698950419443,
          0.29948169964270505
        ],
        "evidence": [
          7
        ],
        "evidence_card": [
          2
        ]
      }
    },
    "11": {
      "type": "leaf",
      "in_degree": 1,
      "out_degree": 0,
      "betweenness": 0.0,
      "closeness": 0.06153846153846154,
      "pagerank": 0.03133845677199217,
      "degree_centrality": 0.038461538461538464,
      "cpd": {
        "values": [
          0.4973567851804543,
          0.20261564301390636,
          0.5026432148195457,
          0.7973843569860937
        ],
        "evidence": [
          7
        ],
        "evidence_card": [
          2
        ]
      }
    },
    "12": {
      "type": "leaf",
      "in_degree": 1,
      "out_degree": 0,
      "betweenness": 0.0,
      "closeness": 0.06153846153846154,
      "pagerank": 0.05197966224270259,
      "degree_centrality": 0.038461538461538464,
      "cpd": {
        "values": [
          0.5959997498518976,
          0.4153926798876946,
          0.4040002501481023,
          0.5846073201123053
        ],
        "evidence": [
          6
        ],
        "evidence_card": [
          2
        ]
      }
    },
    "13": {
      "type": "leaf",
      "in_degree": 1,
      "out_degree": 0,
      "betweenness": 0.0,
      "closeness": 0.06153846153846154,
      "pagerank": 0.038218858595562316,
      "degree_centrality": 0.038461538461538464,
      "cpd": {
        "values": [
          0.2604330872376393,
          0.17900159236871385,
          0.7395669127623606,
          0.8209984076312862
        ],
        "evidence": [
          5
        ],
        "evidence_card": [
          2
        ]
      }
    },
    "14": {
      "type": "leaf",
      "in_degree": 1,
      "out_degree": 0,
      "betweenness": 0.0,
      "closeness": 0.06153846153846154,
      "pagerank": 0.038218858595562316,
      "degree_centrality": 0.038461538461538464,
      "cpd": {
        "values": [
          0.1530046245052878,
          0.4141005776192477,
          0.8469953754947123,
          0.5858994223807523
        ],
        "evidence": [
          5
        ],
        "evidence_card": [
          2
        ]
      }
    },
    "15": {
      "type": "intermediate",
      "in_degree": 1,
      "out_degree": 1,
      "betweenness": 0.004615384615384615,
      "closeness": 0.057692307692307696,
      "pagerank": 0.040300751899849815,
      "degree_centrality": 0.07692307692307693,