{
  "graph_index": 3012,
  "nodes": {
    "0": {
      "type": "root",
      "in_degree": 0,
      "out_degree": 2,
      "betweenness": 0.0,
      "closeness": 0.0,
      "pagerank": 0.023000160668161046,
      "degree_centrality": 0.07407407407407407,
      "cpd": {
        "values": [
          0.5,
          0.5,
          0.0,
          0.0
        ],
        "evidence": [],
        "evidence_card": []
      }
    },
    "1": {
      "type": "intermediate",
      "in_degree": 1,
      "out_degree": 3,
      "betweenness": 0.025641025641025644,
      "closeness": 0.037037037037037035,
      "pagerank": 0.03277522593823631,
      "degree_centrality": 0.14814814814814814,
      "cpd": {
        "values": [
          0.967599430640429,
          0.41847168286863673,
          0.032400569359571064,
          0.5815283171313633
        ],
        "evidence": [
          0
        ],
        "evidence_card": [
          2
        ]
      }
    },
    "2": {
      "type": "intermediate",
      "in_degree": 1,
      "out_degree": 3,
      "betweenness": 0.009971509971509971,
      "closeness": 0.037037037037037035,
      "pagerank": 0.03277522593823631,
      "degree_centrality": 0.14814814814814814,
      "cpd": {
        "values": [
          0.8119975572255459,
          0.9046613802812451,
          0.1880024427744542,
          0.09533861971875505
        ],
        "evidence": [
          0
        ],
        "evidence_card": [
          2
        ]
      }
    },
    "3": {
      "type": "intermediate",
      "in_degree": 1,
      "out_degree": 2,
      "betweenness": 0.007122507122507123,
      "closeness": 0.04938271604938271,
      "pagerank": 0.03228649228736975,
      "degree_centrality": 0.1111111111111111,
      "cpd": {
        "values": [
          0.5522703547088047,
          0.3829668873539938,
          0.4477296452911953,
          0.6170331126460062
        ],
        "evidence": [
          2
        ],
        "evidence_card": [
          2
        ]
      }
    },
    "4": {
      "type": "intermediate",
      "in_degree": 1,
      "out_degree": 1,
      "betweenness": 0.002849002849002849,
      "closeness": 0.05555555555555555,
      "pagerank": 0.0367216352079637,
      "degree_centrality": 0.07407407407407407,
      "cpd": {
        "values": [
          0.6559365333494808,
          0.7173447034922115,
          0.3440634666505192,
          0.28265529650778853
        ],
        "evidence": [
          3
        ],
        "evidence_card": [
          2
        ]
      }
    },
    "5": {
      "type": "leaf",
      "in_degree": 3,
      "out_degree": 0,
      "betweenness": 0.0,
      "closeness": 0.13333333333333333,
      "pagerank": 0.06898929992099856,
      "degree_centrality": 0.1111111111111111,
      "cpd": {
        "values": [
          0.3134307949669586,
          0.18025836449147162,
          0.413530714060181,
          0.5916295872900782
        ],
        "evidence": [
          7,
          1,
          4
        ],
        "evidence_card": [
          2,
          2,
          2
        ]
      }
    },
    "6": {
      "type": "intermediate",
      "in_degree": 1,
      "out_degree": 2,
      "betweenness": 0.019943019943019943,
      "closeness": 0.04938271604938271,
      "pagerank": 0.03228649228736975,
      "degree_centrality": 0.1111111111111111,
      "cpd": {
        "values": [
          0.440959286324152,
          0.06815208536225502,
          0.5590407136758481,
          0.931847914637745
        ],
        "evidence": [
          1
        ],
        "evidence_card": [
          2
        ]
      }
    },
    "7": {
      "type": "intermediate",
      "in_degree": 1,
      "out_degree": 5,
      "betweenness": 0.029914529914529916,
      "closeness": 0.04938271604938271,
      "pagerank": 0.03228649228736975,
      "degree_centrality": 0.2222222222222222,
      "cpd": {
        "values": [
          0.7757778138825107,
          0.3087720263149895,
          0.22422218611748934,
          0.6912279736850105
        ],
        "evidence": [
          1
        ],
        "evidence_card": [
          2
        ]
      }
    },
    "8": {
      "type": "intermediate",
      "in_degree": 1,
      "out_degree": 4,
      "betweenness": 0.01566951566951567,
      "closeness": 0.05555555555555555,
      "pagerank": 0.02848875048408211,
      "degree_centrality": 0.18518518518518517,
      "cpd": {
        "values": [
          0.7466834267298489,
          0.29647813516419347,
          0.2533165732701511,
          0.7035218648358066
        ],
        "evidence": [
          7
        ],
        "evidence_card": [
          2
        ]
      }
    },
    "9": {
      "type": "intermediate",
      "in_degree": 2,
      "out_degree": 2,
      "betweenness": 0.011396011396011397,
      "closeness": 0.09876543209876543,
      "pagerank": 0.03777508210329081,
      "degree_centrality": 0.14814814814814814,
      "cpd": {
        "values": [
          0.5319954438580039,
          0.14187670473895103,
          0.39456390080619547,
          0.40339645750669373
        ],
        "evidence": [
          2,
          7
        ],
        "evidence_card": [
          2,
          2
        ]
      }
    },
    "10": {
      "type": "intermediate",
      "in_degree": 1,
      "out_degree": 2,
      "betweenness": 0.007122507122507123,
      "closeness": 0.05555555555555555,
      "pagerank": 0.02848875048408211,
      "degree_centrality": 0.1111111111111111,
      "cpd": {
        "values": [
          0.24764264023070365,
          0.6315152660243459,
          0.7523573597692963,
          0.368484733975654
        ],
        "evidence": [
          7
        ],
        "evidence_card": [
          2
        ]
      }
    },
    "11": {
      "type": "intermediate",
      "in_degree": 1,
      "out_degree": 1,
      "betweenness": 0.004273504273504274,
      "closeness": 0.05555555555555555,
      "pagerank": 0.02848875048408211,
      "degree_centrality": 0.07407407407407407,
      "cpd": {
        "values": [
          0.19612909463005102,
          0.5919941535633909,
          0.803870905369949,
          0.4080058464366091
        ],
        "evidence": [
          7
        ],
        "evidence_card": [
          2
        ]
      }
    },
    "12": {
      "type": "leaf",
      "in_degree": 1,
      "out_degree": 0,
      "betweenness": 0.0,
      "closeness": 0.05925925925925926,
      "pagerank": 0.047215926119334464,
      "degree_centrality": 0.037037037037037035,
      "cpd": {
        "values": [
          0.47863077049828456,
          0.325991097330099,
          0.5213692295017155,
          0.674008902669901
        ],
        "evidence": [
          11
        ],
        "evidence_card": [
          2
        ]
      }
    },
    "13": {
      "type": "leaf",
      "in_degree": 2,
      "out_degree": 0,
      "betweenness": 0.0,
      "closeness": 0.1111111111111111,
      "pagerank": 0.04882951793355041,
      "degree_centrality": 0.07407407407407407,
      "cpd": {
        "values": [
          0.41760379441076073,
          0.6720873902971232,
          0.5132650750801809,
          0.5010918735327723
        ],
        "evidence": [
          3,
          10
        ],
        "evidence_card": [
          2,
          2
        ]
      }
    },
    "14": {
      "type": "leaf",
      "in_degree": 1,
      "out_degree": 0,
      "betweenness": 0.0,
      "closeness": 0.05925925925925926,
      "pagerank": 0.035108043393747755,
      "degree_centrality": 0.037037037037037035,
      "cpd": {
        "values": [
          0.5726415245189949,
          0.23814723160263446,
          0.42735847548100525,
          0.7618527683973654
        ],
        "evidence": [
          10
        ],
        "evidence_card": [
          2
        ]
      }
    },
    "15": {
      "type": "leaf",
      "in_degree": 1,
      "out_degree": 0,
      "betweenness": 0.0,