{
  "graph_index": 6323,
  "nodes": {
    "0": {
      "type": "root",
      "in_degree": 0,
      "out_degree": 1,
      "betweenness": 0.0,
      "closeness": 0.0,
      "pagerank": 0.021281115943959518,
      "degree_centrality": 0.03125,
      "cpd": {
        "values": [
          0.5,
          0.5,
          0.0,
          0.0
        ],
        "evidence": [],
        "evidence_card": []
      }
    },
    "1": {
      "type": "intermediate",
      "in_degree": 1,
      "out_degree": 2,
      "betweenness": 0.03125,
      "closeness": 0.03125,
      "pagerank": 0.0393691868946591,
      "degree_centrality": 0.09375,
      "cpd": {
        "values": [
          0.04784756557480995,
          0.31073159156358454,
          0.95215243442519,
          0.6892684084364156
        ],
        "evidence": [
          0
        ],
        "evidence_card": [
          2
        ]
      }
    },
    "2": {
      "type": "intermediate",
      "in_degree": 1,
      "out_degree": 3,
      "betweenness": 0.026209677419354836,
      "closeness": 0.041666666666666664,
      "pagerank": 0.03801287142685303,
      "degree_centrality": 0.125,
      "cpd": {
        "values": [
          0.3132772012931731,
          0.25505391169307084,
          0.6867227987068268,
          0.7449460883069291
        ],
        "evidence": [
          1
        ],
        "evidence_card": [
          2
        ]
      }
    },
    "3": {
      "type": "intermediate",
      "in_degree": 1,
      "out_degree": 4,
      "betweenness": 0.03225806451612903,
      "closeness": 0.041666666666666664,
      "pagerank": 0.03801287142685303,
      "degree_centrality": 0.15625,
      "cpd": {
        "values": [
          0.6939774090007459,
          0.3639749270487981,
          0.30602259099925405,
          0.6360250729512019
        ],
        "evidence": [
          1
        ],
        "evidence_card": [
          2
        ]
      }
    },
    "4": {
      "type": "intermediate",
      "in_degree": 1,
      "out_degree": 4,
      "betweenness": 0.012096774193548387,
      "closeness": 0.046875,
      "pagerank": 0.02935894981141413,
      "degree_centrality": 0.15625,
      "cpd": {
        "values": [
          0.785822337696133,
          0.5065455579592313,
          0.21417766230386706,
          0.49345444204076877
        ],
        "evidence": [
          3
        ],
        "evidence_card": [
          2
        ]
      }
    },
    "5": {
      "type": "intermediate",
      "in_degree": 1,
      "out_degree": 3,
      "betweenness": 0.00907258064516129,
      "closeness": 0.046875,
      "pagerank": 0.02935894981141413,
      "degree_centrality": 0.125,
      "cpd": {
        "values": [
          0.5705983385519414,
          0.37572468664659664,
          0.4294016614480586,
          0.6242753133534034
        ],
        "evidence": [
          3
        ],
        "evidence_card": [
          2
        ]
      }
    },
    "6": {
      "type": "intermediate",
      "in_degree": 1,
      "out_degree": 1,
      "betweenness": 0.0030241935483870967,
      "closeness": 0.046875,
      "pagerank": 0.02935894981141413,
      "degree_centrality": 0.0625,
      "cpd": {
        "values": [
          0.017544159560071368,
          0.6933183153234633,
          0.9824558404399286,
          0.30668168467653667
        ],
        "evidence": [
          3
        ],
        "evidence_card": [
          2
        ]
      }
    },
    "7": {
      "type": "intermediate",
      "in_degree": 1,
      "out_degree": 4,
      "betweenness": 0.012096774193548387,
      "closeness": 0.046875,
      "pagerank": 0.02935894981141413,
      "degree_centrality": 0.15625,
      "cpd": {
        "values": [
          0.49951536129153534,
          0.9403235386960503,
          0.5004846387084647,
          0.05967646130394969
        ],
        "evidence": [
          3
        ],
        "evidence_card": [
          2
        ]
      }
    },
    "8": {
      "type": "leaf",
      "in_degree": 1,
      "out_degree": 0,
      "betweenness": 0.0,
      "closeness": 0.05,
      "pagerank": 0.027519771942206783,
      "degree_centrality": 0.03125,
      "cpd": {
        "values": [
          0.5547569680231863,
          0.21810725056082778,
          0.44524303197681375,
          0.7818927494391722
        ],
        "evidence": [
          7
        ],
        "evidence_card": [
          2
        ]
      }
    },
    "9": {
      "type": "leaf",
      "in_degree": 1,
      "out_degree": 0,
      "betweenness": 0.0,
      "closeness": 0.05,
      "pagerank": 0.027519771942206783,
      "degree_centrality": 0.03125,
      "cpd": {
        "values": [
          0.36803680583354864,
          0.30920642293619033,
          0.6319631941664513,
          0.6907935770638096
        ],
        "evidence": [
          7
        ],
        "evidence_card": [
          2
        ]
      }
    },
    "10": {
      "type": "leaf",
      "in_degree": 1,
      "out_degree": 0,
      "betweenness": 0.0,
      "closeness": 0.05,
      "pagerank": 0.027519771942206783,
      "degree_centrality": 0.03125,
      "cpd": {
        "values": [
          0.16172013490392972,
          0.4820884114892861,
          0.8382798650960703,
          0.5179115885107138
        ],
        "evidence": [
          7
        ],
        "evidence_card": [
          2
        ]
      }
    },
    "11": {
      "type": "leaf",
      "in_degree": 1,
      "out_degree": 0,
      "betweenness": 0.0,
      "closeness": 0.05,
      "pagerank": 0.027519771942206783,
      "degree_centrality": 0.03125,
      "cpd": {
        "values": [
          0.5085663325177157,
          0.9303199665163373,
          0.4914336674822844,
          0.06968003348366264
        ],
        "evidence": [
          7
        ],
        "evidence_card": [
          2
        ]
      }
    },
    "12": {
      "type": "leaf",
      "in_degree": 1,
      "out_degree": 0,
      "betweenness": 0.0,
      "closeness": 0.05,
      "pagerank": 0.046235739936948586,
      "degree_centrality": 0.03125,
      "cpd": {
        "values": [
          0.5739406396952649,
          0.48462187405117674,
          0.42605936030473507,
          0.5153781259488233
        ],
        "evidence": [
          6
        ],
        "evidence_card": [
          2
        ]
      }
    },
    "13": {
      "type": "leaf",
      "in_degree": 1,
      "out_degree": 0,
      "betweenness": 0.0,
      "closeness": 0.05,
      "pagerank": 0.029599323941622537,
      "degree_centrality": 0.03125,
      "cpd": {
        "values": [
          0.5797805213358087,
          0.7133761930878255,
          0.4202194786641913,
          0.2866238069121745
        ],
        "evidence": [
          5
        ],
        "evidence_card": [
          2
        ]
      }
    },
    "14": {
      "type": "leaf",
      "in_degree": 1,
      "out_degree": 0,
      "betweenness": 0.0,
      "closeness": 0.05,
      "pagerank": 0.029599323941622537,
      "degree_centrality": 0.03125,
      "cpd": {
        "values": [
          0.210550891665759,
          0.4555169147877556,
          0.789449108334241,
          0.5444830852122445
        ],
        "evidence": [
          5
        ],
        "evidence_card": [
          2
        ]
      }
    },
    "15": {
      "type": "leaf",
      "in_degree": 1,
      "out_degree": 0,
      "betweenness": 0.0,
      "closeness": 0.05,
      "pagerank": 0.029599323941622537,
      "degree_centrality": 0.03125,
      "cpd": {
        "values": [
          0.12195550193005371,
          0.5263727267424166,
          0.8780444980699463,
          0.47362727325758336
        ],
        "evidence": [
          5
        ],
        "evidence_card": [
          2
        ]
      }
    },
    "16": {
      "type": "leaf",
      "in_degree": 1,
      "out_degree": 0,
      "betweenness": 0.0,
      "closeness": 0.05,
      "pagerank": 0.027519771942206783,