{
  "graph_index": 3292,
  "nodes": {
    "0": {
      "type": "root",
      "in_degree": 0,
      "out_degree": 2,
      "betweenness": 0.0,
      "closeness": 0.0,
      "pagerank": 0.022900694276635467,
      "degree_centrality": 0.07142857142857142,
      "cpd": {
        "values": [
          0.5,
          0.5,
          0.0,
          0.0
        ],
        "evidence": [],
        "evidence_card": []
      }
    },
    "1": {
      "type": "intermediate",
      "in_degree": 1,
      "out_degree": 3,
      "betweenness": 0.023809523809523808,
      "closeness": 0.03571428571428571,
      "pagerank": 0.03263314925929883,
      "degree_centrality": 0.14285714285714285,
      "cpd": {
        "values": [
          0.0048777391303153755,
          0.1166751726847272,
          0.9951222608696846,
          0.8833248273152728
        ],
        "evidence": [
          0
        ],
        "evidence_card": [
          2
        ]
      }
    },
    "2": {
      "type": "intermediate",
      "in_degree": 1,
      "out_degree": 3,
      "betweenness": 0.010582010582010581,
      "closeness": 0.03571428571428571,
      "pagerank": 0.03263314925929883,
      "degree_centrality": 0.14285714285714285,
      "cpd": {
        "values": [
          0.5805581589833395,
          0.9600258263303241,
          0.41944184101666043,
          0.039974173669675976
        ],
        "evidence": [
          0
        ],
        "evidence_card": [
          2
        ]
      }
    },
    "3": {
      "type": "intermediate",
      "in_degree": 1,
      "out_degree": 3,
      "betweenness": 0.017195767195767195,
      "closeness": 0.047619047619047616,
      "pagerank": 0.032146232403090225,
      "degree_centrality": 0.14285714285714285,
      "cpd": {
        "values": [
          0.7747770196176323,
          0.4169285423906509,
          0.2252229803823676,
          0.5830714576093491
        ],
        "evidence": [
          2
        ],
        "evidence_card": [
          2
        ]
      }
    },
    "4": {
      "type": "intermediate",
      "in_degree": 2,
      "out_degree": 4,
      "betweenness": 0.021164021164021163,
      "closeness": 0.09523809523809523,
      "pagerank": 0.041254649175911935,
      "degree_centrality": 0.21428571428571427,
      "cpd": {
        "values": [
          0.2655778306912537,
          0.9267356092843739,
          0.4047868481761968,
          0.9387457805811587
        ],
        "evidence": [
          1,
          3
        ],
        "evidence_card": [
          2,
          2
        ]
      }
    },
    "5": {
      "type": "intermediate",
      "in_degree": 1,
      "out_degree": 2,
      "betweenness": 0.007936507936507936,
      "closeness": 0.05357142857142857,
      "pagerank": 0.032009111049457174,
      "degree_centrality": 0.10714285714285714,
      "cpd": {
        "values": [
          0.24397862837461082,
          0.6689358951942947,
          0.7560213716253893,
          0.3310641048057053
        ],
        "evidence": [
          3
        ],
        "evidence_card": [
          2
        ]
      }
    },
    "6": {
      "type": "leaf",
      "in_degree": 1,
      "out_degree": 0,
      "betweenness": 0.0,
      "closeness": 0.05714285714285714,
      "pagerank": 0.036504468909289156,
      "degree_centrality": 0.03571428571428571,
      "cpd": {
        "values": [
          0.5160982088927416,
          0.3662487608921172,
          0.4839017911072584,
          0.6337512391078829
        ],
        "evidence": [
          5
        ],
        "evidence_card": [
          2
        ]
      }
    },
    "7": {
      "type": "leaf",
      "in_degree": 1,
      "out_degree": 0,
      "betweenness": 0.0,
      "closeness": 0.05714285714285714,
      "pagerank": 0.036504468909289156,
      "degree_centrality": 0.03571428571428571,
      "cpd": {
        "values": [
          0.8508240529948806,
          0.8024934980305521,
          0.14917594700511944,
          0.19750650196944772
        ],
        "evidence": [
          5
        ],
        "evidence_card": [
          2
        ]
      }
    },
    "8": {
      "type": "leaf",
      "in_degree": 1,
      "out_degree": 0,
      "betweenness": 0.0,
      "closeness": 0.08116883116883117,
      "pagerank": 0.03166766668124691,
      "degree_centrality": 0.03571428571428571,
      "cpd": {
        "values": [
          0.699995285067462,
          0.675718106863539,
          0.3000047149325381,
          0.324281893136461
        ],
        "evidence": [
          4
        ],
        "evidence_card": [
          2
        ]
      }
    },
    "9": {
      "type": "leaf",
      "in_degree": 1,
      "out_degree": 0,
      "betweenness": 0.0,
      "closeness": 0.08116883116883117,
      "pagerank": 0.03166766668124691,
      "degree_centrality": 0.03571428571428571,
      "cpd": {
        "values": [
          0.5893344220485156,
          0.5452003395278767,
          0.41066557795148434,
          0.4547996604721233
        ],
        "evidence": [
          4
        ],
        "evidence_card": [
          2
        ]
      }
    },
    "10": {
      "type": "leaf",
      "in_degree": 1,
      "out_degree": 0,
      "betweenness": 0.0,
      "closeness": 0.08116883116883117,
      "pagerank": 0.03166766668124691,
      "degree_centrality": 0.03571428571428571,
      "cpd": {
        "values": [
          0.8003087427873325,
          0.8750597574400829,
          0.19969125721266745,
          0.12494024255991713
        ],
        "evidence": [
          4
        ],
        "evidence_card": [
          2
        ]
      }
    },
    "11": {
      "type": "leaf",
      "in_degree": 1,
      "out_degree": 0,
      "betweenness": 0.0,
      "closeness": 0.08116883116883117,
      "pagerank": 0.03166766668124691,
      "degree_centrality": 0.03571428571428571,
      "cpd": {
        "values": [
          0.6200897596268017,
          0.38345421741488106,
          0.3799102403731983,
          0.6165457825851189
        ],
        "evidence": [
          4
        ],
        "evidence_card": [
          2
        ]
      }
    },
    "12": {
      "type": "intermediate",
      "in_degree": 1,
      "out_degree": 3,
      "betweenness": 0.01455026455026455,
      "closeness": 0.047619047619047616,
      "pagerank": 0.032146232403090225,
      "degree_centrality": 0.14285714285714285,
      "cpd": {
        "values": [
          0.33321701959842526,
          0.48704430359241274,
          0.6667829804015748,
          0.5129556964075873
        ],
        "evidence": [
          1
        ],
        "evidence_card": [
          2
        ]
      }
    },
    "13": {
      "type": "intermediate",
      "in_degree": 1,
      "out_degree": 3,
      "betweenness": 0.01984126984126984,
      "closeness": 0.047619047619047616,
      "pagerank": 0.032146232403090225,
      "degree_centrality": 0.14285714285714285,
      "cpd": {
        "values": [
          0.7852642068118648,
          0.7741730789639317,
          0.21473579318813518,
          0.22582692103606825
        ],
        "evidence": [
          1
        ],
        "evidence_card": [
          2
        ]
      }
    },
    "14": {
      "type": "intermediate",
      "in_degree": 1,
      "out_degree": 3,
      "betweenness": 0.010582010582010581,
      "closeness": 0.05357142857142857,
      "pagerank": 0.032009111049457174,
      "degree_centrality": 0.14285714285714285,
      "cpd": {
        "values": [
          0.7326635411284831,
          0.676800162318026,
          0.2673364588715169,
          0.3231998376819741
        ],
        "evidence": [
          13
        ],
        "evidence_card": [
          2
        ]
      }
    },
    "15": {
      "type": "intermediate",
      "in_degree": 1,
      "out_degree": 3,
      "betweenness": 0.009259259259259259,
      "closeness": 0.05357142857142857,
      "pagerank": 0.032009111049457174,