{
  "graph_index": 4212,
  "nodes": {
    "0": {
      "type": "root",
      "in_degree": 0,
      "out_degree": 1,
      "betweenness": 0.0,
      "closeness": 0.0,
      "pagerank": 0.018951307525930522,
      "degree_centrality": 0.02857142857142857,
      "cpd": {
        "values": [
          0.5,
          0.5,
          0.0,
          0.0
        ],
        "evidence": [],
        "evidence_card": []
      }
    },
    "1": {
      "type": "intermediate",
      "in_degree": 1,
      "out_degree": 3,
      "betweenness": 0.028571428571428574,
      "closeness": 0.02857142857142857,
      "pagerank": 0.0350594501145464,
      "degree_centrality": 0.11428571428571428,
      "cpd": {
        "values": [
          0.13154071507830362,
          0.3690813616829009,
          0.8684592849216964,
          0.6309186383170992
        ],
        "evidence": [
          0
        ],
        "evidence_card": [
          2
        ]
      }
    },
    "2": {
      "type": "intermediate",
      "in_degree": 1,
      "out_degree": 5,
      "betweenness": 0.02689075630252101,
      "closeness": 0.03809523809523809,
      "pagerank": 0.02888471689365956,
      "degree_centrality": 0.17142857142857143,
      "cpd": {
        "values": [
          0.9263165109207785,
          0.0894379702802628,
          0.07368348907922156,
          0.9105620297197372
        ],
        "evidence": [
          1
        ],
        "evidence_card": [
          2
        ]
      }
    },
    "3": {
      "type": "intermediate",
      "in_degree": 1,
      "out_degree": 2,
      "betweenness": 0.005042016806722689,
      "closeness": 0.03809523809523809,
      "pagerank": 0.02888471689365956,
      "degree_centrality": 0.08571428571428572,
      "cpd": {
        "values": [
          0.5675215802368722,
          0.4642354438974999,
          0.4324784197631278,
          0.5357645561025001
        ],
        "evidence": [
          1
        ],
        "evidence_card": [
          2
        ]
      }
    },
    "4": {
      "type": "intermediate",
      "in_degree": 1,
      "out_degree": 4,
      "betweenness": 0.020168067226890758,
      "closeness": 0.03809523809523809,
      "pagerank": 0.02888471689365956,
      "degree_centrality": 0.14285714285714285,
      "cpd": {
        "values": [
          0.5726632941619524,
          0.6181179410767145,
          0.4273367058380476,
          0.3818820589232855
        ],
        "evidence": [
          1
        ],
        "evidence_card": [
          2
        ]
      }
    },
    "5": {
      "type": "intermediate",
      "in_degree": 1,
      "out_degree": 2,
      "betweenness": 0.005042016806722689,
      "closeness": 0.04285714285714286,
      "pagerank": 0.02508929004427811,
      "degree_centrality": 0.08571428571428572,
      "cpd": {
        "values": [
          0.5761503242505341,
          0.828701020975026,
          0.4238496757494659,
          0.171298979024974
        ],
        "evidence": [
          4
        ],
        "evidence_card": [
          2
        ]
      }
    },
    "6": {
      "type": "intermediate",
      "in_degree": 1,
      "out_degree": 2,
      "betweenness": 0.005042016806722689,
      "closeness": 0.04285714285714286,
      "pagerank": 0.02508929004427811,
      "degree_centrality": 0.08571428571428572,
      "cpd": {
        "values": [
          0.22299272894980146,
          0.4721185464414552,
          0.7770072710501985,
          0.5278814535585449
        ],
        "evidence": [
          4
        ],
        "evidence_card": [
          2
        ]
      }
    },
    "7": {
      "type": "intermediate",
      "in_degree": 1,
      "out_degree": 4,
      "betweenness": 0.010084033613445379,
      "closeness": 0.04285714285714286,
      "pagerank": 0.02508929004427811,
      "degree_centrality": 0.14285714285714285,
      "cpd": {
        "values": [
          0.30742305014457966,
          0.6360340539096226,
          0.6925769498554203,
          0.3639659460903773
        ],
        "evidence": [
          4
        ],
        "evidence_card": [
          2
        ]
      }
    },
    "8": {
      "type": "leaf",
      "in_degree": 1,
      "out_degree": 0,
      "betweenness": 0.0,
      "closeness": 0.045714285714285714,
      "pagerank": 0.02428264427252038,
      "degree_centrality": 0.02857142857142857,
      "cpd": {
        "values": [
          0.3309127498469172,
          0.8300810684054049,
          0.6690872501530828,
          0.1699189315945951
        ],
        "evidence": [
          7
        ],
        "evidence_card": [
          2
        ]
      }
    },
    "9": {
      "type": "leaf",
      "in_degree": 1,
      "out_degree": 0,
      "betweenness": 0.0,
      "closeness": 0.045714285714285714,
      "pagerank": 0.02428264427252038,
      "degree_centrality": 0.02857142857142857,
      "cpd": {
        "values": [
          0.23346787628322743,
          0.2803185199345193,
          0.7665321237167726,
          0.7196814800654807
        ],
        "evidence": [
          7
        ],
        "evidence_card": [
          2
        ]
      }
    },
    "10": {
      "type": "leaf",
      "in_degree": 1,
      "out_degree": 0,
      "betweenness": 0.0,
      "closeness": 0.045714285714285714,
      "pagerank": 0.02428264427252038,
      "degree_centrality": 0.02857142857142857,
      "cpd": {
        "values": [
          0.5031667403932814,
          0.4885240510721829,
          0.4968332596067187,
          0.5114759489278171
        ],
        "evidence": [
          7
        ],
        "evidence_card": [
          2
        ]
      }
    },
    "11": {
      "type": "leaf",
      "in_degree": 1,
      "out_degree": 0,
      "betweenness": 0.0,
      "closeness": 0.045714285714285714,
      "pagerank": 0.02428264427252038,
      "degree_centrality": 0.02857142857142857,
      "cpd": {
        "values": [
          0.8677269315031626,
          0.923912275108448,
          0.1322730684968374,
          0.07608772489155201
        ],
        "evidence": [
          7
        ],
        "evidence_card": [
          2
        ]
      }
    },
    "12": {
      "type": "leaf",
      "in_degree": 1,
      "out_degree": 0,
      "betweenness": 0.0,
      "closeness": 0.045714285714285714,
      "pagerank": 0.02961398101911024,
      "degree_centrality": 0.02857142857142857,
      "cpd": {
        "values": [
          0.6881909746110794,
          0.12859862461223515,
          0.3118090253889206,
          0.8714013753877649
        ],
        "evidence": [
          6
        ],
        "evidence_card": [
          2
        ]
      }
    },
    "13": {
      "type": "leaf",
      "in_degree": 1,
      "out_degree": 0,
      "betweenness": 0.0,
      "closeness": 0.045714285714285714,
      "pagerank": 0.02961398101911024,
      "degree_centrality": 0.02857142857142857,
      "cpd": {
        "values": [
          0.6289104948627903,
          0.2026962849172105,
          0.37108950513720956,
          0.7973037150827895
        ],
        "evidence": [
          6
        ],
        "evidence_card": [
          2
        ]
      }
    },
    "14": {
      "type": "leaf",
      "in_degree": 1,
      "out_degree": 0,
      "betweenness": 0.0,
      "closeness": 0.045714285714285714,
      "pagerank": 0.02961398101911024,
      "degree_centrality": 0.02857142857142857,
      "cpd": {
        "values": [
          0.9834167976875504,
          0.23341038074541126,
          0.016583202312449627,
          0.7665896192545888
        ],
        "evidence": [
          5
        ],
        "evidence_card": [
          2
        ]
      }
    },
    "15": {
      "type": "leaf",
      "in_degree": 1,
      "out_degree": 0,
      "betweenness": 0.0,
      "closeness": 0.045714285714285714,
      "pagerank": 0.02961398101911024,
      "degree_centrality": 0.02857142857142857,