{
  "graph_index": 6786,
  "nodes": {
    "0": {
      "type": "root",
      "in_degree": 0,
      "out_degree": 1,
      "betweenness": 0.0,
      "closeness": 0.0,
      "pagerank": 0.030632577282807688,
      "degree_centrality": 0.05,
      "cpd": {
        "values": [
          0.5,
          0.5,
          0.0,
          0.0
        ],
        "evidence": [],
        "evidence_card": []
      }
    },
    "1": {
      "type": "intermediate",
      "in_degree": 1,
      "out_degree": 2,
      "betweenness": 0.049999999999999996,
      "closeness": 0.05,
      "pagerank": 0.056670849490558756,
      "degree_centrality": 0.15000000000000002,
      "cpd": {
        "values": [
          0.25815813826370065,
          0.96222617490303,
          0.7418418617362994,
          0.03777382509697004
        ],
        "evidence": [
          0
        ],
        "evidence_card": [
          2
        ]
      }
    },
    "2": {
      "type": "intermediate",
      "in_degree": 1,
      "out_degree": 2,
      "betweenness": 0.015789473684210527,
      "closeness": 0.06666666666666667,
      "pagerank": 0.054717264266450384,
      "degree_centrality": 0.15000000000000002,
      "cpd": {
        "values": [
          0.3376242865314979,
          0.2912365589954617,
          0.6623757134685021,
          0.7087634410045381
        ],
        "evidence": [
          1
        ],
        "evidence_card": [
          2
        ]
      }
    },
    "3": {
      "type": "intermediate",
      "in_degree": 1,
      "out_degree": 4,
      "betweenness": 0.07368421052631578,
      "closeness": 0.06666666666666667,
      "pagerank": 0.054717264266450384,
      "degree_centrality": 0.25,
      "cpd": {
        "values": [
          0.18418299684258685,
          0.5489167933246898,
          0.8158170031574131,
          0.45108320667531027
        ],
        "evidence": [
          1
        ],
        "evidence_card": [
          2
        ]
      }
    },
    "4": {
      "type": "intermediate",
      "in_degree": 1,
      "out_degree": 3,
      "betweenness": 0.02368421052631579,
      "closeness": 0.075,
      "pagerank": 0.04225982341463913,
      "degree_centrality": 0.2,
      "cpd": {
        "values": [
          0.8062288183806178,
          0.9300545131483618,
          0.19377118161938223,
          0.06994548685163818
        ],
        "evidence": [
          3
        ],
        "evidence_card": [
          2
        ]
      }
    },
    "5": {
      "type": "intermediate",
      "in_degree": 1,
      "out_degree": 2,
      "betweenness": 0.015789473684210527,
      "closeness": 0.075,
      "pagerank": 0.04225982341463913,
      "degree_centrality": 0.15000000000000002,
      "cpd": {
        "values": [
          0.4229903266764228,
          0.23342137244799854,
          0.5770096733235772,
          0.7665786275520015
        ],
        "evidence": [
          3
        ],
        "evidence_card": [
          2
        ]
      }
    },
    "6": {
      "type": "intermediate",
      "in_degree": 1,
      "out_degree": 3,
      "betweenness": 0.018421052631578946,
      "closeness": 0.075,
      "pagerank": 0.04225982341463913,
      "degree_centrality": 0.2,
      "cpd": {
        "values": [
          0.8499843076582285,
          0.40260850876665066,
          0.15001569234177148,
          0.5973914912333493
        ],
        "evidence": [
          3
        ],
        "evidence_card": [
          2
        ]
      }
    },
    "7": {
      "type": "intermediate",
      "in_degree": 1,
      "out_degree": 3,
      "betweenness": 0.02368421052631579,
      "closeness": 0.075,
      "pagerank": 0.04225982341463913,
      "degree_centrality": 0.2,
      "cpd": {
        "values": [
          0.6925069455975407,
          0.2097222992248679,
          0.3074930544024593,
          0.7902777007751322
        ],
        "evidence": [
          3
        ],
        "evidence_card": [
          2
        ]
      }
    },
    "8": {
      "type": "leaf",
      "in_degree": 1,
      "out_degree": 0,
      "betweenness": 0.0,
      "closeness": 0.08000000000000002,
      "pagerank": 0.04260638472942445,
      "degree_centrality": 0.05,
      "cpd": {
        "values": [
          0.11254909793226504,
          0.7521953445821403,
          0.8874509020677349,
          0.24780465541785973
        ],
        "evidence": [
          7
        ],
        "evidence_card": [
          2
        ]
      }
    },
    "9": {
      "type": "leaf",
      "in_degree": 1,
      "out_degree": 0,
      "betweenness": 0.0,
      "closeness": 0.08000000000000002,
      "pagerank": 0.04260638472942445,
      "degree_centrality": 0.05,
      "cpd": {
        "values": [
          0.14574154318106422,
          0.12202058889531055,
          0.8542584568189358,
          0.8779794111046895
        ],
        "evidence": [
          7
        ],
        "evidence_card": [
          2
        ]
      }
    },
    "10": {
      "type": "leaf",
      "in_degree": 1,
      "out_degree": 0,
      "betweenness": 0.0,
      "closeness": 0.08000000000000002,
      "pagerank": 0.04260638472942445,
      "degree_centrality": 0.05,
      "cpd": {
        "values": [
          0.9537182111188777,
          0.8480819115815144,
          0.046281788881122284,
          0.15191808841848561
        ],
        "evidence": [
          7
        ],
        "evidence_card": [
          2
        ]
      }
    },
    "11": {
      "type": "leaf",
      "in_degree": 1,
      "out_degree": 0,
      "betweenness": 0.0,
      "closeness": 0.08000000000000002,
      "pagerank": 0.04260638472942445,
      "degree_centrality": 0.05,
      "cpd": {
        "values": [
          0.4555741755910298,
          0.5423822715079764,
          0.5444258244089702,
          0.4576177284920236
        ],
        "evidence": [
          6
        ],
        "evidence_card": [
          2
        ]
      }
    },
    "12": {
      "type": "leaf",
      "in_degree": 2,
      "out_degree": 0,
      "betweenness": 0.0,
      "closeness": 0.1388888888888889,
      "pagerank": 0.06586087699308732,
      "degree_centrality": 0.1,
      "cpd": {
        "values": [
          0.2595151212319414,
          0.2893252561833522,
          0.14937836393410525,
          0.3753193212631987
        ],
        "evidence": [
          2,
          6
        ],
        "evidence_card": [
          2,
          2
        ]
      }
    },
    "13": {
      "type": "leaf",
      "in_degree": 1,
      "out_degree": 0,
      "betweenness": 0.0,
      "closeness": 0.08000000000000002,
      "pagerank": 0.04260638472942445,
      "degree_centrality": 0.05,
      "cpd": {
        "values": [
          0.40342865988933885,
          0.5604918794780318,
          0.596571340110661,
          0.43950812052196814
        ],
        "evidence": [
          6
        ],
        "evidence_card": [
          2
        ]
      }
    },
    "14": {
      "type": "leaf",
      "in_degree": 1,
      "out_degree": 0,
      "betweenness": 0.0,
      "closeness": 0.08000000000000002,
      "pagerank": 0.04859328845273282,
      "degree_centrality": 0.05,
      "cpd": {
        "values": [
          0.49920196579951953,
          0.40824597454600864,
          0.5007980342004805,
          0.5917540254539914
        ],
        "evidence": [
          5
        ],
        "evidence_card": [
          2
        ]
      }
    },
    "15": {
      "type": "leaf",
      "in_degree": 1,
      "out_degree": 0,
      "betweenness": 0.0,
      "closeness": 0.08000000000000002,
      "pagerank": 0.04859328845273282,
      "degree_centrality": 0.05,
      "cpd": {
        "values": [
          0.5512630330334071,
          0.6479683061734166,
          0.44873696696659293,
          0.35203169382658345
        ],
        "evidence": [
          5
        ],
        "evidence_card": [
          2
        ]
      }
    },
    "16": {
      "type": "leaf",