{
  "graph_index": 8600,
  "nodes": {
    "0": {
      "type": "root",
      "in_degree": 0,
      "out_degree": 1,
      "betweenness": 0.0,
      "closeness": 0.0,
      "pagerank": 0.04662048287933604,
      "degree_centrality": 0.08333333333333333,
      "cpd": {
        "values": [
          0.5,
          0.5,
          0.0,
          0.0
        ],
        "evidence": [],
        "evidence_card": []
      }
    },
    "1": {
      "type": "intermediate",
      "in_degree": 1,
      "out_degree": 2,
      "betweenness": 0.08333333333333334,
      "closeness": 0.08333333333333333,
      "pagerank": 0.08624802256907081,
      "degree_centrality": 0.25,
      "cpd": {
        "values": [
          0.5245333975050243,
          0.3876490407776053,
          0.4754666024949757,
          0.6123509592223948
        ],
        "evidence": [
          0
        ],
        "evidence_card": [
          2
        ]
      }
    },
    "2": {
      "type": "intermediate",
      "in_degree": 1,
      "out_degree": 2,
      "betweenness": 0.07575757575757576,
      "closeness": 0.1111111111111111,
      "pagerank": 0.08327679311558436,
      "degree_centrality": 0.25,
      "cpd": {
        "values": [
          0.2744483713186209,
          0.23536991534225365,
          0.7255516286813791,
          0.7646300846577463
        ],
        "evidence": [
          1
        ],
        "evidence_card": [
          2
        ]
      }
    },
    "3": {
      "type": "intermediate",
      "in_degree": 1,
      "out_degree": 2,
      "betweenness": 0.06060606060606061,
      "closeness": 0.1111111111111111,
      "pagerank": 0.08327679311558436,
      "degree_centrality": 0.25,
      "cpd": {
        "values": [
          0.5329274808077098,
          0.5562208910275453,
          0.46707251919229026,
          0.44377910897245465
        ],
        "evidence": [
          1
        ],
        "evidence_card": [
          2
        ]
      }
    },
    "4": {
      "type": "intermediate",
      "in_degree": 1,
      "out_degree": 3,
      "betweenness": 0.05303030303030303,
      "closeness": 0.125,
      "pagerank": 0.08201344636175324,
      "degree_centrality": 0.3333333333333333,
      "cpd": {
        "values": [
          0.3494747876443487,
          0.6851879426527344,
          0.6505252123556512,
          0.31481205734726553
        ],
        "evidence": [
          3
        ],
        "evidence_card": [
          2
        ]
      }
    },
    "5": {
      "type": "leaf",
      "in_degree": 2,
      "out_degree": 0,
      "betweenness": 0.0,
      "closeness": 0.2314814814814815,
      "pagerank": 0.10525039777454182,
      "degree_centrality": 0.16666666666666666,
      "cpd": {
        "values": [
          0.5168575830252625,
          0.3699816376768373,
          0.5397362950913875,
          0.9629815081331512
        ],
        "evidence": [
          2,
          4
        ],
        "evidence_card": [
          2,
          2
        ]
      }
    },
    "6": {
      "type": "leaf",
      "in_degree": 1,
      "out_degree": 0,
      "betweenness": 0.0,
      "closeness": 0.13333333333333333,
      "pagerank": 0.06985743429212463,
      "degree_centrality": 0.08333333333333333,
      "cpd": {
        "values": [
          0.34495125461528436,
          0.013788093511111888,
          0.6550487453847157,
          0.9862119064888881
        ],
        "evidence": [
          4
        ],
        "evidence_card": [
          2
        ]
      }
    },
    "7": {
      "type": "leaf",
      "in_degree": 1,
      "out_degree": 0,
      "betweenness": 0.0,
      "closeness": 0.13333333333333333,
      "pagerank": 0.06985743429212463,
      "degree_centrality": 0.08333333333333333,
      "cpd": {
        "values": [
          0.6452531578247866,
          0.8793122778542171,
          0.3547468421752134,
          0.12068772214578295
        ],
        "evidence": [
          4
        ],
        "evidence_card": [
          2
        ]
      }
    },
    "8": {
      "type": "intermediate",
      "in_degree": 1,
      "out_degree": 4,
      "betweenness": 0.07575757575757576,
      "closeness": 0.125,
      "pagerank": 0.08201344636175324,
      "degree_centrality": 0.41666666666666663,
      "cpd": {
        "values": [
          0.7472115077122902,
          0.7709049360026827,
          0.2527884922877099,
          0.22909506399731727
        ],
        "evidence": [
          2
        ],
        "evidence_card": [
          2
        ]
      }
    },
    "9": {
      "type": "leaf",
      "in_degree": 2,
      "out_degree": 0,
      "betweenness": 0.0,
      "closeness": 0.2314814814814815,
      "pagerank": 0.09944115992134467,
      "degree_centrality": 0.16666666666666666,
      "cpd": {
        "values": [
          0.5145127002156444,
          0.7606018620057657,
          0.5639800821939644,
          0.1328656635118002
        ],
        "evidence": [
          3,
          8
        ],
        "evidence_card": [
          2,
          2
        ]
      }
    },
    "10": {
      "type": "leaf",
      "in_degree": 1,
      "out_degree": 0,
      "betweenness": 0.0,
      "closeness": 0.13333333333333333,
      "pagerank": 0.06404819643892748,
      "degree_centrality": 0.08333333333333333,
      "cpd": {
        "values": [
          0.4339873458049339,
          0.6311914101998313,
          0.5660126541950661,
          0.36880858980016873
        ],
        "evidence": [
          8
        ],
        "evidence_card": [
          2
        ]
      }
    },
    "11": {
      "type": "leaf",
      "in_degree": 1,
      "out_degree": 0,
      "betweenness": 0.0,
      "closeness": 0.13333333333333333,
      "pagerank": 0.06404819643892748,
      "degree_centrality": 0.08333333333333333,
      "cpd": {
        "values": [
          0.5818674173297937,
          0.39192645116537406,
          0.41813258267020625,
          0.6080735488346259
        ],
        "evidence": [
          8
        ],
        "evidence_card": [
          2
        ]
      }
    },
    "12": {
      "type": "leaf",
      "in_degree": 1,
      "out_degree": 0,
      "betweenness": 0.0,
      "closeness": 0.13333333333333333,
      "pagerank": 0.06404819643892748,
      "degree_centrality": 0.08333333333333333,
      "cpd": {
        "values": [
          0.670939540781122,
          0.9389541719884749,
          0.3290604592188781,
          0.06104582801152517
        ],
        "evidence": [
          8
        ],
        "evidence_card": [
          2
        ]
      }
    }
  },
  "edges": [
    [
      0,
      1
    ],
    [
      1,
      2
    ],
    [
      1,
      3
    ],
    [
      2,
      8
    ],
    [
      2,
      5
    ],
    [
      3,
      4
    ],
    [
      3,
      9
    ],
    [
      4,
      5
    ],
    [
      4,
      6
    ],
    [
      4,
      7
    ],
    [
      8,
      9
    ],
    [
      8,
      10
    ],
    [
      8,
      11
    ],
    [
      8,
      12
    ]
  ]
}