{
  "graph_index": 3773,
  "nodes": {
    "0": {
      "type": "root",
      "in_degree": 0,
      "out_degree": 1,
      "betweenness": 0.0,
      "closeness": 0.0,
      "pagerank": 0.023564129069159317,
      "degree_centrality": 0.037037037037037035,
      "cpd": {
        "values": [
          0.5,
          0.5,
          0.0,
          0.0
        ],
        "evidence": [],
        "evidence_card": []
      }
    },
    "1": {
      "type": "intermediate",
      "in_degree": 1,
      "out_degree": 3,
      "betweenness": 0.03703703703703704,
      "closeness": 0.037037037037037035,
      "pagerank": 0.043593936101921554,
      "degree_centrality": 0.14814814814814814,
      "cpd": {
        "values": [
          0.5295450901674755,
          0.7618979048833553,
          0.4704549098325245,
          0.23810209511664474
        ],
        "evidence": [
          0
        ],
        "evidence_card": [
          2
        ]
      }
    },
    "2": {
      "type": "intermediate",
      "in_degree": 1,
      "out_degree": 2,
      "betweenness": 0.019943019943019943,
      "closeness": 0.04938271604938271,
      "pagerank": 0.03591546763413985,
      "degree_centrality": 0.1111111111111111,
      "cpd": {
        "values": [
          0.39430318159490146,
          0.46161537733517266,
          0.6056968184050986,
          0.5383846226648273
        ],
        "evidence": [
          1
        ],
        "evidence_card": [
          2
        ]
      }
    },
    "3": {
      "type": "intermediate",
      "in_degree": 1,
      "out_degree": 4,
      "betweenness": 0.03418803418803419,
      "closeness": 0.04938271604938271,
      "pagerank": 0.03591546763413985,
      "degree_centrality": 0.18518518518518517,
      "cpd": {
        "values": [
          0.6645150163574404,
          0.3639642736971886,
          0.33548498364255963,
          0.6360357263028114
        ],
        "evidence": [
          1
        ],
        "evidence_card": [
          2
        ]
      }
    },
    "4": {
      "type": "intermediate",
      "in_degree": 1,
      "out_degree": 1,
      "betweenness": 0.011396011396011397,
      "closeness": 0.04938271604938271,
      "pagerank": 0.03591546763413985,
      "degree_centrality": 0.07407407407407407,
      "cpd": {
        "values": [
          0.4849612674241445,
          0.2702976490362225,
          0.5150387325758554,
          0.7297023509637774
        ],
        "evidence": [
          1
        ],
        "evidence_card": [
          2
        ]
      }
    },
    "5": {
      "type": "intermediate",
      "in_degree": 1,
      "out_degree": 4,
      "betweenness": 0.014245014245014245,
      "closeness": 0.05555555555555555,
      "pagerank": 0.05409242807341368,
      "degree_centrality": 0.18518518518518517,
      "cpd": {
        "values": [
          0.6478559273437702,
          0.4217575468337622,
          0.35214407265622993,
          0.5782424531662378
        ],
        "evidence": [
          4
        ],
        "evidence_card": [
          2
        ]
      }
    },
    "6": {
      "type": "leaf",
      "in_degree": 1,
      "out_degree": 0,
      "betweenness": 0.0,
      "closeness": 0.05925925925925926,
      "pagerank": 0.035058564838849754,
      "degree_centrality": 0.037037037037037035,
      "cpd": {
        "values": [
          0.7286548567222871,
          0.6814306807783019,
          0.271345143277713,
          0.31856931922169807
        ],
        "evidence": [
          5
        ],
        "evidence_card": [
          2
        ]
      }
    },
    "7": {
      "type": "leaf",
      "in_degree": 1,
      "out_degree": 0,
      "betweenness": 0.0,
      "closeness": 0.05925925925925926,
      "pagerank": 0.035058564838849754,
      "degree_centrality": 0.037037037037037035,
      "cpd": {
        "values": [
          0.2922771707556974,
          0.31509751668878117,
          0.7077228292443025,
          0.684902483311219
        ],
        "evidence": [
          5
        ],
        "evidence_card": [
          2
        ]
      }
    },
    "8": {
      "type": "leaf",
      "in_degree": 1,
      "out_degree": 0,
      "betweenness": 0.0,
      "closeness": 0.05925925925925926,
      "pagerank": 0.035058564838849754,
      "degree_centrality": 0.037037037037037035,
      "cpd": {
        "values": [
          0.03994752759258172,
          0.2299888811146503,
          0.9600524724074183,
          0.7700111188853497
        ],
        "evidence": [
          5
        ],
        "evidence_card": [
          2
        ]
      }
    },
    "9": {
      "type": "leaf",
      "in_degree": 2,
      "out_degree": 0,
      "betweenness": 0.0,
      "closeness": 0.102880658436214,
      "pagerank": 0.04269063958991334,
      "degree_centrality": 0.07407407407407407,
      "cpd": {
        "values": [
          0.4962286512777564,
          0.6431044873384782,
          0.37520062185011177,
          0.9812327849827405
        ],
        "evidence": [
          3,
          5
        ],
        "evidence_card": [
          2,
          2
        ]
      }
    },
    "10": {
      "type": "intermediate",
      "in_degree": 1,
      "out_degree": 3,
      "betweenness": 0.012820512820512822,
      "closeness": 0.05555555555555555,
      "pagerank": 0.03119620382022291,
      "degree_centrality": 0.14814814814814814,
      "cpd": {
        "values": [
          0.39358220925330106,
          0.5872908740876696,
          0.606417790746699,
          0.41270912591233044
        ],
        "evidence": [
          3
        ],
        "evidence_card": [
          2
        ]
      }
    },
    "11": {
      "type": "intermediate",
      "in_degree": 1,
      "out_degree": 4,
      "betweenness": 0.017094017094017096,
      "closeness": 0.05555555555555555,
      "pagerank": 0.03119620382022291,
      "degree_centrality": 0.18518518518518517,
      "cpd": {
        "values": [
          0.06525451687565016,
          0.45747087558639005,
          0.9347454831243497,
          0.54252912441361
        ],
        "evidence": [
          3
        ],
        "evidence_card": [
          2
        ]
      }
    },
    "12": {
      "type": "intermediate",
      "in_degree": 1,
      "out_degree": 1,
      "betweenness": 0.004273504273504274,
      "closeness": 0.05555555555555555,
      "pagerank": 0.03119620382022291,
      "degree_centrality": 0.07407407407407407,
      "cpd": {
        "values": [
          0.6361024246470711,
          0.48971764851318345,
          0.3638975753529289,
          0.5102823514868164
        ],
        "evidence": [
          3
        ],
        "evidence_card": [
          2
        ]
      }
    },
    "13": {
      "type": "leaf",
      "in_degree": 1,
      "out_degree": 0,
      "betweenness": 0.0,
      "closeness": 0.05925925925925926,
      "pagerank": 0.05008092011342143,
      "degree_centrality": 0.037037037037037035,
      "cpd": {
        "values": [
          0.682017043594362,
          0.959384780309781,
          0.317982956405638,
          0.04061521969021894
        ],
        "evidence": [
          12
        ],
        "evidence_card": [
          2
        ]
      }
    },
    "14": {
      "type": "leaf",
      "in_degree": 1,
      "out_degree": 0,
      "betweenness": 0.0,
      "closeness": 0.05925925925925926,
      "pagerank": 0.030193326830224847,
      "degree_centrality": 0.037037037037037035,
      "cpd": {
        "values": [
          0.7485597921340236,
          0.6012153062960516,
          0.2514402078659765,
          0.3987846937039484
        ],
        "evidence": [
          11
        ],
        "evidence_card": [
          2
        ]
      }
    },
    "15": {
      "type": "leaf",
      "in_degree": 1,
      "out_degree": 0,
      "betweenness": 0.0,
      "closeness": 0.05925925925925926,
      "pagerank": 0.030193326830224847,
      "degree_centrality": 0.037037037037037035,