{
  "graph_index": 7580,
  "nodes": {
    "0": {
      "type": "root",
      "in_degree": 0,
      "out_degree": 1,
      "betweenness": 0.0,
      "closeness": 0.0,
      "pagerank": 0.02724045117201493,
      "degree_centrality": 0.043478260869565216,
      "cpd": {
        "values": [
          0.5,
          0.5,
          0.0,
          0.0
        ],
        "evidence": [],
        "evidence_card": []
      }
    },
    "1": {
      "type": "intermediate",
      "in_degree": 1,
      "out_degree": 2,
      "betweenness": 0.043478260869565216,
      "closeness": 0.043478260869565216,
      "pagerank": 0.05039528137522804,
      "degree_centrality": 0.13043478260869565,
      "cpd": {
        "values": [
          0.6307675643731753,
          0.43604471707645515,
          0.36923243562682473,
          0.5639552829235448
        ],
        "evidence": [
          0
        ],
        "evidence_card": [
          2
        ]
      }
    },
    "2": {
      "type": "intermediate",
      "in_degree": 1,
      "out_degree": 3,
      "betweenness": 0.02766798418972332,
      "closeness": 0.05797101449275362,
      "pagerank": 0.04865804119058506,
      "degree_centrality": 0.17391304347826086,
      "cpd": {
        "values": [
          0.8226381932867584,
          0.7461229929260816,
          0.1773618067132416,
          0.25387700707391825
        ],
        "evidence": [
          1
        ],
        "evidence_card": [
          2
        ]
      }
    },
    "3": {
      "type": "intermediate",
      "in_degree": 1,
      "out_degree": 4,
      "betweenness": 0.05138339920948616,
      "closeness": 0.05797101449275362,
      "pagerank": 0.04865804119058506,
      "degree_centrality": 0.21739130434782608,
      "cpd": {
        "values": [
          0.15359498340132774,
          0.48760138082517035,
          0.8464050165986723,
          0.5123986191748297
        ],
        "evidence": [
          1
        ],
        "evidence_card": [
          2
        ]
      }
    },
    "4": {
      "type": "intermediate",
      "in_degree": 1,
      "out_degree": 1,
      "betweenness": 0.005928853754940711,
      "closeness": 0.06521739130434782,
      "pagerank": 0.03758017704232404,
      "degree_centrality": 0.08695652173913043,
      "cpd": {
        "values": [
          0.7182465791681062,
          0.5608272617185951,
          0.28175342083189386,
          0.43917273828140496
        ],
        "evidence": [
          3
        ],
        "evidence_card": [
          2
        ]
      }
    },
    "5": {
      "type": "intermediate",
      "in_degree": 1,
      "out_degree": 1,
      "betweenness": 0.005928853754940711,
      "closeness": 0.06521739130434782,
      "pagerank": 0.03758017704232404,
      "degree_centrality": 0.08695652173913043,
      "cpd": {
        "values": [
          0.4742896693958381,
          0.8354370321127446,
          0.5257103306041617,
          0.16456296788725544
        ],
        "evidence": [
          3
        ],
        "evidence_card": [
          2
        ]
      }
    },
    "6": {
      "type": "intermediate",
      "in_degree": 1,
      "out_degree": 4,
      "betweenness": 0.01976284584980237,
      "closeness": 0.06521739130434782,
      "pagerank": 0.03758017704232404,
      "degree_centrality": 0.21739130434782608,
      "cpd": {
        "values": [
          0.8200342782631942,
          0.2689568012600926,
          0.1799657217368058,
          0.7310431987399074
        ],
        "evidence": [
          3
        ],
        "evidence_card": [
          2
        ]
      }
    },
    "7": {
      "type": "intermediate",
      "in_degree": 1,
      "out_degree": 4,
      "betweenness": 0.023715415019762844,
      "closeness": 0.06521739130434782,
      "pagerank": 0.03758017704232404,
      "degree_centrality": 0.21739130434782608,
      "cpd": {
        "values": [
          0.48329907245510956,
          0.5998446237152372,
          0.5167009275448905,
          0.40015537628476283
        ],
        "evidence": [
          3
        ],
        "evidence_card": [
          2
        ]
      }
    },
    "8": {
      "type": "leaf",
      "in_degree": 1,
      "out_degree": 0,
      "betweenness": 0.0,
      "closeness": 0.06956521739130435,
      "pagerank": 0.03522637272717582,
      "degree_centrality": 0.043478260869565216,
      "cpd": {
        "values": [
          0.22550632081674835,
          0.6461467730723564,
          0.7744936791832516,
          0.35385322692764365
        ],
        "evidence": [
          7
        ],
        "evidence_card": [
          2
        ]
      }
    },
    "9": {
      "type": "leaf",
      "in_degree": 1,
      "out_degree": 0,
      "betweenness": 0.0,
      "closeness": 0.06956521739130435,
      "pagerank": 0.03522637272717582,
      "degree_centrality": 0.043478260869565216,
      "cpd": {
        "values": [
          0.658091053749496,
          0.43160353721448547,
          0.3419089462505041,
          0.5683964627855146
        ],
        "evidence": [
          7
        ],
        "evidence_card": [
          2
        ]
      }
    },
    "10": {
      "type": "leaf",
      "in_degree": 1,
      "out_degree": 0,
      "betweenness": 0.0,
      "closeness": 0.06956521739130435,
      "pagerank": 0.03522637272717582,
      "degree_centrality": 0.043478260869565216,
      "cpd": {
        "values": [
          0.6145276356381809,
          0.7071112022404705,
          0.38547236436181903,
          0.2928887977595295
        ],
        "evidence": [
          7
        ],
        "evidence_card": [
          2
        ]
      }
    },
    "11": {
      "type": "leaf",
      "in_degree": 1,
      "out_degree": 0,
      "betweenness": 0.0,
      "closeness": 0.06956521739130435,
      "pagerank": 0.03522637272717582,
      "degree_centrality": 0.043478260869565216,
      "cpd": {
        "values": [
          0.5443807473397803,
          0.3046858012450644,
          0.45561925266021974,
          0.6953141987549356
        ],
        "evidence": [
          7
        ],
        "evidence_card": [
          2
        ]
      }
    },
    "12": {
      "type": "leaf",
      "in_degree": 1,
      "out_degree": 0,
      "betweenness": 0.0,
      "closeness": 0.06956521739130435,
      "pagerank": 0.03522637272717582,
      "degree_centrality": 0.043478260869565216,
      "cpd": {
        "values": [
          0.2243341565535358,
          0.4523232390682031,
          0.7756658434464642,
          0.547676760931797
        ],
        "evidence": [
          6
        ],
        "evidence_card": [
          2
        ]
      }
    },
    "13": {
      "type": "leaf",
      "in_degree": 1,
      "out_degree": 0,
      "betweenness": 0.0,
      "closeness": 0.06956521739130435,
      "pagerank": 0.03522637272717582,
      "degree_centrality": 0.043478260869565216,
      "cpd": {
        "values": [
          0.9499426206674271,
          0.4652739672610665,
          0.050057379332572885,
          0.5347260327389335
        ],
        "evidence": [
          6
        ],
        "evidence_card": [
          2
        ]
      }
    },
    "14": {
      "type": "leaf",
      "in_degree": 2,
      "out_degree": 0,
      "betweenness": 0.0,
      "closeness": 0.12077294685990338,
      "pagerank": 0.049012673887587975,
      "degree_centrality": 0.08695652173913043,
      "cpd": {
        "values": [
          0.3150421981367418,
          0.3987650437672932,
          0.466041098343879,
          0.6278153850358692
        ],
        "evidence": [
          2,
          6
        ],
        "evidence_card": [
          2,
          2
        ]
      }
    },
    "15": {
      "type": "leaf",
      "in_degree": 1,
      "out_degree": 0,
      "betweenness": 0.0,
      "closeness": 0.06956521739130435,
      "pagerank": 0.03522637272717582,
      "degree_centrality": 0.043478260869565216,