{
  "graph_index": 1820,
  "nodes": {
    "0": {
      "type": "root",
      "in_degree": 0,
      "out_degree": 1,
      "betweenness": 0.0,
      "closeness": 0.0,
      "pagerank": 0.07508733989309532,
      "degree_centrality": 0.2,
      "cpd": {
        "values": [
          0.5,
          0.5,
          0.0,
          0.0
        ],
        "evidence": [],
        "evidence_card": []
      }
    },
    "1": {
      "type": "intermediate",
      "in_degree": 1,
      "out_degree": 1,
      "betweenness": 0.2,
      "closeness": 0.2,
      "pagerank": 0.1389122106128792,
      "degree_centrality": 0.4,
      "cpd": {
        "values": [
          0.6940355896417708,
          0.39193645064872745,
          0.30596441035822913,
          0.6080635493512726
        ],
        "evidence": [
          0
        ],
        "evidence_card": [
          2
        ]
      }
    },
    "2": {
      "type": "intermediate",
      "in_degree": 1,
      "out_degree": 1,
      "betweenness": 0.30000000000000004,
      "closeness": 0.26666666666666666,
      "pagerank": 0.19316396747663533,
      "degree_centrality": 0.4,
      "cpd": {
        "values": [
          0.3962342279944979,
          0.022425907860297533,
          0.6037657720055021,
          0.9775740921397025
        ],
        "evidence": [
          1
        ],
        "evidence_card": [
          2
        ]
      }
    },
    "3": {
      "type": "intermediate",
      "in_degree": 1,
      "out_degree": 2,
      "betweenness": 0.30000000000000004,
      "closeness": 0.3,
      "pagerank": 0.2392773606737756,
      "degree_centrality": 0.6000000000000001,
      "cpd": {
        "values": [
          0.07664564327675133,
          0.38478855404822626,
          0.9233543567232486,
          0.6152114459517737
        ],
        "evidence": [
          2
        ],
        "evidence_card": [
          2
        ]
      }
    },
    "4": {
      "type": "leaf",
      "in_degree": 1,
      "out_degree": 0,
      "betweenness": 0.0,
      "closeness": 0.32000000000000006,
      "pagerank": 0.17677956067180708,
      "degree_centrality": 0.2,
      "cpd": {
        "values": [
          0.524020138692482,
          0.3615366337410625,
          0.47597986130751796,
          0.6384633662589375
        ],
        "evidence": [
          3
        ],
        "evidence_card": [
          2
        ]
      }
    },
    "5": {
      "type": "leaf",
      "in_degree": 1,
      "out_degree": 0,
      "betweenness": 0.0,
      "closeness": 0.32000000000000006,
      "pagerank": 0.17677956067180708,
      "degree_centrality": 0.2,
      "cpd": {
        "values": [
          0.9981232329164645,
          0.4000845262760878,
          0.001876767083535501,
          0.5999154737239122
        ],
        "evidence": [
          3
        ],
        "evidence_card": [
          2
        ]
      }
    }
  },
  "edges": [
    [
      0,
      1
    ],
    [
      1,
      2
    ],
    [
      2,
      3
    ],
    [
      3,
      4
    ],
    [
      3,
      5
    ]
  ]
}