{
  "graph_index": 972,
  "nodes": {
    "0": {
      "type": "root",
      "in_degree": 0,
      "out_degree": 1,
      "betweenness": 0.0,
      "closeness": 0.0,
      "pagerank": 0.02048130823221783,
      "degree_centrality": 0.03125,
      "cpd": {
        "values": [
          0.5,
          0.5,
          0.0,
          0.0
        ],
        "evidence": [],
        "evidence_card": []
      }
    },
    "1": {
      "type": "intermediate",
      "in_degree": 1,
      "out_degree": 3,
      "betweenness": 0.03125,
      "closeness": 0.03125,
      "pagerank": 0.037889840924103545,
      "degree_centrality": 0.125,
      "cpd": {
        "values": [
          0.17089213982383095,
          0.17362783141604424,
          0.829107860176169,
          0.8263721685839558
        ],
        "evidence": [
          0
        ],
        "evidence_card": [
          2
        ]
      }
    },
    "2": {
      "type": "intermediate",
      "in_degree": 1,
      "out_degree": 2,
      "betweenness": 0.010080645161290322,
      "closeness": 0.041666666666666664,
      "pagerank": 0.031216633949707542,
      "degree_centrality": 0.09375,
      "cpd": {
        "values": [
          0.3034774052957614,
          0.5937870016026678,
          0.6965225947042386,
          0.40621299839733216
        ],
        "evidence": [
          1
        ],
        "evidence_card": [
          2
        ]
      }
    },
    "3": {
      "type": "intermediate",
      "in_degree": 1,
      "out_degree": 5,
      "betweenness": 0.028225806451612902,
      "closeness": 0.041666666666666664,
      "pagerank": 0.031216633949707542,
      "degree_centrality": 0.1875,
      "cpd": {
        "values": [
          0.6137713905443215,
          0.8761781674846871,
          0.3862286094556786,
          0.12382183251531291
        ],
        "evidence": [
          1
        ],
        "evidence_card": [
          2
        ]
      }
    },
    "4": {
      "type": "intermediate",
      "in_degree": 1,
      "out_degree": 3,
      "betweenness": 0.01814516129032258,
      "closeness": 0.041666666666666664,
      "pagerank": 0.031216633949707542,
      "degree_centrality": 0.125,
      "cpd": {
        "values": [
          0.8848759455600002,
          0.4745299668260467,
          0.11512405443999989,
          0.5254700331739534
        ],
        "evidence": [
          1
        ],
        "evidence_card": [
          2
        ]
      }
    },
    "5": {
      "type": "intermediate",
      "in_degree": 1,
      "out_degree": 3,
      "betweenness": 0.007056451612903226,
      "closeness": 0.046875,
      "pagerank": 0.029325955222113786,
      "degree_centrality": 0.125,
      "cpd": {
        "values": [
          0.3545400212494514,
          0.5046396884629557,
          0.6454599787505486,
          0.4953603115370443
        ],
        "evidence": [
          4
        ],
        "evidence_card": [
          2
        ]
      }
    },
    "6": {
      "type": "intermediate",
      "in_degree": 1,
      "out_degree": 4,
      "betweenness": 0.012096774193548387,
      "closeness": 0.046875,
      "pagerank": 0.029325955222113786,
      "degree_centrality": 0.15625,
      "cpd": {
        "values": [
          0.7378331235960184,
          0.47087707071849705,
          0.26216687640398156,
          0.529122929281503
        ],
        "evidence": [
          4
        ],
        "evidence_card": [
          2
        ]
      }
    },
    "7": {
      "type": "leaf",
      "in_degree": 1,
      "out_degree": 0,
      "betweenness": 0.0,
      "closeness": 0.05,
      "pagerank": 0.026712908771686132,
      "degree_centrality": 0.03125,
      "cpd": {
        "values": [
          0.5379462069086275,
          0.1716545957057087,
          0.4620537930913725,
          0.8283454042942913
        ],
        "evidence": [
          6
        ],
        "evidence_card": [
          2
        ]
      }
    },
    "8": {
      "type": "leaf",
      "in_degree": 1,
      "out_degree": 0,
      "betweenness": 0.0,
      "closeness": 0.05,
      "pagerank": 0.026712908771686132,
      "degree_centrality": 0.03125,
      "cpd": {
        "values": [
          0.6573929403370281,
          0.7022073377516933,
          0.3426070596629719,
          0.2977926622483067
        ],
        "evidence": [
          6
        ],
        "evidence_card": [
          2
        ]
      }
    },
    "9": {
      "type": "leaf",
      "in_degree": 1,
      "out_degree": 0,
      "betweenness": 0.0,
      "closeness": 0.05,
      "pagerank": 0.026712908771686132,
      "degree_centrality": 0.03125,
      "cpd": {
        "values": [
          0.4531167821493197,
          0.2130476739518826,
          0.5468832178506803,
          0.7869523260481173
        ],
        "evidence": [
          6
        ],
        "evidence_card": [
          2
        ]
      }
    },
    "10": {
      "type": "leaf",
      "in_degree": 1,
      "out_degree": 0,
      "betweenness": 0.0,
      "closeness": 0.05,
      "pagerank": 0.026712908771686132,
      "degree_centrality": 0.03125,
      "cpd": {
        "values": [
          0.366551796744075,
          0.8394133703416247,
          0.633448203255925,
          0.1605866296583753
        ],
        "evidence": [
          6
        ],
        "evidence_card": [
          2
        ]
      }
    },
    "11": {
      "type": "leaf",
      "in_degree": 1,
      "out_degree": 0,
      "betweenness": 0.0,
      "closeness": 0.05,
      "pagerank": 0.0287901089515089,
      "degree_centrality": 0.03125,
      "cpd": {
        "values": [
          0.28587709398622246,
          0.47456978413170336,
          0.7141229060137774,
          0.5254302158682967
        ],
        "evidence": [
          5
        ],
        "evidence_card": [
          2
        ]
      }
    },
    "12": {
      "type": "leaf",
      "in_degree": 2,
      "out_degree": 0,
      "betweenness": 0.0,
      "closeness": 0.08680555555555555,
      "pagerank": 0.034096897145446475,
      "degree_centrality": 0.0625,
      "cpd": {
        "values": [
          0.1659614780803665,
          0.4298191799481601,
          0.907306807102905,
          0.4990471606686451
        ],
        "evidence": [
          3,
          5
        ],
        "evidence_card": [
          2,
          2
        ]
      }
    },
    "13": {
      "type": "leaf",
      "in_degree": 1,
      "out_degree": 0,
      "betweenness": 0.0,
      "closeness": 0.05,
      "pagerank": 0.0287901089515089,
      "degree_centrality": 0.03125,
      "cpd": {
        "values": [
          0.5972980108889347,
          0.4395680170494349,
          0.4027019891110653,
          0.5604319829505651
        ],
        "evidence": [
          5
        ],
        "evidence_card": [
          2
        ]
      }
    },
    "14": {
      "type": "intermediate",
      "in_degree": 1,
      "out_degree": 4,
      "betweenness": 0.012096774193548387,
      "closeness": 0.046875,
      "pagerank": 0.025788096426155403,
      "degree_centrality": 0.15625,
      "cpd": {
        "values": [
          0.5886495409865291,
          0.5627305549359738,
          0.41135045901347084,
          0.43726944506402615
        ],
        "evidence": [
          3
        ],
        "evidence_card": [
          2
        ]
      }
    },
    "15": {
      "type": "intermediate",
      "in_degree": 1,
      "out_degree": 3,
      "betweenness": 0.00907258064516129,
      "closeness": 0.046875,
      "pagerank": 0.025788096426155403,
      "degree_centrality": 0.125,
      "cpd": {
        "values": [
          0.5774825004541271,
          0.7501036407743343,
          0.4225174995458729,
          0.24989635922566567
        ],
        "evidence": [
          3
        ],
        "evidence_card": [
          2
        ]
      }
    },
    "16": {
      "type": "intermediate",
      "in_degree": 1,
      "out_degree": 2,