{
  "graph_index": 6791,
  "nodes": {
    "0": {
      "type": "root",
      "in_degree": 0,
      "out_degree": 1,
      "betweenness": 0.0,
      "closeness": 0.0,
      "pagerank": 0.03159967601829366,
      "degree_centrality": 0.05555555555555555,
      "cpd": {
        "values": [
          0.5,
          0.5,
          0.0,
          0.0
        ],
        "evidence": [],
        "evidence_card": []
      }
    },
    "1": {
      "type": "intermediate",
      "in_degree": 1,
      "out_degree": 3,
      "betweenness": 0.05555555555555556,
      "closeness": 0.05555555555555555,
      "pagerank": 0.05845963335582639,
      "degree_centrality": 0.2222222222222222,
      "cpd": {
        "values": [
          0.9505434114225163,
          0.7887743073534846,
          0.04945658857748373,
          0.2112256926465154
        ],
        "evidence": [
          0
        ],
        "evidence_card": [
          2
        ]
      }
    },
    "2": {
      "type": "intermediate",
      "in_degree": 1,
      "out_degree": 1,
      "betweenness": 0.0196078431372549,
      "closeness": 0.07407407407407407,
      "pagerank": 0.04816372680099246,
      "degree_centrality": 0.1111111111111111,
      "cpd": {
        "values": [
          0.3079740633569729,
          0.4981663367946291,
          0.692025936643027,
          0.5018336632053708
        ],
        "evidence": [
          1
        ],
        "evidence_card": [
          2
        ]
      }
    },
    "3": {
      "type": "intermediate",
      "in_degree": 1,
      "out_degree": 3,
      "betweenness": 0.04575163398692811,
      "closeness": 0.07407407407407407,
      "pagerank": 0.04816372680099246,
      "degree_centrality": 0.2222222222222222,
      "cpd": {
        "values": [
          0.3607019563773272,
          0.14351406716248968,
          0.6392980436226727,
          0.8564859328375103
        ],
        "evidence": [
          1
        ],
        "evidence_card": [
          2
        ]
      }
    },
    "4": {
      "type": "intermediate",
      "in_degree": 1,
      "out_degree": 1,
      "betweenness": 0.026143790849673203,
      "closeness": 0.07407407407407407,
      "pagerank": 0.04816372680099246,
      "degree_centrality": 0.1111111111111111,
      "cpd": {
        "values": [
          0.33193188128925866,
          0.9574739654804852,
          0.6680681187107415,
          0.04252603451951471
        ],
        "evidence": [
          1
        ],
        "evidence_card": [
          2
        ]
      }
    },
    "5": {
      "type": "intermediate",
      "in_degree": 1,
      "out_degree": 3,
      "betweenness": 0.029411764705882353,
      "closeness": 0.08333333333333333,
      "pagerank": 0.07253859188516851,
      "degree_centrality": 0.2222222222222222,
      "cpd": {
        "values": [
          0.31952601137258513,
          0.45711076657584315,
          0.6804739886274149,
          0.5428892334241568
        ],
        "evidence": [
          4
        ],
        "evidence_card": [
          2
        ]
      }
    },
    "6": {
      "type": "leaf",
      "in_degree": 1,
      "out_degree": 0,
      "betweenness": 0.0,
      "closeness": 0.08888888888888889,
      "pagerank": 0.052152678757809004,
      "degree_centrality": 0.05555555555555555,
      "cpd": {
        "values": [
          0.024008914578772984,
          0.3175488586839634,
          0.975991085421227,
          0.6824511413160367
        ],
        "evidence": [
          5
        ],
        "evidence_card": [
          2
        ]
      }
    },
    "7": {
      "type": "leaf",
      "in_degree": 1,
      "out_degree": 0,
      "betweenness": 0.0,
      "closeness": 0.08888888888888889,
      "pagerank": 0.052152678757809004,
      "degree_centrality": 0.05555555555555555,
      "cpd": {
        "values": [
          0.13166647100812423,
          0.5833974076764502,
          0.8683335289918758,
          0.41660259232354974
        ],
        "evidence": [
          5
        ],
        "evidence_card": [
          2
        ]
      }
    },
    "8": {
      "type": "leaf",
      "in_degree": 1,
      "out_degree": 0,
      "betweenness": 0.0,
      "closeness": 0.08888888888888889,
      "pagerank": 0.052152678757809004,
      "degree_centrality": 0.05555555555555555,
      "cpd": {
        "values": [
          0.5688616385974873,
          0.4020012296430562,
          0.4311383614025127,
          0.5979987703569438
        ],
        "evidence": [
          5
        ],
        "evidence_card": [
          2
        ]
      }
    },
    "9": {
      "type": "intermediate",
      "in_degree": 1,
      "out_degree": 1,
      "betweenness": 0.00980392156862745,
      "closeness": 0.08333333333333333,
      "pagerank": 0.04524598130725194,
      "degree_centrality": 0.1111111111111111,
      "cpd": {
        "values": [
          0.45758954153695763,
          0.5595740489550867,
          0.5424104584630424,
          0.4404259510449134
        ],
        "evidence": [
          3
        ],
        "evidence_card": [
          2
        ]
      }
    },
    "10": {
      "type": "intermediate",
      "in_degree": 1,
      "out_degree": 3,
      "betweenness": 0.029411764705882353,
      "closeness": 0.08333333333333333,
      "pagerank": 0.04524598130725194,
      "degree_centrality": 0.2222222222222222,
      "cpd": {
        "values": [
          0.6289634100673379,
          0.4728026217684092,
          0.37103658993266203,
          0.5271973782315907
        ],
        "evidence": [
          3
        ],
        "evidence_card": [
          2
        ]
      }
    },
    "11": {
      "type": "leaf",
      "in_degree": 1,
      "out_degree": 0,
      "betweenness": 0.0,
      "closeness": 0.08888888888888889,
      "pagerank": 0.04441955633980604,
      "degree_centrality": 0.05555555555555555,
      "cpd": {
        "values": [
          0.42904662332108245,
          0.6258149424083533,
          0.5709533766789177,
          0.3741850575916466
        ],
        "evidence": [
          10
        ],
        "evidence_card": [
          2
        ]
      }
    },
    "12": {
      "type": "leaf",
      "in_degree": 1,
      "out_degree": 0,
      "betweenness": 0.0,
      "closeness": 0.08888888888888889,
      "pagerank": 0.04441955633980604,
      "degree_centrality": 0.05555555555555555,
      "cpd": {
        "values": [
          0.9164397317907993,
          0.8812880301891859,
          0.08356026820920076,
          0.11871196981081414
        ],
        "evidence": [
          10
        ],
        "evidence_card": [
          2
        ]
      }
    },
    "13": {
      "type": "leaf",
      "in_degree": 1,
      "out_degree": 0,
      "betweenness": 0.0,
      "closeness": 0.08888888888888889,
      "pagerank": 0.04441955633980604,
      "degree_centrality": 0.05555555555555555,
      "cpd": {
        "values": [
          0.40773858469963775,
          0.7074829357213481,
          0.5922614153003622,
          0.2925170642786518
        ],
        "evidence": [
          10
        ],
        "evidence_card": [
          2
        ]
      }
    },
    "14": {
      "type": "leaf",
      "in_degree": 1,
      "out_degree": 0,
      "betweenness": 0.0,
      "closeness": 0.08888888888888889,
      "pagerank": 0.07005931698283083,
      "degree_centrality": 0.05555555555555555,
      "cpd": {
        "values": [
          0.7037683857597372,
          0.4346047775783809,
          0.2962316142402628,
          0.565395222421619
        ],
        "evidence": [
          9
        ],
        "evidence_card": [
          2
        ]
      }
    },
    "15": {
      "type": "intermediate",
      "in_degree": 1,
      "out_degree": 3,
      "betweenness": 0.022875816993464054,
      "closeness": 0.08333333333333333,
      "pagerank": 0.07253859188516851,
      "degree_centrality": 0.2222222222222222,