{
  "graph_index": 375,
  "nodes": {
    "0": {
      "type": "root",
      "in_degree": 0,
      "out_degree": 1,
      "betweenness": 0.0,
      "closeness": 0.0,
      "pagerank": 0.019804001833123162,
      "degree_centrality": 0.029411764705882353,
      "cpd": {
        "values": [
          0.5,
          0.5,
          0.0,
          0.0
        ],
        "evidence": [],
        "evidence_card": []
      }
    },
    "1": {
      "type": "intermediate",
      "in_degree": 1,
      "out_degree": 3,
      "betweenness": 0.029411764705882353,
      "closeness": 0.029411764705882353,
      "pagerank": 0.036637094958831384,
      "degree_centrality": 0.11764705882352941,
      "cpd": {
        "values": [
          0.6099839837851171,
          0.6439322996952649,
          0.3900160162148829,
          0.35606770030473517
        ],
        "evidence": [
          0
        ],
        "evidence_card": [
          2
        ]
      }
    },
    "2": {
      "type": "intermediate",
      "in_degree": 1,
      "out_degree": 3,
      "betweenness": 0.0106951871657754,
      "closeness": 0.0392156862745098,
      "pagerank": 0.03018440949154324,
      "degree_centrality": 0.11764705882352941,
      "cpd": {
        "values": [
          0.07817972583158686,
          0.8414554274180913,
          0.9218202741684132,
          0.1585445725819087
        ],
        "evidence": [
          1
        ],
        "evidence_card": [
          2
        ]
      }
    },
    "3": {
      "type": "intermediate",
      "in_degree": 1,
      "out_degree": 4,
      "betweenness": 0.0213903743315508,
      "closeness": 0.0392156862745098,
      "pagerank": 0.03018440949154324,
      "degree_centrality": 0.14705882352941177,
      "cpd": {
        "values": [
          0.8378160155058593,
          0.051752018478843566,
          0.16218398449414076,
          0.9482479815211564
        ],
        "evidence": [
          1
        ],
        "evidence_card": [
          2
        ]
      }
    },
    "4": {
      "type": "intermediate",
      "in_degree": 1,
      "out_degree": 4,
      "betweenness": 0.0213903743315508,
      "closeness": 0.0392156862745098,
      "pagerank": 0.03018440949154324,
      "degree_centrality": 0.14705882352941177,
      "cpd": {
        "values": [
          0.8961821771590122,
          0.7581603281525415,
          0.10381782284098784,
          0.24183967184745853
        ],
        "evidence": [
          1
        ],
        "evidence_card": [
          2
        ]
      }
    },
    "5": {
      "type": "intermediate",
      "in_degree": 1,
      "out_degree": 3,
      "betweenness": 0.00802139037433155,
      "closeness": 0.04411764705882353,
      "pagerank": 0.02621818603814731,
      "degree_centrality": 0.11764705882352941,
      "cpd": {
        "values": [
          0.2597104750676665,
          0.8634204135359159,
          0.7402895249323335,
          0.1365795864640842
        ],
        "evidence": [
          4
        ],
        "evidence_card": [
          2
        ]
      }
    },
    "6": {
      "type": "intermediate",
      "in_degree": 1,
      "out_degree": 3,
      "betweenness": 0.00802139037433155,
      "closeness": 0.04411764705882353,
      "pagerank": 0.02621818603814731,
      "degree_centrality": 0.11764705882352941,
      "cpd": {
        "values": [
          0.3987970602322842,
          0.5129764104253014,
          0.6012029397677158,
          0.48702358957469866
        ],
        "evidence": [
          4
        ],
        "evidence_card": [
          2
        ]
      }
    },
    "7": {
      "type": "intermediate",
      "in_degree": 1,
      "out_degree": 2,
      "betweenness": 0.0053475935828877,
      "closeness": 0.04411764705882353,
      "pagerank": 0.02621818603814731,
      "degree_centrality": 0.08823529411764705,
      "cpd": {
        "values": [
          0.5491781306750064,
          0.4981985171567462,
          0.4508218693249935,
          0.5018014828432539
        ],
        "evidence": [
          4
        ],
        "evidence_card": [
          2
        ]
      }
    },
    "8": {
      "type": "leaf",
      "in_degree": 1,
      "out_degree": 0,
      "betweenness": 0.0,
      "closeness": 0.047058823529411764,
      "pagerank": 0.030946548257925248,
      "degree_centrality": 0.029411764705882353,
      "cpd": {
        "values": [
          0.4682183897269621,
          0.05303113591021828,
          0.5317816102730379,
          0.9469688640897818
        ],
        "evidence": [
          7
        ],
        "evidence_card": [
          2
        ]
      }
    },
    "9": {
      "type": "leaf",
      "in_degree": 1,
      "out_degree": 0,
      "betweenness": 0.0,
      "closeness": 0.047058823529411764,
      "pagerank": 0.030946548257925248,
      "degree_centrality": 0.029411764705882353,
      "cpd": {
        "values": [
          0.43657826343227935,
          0.42066854553533645,
          0.5634217365677207,
          0.5793314544646635
        ],
        "evidence": [
          7
        ],
        "evidence_card": [
          2
        ]
      }
    },
    "10": {
      "type": "leaf",
      "in_degree": 1,
      "out_degree": 0,
      "betweenness": 0.0,
      "closeness": 0.047058823529411764,
      "pagerank": 0.02723236611632455,
      "degree_centrality": 0.029411764705882353,
      "cpd": {
        "values": [
          0.26472294886819486,
          0.21162058429044492,
          0.7352770511318052,
          0.788379415709555
        ],
        "evidence": [
          6
        ],
        "evidence_card": [
          2
        ]
      }
    },
    "11": {
      "type": "leaf",
      "in_degree": 1,
      "out_degree": 0,
      "betweenness": 0.0,
      "closeness": 0.047058823529411764,
      "pagerank": 0.02723236611632455,
      "degree_centrality": 0.029411764705882353,
      "cpd": {
        "values": [
          0.8629637855178611,
          0.6215051284220537,
          0.1370362144821389,
          0.3784948715779463
        ],
        "evidence": [
          6
        ],
        "evidence_card": [
          2
        ]
      }
    },
    "12": {
      "type": "leaf",
      "in_degree": 1,
      "out_degree": 0,
      "betweenness": 0.0,
      "closeness": 0.047058823529411764,
      "pagerank": 0.02723236611632455,
      "degree_centrality": 0.029411764705882353,
      "cpd": {
        "values": [
          0.4650469012228311,
          0.3765271060447499,
          0.5349530987771689,
          0.6234728939552501
        ],
        "evidence": [
          6
        ],
        "evidence_card": [
          2
        ]
      }
    },
    "13": {
      "type": "leaf",
      "in_degree": 1,
      "out_degree": 0,
      "betweenness": 0.0,
      "closeness": 0.047058823529411764,
      "pagerank": 0.02723236611632455,
      "degree_centrality": 0.029411764705882353,
      "cpd": {
        "values": [
          0.7272354235441387,
          0.5604790141997766,
          0.2727645764558612,
          0.4395209858002234
        ],
        "evidence": [
          5
        ],
        "evidence_card": [
          2
        ]
      }
    },
    "14": {
      "type": "leaf",
      "in_degree": 1,
      "out_degree": 0,
      "betweenness": 0.0,
      "closeness": 0.047058823529411764,
      "pagerank": 0.02723236611632455,
      "degree_centrality": 0.029411764705882353,
      "cpd": {
        "values": [
          0.06639226110322805,
          0.8908188258499419,
          0.933607738896772,
          0.10918117415005811
        ],
        "evidence": [
          5
        ],
        "evidence_card": [
          2
        ]
      }
    },
    "15": {
      "type": "leaf",
      "in_degree": 1,
      "out_degree": 0,
      "betweenness": 0.0,
      "closeness": 0.047058823529411764,
      "pagerank": 0.02723236611632455,
      "degree_centrality": 0.029411764705882353,