{
  "graph_index": 9593,
  "nodes": {
    "0": {
      "type": "root",
      "in_degree": 0,
      "out_degree": 1,
      "betweenness": 0.0,
      "closeness": 0.0,
      "pagerank": 0.03624454045234832,
      "degree_centrality": 0.0625,
      "cpd": {
        "values": [
          0.5,
          0.5,
          0.0,
          0.0
        ],
        "evidence": [],
        "evidence_card": []
      }
    },
    "1": {
      "type": "intermediate",
      "in_degree": 1,
      "out_degree": 2,
      "betweenness": 0.0625,
      "closeness": 0.0625,
      "pagerank": 0.06705347806473184,
      "degree_centrality": 0.1875,
      "cpd": {
        "values": [
          0.3130362821528204,
          0.5590348648637701,
          0.6869637178471796,
          0.44096513513623004
        ],
        "evidence": [
          0
        ],
        "evidence_card": [
          2
        ]
      }
    },
    "2": {
      "type": "intermediate",
      "in_degree": 1,
      "out_degree": 2,
      "betweenness": 0.06666666666666667,
      "closeness": 0.08333333333333333,
      "pagerank": 0.06474355479158696,
      "degree_centrality": 0.1875,
      "cpd": {
        "values": [
          0.45669601530890164,
          0.07152515678691275,
          0.5433039846910984,
          0.9284748432130873
        ],
        "evidence": [
          1
        ],
        "evidence_card": [
          2
        ]
      }
    },
    "3": {
      "type": "intermediate",
      "in_degree": 1,
      "out_degree": 1,
      "betweenness": 0.041666666666666664,
      "closeness": 0.08333333333333333,
      "pagerank": 0.06474355479158696,
      "degree_centrality": 0.125,
      "cpd": {
        "values": [
          0.9238210852675258,
          0.2823047577844783,
          0.0761789147324742,
          0.7176952422155217
        ],
        "evidence": [
          1
        ],
        "evidence_card": [
          2
        ]
      }
    },
    "4": {
      "type": "intermediate",
      "in_degree": 1,
      "out_degree": 4,
      "betweenness": 0.05,
      "closeness": 0.09375,
      "pagerank": 0.09127526215745793,
      "degree_centrality": 0.3125,
      "cpd": {
        "values": [
          0.4747637500127601,
          0.9988311111012538,
          0.52523624998724,
          0.001168888898746224
        ],
        "evidence": [
          3
        ],
        "evidence_card": [
          2
        ]
      }
    },
    "5": {
      "type": "leaf",
      "in_degree": 1,
      "out_degree": 0,
      "betweenness": 0.0,
      "closeness": 0.1,
      "pagerank": 0.05564022357692519,
      "degree_centrality": 0.0625,
      "cpd": {
        "values": [
          0.4990732547815667,
          0.5457672986351919,
          0.5009267452184332,
          0.4542327013648081
        ],
        "evidence": [
          4
        ],
        "evidence_card": [
          2
        ]
      }
    },
    "6": {
      "type": "leaf",
      "in_degree": 1,
      "out_degree": 0,
      "betweenness": 0.0,
      "closeness": 0.1,
      "pagerank": 0.05564022357692519,
      "degree_centrality": 0.0625,
      "cpd": {
        "values": [
          0.3547502148931732,
          0.7174011016966273,
          0.6452497851068268,
          0.2825988983033727
        ],
        "evidence": [
          4
        ],
        "evidence_card": [
          2
        ]
      }
    },
    "7": {
      "type": "leaf",
      "in_degree": 1,
      "out_degree": 0,
      "betweenness": 0.0,
      "closeness": 0.1,
      "pagerank": 0.05564022357692519,
      "degree_centrality": 0.0625,
      "cpd": {
        "values": [
          0.10133300128462318,
          0.8252514997730724,
          0.8986669987153768,
          0.1747485002269275
        ],
        "evidence": [
          4
        ],
        "evidence_card": [
          2
        ]
      }
    },
    "8": {
      "type": "leaf",
      "in_degree": 1,
      "out_degree": 0,
      "betweenness": 0.0,
      "closeness": 0.1,
      "pagerank": 0.05564022357692519,
      "degree_centrality": 0.0625,
      "cpd": {
        "values": [
          0.5912047811691499,
          0.6857059380208297,
          0.4087952188308501,
          0.3142940619791702
        ],
        "evidence": [
          4
        ],
        "evidence_card": [
          2
        ]
      }
    },
    "9": {
      "type": "intermediate",
      "in_degree": 1,
      "out_degree": 2,
      "betweenness": 0.025,
      "closeness": 0.09375,
      "pagerank": 0.06375990130490312,
      "degree_centrality": 0.1875,
      "cpd": {
        "values": [
          0.7275271100375936,
          0.9705477420267964,
          0.2724728899624065,
          0.029452257973203656
        ],
        "evidence": [
          2
        ],
        "evidence_card": [
          2
        ]
      }
    },
    "10": {
      "type": "intermediate",
      "in_degree": 1,
      "out_degree": 4,
      "betweenness": 0.05,
      "closeness": 0.09375,
      "pagerank": 0.06375990130490312,
      "degree_centrality": 0.3125,
      "cpd": {
        "values": [
          0.5152639640246182,
          0.50368884257498,
          0.48473603597538184,
          0.49631115742502
        ],
        "evidence": [
          2
        ],
        "evidence_card": [
          2
        ]
      }
    },
    "11": {
      "type": "leaf",
      "in_degree": 1,
      "out_degree": 0,
      "betweenness": 0.0,
      "closeness": 0.1,
      "pagerank": 0.0497934992161847,
      "degree_centrality": 0.0625,
      "cpd": {
        "values": [
          0.7596650123952333,
          0.9740844217576851,
          0.24033498760476665,
          0.02591557824231497
        ],
        "evidence": [
          10
        ],
        "evidence_card": [
          2
        ]
      }
    },
    "12": {
      "type": "leaf",
      "in_degree": 1,
      "out_degree": 0,
      "betweenness": 0.0,
      "closeness": 0.1,
      "pagerank": 0.0497934992161847,
      "degree_centrality": 0.0625,
      "cpd": {
        "values": [
          0.6565467031996002,
          0.31942490260225453,
          0.34345329680039993,
          0.6805750973977455
        ],
        "evidence": [
          10
        ],
        "evidence_card": [
          2
        ]
      }
    },
    "13": {
      "type": "leaf",
      "in_degree": 1,
      "out_degree": 0,
      "betweenness": 0.0,
      "closeness": 0.1,
      "pagerank": 0.0497934992161847,
      "degree_centrality": 0.0625,
      "cpd": {
        "values": [
          0.446581943480505,
          0.45298160845445873,
          0.5534180565194949,
          0.5470183915455412
        ],
        "evidence": [
          10
        ],
        "evidence_card": [
          2
        ]
      }
    },
    "14": {
      "type": "leaf",
      "in_degree": 1,
      "out_degree": 0,
      "betweenness": 0.0,
      "closeness": 0.1,
      "pagerank": 0.0497934992161847,
      "degree_centrality": 0.0625,
      "cpd": {
        "values": [
          0.4150532216983361,
          0.5074310078334257,
          0.584946778301664,
          0.49256899216657435
        ],
        "evidence": [
          10
        ],
        "evidence_card": [
          2
        ]
      }
    },
    "15": {
      "type": "leaf",
      "in_degree": 1,
      "out_degree": 0,
      "betweenness": 0.0,
      "closeness": 0.1,
      "pagerank": 0.06334245798002108,
      "degree_centrality": 0.0625,
      "cpd": {
        "values": [
          0.24799120853954312,
          0.9078850333715957,
          0.7520087914604568,
          0.09211496662840434
        ],
        "evidence": [
          9
        ],
        "evidence_card": [
          2
        ]
      }
    },
    "16": {
      "type": "leaf",
      "in_degree": 1,
      "out_degree": 0,
      "betweenness": 0.0,
      "closeness": 0.1,
      "pagerank": 0.06334245798002108,
      "degree_centrality": 0.0625,