{
  "graph_index": 1322,
  "nodes": {
    "0": {
      "type": "root",
      "in_degree": 0,
      "out_degree": 1,
      "betweenness": 0.0,
      "closeness": 0.0,
      "pagerank": 0.02738232613618622,
      "degree_centrality": 0.045454545454545456,
      "cpd": {
        "values": [
          0.5,
          0.5,
          0.0,
          0.0
        ],
        "evidence": [],
        "evidence_card": []
      }
    },
    "1": {
      "type": "intermediate",
      "in_degree": 1,
      "out_degree": 3,
      "betweenness": 0.045454545454545456,
      "closeness": 0.045454545454545456,
      "pagerank": 0.05065771361884727,
      "degree_centrality": 0.18181818181818182,
      "cpd": {
        "values": [
          0.9084012143015066,
          0.9388280274978005,
          0.09159878569849342,
          0.061171972502199565
        ],
        "evidence": [
          0
        ],
        "evidence_card": [
          2
        ]
      }
    },
    "2": {
      "type": "intermediate",
      "in_degree": 1,
      "out_degree": 4,
      "betweenness": 0.04329004329004329,
      "closeness": 0.06060606060606061,
      "pagerank": 0.041735316064988856,
      "degree_centrality": 0.2272727272727273,
      "cpd": {
        "values": [
          0.09102749678902991,
          0.09969763044226998,
          0.90897250321097,
          0.90030236955773
        ],
        "evidence": [
          1
        ],
        "evidence_card": [
          2
        ]
      }
    },
    "3": {
      "type": "intermediate",
      "in_degree": 1,
      "out_degree": 3,
      "betweenness": 0.021645021645021644,
      "closeness": 0.06060606060606061,
      "pagerank": 0.041735316064988856,
      "degree_centrality": 0.18181818181818182,
      "cpd": {
        "values": [
          0.14711362302440617,
          0.5050954811139512,
          0.8528863769755939,
          0.4949045188860488
        ],
        "evidence": [
          1
        ],
        "evidence_card": [
          2
        ]
      }
    },
    "4": {
      "type": "intermediate",
      "in_degree": 1,
      "out_degree": 2,
      "betweenness": 0.012987012987012988,
      "closeness": 0.06060606060606061,
      "pagerank": 0.041735316064988856,
      "degree_centrality": 0.13636363636363635,
      "cpd": {
        "values": [
          0.6359879524782159,
          0.4625361746953632,
          0.3640120475217841,
          0.5374638253046369
        ],
        "evidence": [
          1
        ],
        "evidence_card": [
          2
        ]
      }
    },
    "5": {
      "type": "intermediate",
      "in_degree": 1,
      "out_degree": 1,
      "betweenness": 0.006493506493506494,
      "closeness": 0.06818181818181818,
      "pagerank": 0.04511981174686373,
      "degree_centrality": 0.09090909090909091,
      "cpd": {
        "values": [
          0.765306751331588,
          0.2644059729095126,
          0.23469324866841199,
          0.7355940270904874
        ],
        "evidence": [
          4
        ],
        "evidence_card": [
          2
        ]
      }
    },
    "6": {
      "type": "leaf",
      "in_degree": 1,
      "out_degree": 0,
      "betweenness": 0.0,
      "closeness": 0.07272727272727274,
      "pagerank": 0.06573464484631238,
      "degree_centrality": 0.045454545454545456,
      "cpd": {
        "values": [
          0.7964734921880775,
          0.49357029146913084,
          0.2035265078119225,
          0.5064297085308692
        ],
        "evidence": [
          5
        ],
        "evidence_card": [
          2
        ]
      }
    },
    "7": {
      "type": "intermediate",
      "in_degree": 1,
      "out_degree": 1,
      "betweenness": 0.006493506493506494,
      "closeness": 0.06818181818181818,
      "pagerank": 0.03920731654330456,
      "degree_centrality": 0.09090909090909091,
      "cpd": {
        "values": [
          0.7676520071712004,
          0.48805862426357366,
          0.2323479928287996,
          0.5119413757364263
        ],
        "evidence": [
          3
        ],
        "evidence_card": [
          2
        ]
      }
    },
    "8": {
      "type": "intermediate",
      "in_degree": 1,
      "out_degree": 2,
      "betweenness": 0.008658008658008658,
      "closeness": 0.06818181818181818,
      "pagerank": 0.03920731654330456,
      "degree_centrality": 0.13636363636363635,
      "cpd": {
        "values": [
          0.9184796948942511,
          0.43538476925302383,
          0.08152030510574888,
          0.5646152307469762
        ],
        "evidence": [
          3
        ],
        "evidence_card": [
          2
        ]
      }
    },
    "9": {
      "type": "leaf",
      "in_degree": 2,
      "out_degree": 0,
      "betweenness": 0.0,
      "closeness": 0.12626262626262627,
      "pagerank": 0.05291440642534387,
      "degree_centrality": 0.09090909090909091,
      "cpd": {
        "values": [
          0.551956352575346,
          0.9433163121592204,
          0.843007761295253,
          0.6993811263308192
        ],
        "evidence": [
          2,
          8
        ],
        "evidence_card": [
          2,
          2
        ]
      }
    },
    "10": {
      "type": "leaf",
      "in_degree": 1,
      "out_degree": 0,
      "betweenness": 0.0,
      "closeness": 0.07272727272727274,
      "pagerank": 0.044045663620005115,
      "degree_centrality": 0.045454545454545456,
      "cpd": {
        "values": [
          0.4939645688577973,
          0.8478891872525545,
          0.5060354311422026,
          0.1521108127474455
        ],
        "evidence": [
          8
        ],
        "evidence_card": [
          2
        ]
      }
    },
    "11": {
      "type": "leaf",
      "in_degree": 1,
      "out_degree": 0,
      "betweenness": 0.0,
      "closeness": 0.07272727272727274,
      "pagerank": 0.06070900110382402,
      "degree_centrality": 0.045454545454545456,
      "cpd": {
        "values": [
          0.8125599295318874,
          0.6942627723863597,
          0.1874400704681126,
          0.30573722761364025
        ],
        "evidence": [
          7
        ],
        "evidence_card": [
          2
        ]
      }
    },
    "12": {
      "type": "intermediate",
      "in_degree": 1,
      "out_degree": 1,
      "betweenness": 0.006493506493506494,
      "closeness": 0.06818181818181818,
      "pagerank": 0.036251068941524967,
      "degree_centrality": 0.09090909090909091,
      "cpd": {
        "values": [
          0.42499410174597896,
          0.6029801460819267,
          0.575005898254021,
          0.39701985391807315
        ],
        "evidence": [
          2
        ],
        "evidence_card": [
          2
        ]
      }
    },
    "13": {
      "type": "intermediate",
      "in_degree": 1,
      "out_degree": 4,
      "betweenness": 0.021645021645021644,
      "closeness": 0.06818181818181818,
      "pagerank": 0.036251068941524967,
      "degree_centrality": 0.2272727272727273,
      "cpd": {
        "values": [
          0.8668573753221849,
          0.3018305272835955,
          0.13314262467781515,
          0.6981694727164045
        ],
        "evidence": [
          2
        ],
        "evidence_card": [
          2
        ]
      }
    },
    "14": {
      "type": "intermediate",
      "in_degree": 1,
      "out_degree": 3,
      "betweenness": 0.015151515151515152,
      "closeness": 0.06818181818181818,
      "pagerank": 0.036251068941524967,
      "degree_centrality": 0.18181818181818182,
      "cpd": {
        "values": [
          0.9117225004403063,
          0.16225693732061633,
          0.08827749955969362,
          0.8377430626793837
        ],
        "evidence": [
          2
        ],
        "evidence_card": [
          2
        ]
      }
    },
    "15": {
      "type": "leaf",
      "in_degree": 1,
      "out_degree": 0,
      "betweenness": 0.0,
      "closeness": 0.07272727272727274,
      "pagerank": 0.03765361050165076,