{
  "graph_index": 902,
  "nodes": {
    "0": {
      "type": "root",
      "in_degree": 0,
      "out_degree": 2,
      "betweenness": 0.0,
      "closeness": 0.0,
      "pagerank": 0.027646966621445397,
      "degree_centrality": 0.10526315789473684,
      "cpd": {
        "values": [
          0.5,
          0.5,
          0.0,
          0.0
        ],
        "evidence": [],
        "evidence_card": []
      }
    },
    "1": {
      "type": "intermediate",
      "in_degree": 1,
      "out_degree": 3,
      "betweenness": 0.029239766081871343,
      "closeness": 0.05263157894736842,
      "pagerank": 0.03939699750317361,
      "degree_centrality": 0.21052631578947367,
      "cpd": {
        "values": [
          0.6069464621881138,
          0.4652807634281471,
          0.39305353781188623,
          0.5347192365718529
        ],
        "evidence": [
          0
        ],
        "evidence_card": [
          2
        ]
      }
    },
    "2": {
      "type": "intermediate",
      "in_degree": 1,
      "out_degree": 2,
      "betweenness": 0.02046783625730994,
      "closeness": 0.05263157894736842,
      "pagerank": 0.03939699750317361,
      "degree_centrality": 0.15789473684210525,
      "cpd": {
        "values": [
          0.5303346252481158,
          0.5815308655620496,
          0.4696653747518843,
          0.4184691344379505
        ],
        "evidence": [
          0
        ],
        "evidence_card": [
          2
        ]
      }
    },
    "3": {
      "type": "intermediate",
      "in_degree": 1,
      "out_degree": 2,
      "betweenness": 0.029239766081871343,
      "closeness": 0.07017543859649122,
      "pagerank": 0.04439075159597139,
      "degree_centrality": 0.15789473684210525,
      "cpd": {
        "values": [
          0.3295039899282485,
          0.4849819860839887,
          0.6704960100717516,
          0.5150180139160113
        ],
        "evidence": [
          2
        ],
        "evidence_card": [
          2
        ]
      }
    },
    "4": {
      "type": "intermediate",
      "in_degree": 1,
      "out_degree": 2,
      "betweenness": 0.014619883040935672,
      "closeness": 0.07894736842105263,
      "pagerank": 0.04651333926803709,
      "degree_centrality": 0.15789473684210525,
      "cpd": {
        "values": [
          0.9563650193085348,
          0.20096969582736865,
          0.04363498069146528,
          0.7990303041726313
        ],
        "evidence": [
          3
        ],
        "evidence_card": [
          2
        ]
      }
    },
    "5": {
      "type": "intermediate",
      "in_degree": 1,
      "out_degree": 2,
      "betweenness": 0.014619883040935672,
      "closeness": 0.07894736842105263,
      "pagerank": 0.04651333926803709,
      "degree_centrality": 0.15789473684210525,
      "cpd": {
        "values": [
          0.40803814268615973,
          0.6782104439375994,
          0.5919618573138403,
          0.32178955606240056
        ],
        "evidence": [
          3
        ],
        "evidence_card": [
          2
        ]
      }
    },
    "6": {
      "type": "leaf",
      "in_degree": 1,
      "out_degree": 0,
      "betweenness": 0.0,
      "closeness": 0.08421052631578947,
      "pagerank": 0.0474153008966081,
      "degree_centrality": 0.05263157894736842,
      "cpd": {
        "values": [
          0.5110448788774536,
          0.9239048815020919,
          0.4889551211225464,
          0.07609511849790802
        ],
        "evidence": [
          5
        ],
        "evidence_card": [
          2
        ]
      }
    },
    "7": {
      "type": "leaf",
      "in_degree": 2,
      "out_degree": 0,
      "betweenness": 0.0,
      "closeness": 0.15789473684210525,
      "pagerank": 0.06390955962157864,
      "degree_centrality": 0.10526315789473684,
      "cpd": {
        "values": [
          0.4303803289862965,
          0.5383993679672382,
          0.9760682204962047,
          0.09249081239302614
        ],
        "evidence": [
          12,
          5
        ],
        "evidence_card": [
          2,
          2
        ]
      }
    },
    "8": {
      "type": "leaf",
      "in_degree": 2,
      "out_degree": 0,
      "betweenness": 0.0,
      "closeness": 0.15789473684210525,
      "pagerank": 0.06390955962157864,
      "degree_centrality": 0.10526315789473684,
      "cpd": {
        "values": [
          0.5898775642116535,
          0.5464871414463109,
          0.29947589113021633,
          0.43345590388762095
        ],
        "evidence": [
          10,
          4
        ],
        "evidence_card": [
          2,
          2
        ]
      }
    },
    "9": {
      "type": "leaf",
      "in_degree": 1,
      "out_degree": 0,
      "betweenness": 0.0,
      "closeness": 0.08421052631578947,
      "pagerank": 0.0474153008966081,
      "degree_centrality": 0.05263157894736842,
      "cpd": {
        "values": [
          0.35015898883132063,
          0.6072078243939861,
          0.6498410111686794,
          0.3927921756060139
        ],
        "evidence": [
          4
        ],
        "evidence_card": [
          2
        ]
      }
    },
    "10": {
      "type": "intermediate",
      "in_degree": 1,
      "out_degree": 2,
      "betweenness": 0.017543859649122806,
      "closeness": 0.07017543859649122,
      "pagerank": 0.03880948993779606,
      "degree_centrality": 0.15789473684210525,
      "cpd": {
        "values": [
          0.5229591587230128,
          0.5551875980767088,
          0.4770408412769872,
          0.4448124019232912
        ],
        "evidence": [
          1
        ],
        "evidence_card": [
          2
        ]
      }
    },
    "11": {
      "type": "intermediate",
      "in_degree": 1,
      "out_degree": 1,
      "betweenness": 0.005847953216374269,
      "closeness": 0.07017543859649122,
      "pagerank": 0.03880948993779606,
      "degree_centrality": 0.10526315789473684,
      "cpd": {
        "values": [
          0.5146446124239564,
          0.3968157601990951,
          0.4853553875760435,
          0.603184239800905
        ],
        "evidence": [
          1
        ],
        "evidence_card": [
          2
        ]
      }
    },
    "12": {
      "type": "intermediate",
      "in_degree": 1,
      "out_degree": 2,
      "betweenness": 0.023391812865497075,
      "closeness": 0.07017543859649122,
      "pagerank": 0.03880948993779606,
      "degree_centrality": 0.15789473684210525,
      "cpd": {
        "values": [
          0.3201093758159174,
          0.10389622951980557,
          0.6798906241840826,
          0.8961037704801944
        ],
        "evidence": [
          1
        ],
        "evidence_card": [
          2
        ]
      }
    },
    "13": {
      "type": "intermediate",
      "in_degree": 1,
      "out_degree": 2,
      "betweenness": 0.017543859649122806,
      "closeness": 0.07894736842105263,
      "pagerank": 0.04414122534641593,
      "degree_centrality": 0.15789473684210525,
      "cpd": {
        "values": [
          0.6347332239885727,
          0.8981464223320934,
          0.36526677601142726,
          0.10185357766790665
        ],
        "evidence": [
          12
        ],
        "evidence_card": [
          2
        ]
      }
    },
    "14": {
      "type": "leaf",
      "in_degree": 1,
      "out_degree": 0,
      "betweenness": 0.0,
      "closeness": 0.08421052631578947,
      "pagerank": 0.046407117796395864,
      "degree_centrality": 0.05263157894736842,
      "cpd": {
        "values": [
          0.4126044525259761,
          0.8549128291504109,
          0.5873955474740239,
          0.14508717084958916
        ],
        "evidence": [
          13
        ],
        "evidence_card": [
          2
        ]
      }
    },
    "15": {
      "type": "leaf",
      "in_degree": 1,
      "out_degree": 0,
      "betweenness": 0.0,
      "closeness": 0.08421052631578947,
      "pagerank": 0.046407117796395864,