{
  "graph_index": 2457,
  "nodes": {
    "0": {
      "type": "root",
      "in_degree": 0,
      "out_degree": 1,
      "betweenness": 0.0,
      "closeness": 0.0,
      "pagerank": 0.06984373686140391,
      "degree_centrality": 0.16666666666666666,
      "cpd": {
        "values": [
          0.5,
          0.5,
          0.0,
          0.0
        ],
        "evidence": [],
        "evidence_card": []
      }
    },
    "1": {
      "type": "intermediate",
      "in_degree": 1,
      "out_degree": 1,
      "betweenness": 0.16666666666666666,
      "closeness": 0.16666666666666666,
      "pagerank": 0.12921091794545894,
      "degree_centrality": 0.3333333333333333,
      "cpd": {
        "values": [
          0.5335190622898965,
          0.541027759707339,
          0.4664809377101034,
          0.4589722402926611
        ],
        "evidence": [
          0
        ],
        "evidence_card": [
          2
        ]
      }
    },
    "2": {
      "type": "intermediate",
      "in_degree": 1,
      "out_degree": 1,
      "betweenness": 0.26666666666666666,
      "closeness": 0.2222222222222222,
      "pagerank": 0.17967220533880993,
      "degree_centrality": 0.3333333333333333,
      "cpd": {
        "values": [
          0.9026326198275963,
          0.39558453341980043,
          0.09736738017240361,
          0.6044154665801996
        ],
        "evidence": [
          1
        ],
        "evidence_card": [
          2
        ]
      }
    },
    "3": {
      "type": "intermediate",
      "in_degree": 1,
      "out_degree": 3,
      "betweenness": 0.3,
      "closeness": 0.25,
      "pagerank": 0.2225634683884414,
      "degree_centrality": 0.6666666666666666,
      "cpd": {
        "values": [
          0.5125142736386267,
          0.5628992366146869,
          0.48748572636137333,
          0.4371007633853131
        ],
        "evidence": [
          2
        ],
        "evidence_card": [
          2
        ]
      }
    },
    "4": {
      "type": "leaf",
      "in_degree": 1,
      "out_degree": 0,
      "betweenness": 0.0,
      "closeness": 0.26666666666666666,
      "pagerank": 0.13290322382196185,
      "degree_centrality": 0.16666666666666666,
      "cpd": {
        "values": [
          0.28655520621901126,
          0.5016886702921455,
          0.7134447937809887,
          0.4983113297078545
        ],
        "evidence": [
          3
        ],
        "evidence_card": [
          2
        ]
      }
    },
    "5": {
      "type": "leaf",
      "in_degree": 1,
      "out_degree": 0,
      "betweenness": 0.0,
      "closeness": 0.26666666666666666,
      "pagerank": 0.13290322382196185,
      "degree_centrality": 0.16666666666666666,
      "cpd": {
        "values": [
          0.5895197777608453,
          0.659754919237697,
          0.41048022223915476,
          0.34024508076230287
        ],
        "evidence": [
          3
        ],
        "evidence_card": [
          2
        ]
      }
    },
    "6": {
      "type": "leaf",
      "in_degree": 1,
      "out_degree": 0,
      "betweenness": 0.0,
      "closeness": 0.26666666666666666,
      "pagerank": 0.13290322382196185,
      "degree_centrality": 0.16666666666666666,
      "cpd": {
        "values": [
          0.24517622873642628,
          0.08403167761996505,
          0.7548237712635738,
          0.915968322380035
        ],
        "evidence": [
          3
        ],
        "evidence_card": [
          2
        ]
      }
    }
  },
  "edges": [
    [
      0,
      1
    ],
    [
      1,
      2
    ],
    [
      2,
      3
    ],
    [
      3,
      4
    ],
    [
      3,
      5
    ],
    [
      3,
      6
    ]
  ]
}