{
  "graph_index": 6812,
  "nodes": {
    "0": {
      "type": "root",
      "in_degree": 0,
      "out_degree": 1,
      "betweenness": 0.0,
      "closeness": 0.0,
      "pagerank": 0.04344438708642701,
      "degree_centrality": 0.07692307692307693,
      "cpd": {
        "values": [
          0.5,
          0.5,
          0.0,
          0.0
        ],
        "evidence": [],
        "evidence_card": []
      }
    },
    "1": {
      "type": "intermediate",
      "in_degree": 1,
      "out_degree": 1,
      "betweenness": 0.07692307692307693,
      "closeness": 0.07692307692307693,
      "pagerank": 0.08037200160924998,
      "degree_centrality": 0.15384615384615385,
      "cpd": {
        "values": [
          0.5606524611133895,
          0.6304590800277191,
          0.43934753888661054,
          0.3695409199722809
        ],
        "evidence": [
          0
        ],
        "evidence_card": [
          2
        ]
      }
    },
    "2": {
      "type": "intermediate",
      "in_degree": 1,
      "out_degree": 3,
      "betweenness": 0.14102564102564102,
      "closeness": 0.10256410256410256,
      "pagerank": 0.11176149599601568,
      "degree_centrality": 0.3076923076923077,
      "cpd": {
        "values": [
          0.5871319703917517,
          0.03492194283667173,
          0.4128680296082483,
          0.9650780571633283
        ],
        "evidence": [
          1
        ],
        "evidence_card": [
          2
        ]
      }
    },
    "3": {
      "type": "intermediate",
      "in_degree": 1,
      "out_degree": 4,
      "betweenness": 0.07692307692307693,
      "closeness": 0.11538461538461539,
      "pagerank": 0.0751106980984387,
      "degree_centrality": 0.38461538461538464,
      "cpd": {
        "values": [
          0.7338704502815829,
          0.30899062857812276,
          0.26612954971841707,
          0.6910093714218772
        ],
        "evidence": [
          2
        ],
        "evidence_card": [
          2
        ]
      }
    },
    "4": {
      "type": "intermediate",
      "in_degree": 1,
      "out_degree": 2,
      "betweenness": 0.038461538461538464,
      "closeness": 0.11538461538461539,
      "pagerank": 0.0751106980984387,
      "degree_centrality": 0.23076923076923078,
      "cpd": {
        "values": [
          0.6397334510467764,
          0.7248534328975497,
          0.3602665489532236,
          0.27514656710245033
        ],
        "evidence": [
          2
        ],
        "evidence_card": [
          2
        ]
      }
    },
    "5": {
      "type": "intermediate",
      "in_degree": 1,
      "out_degree": 2,
      "betweenness": 0.038461538461538464,
      "closeness": 0.11538461538461539,
      "pagerank": 0.0751106980984387,
      "degree_centrality": 0.23076923076923078,
      "cpd": {
        "values": [
          0.3369825659264867,
          0.14650356230923853,
          0.6630174340735134,
          0.8534964376907614
        ],
        "evidence": [
          2
        ],
        "evidence_card": [
          2
        ]
      }
    },
    "6": {
      "type": "leaf",
      "in_degree": 1,
      "out_degree": 0,
      "betweenness": 0.0,
      "closeness": 0.12307692307692308,
      "pagerank": 0.0753668744733562,
      "degree_centrality": 0.07692307692307693,
      "cpd": {
        "values": [
          0.12729023412451393,
          0.6074801851850311,
          0.8727097658754861,
          0.392519814814969
        ],
        "evidence": [
          5
        ],
        "evidence_card": [
          2
        ]
      }
    },
    "7": {
      "type": "leaf",
      "in_degree": 1,
      "out_degree": 0,
      "betweenness": 0.0,
      "closeness": 0.12307692307692308,
      "pagerank": 0.0753668744733562,
      "degree_centrality": 0.07692307692307693,
      "cpd": {
        "values": [
          0.19847985321991013,
          0.6627935200400519,
          0.8015201467800899,
          0.3372064799599481
        ],
        "evidence": [
          5
        ],
        "evidence_card": [
          2
        ]
      }
    },
    "8": {
      "type": "leaf",
      "in_degree": 1,
      "out_degree": 0,
      "betweenness": 0.0,
      "closeness": 0.12307692307692308,
      "pagerank": 0.0753668744733562,
      "degree_centrality": 0.07692307692307693,
      "cpd": {
        "values": [
          0.8022073674663346,
          0.7528462578068514,
          0.1977926325336654,
          0.2471537421931485
        ],
        "evidence": [
          4
        ],
        "evidence_card": [
          2
        ]
      }
    },
    "9": {
      "type": "leaf",
      "in_degree": 1,
      "out_degree": 0,
      "betweenness": 0.0,
      "closeness": 0.12307692307692308,
      "pagerank": 0.0753668744733562,
      "degree_centrality": 0.07692307692307693,
      "cpd": {
        "values": [
          0.5038050257876245,
          0.6037698977247584,
          0.4961949742123756,
          0.3962301022752416
        ],
        "evidence": [
          4
        ],
        "evidence_card": [
          2
        ]
      }
    },
    "10": {
      "type": "leaf",
      "in_degree": 1,
      "out_degree": 0,
      "betweenness": 0.0,
      "closeness": 0.12307692307692308,
      "pagerank": 0.059405630779891604,
      "degree_centrality": 0.07692307692307693,
      "cpd": {
        "values": [
          0.8714496861256138,
          0.4072523330494971,
          0.12855031387438626,
          0.5927476669505028
        ],
        "evidence": [
          3
        ],
        "evidence_card": [
          2
        ]
      }
    },
    "11": {
      "type": "leaf",
      "in_degree": 1,
      "out_degree": 0,
      "betweenness": 0.0,
      "closeness": 0.12307692307692308,
      "pagerank": 0.059405630779891604,
      "degree_centrality": 0.07692307692307693,
      "cpd": {
        "values": [
          0.32078355309921575,
          0.5654867238797985,
          0.6792164469007842,
          0.43451327612020146
        ],
        "evidence": [
          3
        ],
        "evidence_card": [
          2
        ]
      }
    },
    "12": {
      "type": "leaf",
      "in_degree": 1,
      "out_degree": 0,
      "betweenness": 0.0,
      "closeness": 0.12307692307692308,
      "pagerank": 0.059405630779891604,
      "degree_centrality": 0.07692307692307693,
      "cpd": {
        "values": [
          0.09889291766187194,
          0.7865499038414867,
          0.9011070823381281,
          0.21345009615851324
        ],
        "evidence": [
          3
        ],
        "evidence_card": [
          2
        ]
      }
    },
    "13": {
      "type": "leaf",
      "in_degree": 1,
      "out_degree": 0,
      "betweenness": 0.0,
      "closeness": 0.12307692307692308,
      "pagerank": 0.059405630779891604,
      "degree_centrality": 0.07692307692307693,
      "cpd": {
        "values": [
          0.705118257639697,
          0.4448451835816706,
          0.29488174236030296,
          0.5551548164183293
        ],
        "evidence": [
          3
        ],
        "evidence_card": [
          2
        ]
      }
    }
  },
  "edges": [
    [
      0,
      1
    ],
    [
      1,
      2
    ],
    [
      2,
      3
    ],
    [
      2,
      4
    ],
    [
      2,
      5
    ],
    [
      3,
      10
    ],
    [
      3,
      11
    ],
    [
      3,
      12
    ],
    [
      3,
      13
    ],
    [
      4,
      8
    ],
    [
      4,
      9
    ],
    [
      5,
      6
    ],
    [
      5,
      7
    ]
  ]
}