{
  "graph_index": 8879,
  "nodes": {
    "0": {
      "type": "root",
      "in_degree": 0,
      "out_degree": 1,
      "betweenness": 0.0,
      "closeness": 0.0,
      "pagerank": 0.06984373686140391,
      "degree_centrality": 0.16666666666666666,
      "cpd": {
        "values": [
          0.5,
          0.5,
          0.0,
          0.0
        ],
        "evidence": [],
        "evidence_card": []
      }
    },
    "1": {
      "type": "intermediate",
      "in_degree": 1,
      "out_degree": 1,
      "betweenness": 0.16666666666666666,
      "closeness": 0.16666666666666666,
      "pagerank": 0.12921091794545894,
      "degree_centrality": 0.3333333333333333,
      "cpd": {
        "values": [
          0.06908094670543784,
          0.025163636310617896,
          0.9309190532945621,
          0.9748363636893821
        ],
        "evidence": [
          0
        ],
        "evidence_card": [
          2
        ]
      }
    },
    "2": {
      "type": "intermediate",
      "in_degree": 1,
      "out_degree": 1,
      "betweenness": 0.26666666666666666,
      "closeness": 0.2222222222222222,
      "pagerank": 0.17967220533880993,
      "degree_centrality": 0.3333333333333333,
      "cpd": {
        "values": [
          0.021637090003285477,
          0.46167320201100903,
          0.9783629099967145,
          0.538326797988991
        ],
        "evidence": [
          1
        ],
        "evidence_card": [
          2
        ]
      }
    },
    "3": {
      "type": "intermediate",
      "in_degree": 1,
      "out_degree": 3,
      "betweenness": 0.3,
      "closeness": 0.25,
      "pagerank": 0.2225634683884414,
      "degree_centrality": 0.6666666666666666,
      "cpd": {
        "values": [
          0.6894616360238999,
          0.3145695693596272,
          0.3105383639761002,
          0.6854304306403728
        ],
        "evidence": [
          2
        ],
        "evidence_card": [
          2
        ]
      }
    },
    "4": {
      "type": "leaf",
      "in_degree": 1,
      "out_degree": 0,
      "betweenness": 0.0,
      "closeness": 0.26666666666666666,
      "pagerank": 0.13290322382196185,
      "degree_centrality": 0.16666666666666666,
      "cpd": {
        "values": [
          0.25722159220284707,
          0.37077867103524237,
          0.742778407797153,
          0.6292213289647577
        ],
        "evidence": [
          3
        ],
        "evidence_card": [
          2
        ]
      }
    },
    "5": {
      "type": "leaf",
      "in_degree": 1,
      "out_degree": 0,
      "betweenness": 0.0,
      "closeness": 0.26666666666666666,
      "pagerank": 0.13290322382196185,
      "degree_centrality": 0.16666666666666666,
      "cpd": {
        "values": [
          0.732966465135583,
          0.493598493326335,
          0.26703353486441705,
          0.506401506673665
        ],
        "evidence": [
          3
        ],
        "evidence_card": [
          2
        ]
      }
    },
    "6": {
      "type": "leaf",
      "in_degree": 1,
      "out_degree": 0,
      "betweenness": 0.0,
      "closeness": 0.26666666666666666,
      "pagerank": 0.13290322382196185,
      "degree_centrality": 0.16666666666666666,
      "cpd": {
        "values": [
          0.4836136557173978,
          0.9087651654599835,
          0.5163863442826022,
          0.09123483454001644
        ],
        "evidence": [
          3
        ],
        "evidence_card": [
          2
        ]
      }
    }
  },
  "edges": [
    [
      0,
      1
    ],
    [
      1,
      2
    ],
    [
      2,
      3
    ],
    [
      3,
      4
    ],
    [
      3,
      5
    ],
    [
      3,
      6
    ]
  ]
}