{
  "graph_index": 6721,
  "nodes": {
    "0": {
      "type": "root",
      "in_degree": 0,
      "out_degree": 1,
      "betweenness": 0.0,
      "closeness": 0.0,
      "pagerank": 0.023449625827935194,
      "degree_centrality": 0.037037037037037035,
      "cpd": {
        "values": [
          0.5,
          0.5,
          0.0,
          0.0
        ],
        "evidence": [],
        "evidence_card": []
      }
    },
    "1": {
      "type": "intermediate",
      "in_degree": 1,
      "out_degree": 3,
      "betweenness": 0.03703703703703704,
      "closeness": 0.037037037037037035,
      "pagerank": 0.043381181803077234,
      "degree_centrality": 0.14814814814814814,
      "cpd": {
        "values": [
          0.9225250646822457,
          0.7560639237692875,
          0.07747493531775426,
          0.2439360762307125
        ],
        "evidence": [
          0
        ],
        "evidence_card": [
          2
        ]
      }
    },
    "2": {
      "type": "intermediate",
      "in_degree": 1,
      "out_degree": 3,
      "betweenness": 0.022792022792022793,
      "closeness": 0.04938271604938271,
      "pagerank": 0.03574069197826035,
      "degree_centrality": 0.14814814814814814,
      "cpd": {
        "values": [
          0.8077132792190076,
          0.550635481557402,
          0.19228672078099235,
          0.44936451844259795
        ],
        "evidence": [
          1
        ],
        "evidence_card": [
          2
        ]
      }
    },
    "3": {
      "type": "intermediate",
      "in_degree": 1,
      "out_degree": 4,
      "betweenness": 0.03418803418803419,
      "closeness": 0.04938271604938271,
      "pagerank": 0.03574069197826035,
      "degree_centrality": 0.18518518518518517,
      "cpd": {
        "values": [
          0.11066011501351788,
          0.36087326695087013,
          0.8893398849864822,
          0.6391267330491299
        ],
        "evidence": [
          1
        ],
        "evidence_card": [
          2
        ]
      }
    },
    "4": {
      "type": "intermediate",
      "in_degree": 1,
      "out_degree": 2,
      "betweenness": 0.008547008547008548,
      "closeness": 0.04938271604938271,
      "pagerank": 0.03574069197826035,
      "degree_centrality": 0.1111111111111111,
      "cpd": {
        "values": [
          0.9100662174078554,
          0.07390435874010118,
          0.08993378259214457,
          0.9260956412598988
        ],
        "evidence": [
          1
        ],
        "evidence_card": [
          2
        ]
      }
    },
    "5": {
      "type": "intermediate",
      "in_degree": 1,
      "out_degree": 1,
      "betweenness": 0.004273504273504274,
      "closeness": 0.05555555555555555,
      "pagerank": 0.03863935626772368,
      "degree_centrality": 0.07407407407407407,
      "cpd": {
        "values": [
          0.25143213497094624,
          0.7496829831592594,
          0.7485678650290538,
          0.25031701684074054
        ],
        "evidence": [
          4
        ],
        "evidence_card": [
          2
        ]
      }
    },
    "6": {
      "type": "leaf",
      "in_degree": 1,
      "out_degree": 0,
      "betweenness": 0.0,
      "closeness": 0.05925925925925926,
      "pagerank": 0.05629190055545537,
      "degree_centrality": 0.037037037037037035,
      "cpd": {
        "values": [
          0.1632651486631044,
          0.9015228919284073,
          0.8367348513368956,
          0.09847710807159271
        ],
        "evidence": [
          5
        ],
        "evidence_card": [
          2
        ]
      }
    },
    "7": {
      "type": "intermediate",
      "in_degree": 1,
      "out_degree": 2,
      "betweenness": 0.008547008547008548,
      "closeness": 0.05555555555555555,
      "pagerank": 0.031044491047829442,
      "degree_centrality": 0.1111111111111111,
      "cpd": {
        "values": [
          0.8889125012819272,
          0.024571969325816106,
          0.11108749871807282,
          0.9754280306741839
        ],
        "evidence": [
          3
        ],
        "evidence_card": [
          2
        ]
      }
    },
    "8": {
      "type": "intermediate",
      "in_degree": 1,
      "out_degree": 1,
      "betweenness": 0.004273504273504274,
      "closeness": 0.05555555555555555,
      "pagerank": 0.031044491047829442,
      "degree_centrality": 0.07407407407407407,
      "cpd": {
        "values": [
          0.5995351217409418,
          0.8110813944840427,
          0.4004648782590582,
          0.18891860551595716
        ],
        "evidence": [
          3
        ],
        "evidence_card": [
          2
        ]
      }
    },
    "9": {
      "type": "intermediate",
      "in_degree": 1,
      "out_degree": 3,
      "betweenness": 0.012820512820512822,
      "closeness": 0.05555555555555555,
      "pagerank": 0.031044491047829442,
      "degree_centrality": 0.14814814814814814,
      "cpd": {
        "values": [
          0.39715841049550704,
          0.18993077122798102,
          0.602841589504493,
          0.810069228772019
        ],
        "evidence": [
          3
        ],
        "evidence_card": [
          2
        ]
      }
    },
    "10": {
      "type": "intermediate",
      "in_degree": 1,
      "out_degree": 3,
      "betweenness": 0.009971509971509971,
      "closeness": 0.05555555555555555,
      "pagerank": 0.031044491047829442,
      "degree_centrality": 0.14814814814814814,
      "cpd": {
        "values": [
          0.09576957594507426,
          0.6033828284809388,
          0.9042304240549257,
          0.3966171715190612
        ],
        "evidence": [
          3
        ],
        "evidence_card": [
          2
        ]
      }
    },
    "11": {
      "type": "leaf",
      "in_degree": 2,
      "out_degree": 0,
      "betweenness": 0.0,
      "closeness": 0.102880658436214,
      "pagerank": 0.04237175123823789,
      "degree_centrality": 0.07407407407407407,
      "cpd": {
        "values": [
          0.6338235565563304,
          0.5788027577593048,
          0.08446462182826925,
          0.8289576606670311
        ],
        "evidence": [
          2,
          10
        ],
        "evidence_card": [
          2,
          2
        ]
      }
    },
    "12": {
      "type": "leaf",
      "in_degree": 1,
      "out_degree": 0,
      "betweenness": 0.0,
      "closeness": 0.05925925925925926,
      "pagerank": 0.0322452642783789,
      "degree_centrality": 0.037037037037037035,
      "cpd": {
        "values": [
          0.6421676583041721,
          0.8197386968620127,
          0.3578323416958277,
          0.18026130313798724
        ],
        "evidence": [
          10
        ],
        "evidence_card": [
          2
        ]
      }
    },
    "13": {
      "type": "leaf",
      "in_degree": 1,
      "out_degree": 0,
      "betweenness": 0.0,
      "closeness": 0.05925925925925926,
      "pagerank": 0.0322452642783789,
      "degree_centrality": 0.037037037037037035,
      "cpd": {
        "values": [
          0.13398594403039582,
          0.883736101808208,
          0.8660140559696041,
          0.11626389819179198
        ],
        "evidence": [
          10
        ],
        "evidence_card": [
          2
        ]
      }
    },
    "14": {
      "type": "leaf",
      "in_degree": 1,
      "out_degree": 0,
      "betweenness": 0.0,
      "closeness": 0.05925925925925926,
      "pagerank": 0.0322452642783789,
      "degree_centrality": 0.037037037037037035,
      "cpd": {
        "values": [
          0.3763663582817566,
          0.40863119760936517,
          0.6236336417182434,
          0.5913688023906349
        ],
        "evidence": [
          9
        ],
        "evidence_card": [
          2
        ]
      }
    },
    "15": {
      "type": "leaf",
      "in_degree": 1,
      "out_degree": 0,
      "betweenness": 0.0,
      "closeness": 0.05925925925925926,
      "pagerank": 0.0322452642783789,