{
  "graph_index": 8501,
  "nodes": {
    "0": {
      "type": "root",
      "in_degree": 0,
      "out_degree": 1,
      "betweenness": 0.0,
      "closeness": 0.0,
      "pagerank": 0.0416355931901674,
      "degree_centrality": 0.07142857142857142,
      "cpd": {
        "values": [
          0.5,
          0.5,
          0.0,
          0.0
        ],
        "evidence": [],
        "evidence_card": []
      }
    },
    "1": {
      "type": "intermediate",
      "in_degree": 1,
      "out_degree": 1,
      "betweenness": 0.07142857142857144,
      "closeness": 0.07142857142857142,
      "pagerank": 0.07702682731378077,
      "degree_centrality": 0.14285714285714285,
      "cpd": {
        "values": [
          0.9216931472285946,
          0.5648184917852185,
          0.07830685277140541,
          0.43518150821478163
        ],
        "evidence": [
          0
        ],
        "evidence_card": [
          2
        ]
      }
    },
    "2": {
      "type": "intermediate",
      "in_degree": 1,
      "out_degree": 3,
      "betweenness": 0.13186813186813187,
      "closeness": 0.09523809523809523,
      "pagerank": 0.10711006941152953,
      "degree_centrality": 0.2857142857142857,
      "cpd": {
        "values": [
          0.7050736068178857,
          0.6826542345812459,
          0.2949263931821143,
          0.31734576541875414
        ],
        "evidence": [
          1
        ],
        "evidence_card": [
          2
        ]
      }
    },
    "3": {
      "type": "intermediate",
      "in_degree": 1,
      "out_degree": 3,
      "betweenness": 0.049450549450549455,
      "closeness": 0.10714285714285714,
      "pagerank": 0.07198415074891551,
      "degree_centrality": 0.2857142857142857,
      "cpd": {
        "values": [
          0.5007908136497762,
          0.596664249599213,
          0.4992091863502238,
          0.4033357504007869
        ],
        "evidence": [
          2
        ],
        "evidence_card": [
          2
        ]
      }
    },
    "4": {
      "type": "intermediate",
      "in_degree": 1,
      "out_degree": 2,
      "betweenness": 0.03296703296703297,
      "closeness": 0.10714285714285714,
      "pagerank": 0.07198415074891551,
      "degree_centrality": 0.21428571428571427,
      "cpd": {
        "values": [
          0.20507820343887834,
          0.4435305030932175,
          0.7949217965611216,
          0.5564694969067825
        ],
        "evidence": [
          2
        ],
        "evidence_card": [
          2
        ]
      }
    },
    "5": {
      "type": "intermediate",
      "in_degree": 1,
      "out_degree": 4,
      "betweenness": 0.06593406593406594,
      "closeness": 0.10714285714285714,
      "pagerank": 0.07198415074891551,
      "degree_centrality": 0.3571428571428571,
      "cpd": {
        "values": [
          0.35042072343039044,
          0.5411512061664946,
          0.6495792765696096,
          0.45884879383350546
        ],
        "evidence": [
          2
        ],
        "evidence_card": [
          2
        ]
      }
    },
    "6": {
      "type": "leaf",
      "in_degree": 1,
      "out_degree": 0,
      "betweenness": 0.0,
      "closeness": 0.11428571428571428,
      "pagerank": 0.05693181978402317,
      "degree_centrality": 0.07142857142857142,
      "cpd": {
        "values": [
          0.9493005530089806,
          0.14318496896768898,
          0.05069944699101941,
          0.856815031032311
        ],
        "evidence": [
          5
        ],
        "evidence_card": [
          2
        ]
      }
    },
    "7": {
      "type": "leaf",
      "in_degree": 1,
      "out_degree": 0,
      "betweenness": 0.0,
      "closeness": 0.11428571428571428,
      "pagerank": 0.05693181978402317,
      "degree_centrality": 0.07142857142857142,
      "cpd": {
        "values": [
          0.9274286965897625,
          0.4712327277752571,
          0.07257130341023751,
          0.528767272224743
        ],
        "evidence": [
          5
        ],
        "evidence_card": [
          2
        ]
      }
    },
    "8": {
      "type": "leaf",
      "in_degree": 1,
      "out_degree": 0,
      "betweenness": 0.0,
      "closeness": 0.11428571428571428,
      "pagerank": 0.05693181978402317,
      "degree_centrality": 0.07142857142857142,
      "cpd": {
        "values": [
          0.7409102386614888,
          0.639190316671086,
          0.25908976133851114,
          0.36080968332891405
        ],
        "evidence": [
          5
        ],
        "evidence_card": [
          2
        ]
      }
    },
    "9": {
      "type": "leaf",
      "in_degree": 1,
      "out_degree": 0,
      "betweenness": 0.0,
      "closeness": 0.11428571428571428,
      "pagerank": 0.05693181978402317,
      "degree_centrality": 0.07142857142857142,
      "cpd": {
        "values": [
          0.5910257786570047,
          0.47616404254614464,
          0.4089742213429952,
          0.5238359574538554
        ],
        "evidence": [
          5
        ],
        "evidence_card": [
          2
        ]
      }
    },
    "10": {
      "type": "leaf",
      "in_degree": 1,
      "out_degree": 0,
      "betweenness": 0.0,
      "closeness": 0.11428571428571428,
      "pagerank": 0.07222804637787893,
      "degree_centrality": 0.07142857142857142,
      "cpd": {
        "values": [
          0.515572139870633,
          0.6092361498920772,
          0.48442786012936706,
          0.3907638501079228
        ],
        "evidence": [
          4
        ],
        "evidence_card": [
          2
        ]
      }
    },
    "11": {
      "type": "leaf",
      "in_degree": 1,
      "out_degree": 0,
      "betweenness": 0.0,
      "closeness": 0.11428571428571428,
      "pagerank": 0.07222804637787893,
      "degree_centrality": 0.07142857142857142,
      "cpd": {
        "values": [
          0.3905591398604843,
          0.3522604675636109,
          0.6094408601395157,
          0.647739532436389
        ],
        "evidence": [
          4
        ],
        "evidence_card": [
          2
        ]
      }
    },
    "12": {
      "type": "leaf",
      "in_degree": 1,
      "out_degree": 0,
      "betweenness": 0.0,
      "closeness": 0.11428571428571428,
      "pagerank": 0.06203056198197508,
      "degree_centrality": 0.07142857142857142,
      "cpd": {
        "values": [
          0.6375008551064165,
          0.8171593928916944,
          0.3624991448935835,
          0.18284060710830566
        ],
        "evidence": [
          3
        ],
        "evidence_card": [
          2
        ]
      }
    },
    "13": {
      "type": "leaf",
      "in_degree": 1,
      "out_degree": 0,
      "betweenness": 0.0,
      "closeness": 0.11428571428571428,
      "pagerank": 0.06203056198197508,
      "degree_centrality": 0.07142857142857142,
      "cpd": {
        "values": [
          0.6078686939223561,
          0.23625603531050357,
          0.3921313060776439,
          0.7637439646894965
        ],
        "evidence": [
          3
        ],
        "evidence_card": [
          2
        ]
      }
    },
    "14": {
      "type": "leaf",
      "in_degree": 1,
      "out_degree": 0,
      "betweenness": 0.0,
      "closeness": 0.11428571428571428,
      "pagerank": 0.06203056198197508,
      "degree_centrality": 0.07142857142857142,
      "cpd": {
        "values": [
          0.9345859103572491,
          0.52876345022821,
          0.0654140896427508,
          0.47123654977179
        ],
        "evidence": [
          3
        ],
        "evidence_card": [
          2
        ]
      }
    }
  },