{
  "graph_index": 874,
  "nodes": {
    "0": {
      "type": "root",
      "in_degree": 0,
      "out_degree": 1,
      "betweenness": 0.0,
      "closeness": 0.0,
      "pagerank": 0.021029128523002,
      "degree_centrality": 0.03125,
      "cpd": {
        "values": [
          0.5,
          0.5,
          0.0,
          0.0
        ],
        "evidence": [],
        "evidence_card": []
      }
    },
    "1": {
      "type": "intermediate",
      "in_degree": 1,
      "out_degree": 3,
      "betweenness": 0.03125,
      "closeness": 0.03125,
      "pagerank": 0.03890354107419067,
      "degree_centrality": 0.125,
      "cpd": {
        "values": [
          0.7420447543787769,
          0.6169012651585668,
          0.257955245621223,
          0.3830987348414333
        ],
        "evidence": [
          0
        ],
        "evidence_card": [
          2
        ]
      }
    },
    "2": {
      "type": "intermediate",
      "in_degree": 1,
      "out_degree": 4,
      "betweenness": 0.019153225806451613,
      "closeness": 0.041666666666666664,
      "pagerank": 0.03205168468941815,
      "degree_centrality": 0.15625,
      "cpd": {
        "values": [
          0.8001773187059995,
          0.10829185236339414,
          0.19982268129400055,
          0.891708147636606
        ],
        "evidence": [
          1
        ],
        "evidence_card": [
          2
        ]
      }
    },
    "3": {
      "type": "intermediate",
      "in_degree": 1,
      "out_degree": 3,
      "betweenness": 0.020161290322580645,
      "closeness": 0.041666666666666664,
      "pagerank": 0.03205168468941815,
      "degree_centrality": 0.125,
      "cpd": {
        "values": [
          0.8386175662370446,
          0.68500830502473,
          0.16138243376295533,
          0.31499169497527
        ],
        "evidence": [
          1
        ],
        "evidence_card": [
          2
        ]
      }
    },
    "4": {
      "type": "intermediate",
      "in_degree": 1,
      "out_degree": 3,
      "betweenness": 0.017137096774193547,
      "closeness": 0.041666666666666664,
      "pagerank": 0.03205168468941815,
      "degree_centrality": 0.125,
      "cpd": {
        "values": [
          0.44471823546727496,
          0.5829505790503667,
          0.555281764532725,
          0.41704942094963326
        ],
        "evidence": [
          1
        ],
        "evidence_card": [
          2
        ]
      }
    },
    "5": {
      "type": "intermediate",
      "in_degree": 1,
      "out_degree": 4,
      "betweenness": 0.012096774193548387,
      "closeness": 0.046875,
      "pagerank": 0.03011040804093468,
      "degree_centrality": 0.15625,
      "cpd": {
        "values": [
          0.6661920881831365,
          0.25389881250722407,
          0.3338079118168635,
          0.7461011874927759
        ],
        "evidence": [
          4
        ],
        "evidence_card": [
          2
        ]
      }
    },
    "6": {
      "type": "intermediate",
      "in_degree": 1,
      "out_degree": 2,
      "betweenness": 0.006048387096774193,
      "closeness": 0.046875,
      "pagerank": 0.03011040804093468,
      "degree_centrality": 0.09375,
      "cpd": {
        "values": [
          0.17682243455870156,
          0.46134087278344865,
          0.8231775654412984,
          0.5386591272165513
        ],
        "evidence": [
          4
        ],
        "evidence_card": [
          2
        ]
      }
    },
    "7": {
      "type": "leaf",
      "in_degree": 1,
      "out_degree": 0,
      "betweenness": 0.0,
      "closeness": 0.05,
      "pagerank": 0.0338258767322589,
      "degree_centrality": 0.03125,
      "cpd": {
        "values": [
          0.4902403960644073,
          0.41404923549734823,
          0.5097596039355926,
          0.5859507645026518
        ],
        "evidence": [
          6
        ],
        "evidence_card": [
          2
        ]
      }
    },
    "8": {
      "type": "leaf",
      "in_degree": 1,
      "out_degree": 0,
      "betweenness": 0.0,
      "closeness": 0.05,
      "pagerank": 0.0338258767322589,
      "degree_centrality": 0.03125,
      "cpd": {
        "values": [
          0.44031921301940424,
          0.3319656508357243,
          0.5596807869805958,
          0.6680343491642756
        ],
        "evidence": [
          6
        ],
        "evidence_card": [
          2
        ]
      }
    },
    "9": {
      "type": "leaf",
      "in_degree": 1,
      "out_degree": 0,
      "betweenness": 0.0,
      "closeness": 0.05,
      "pagerank": 0.027427502627630447,
      "degree_centrality": 0.03125,
      "cpd": {
        "values": [
          0.32992890717494094,
          0.7187803377665599,
          0.6700710928250591,
          0.28121966223344
        ],
        "evidence": [
          5
        ],
        "evidence_card": [
          2
        ]
      }
    },
    "10": {
      "type": "leaf",
      "in_degree": 1,
      "out_degree": 0,
      "betweenness": 0.0,
      "closeness": 0.05,
      "pagerank": 0.027427502627630447,
      "degree_centrality": 0.03125,
      "cpd": {
        "values": [
          0.5398386789776337,
          0.05039143105075641,
          0.46016132102236623,
          0.9496085689492436
        ],
        "evidence": [
          5
        ],
        "evidence_card": [
          2
        ]
      }
    },
    "11": {
      "type": "leaf",
      "in_degree": 1,
      "out_degree": 0,
      "betweenness": 0.0,
      "closeness": 0.05,
      "pagerank": 0.027427502627630447,
      "degree_centrality": 0.03125,
      "cpd": {
        "values": [
          0.24573711703653905,
          0.47347782536945254,
          0.7542628829634609,
          0.5265221746305475
        ],
        "evidence": [
          5
        ],
        "evidence_card": [
          2
        ]
      }
    },
    "12": {
      "type": "leaf",
      "in_degree": 1,
      "out_degree": 0,
      "betweenness": 0.0,
      "closeness": 0.05,
      "pagerank": 0.027427502627630447,
      "degree_centrality": 0.03125,
      "cpd": {
        "values": [
          0.11621197350855443,
          0.42328102697579156,
          0.8837880264914456,
          0.5767189730242084
        ],
        "evidence": [
          5
        ],
        "evidence_card": [
          2
        ]
      }
    },
    "13": {
      "type": "intermediate",
      "in_degree": 1,
      "out_degree": 4,
      "betweenness": 0.010080645161290322,
      "closeness": 0.046875,
      "pagerank": 0.03011040804093468,
      "degree_centrality": 0.15625,
      "cpd": {
        "values": [
          0.5748573491866287,
          0.5333182390280311,
          0.4251426508133714,
          0.4666817609719688
        ],
        "evidence": [
          3
        ],
        "evidence_card": [
          2
        ]
      }
    },
    "14": {
      "type": "intermediate",
      "in_degree": 1,
      "out_degree": 4,
      "betweenness": 0.012096774193548387,
      "closeness": 0.046875,
      "pagerank": 0.03011040804093468,
      "degree_centrality": 0.15625,
      "cpd": {
        "values": [
          0.19187588797591898,
          0.5933336064294218,
          0.8081241120240811,
          0.40666639357057816
        ],
        "evidence": [
          3
        ],
        "evidence_card": [
          2
        ]
      }
    },
    "15": {
      "type": "leaf",
      "in_degree": 1,
      "out_degree": 0,
      "betweenness": 0.0,
      "closeness": 0.05,
      "pagerank": 0.027427502627630447,
      "degree_centrality": 0.03125,
      "cpd": {
        "values": [
          0.5061051515597719,
          0.9484894043161166,
          0.49389484844022813,
          0.0515105956838834
        ],
        "evidence": [
          14
        ],
        "evidence_card": [
          2
        ]
      }
    },
    "16": {
      "type": "leaf",
      "in_degree": 1,
      "out_degree": 0,
      "betweenness": 0.0,
      "closeness": 0.05,