{
  "graph_index": 7976,
  "nodes": {
    "0": {
      "type": "root",
      "in_degree": 0,
      "out_degree": 2,
      "betweenness": 0.0,
      "closeness": 0.0,
      "pagerank": 0.02446297360956357,
      "degree_centrality": 0.07407407407407407,
      "cpd": {
        "values": [
          0.5,
          0.5,
          0.0,
          0.0
        ],
        "evidence": [],
        "evidence_card": []
      }
    },
    "1": {
      "type": "intermediate",
      "in_degree": 1,
      "out_degree": 3,
      "betweenness": 0.01566951566951567,
      "closeness": 0.037037037037037035,
      "pagerank": 0.03485976923014415,
      "degree_centrality": 0.14814814814814814,
      "cpd": {
        "values": [
          0.13795541521328164,
          0.7795333504179011,
          0.8620445847867184,
          0.22046664958209897
        ],
        "evidence": [
          0
        ],
        "evidence_card": [
          2
        ]
      }
    },
    "2": {
      "type": "intermediate",
      "in_degree": 1,
      "out_degree": 2,
      "betweenness": 0.019943019943019943,
      "closeness": 0.037037037037037035,
      "pagerank": 0.03485976923014415,
      "degree_centrality": 0.1111111111111111,
      "cpd": {
        "values": [
          0.3272227947255946,
          0.6402400494427667,
          0.6727772052744053,
          0.3597599505572333
        ],
        "evidence": [
          0
        ],
        "evidence_card": [
          2
        ]
      }
    },
    "3": {
      "type": "intermediate",
      "in_degree": 1,
      "out_degree": 5,
      "betweenness": 0.039886039886039885,
      "closeness": 0.04938271604938271,
      "pagerank": 0.03927803863523986,
      "degree_centrality": 0.2222222222222222,
      "cpd": {
        "values": [
          0.22155531529954872,
          0.3787757385146034,
          0.7784446847004511,
          0.6212242614853967
        ],
        "evidence": [
          2
        ],
        "evidence_card": [
          2
        ]
      }
    },
    "4": {
      "type": "intermediate",
      "in_degree": 2,
      "out_degree": 1,
      "betweenness": 0.005698005698005698,
      "closeness": 0.09876543209876543,
      "pagerank": 0.041017437896066995,
      "degree_centrality": 0.1111111111111111,
      "cpd": {
        "values": [
          0.40845360581837836,
          0.4452729128931403,
          0.9652194480020937,
          0.4096614579818537
        ],
        "evidence": [
          1,
          3
        ],
        "evidence_card": [
          2,
          2
        ]
      }
    },
    "5": {
      "type": "intermediate",
      "in_degree": 1,
      "out_degree": 2,
      "betweenness": 0.008547008547008548,
      "closeness": 0.05555555555555555,
      "pagerank": 0.031140727878949465,
      "degree_centrality": 0.1111111111111111,
      "cpd": {
        "values": [
          0.6862440730824014,
          0.4156711536602521,
          0.3137559269175986,
          0.5843288463397479
        ],
        "evidence": [
          3
        ],
        "evidence_card": [
          2
        ]
      }
    },
    "6": {
      "type": "intermediate",
      "in_degree": 1,
      "out_degree": 4,
      "betweenness": 0.01566951566951567,
      "closeness": 0.05555555555555555,
      "pagerank": 0.031140727878949465,
      "degree_centrality": 0.18518518518518517,
      "cpd": {
        "values": [
          0.9587265281390337,
          0.573508103899659,
          0.041273471860966346,
          0.426491896100341
        ],
        "evidence": [
          3
        ],
        "evidence_card": [
          2
        ]
      }
    },
    "7": {
      "type": "intermediate",
      "in_degree": 1,
      "out_degree": 4,
      "betweenness": 0.01566951566951567,
      "closeness": 0.05555555555555555,
      "pagerank": 0.031140727878949465,
      "degree_centrality": 0.18518518518518517,
      "cpd": {
        "values": [
          0.4901624202216635,
          0.7827342366716987,
          0.5098375797783365,
          0.21726576332830122
        ],
        "evidence": [
          3
        ],
        "evidence_card": [
          2
        ]
      }
    },
    "8": {
      "type": "leaf",
      "in_degree": 1,
      "out_degree": 0,
      "betweenness": 0.0,
      "closeness": 0.05925925925925926,
      "pagerank": 0.03108040035498634,
      "degree_centrality": 0.037037037037037035,
      "cpd": {
        "values": [
          0.3889243980825804,
          0.5106000622269549,
          0.6110756019174197,
          0.4893999377730452
        ],
        "evidence": [
          7
        ],
        "evidence_card": [
          2
        ]
      }
    },
    "9": {
      "type": "leaf",
      "in_degree": 1,
      "out_degree": 0,
      "betweenness": 0.0,
      "closeness": 0.05925925925925926,
      "pagerank": 0.03108040035498634,
      "degree_centrality": 0.037037037037037035,
      "cpd": {
        "values": [
          0.6354909634110847,
          0.5619825618086627,
          0.36450903658891537,
          0.4380174381913374
        ],
        "evidence": [
          7
        ],
        "evidence_card": [
          2
        ]
      }
    },
    "10": {
      "type": "leaf",
      "in_degree": 1,
      "out_degree": 0,
      "betweenness": 0.0,
      "closeness": 0.05925925925925926,
      "pagerank": 0.03108040035498634,
      "degree_centrality": 0.037037037037037035,
      "cpd": {
        "values": [
          0.4658687154847221,
          0.6847098337809929,
          0.5341312845152779,
          0.3152901662190071
        ],
        "evidence": [
          7
        ],
        "evidence_card": [
          2
        ]
      }
    },
    "11": {
      "type": "leaf",
      "in_degree": 2,
      "out_degree": 0,
      "betweenness": 0.0,
      "closeness": 0.102880658436214,
      "pagerank": 0.040957110372103867,
      "degree_centrality": 0.07407407407407407,
      "cpd": {
        "values": [
          0.44211234129462923,
          0.5743717440866765,
          0.29324233417689044,
          0.10942020094681147
        ],
        "evidence": [
          1,
          7
        ],
        "evidence_card": [
          2,
          2
        ]
      }
    },
    "12": {
      "type": "leaf",
      "in_degree": 1,
      "out_degree": 0,
      "betweenness": 0.0,
      "closeness": 0.05925925925925926,
      "pagerank": 0.03108040035498634,
      "degree_centrality": 0.037037037037037035,
      "cpd": {
        "values": [
          0.9920833139326154,
          0.21044121521977896,
          0.007916686067384578,
          0.789558784780221
        ],
        "evidence": [
          6
        ],
        "evidence_card": [
          2
        ]
      }
    },
    "13": {
      "type": "leaf",
      "in_degree": 2,
      "out_degree": 0,
      "betweenness": 0.0,
      "closeness": 0.1111111111111111,
      "pagerank": 0.04081052634776636,
      "degree_centrality": 0.07407407407407407,
      "cpd": {
        "values": [
          0.5441907829820651,
          0.5873585785577239,
          0.4471614312705502,
          0.08679306720178274
        ],
        "evidence": [
          19,
          6
        ],
        "evidence_card": [
          2,
          2
        ]
      }
    },
    "14": {
      "type": "leaf",
      "in_degree": 1,
      "out_degree": 0,
      "betweenness": 0.0,
      "closeness": 0.05925925925925926,
      "pagerank": 0.03108040035498634,
      "degree_centrality": 0.037037037037037035,
      "cpd": {
        "values": [
          0.4406047533401221,
          0.9576950264542389,
          0.5593952466598778,
          0.04230497354576111
        ],
        "evidence": [
          6
        ],
        "evidence_card": [
          2
        ]
      }
    },
    "15": {
      "type": "leaf",
      "in_degree": 1,
      "out_degree": 0,
      "betweenness": 0.0,
      "closeness": 0.05925925925925926,
      "pagerank": 0.03108040035498634,