{
  "graph_index": 8171,
  "nodes": {
    "0": {
      "type": "root",
      "in_degree": 0,
      "out_degree": 1,
      "betweenness": 0.0,
      "closeness": 0.0,
      "pagerank": 0.02658750505809334,
      "degree_centrality": 0.043478260869565216,
      "cpd": {
        "values": [
          0.5,
          0.5,
          0.0,
          0.0
        ],
        "evidence": [],
        "evidence_card": []
      }
    },
    "1": {
      "type": "intermediate",
      "in_degree": 1,
      "out_degree": 3,
      "betweenness": 0.043478260869565216,
      "closeness": 0.043478260869565216,
      "pagerank": 0.04918727803629713,
      "degree_centrality": 0.17391304347826086,
      "cpd": {
        "values": [
          0.8615823859522944,
          0.5744418192769398,
          0.13841761404770564,
          0.42555818072306023
        ],
        "evidence": [
          0
        ],
        "evidence_card": [
          2
        ]
      }
    },
    "2": {
      "type": "intermediate",
      "in_degree": 1,
      "out_degree": 4,
      "betweenness": 0.05138339920948616,
      "closeness": 0.05797101449275362,
      "pagerank": 0.040523824182246995,
      "degree_centrality": 0.21739130434782608,
      "cpd": {
        "values": [
          0.878510752148941,
          0.33177659350329447,
          0.121489247851059,
          0.6682234064967055
        ],
        "evidence": [
          1
        ],
        "evidence_card": [
          2
        ]
      }
    },
    "3": {
      "type": "intermediate",
      "in_degree": 1,
      "out_degree": 2,
      "betweenness": 0.011857707509881422,
      "closeness": 0.05797101449275362,
      "pagerank": 0.040523824182246995,
      "degree_centrality": 0.13043478260869565,
      "cpd": {
        "values": [
          0.841086620498823,
          0.23626091534673724,
          0.158913379501177,
          0.7637390846532628
        ],
        "evidence": [
          1
        ],
        "evidence_card": [
          2
        ]
      }
    },
    "4": {
      "type": "intermediate",
      "in_degree": 1,
      "out_degree": 2,
      "betweenness": 0.011857707509881422,
      "closeness": 0.05797101449275362,
      "pagerank": 0.040523824182246995,
      "degree_centrality": 0.13043478260869565,
      "cpd": {
        "values": [
          0.4623984497904912,
          0.3738251322587004,
          0.5376015502095087,
          0.6261748677412996
        ],
        "evidence": [
          1
        ],
        "evidence_card": [
          2
        ]
      }
    },
    "5": {
      "type": "intermediate",
      "in_degree": 1,
      "out_degree": 1,
      "betweenness": 0.005928853754940711,
      "closeness": 0.06521739130434782,
      "pagerank": 0.04381014292942868,
      "degree_centrality": 0.08695652173913043,
      "cpd": {
        "values": [
          0.6558802309895942,
          0.3830330389094603,
          0.3441197690104058,
          0.6169669610905397
        ],
        "evidence": [
          4
        ],
        "evidence_card": [
          2
        ]
      }
    },
    "6": {
      "type": "leaf",
      "in_degree": 1,
      "out_degree": 0,
      "betweenness": 0.0,
      "closeness": 0.06956521739130435,
      "pagerank": 0.0638264488257621,
      "degree_centrality": 0.043478260869565216,
      "cpd": {
        "values": [
          0.6291471173169506,
          0.8805696318163629,
          0.3708528826830494,
          0.119430368183637
        ],
        "evidence": [
          5
        ],
        "evidence_card": [
          2
        ]
      }
    },
    "7": {
      "type": "intermediate",
      "in_degree": 1,
      "out_degree": 1,
      "betweenness": 0.005928853754940711,
      "closeness": 0.06521739130434782,
      "pagerank": 0.04381014292942868,
      "degree_centrality": 0.08695652173913043,
      "cpd": {
        "values": [
          0.6444578885419281,
          0.19594190696875835,
          0.35554211145807196,
          0.8040580930312415
        ],
        "evidence": [
          3
        ],
        "evidence_card": [
          2
        ]
      }
    },
    "8": {
      "type": "leaf",
      "in_degree": 1,
      "out_degree": 0,
      "betweenness": 0.0,
      "closeness": 0.06956521739130435,
      "pagerank": 0.0638264488257621,
      "degree_centrality": 0.043478260869565216,
      "cpd": {
        "values": [
          0.19797967207357994,
          0.8675075855704467,
          0.8020203279264201,
          0.13249241442955323
        ],
        "evidence": [
          7
        ],
        "evidence_card": [
          2
        ]
      }
    },
    "9": {
      "type": "intermediate",
      "in_degree": 1,
      "out_degree": 4,
      "betweenness": 0.01976284584980237,
      "closeness": 0.06521739130434782,
      "pagerank": 0.035198823993761015,
      "degree_centrality": 0.21739130434782608,
      "cpd": {
        "values": [
          0.5514596773370265,
          0.41319932580910096,
          0.44854032266297345,
          0.586800674190899
        ],
        "evidence": [
          2
        ],
        "evidence_card": [
          2
        ]
      }
    },
    "10": {
      "type": "intermediate",
      "in_degree": 1,
      "out_degree": 4,
      "betweenness": 0.01976284584980237,
      "closeness": 0.06521739130434782,
      "pagerank": 0.035198823993761015,
      "degree_centrality": 0.21739130434782608,
      "cpd": {
        "values": [
          0.6095019256584348,
          0.5303946942675031,
          0.3904980743415653,
          0.469605305732497
        ],
        "evidence": [
          2
        ],
        "evidence_card": [
          2
        ]
      }
    },
    "11": {
      "type": "intermediate",
      "in_degree": 1,
      "out_degree": 1,
      "betweenness": 0.005928853754940711,
      "closeness": 0.06521739130434782,
      "pagerank": 0.035198823993761015,
      "degree_centrality": 0.08695652173913043,
      "cpd": {
        "values": [
          0.401298189785424,
          0.7170151128102484,
          0.5987018102145759,
          0.2829848871897515
        ],
        "evidence": [
          2
        ],
        "evidence_card": [
          2
        ]
      }
    },
    "12": {
      "type": "intermediate",
      "in_degree": 1,
      "out_degree": 2,
      "betweenness": 0.011857707509881422,
      "closeness": 0.06521739130434782,
      "pagerank": 0.035198823993761015,
      "degree_centrality": 0.13043478260869565,
      "cpd": {
        "values": [
          0.2587628953446145,
          0.7012463352486938,
          0.7412371046553854,
          0.2987536647513061
        ],
        "evidence": [
          2
        ],
        "evidence_card": [
          2
        ]
      }
    },
    "13": {
      "type": "leaf",
      "in_degree": 1,
      "out_degree": 0,
      "betweenness": 0.0,
      "closeness": 0.06956521739130435,
      "pagerank": 0.041547184244561476,
      "degree_centrality": 0.043478260869565216,
      "cpd": {
        "values": [
          0.051481954903797436,
          0.3263289246879031,
          0.9485180450962025,
          0.6736710753120968
        ],
        "evidence": [
          12
        ],
        "evidence_card": [
          2
        ]
      }
    },
    "14": {
      "type": "leaf",
      "in_degree": 1,
      "out_degree": 0,
      "betweenness": 0.0,
      "closeness": 0.06956521739130435,
      "pagerank": 0.041547184244561476,
      "degree_centrality": 0.043478260869565216,
      "cpd": {
        "values": [
          0.12071202119214061,
          0.6498766582694724,
          0.8792879788078595,
          0.35012334173052756
        ],
        "evidence": [
          12
        ],
        "evidence_card": [
          2
        ]
      }
    },
    "15": {
      "type": "leaf",
      "in_degree": 1,
      "out_degree": 0,
      "betweenness": 0.0,
      "closeness": 0.06956521739130435,
      "pagerank": 0.05650686343102961,
      "degree_centrality": 0.043478260869565216,