{
  "graph_index": 701,
  "nodes": {
    "0": {
      "type": "root",
      "in_degree": 0,
      "out_degree": 1,
      "betweenness": 0.0,
      "closeness": 0.0,
      "pagerank": 0.028767349396547688,
      "degree_centrality": 0.047619047619047616,
      "cpd": {
        "values": [
          0.5,
          0.5,
          0.0,
          0.0
        ],
        "evidence": [],
        "evidence_card": []
      }
    },
    "1": {
      "type": "intermediate",
      "in_degree": 1,
      "out_degree": 3,
      "betweenness": 0.04761904761904762,
      "closeness": 0.047619047619047616,
      "pagerank": 0.053220125403149264,
      "degree_centrality": 0.19047619047619047,
      "cpd": {
        "values": [
          0.5534070572246915,
          0.5288878592331233,
          0.44659294277530853,
          0.4711121407668767
        ],
        "evidence": [
          0
        ],
        "evidence_card": [
          2
        ]
      }
    },
    "2": {
      "type": "intermediate",
      "in_degree": 1,
      "out_degree": 2,
      "betweenness": 0.014285714285714287,
      "closeness": 0.06349206349206349,
      "pagerank": 0.04384625829467091,
      "degree_centrality": 0.14285714285714285,
      "cpd": {
        "values": [
          0.6690867897668755,
          0.7660078693055582,
          0.3309132102331244,
          0.23399213069444177
        ],
        "evidence": [
          1
        ],
        "evidence_card": [
          2
        ]
      }
    },
    "3": {
      "type": "intermediate",
      "in_degree": 1,
      "out_degree": 3,
      "betweenness": 0.04761904761904762,
      "closeness": 0.06349206349206349,
      "pagerank": 0.04384625829467091,
      "degree_centrality": 0.19047619047619047,
      "cpd": {
        "values": [
          0.1811823808767061,
          0.3432748169762976,
          0.8188176191232938,
          0.6567251830237025
        ],
        "evidence": [
          1
        ],
        "evidence_card": [
          2
        ]
      }
    },
    "4": {
      "type": "intermediate",
      "in_degree": 1,
      "out_degree": 2,
      "betweenness": 0.01904761904761905,
      "closeness": 0.06349206349206349,
      "pagerank": 0.04384625829467091,
      "degree_centrality": 0.14285714285714285,
      "cpd": {
        "values": [
          0.6846681670585986,
          0.6840551166193146,
          0.3153318329414014,
          0.3159448833806854
        ],
        "evidence": [
          1
        ],
        "evidence_card": [
          2
        ]
      }
    },
    "5": {
      "type": "intermediate",
      "in_degree": 1,
      "out_degree": 2,
      "betweenness": 0.014285714285714287,
      "closeness": 0.07142857142857142,
      "pagerank": 0.04740207372831331,
      "degree_centrality": 0.14285714285714285,
      "cpd": {
        "values": [
          0.5478515757207307,
          0.044346235450590174,
          0.4521484242792692,
          0.9556537645494099
        ],
        "evidence": [
          4
        ],
        "evidence_card": [
          2
        ]
      }
    },
    "6": {
      "type": "leaf",
      "in_degree": 1,
      "out_degree": 0,
      "betweenness": 0.0,
      "closeness": 0.0761904761904762,
      "pagerank": 0.04891331046877075,
      "degree_centrality": 0.047619047619047616,
      "cpd": {
        "values": [
          0.8696650891793836,
          0.38437559483124134,
          0.13033491082061632,
          0.6156244051687586
        ],
        "evidence": [
          5
        ],
        "evidence_card": [
          2
        ]
      }
    },
    "7": {
      "type": "leaf",
      "in_degree": 1,
      "out_degree": 0,
      "betweenness": 0.0,
      "closeness": 0.0761904761904762,
      "pagerank": 0.04891331046877075,
      "degree_centrality": 0.047619047619047616,
      "cpd": {
        "values": [
          0.08797112531573621,
          0.4792851663324951,
          0.9120288746842637,
          0.5207148336675048
        ],
        "evidence": [
          5
        ],
        "evidence_card": [
          2
        ]
      }
    },
    "8": {
      "type": "intermediate",
      "in_degree": 1,
      "out_degree": 2,
      "betweenness": 0.014285714285714287,
      "closeness": 0.07142857142857142,
      "pagerank": 0.0411904989510581,
      "degree_centrality": 0.14285714285714285,
      "cpd": {
        "values": [
          0.9703170429453404,
          0.3419424176465323,
          0.029682957054659613,
          0.6580575823534676
        ],
        "evidence": [
          3
        ],
        "evidence_card": [
          2
        ]
      }
    },
    "9": {
      "type": "intermediate",
      "in_degree": 1,
      "out_degree": 3,
      "betweenness": 0.01666666666666667,
      "closeness": 0.07142857142857142,
      "pagerank": 0.0411904989510581,
      "degree_centrality": 0.19047619047619047,
      "cpd": {
        "values": [
          0.18432909020943367,
          0.6920041272798757,
          0.8156709097905663,
          0.30799587272012435
        ],
        "evidence": [
          3
        ],
        "evidence_card": [
          2
        ]
      }
    },
    "10": {
      "type": "intermediate",
      "in_degree": 1,
      "out_degree": 4,
      "betweenness": 0.02380952380952381,
      "closeness": 0.07142857142857142,
      "pagerank": 0.0411904989510581,
      "degree_centrality": 0.23809523809523808,
      "cpd": {
        "values": [
          0.8544321853063254,
          0.348112915849332,
          0.14556781469367458,
          0.6518870841506679
        ],
        "evidence": [
          3
        ],
        "evidence_card": [
          2
        ]
      }
    },
    "11": {
      "type": "leaf",
      "in_degree": 2,
      "out_degree": 0,
      "betweenness": 0.0,
      "closeness": 0.13227513227513227,
      "pagerank": 0.056155125419604456,
      "degree_centrality": 0.09523809523809523,
      "cpd": {
        "values": [
          0.4285714322987152,
          0.1671696193517627,
          0.5562152896881094,
          0.38005721791548586
        ],
        "evidence": [
          4,
          10
        ],
        "evidence_card": [
          2,
          2
        ]
      }
    },
    "12": {
      "type": "leaf",
      "in_degree": 1,
      "out_degree": 0,
      "betweenness": 0.0,
      "closeness": 0.0761904761904762,
      "pagerank": 0.037520401087838835,
      "degree_centrality": 0.047619047619047616,
      "cpd": {
        "values": [
          0.23703048747567299,
          0.4742818330243287,
          0.762969512524327,
          0.5257181669756713
        ],
        "evidence": [
          10
        ],
        "evidence_card": [
          2
        ]
      }
    },
    "13": {
      "type": "leaf",
      "in_degree": 1,
      "out_degree": 0,
      "betweenness": 0.0,
      "closeness": 0.0761904761904762,
      "pagerank": 0.037520401087838835,
      "degree_centrality": 0.047619047619047616,
      "cpd": {
        "values": [
          0.40018777919387416,
          0.42369332158476364,
          0.5998122208061258,
          0.5763066784152363
        ],
        "evidence": [
          10
        ],
        "evidence_card": [
          2
        ]
      }
    },
    "14": {
      "type": "leaf",
      "in_degree": 1,
      "out_degree": 0,
      "betweenness": 0.0,
      "closeness": 0.0761904761904762,
      "pagerank": 0.037520401087838835,
      "degree_centrality": 0.047619047619047616,
      "cpd": {
        "values": [
          0.9090375535549626,
          0.30799849966471043,
          0.09096244644503734,
          0.6920015003352896
        ],
        "evidence": [
          10
        ],
        "evidence_card": [
          2
        ]
      }
    },
    "15": {
      "type": "leaf",
      "in_degree": 1,
      "out_degree": 0,
      "betweenness": 0.0,
      "closeness": 0.0761904761904762,
      "pagerank": 0.04043808498493589,
      "degree_centrality": 0.047619047619047616,