{
  "graph_index": 8747,
  "nodes": {
    "0": {
      "type": "root",
      "in_degree": 0,
      "out_degree": 1,
      "betweenness": 0.0,
      "closeness": 0.0,
      "pagerank": 0.043177618956850836,
      "degree_centrality": 0.08333333333333333,
      "cpd": {
        "values": [
          0.5,
          0.5,
          0.0,
          0.0
        ],
        "evidence": [],
        "evidence_card": []
      }
    },
    "1": {
      "type": "intermediate",
      "in_degree": 1,
      "out_degree": 2,
      "betweenness": 0.08333333333333334,
      "closeness": 0.08333333333333333,
      "pagerank": 0.07987840912004883,
      "degree_centrality": 0.25,
      "cpd": {
        "values": [
          0.5521995687954377,
          0.43363037791711934,
          0.44780043120456225,
          0.5663696220828807
        ],
        "evidence": [
          0
        ],
        "evidence_card": [
          2
        ]
      }
    },
    "2": {
      "type": "intermediate",
      "in_degree": 1,
      "out_degree": 3,
      "betweenness": 0.09090909090909091,
      "closeness": 0.1111111111111111,
      "pagerank": 0.07712570208808515,
      "degree_centrality": 0.3333333333333333,
      "cpd": {
        "values": [
          0.33224864284284067,
          0.11206779873849124,
          0.6677513571571593,
          0.8879322012615087
        ],
        "evidence": [
          1
        ],
        "evidence_card": [
          2
        ]
      }
    },
    "3": {
      "type": "intermediate",
      "in_degree": 1,
      "out_degree": 1,
      "betweenness": 0.045454545454545456,
      "closeness": 0.1111111111111111,
      "pagerank": 0.07712570208808515,
      "degree_centrality": 0.16666666666666666,
      "cpd": {
        "values": [
          0.38591020927323794,
          0.2842878654546507,
          0.6140897907267621,
          0.7157121345453493
        ],
        "evidence": [
          1
        ],
        "evidence_card": [
          2
        ]
      }
    },
    "4": {
      "type": "intermediate",
      "in_degree": 1,
      "out_degree": 3,
      "betweenness": 0.05303030303030303,
      "closeness": 0.125,
      "pagerank": 0.10873657815721616,
      "degree_centrality": 0.3333333333333333,
      "cpd": {
        "values": [
          0.12251662410267498,
          0.4375292700515639,
          0.8774833758973251,
          0.562470729948436
        ],
        "evidence": [
          3
        ],
        "evidence_card": [
          2
        ]
      }
    },
    "5": {
      "type": "leaf",
      "in_degree": 1,
      "out_degree": 0,
      "betweenness": 0.0,
      "closeness": 0.13333333333333333,
      "pagerank": 0.07398595732690645,
      "degree_centrality": 0.08333333333333333,
      "cpd": {
        "values": [
          0.7736195289427988,
          0.32753443641265234,
          0.22638047105720122,
          0.6724655635873477
        ],
        "evidence": [
          4
        ],
        "evidence_card": [
          2
        ]
      }
    },
    "6": {
      "type": "leaf",
      "in_degree": 1,
      "out_degree": 0,
      "betweenness": 0.0,
      "closeness": 0.13333333333333333,
      "pagerank": 0.07398595732690645,
      "degree_centrality": 0.08333333333333333,
      "cpd": {
        "values": [
          0.957346860335496,
          0.416569454465876,
          0.042653139664504056,
          0.583430545534124
        ],
        "evidence": [
          4
        ],
        "evidence_card": [
          2
        ]
      }
    },
    "7": {
      "type": "leaf",
      "in_degree": 2,
      "out_degree": 0,
      "betweenness": 0.0,
      "closeness": 0.2314814814814815,
      "pagerank": 0.09583894372702821,
      "degree_centrality": 0.16666666666666666,
      "cpd": {
        "values": [
          0.48856737318330185,
          0.43914935718717424,
          0.9330390669724469,
          0.452987576661755
        ],
        "evidence": [
          2,
          4
        ],
        "evidence_card": [
          2,
          2
        ]
      }
    },
    "8": {
      "type": "intermediate",
      "in_degree": 1,
      "out_degree": 1,
      "betweenness": 0.022727272727272728,
      "closeness": 0.125,
      "pagerank": 0.06503060535697262,
      "degree_centrality": 0.16666666666666666,
      "cpd": {
        "values": [
          0.8857693098614222,
          0.242420894565215,
          0.11423069013857766,
          0.757579105434785
        ],
        "evidence": [
          2
        ],
        "evidence_card": [
          2
        ]
      }
    },
    "9": {
      "type": "intermediate",
      "in_degree": 1,
      "out_degree": 2,
      "betweenness": 0.045454545454545456,
      "closeness": 0.125,
      "pagerank": 0.06503060535697262,
      "degree_centrality": 0.25,
      "cpd": {
        "values": [
          0.6820131709289491,
          0.7452463320430794,
          0.3179868290710509,
          0.25475366795692056
        ],
        "evidence": [
          2
        ],
        "evidence_card": [
          2
        ]
      }
    },
    "10": {
      "type": "leaf",
      "in_degree": 1,
      "out_degree": 0,
      "betweenness": 0.0,
      "closeness": 0.13333333333333333,
      "pagerank": 0.07081538486294466,
      "degree_centrality": 0.08333333333333333,
      "cpd": {
        "values": [
          0.010775860326956245,
          0.7308498159910534,
          0.9892241396730438,
          0.2691501840089466
        ],
        "evidence": [
          9
        ],
        "evidence_card": [
          2
        ]
      }
    },
    "11": {
      "type": "leaf",
      "in_degree": 1,
      "out_degree": 0,
      "betweenness": 0.0,
      "closeness": 0.13333333333333333,
      "pagerank": 0.07081538486294466,
      "degree_centrality": 0.08333333333333333,
      "cpd": {
        "values": [
          0.5192165282239661,
          0.3728480679348752,
          0.48078347177603387,
          0.6271519320651249
        ],
        "evidence": [
          9
        ],
        "evidence_card": [
          2
        ]
      }
    },
    "12": {
      "type": "leaf",
      "in_degree": 1,
      "out_degree": 0,
      "betweenness": 0.0,
      "closeness": 0.13333333333333333,
      "pagerank": 0.09845315076903846,
      "degree_centrality": 0.08333333333333333,
      "cpd": {
        "values": [
          0.9933890392250169,
          0.2439665247190157,
          0.006610960774983177,
          0.7560334752809843
        ],
        "evidence": [
          8
        ],
        "evidence_card": [
          2
        ]
      }
    }
  },
  "edges": [
    [
      0,
      1
    ],
    [
      1,
      2
    ],
    [
      1,
      3
    ],
    [
      2,
      8
    ],
    [
      2,
      9
    ],
    [
      2,
      7
    ],
    [
      3,
      4
    ],
    [
      4,
      5
    ],
    [
      4,
      6
    ],
    [
      4,
      7
    ],
    [
      8,
      12
    ],
    [
      9,
      10
    ],
    [
      9,
      11
    ]
  ]
}