{
  "graph_index": 519,
  "nodes": {
    "0": {
      "type": "root",
      "in_degree": 0,
      "out_degree": 1,
      "betweenness": 0.0,
      "closeness": 0.0,
      "pagerank": 0.04344438708642701,
      "degree_centrality": 0.07692307692307693,
      "cpd": {
        "values": [
          0.5,
          0.5,
          0.0,
          0.0
        ],
        "evidence": [],
        "evidence_card": []
      }
    },
    "1": {
      "type": "intermediate",
      "in_degree": 1,
      "out_degree": 1,
      "betweenness": 0.07692307692307693,
      "closeness": 0.07692307692307693,
      "pagerank": 0.08037200160924998,
      "degree_centrality": 0.15384615384615385,
      "cpd": {
        "values": [
          0.4226217621389964,
          0.20137078956035503,
          0.5773782378610036,
          0.798629210439645
        ],
        "evidence": [
          0
        ],
        "evidence_card": [
          2
        ]
      }
    },
    "2": {
      "type": "intermediate",
      "in_degree": 1,
      "out_degree": 3,
      "betweenness": 0.14102564102564102,
      "closeness": 0.10256410256410256,
      "pagerank": 0.11176149599601568,
      "degree_centrality": 0.3076923076923077,
      "cpd": {
        "values": [
          0.5506470201301908,
          0.2997128166479757,
          0.4493529798698092,
          0.7002871833520243
        ],
        "evidence": [
          1
        ],
        "evidence_card": [
          2
        ]
      }
    },
    "3": {
      "type": "intermediate",
      "in_degree": 1,
      "out_degree": 3,
      "betweenness": 0.05769230769230769,
      "closeness": 0.11538461538461539,
      "pagerank": 0.0751106980984387,
      "degree_centrality": 0.3076923076923077,
      "cpd": {
        "values": [
          0.5908198583793676,
          0.9223592201758533,
          0.4091801416206325,
          0.07764077982414672
        ],
        "evidence": [
          2
        ],
        "evidence_card": [
          2
        ]
      }
    },
    "4": {
      "type": "intermediate",
      "in_degree": 1,
      "out_degree": 1,
      "betweenness": 0.019230769230769232,
      "closeness": 0.11538461538461539,
      "pagerank": 0.0751106980984387,
      "degree_centrality": 0.15384615384615385,
      "cpd": {
        "values": [
          0.3760196226588972,
          0.44224288889313185,
          0.6239803773411028,
          0.5577571111068681
        ],
        "evidence": [
          2
        ],
        "evidence_card": [
          2
        ]
      }
    },
    "5": {
      "type": "intermediate",
      "in_degree": 1,
      "out_degree": 4,
      "betweenness": 0.07692307692307693,
      "closeness": 0.11538461538461539,
      "pagerank": 0.0751106980984387,
      "degree_centrality": 0.38461538461538464,
      "cpd": {
        "values": [
          0.8946453565601892,
          0.7493456184263069,
          0.10535464343981082,
          0.25065438157369313
        ],
        "evidence": [
          2
        ],
        "evidence_card": [
          2
        ]
      }
    },
    "6": {
      "type": "leaf",
      "in_degree": 1,
      "out_degree": 0,
      "betweenness": 0.0,
      "closeness": 0.12307692307692308,
      "pagerank": 0.059405630779891604,
      "degree_centrality": 0.07692307692307693,
      "cpd": {
        "values": [
          0.4821487537355505,
          0.4831219889367293,
          0.5178512462644494,
          0.5168780110632707
        ],
        "evidence": [
          5
        ],
        "evidence_card": [
          2
        ]
      }
    },
    "7": {
      "type": "leaf",
      "in_degree": 1,
      "out_degree": 0,
      "betweenness": 0.0,
      "closeness": 0.12307692307692308,
      "pagerank": 0.059405630779891604,
      "degree_centrality": 0.07692307692307693,
      "cpd": {
        "values": [
          0.5866513748152505,
          0.28848194280402617,
          0.4133486251847494,
          0.7115180571959738
        ],
        "evidence": [
          5
        ],
        "evidence_card": [
          2
        ]
      }
    },
    "8": {
      "type": "leaf",
      "in_degree": 1,
      "out_degree": 0,
      "betweenness": 0.0,
      "closeness": 0.12307692307692308,
      "pagerank": 0.059405630779891604,
      "degree_centrality": 0.07692307692307693,
      "cpd": {
        "values": [
          0.6075696498231673,
          0.4954695213293799,
          0.3924303501768326,
          0.5045304786706201
        ],
        "evidence": [
          5
        ],
        "evidence_card": [
          2
        ]
      }
    },
    "9": {
      "type": "leaf",
      "in_degree": 1,
      "out_degree": 0,
      "betweenness": 0.0,
      "closeness": 0.12307692307692308,
      "pagerank": 0.059405630779891604,
      "degree_centrality": 0.07692307692307693,
      "cpd": {
        "values": [
          0.33701914015664536,
          0.4413692453735458,
          0.6629808598433548,
          0.5586307546264542
        ],
        "evidence": [
          5
        ],
        "evidence_card": [
          2
        ]
      }
    },
    "10": {
      "type": "leaf",
      "in_degree": 1,
      "out_degree": 0,
      "betweenness": 0.0,
      "closeness": 0.12307692307692308,
      "pagerank": 0.10728936186028538,
      "degree_centrality": 0.07692307692307693,
      "cpd": {
        "values": [
          0.4546487673499636,
          0.05253493681128673,
          0.5453512326500363,
          0.9474650631887133
        ],
        "evidence": [
          4
        ],
        "evidence_card": [
          2
        ]
      }
    },
    "11": {
      "type": "leaf",
      "in_degree": 1,
      "out_degree": 0,
      "betweenness": 0.0,
      "closeness": 0.12307692307692308,
      "pagerank": 0.06472604534437981,
      "degree_centrality": 0.07692307692307693,
      "cpd": {
        "values": [
          0.7008182067772538,
          0.2989856948125795,
          0.29918179322274624,
          0.7010143051874205
        ],
        "evidence": [
          3
        ],
        "evidence_card": [
          2
        ]
      }
    },
    "12": {
      "type": "leaf",
      "in_degree": 1,
      "out_degree": 0,
      "betweenness": 0.0,
      "closeness": 0.12307692307692308,
      "pagerank": 0.06472604534437981,
      "degree_centrality": 0.07692307692307693,
      "cpd": {
        "values": [
          0.38469248867301786,
          0.11709957074573367,
          0.615307511326982,
          0.8829004292542664
        ],
        "evidence": [
          3
        ],
        "evidence_card": [
          2
        ]
      }
    },
    "13": {
      "type": "leaf",
      "in_degree": 1,
      "out_degree": 0,
      "betweenness": 0.0,
      "closeness": 0.12307692307692308,
      "pagerank": 0.06472604534437981,
      "degree_centrality": 0.07692307692307693,
      "cpd": {
        "values": [
          0.9021277722811124,
          0.2232859043045297,
          0.09787222771888761,
          0.7767140956954703
        ],
        "evidence": [
          3
        ],
        "evidence_card": [
          2
        ]
      }
    }
  },
  "edges": [
    [
      0,
      1
    ],
    [
      1,
      2
    ],
    [
      2,
      3
    ],
    [
      2,
      4
    ],
    [
      2,
      5
    ],
    [
      3,
      11
    ],
    [
      3,
      12
    ],
    [
      3,
      13
    ],
    [
      4,
      10
    ],
    [
      5,
      6
    ],
    [
      5,
      7
    ],
    [
      5,
      8
    ],
    [
      5,
      9
    ]
  ]
}