{
  "graph_index": 1725,
  "nodes": {
    "0": {
      "type": "root",
      "in_degree": 0,
      "out_degree": 1,
      "betweenness": 0.0,
      "closeness": 0.0,
      "pagerank": 0.028597962009847176,
      "degree_centrality": 0.045454545454545456,
      "cpd": {
        "values": [
          0.5,
          0.5,
          0.0,
          0.0
        ],
        "evidence": [],
        "evidence_card": []
      }
    },
    "1": {
      "type": "intermediate",
      "in_degree": 1,
      "out_degree": 2,
      "betweenness": 0.045454545454545456,
      "closeness": 0.045454545454545456,
      "pagerank": 0.05290667799697413,
      "degree_centrality": 0.13636363636363635,
      "cpd": {
        "values": [
          0.10581744337785234,
          0.9673827906264596,
          0.8941825566221476,
          0.03261720937354043
        ],
        "evidence": [
          0
        ],
        "evidence_card": [
          2
        ]
      }
    },
    "2": {
      "type": "intermediate",
      "in_degree": 1,
      "out_degree": 4,
      "betweenness": 0.05194805194805195,
      "closeness": 0.06060606060606061,
      "pagerank": 0.05108258068005289,
      "degree_centrality": 0.2272727272727273,
      "cpd": {
        "values": [
          0.13579010908350786,
          0.46760943508299524,
          0.8642098909164921,
          0.5323905649170046
        ],
        "evidence": [
          1
        ],
        "evidence_card": [
          2
        ]
      }
    },
    "3": {
      "type": "intermediate",
      "in_degree": 1,
      "out_degree": 2,
      "betweenness": 0.030303030303030304,
      "closeness": 0.06060606060606061,
      "pagerank": 0.05108258068005289,
      "degree_centrality": 0.13636363636363635,
      "cpd": {
        "values": [
          0.5461438794445982,
          0.42316673661328247,
          0.4538561205554018,
          0.5768332633867174
        ],
        "evidence": [
          1
        ],
        "evidence_card": [
          2
        ]
      }
    },
    "4": {
      "type": "intermediate",
      "in_degree": 1,
      "out_degree": 3,
      "betweenness": 0.01948051948051948,
      "closeness": 0.06818181818181818,
      "pagerank": 0.05030780252157574,
      "degree_centrality": 0.18181818181818182,
      "cpd": {
        "values": [
          0.3202267360541559,
          0.9146417537708611,
          0.679773263945844,
          0.08535824622913887
        ],
        "evidence": [
          3
        ],
        "evidence_card": [
          2
        ]
      }
    },
    "5": {
      "type": "intermediate",
      "in_degree": 1,
      "out_degree": 3,
      "betweenness": 0.015151515151515152,
      "closeness": 0.06818181818181818,
      "pagerank": 0.05030780252157574,
      "degree_centrality": 0.18181818181818182,
      "cpd": {
        "values": [
          0.43879069810083987,
          0.11960060474353518,
          0.5612093018991601,
          0.8803993952564648
        ],
        "evidence": [
          3
        ],
        "evidence_card": [
          2
        ]
      }
    },
    "6": {
      "type": "leaf",
      "in_degree": 2,
      "out_degree": 0,
      "betweenness": 0.0,
      "closeness": 0.12626262626262627,
      "pagerank": 0.05370683316269925,
      "degree_centrality": 0.09090909090909091,
      "cpd": {
        "values": [
          0.1308768976735179,
          0.2458988252458105,
          0.98146267618338,
          0.39684412465036567
        ],
        "evidence": [
          2,
          5
        ],
        "evidence_card": [
          2,
          2
        ]
      }
    },
    "7": {
      "type": "leaf",
      "in_degree": 1,
      "out_degree": 0,
      "betweenness": 0.0,
      "closeness": 0.07272727272727274,
      "pagerank": 0.04285191290683496,
      "degree_centrality": 0.045454545454545456,
      "cpd": {
        "values": [
          0.5604206081547893,
          0.521883394205755,
          0.4395793918452107,
          0.47811660579424503
        ],
        "evidence": [
          5
        ],
        "evidence_card": [
          2
        ]
      }
    },
    "8": {
      "type": "leaf",
      "in_degree": 1,
      "out_degree": 0,
      "betweenness": 0.0,
      "closeness": 0.07272727272727274,
      "pagerank": 0.04285191290683496,
      "degree_centrality": 0.045454545454545456,
      "cpd": {
        "values": [
          0.4842713988662472,
          0.5886342915450345,
          0.5157286011337527,
          0.4113657084549655
        ],
        "evidence": [
          5
        ],
        "evidence_card": [
          2
        ]
      }
    },
    "9": {
      "type": "leaf",
      "in_degree": 1,
      "out_degree": 0,
      "betweenness": 0.0,
      "closeness": 0.07272727272727274,
      "pagerank": 0.04285191290683496,
      "degree_centrality": 0.045454545454545456,
      "cpd": {
        "values": [
          0.15776675610664162,
          0.45476170684737166,
          0.8422332438933584,
          0.5452382931526283
        ],
        "evidence": [
          4
        ],
        "evidence_card": [
          2
        ]
      }
    },
    "10": {
      "type": "leaf",
      "in_degree": 1,
      "out_degree": 0,
      "betweenness": 0.0,
      "closeness": 0.07272727272727274,
      "pagerank": 0.04285191290683496,
      "degree_centrality": 0.045454545454545456,
      "cpd": {
        "values": [
          0.6667977713076354,
          0.3809586222180398,
          0.3332022286923646,
          0.6190413777819602
        ],
        "evidence": [
          4
        ],
        "evidence_card": [
          2
        ]
      }
    },
    "11": {
      "type": "leaf",
      "in_degree": 1,
      "out_degree": 0,
      "betweenness": 0.0,
      "closeness": 0.07272727272727274,
      "pagerank": 0.04285191290683496,
      "degree_centrality": 0.045454545454545456,
      "cpd": {
        "values": [
          0.7369442982561615,
          0.46803484711923204,
          0.2630557017438385,
          0.531965152880768
        ],
        "evidence": [
          4
        ],
        "evidence_card": [
          2
        ]
      }
    },
    "12": {
      "type": "intermediate",
      "in_degree": 1,
      "out_degree": 3,
      "betweenness": 0.01948051948051948,
      "closeness": 0.06818181818181818,
      "pagerank": 0.03945288226571146,
      "degree_centrality": 0.18181818181818182,
      "cpd": {
        "values": [
          0.07081883719166845,
          0.6943505293721463,
          0.9291811628083315,
          0.3056494706278539
        ],
        "evidence": [
          2
        ],
        "evidence_card": [
          2
        ]
      }
    },
    "13": {
      "type": "intermediate",
      "in_degree": 1,
      "out_degree": 3,
      "betweenness": 0.01948051948051948,
      "closeness": 0.06818181818181818,
      "pagerank": 0.03945288226571146,
      "degree_centrality": 0.18181818181818182,
      "cpd": {
        "values": [
          0.10321502293799452,
          0.5707217974647003,
          0.8967849770620054,
          0.42927820253529964
        ],
        "evidence": [
          2
        ],
        "evidence_card": [
          2
        ]
      }
    },
    "14": {
      "type": "intermediate",
      "in_degree": 1,
      "out_degree": 2,
      "betweenness": 0.012987012987012988,
      "closeness": 0.06818181818181818,
      "pagerank": 0.03945288226571146,
      "degree_centrality": 0.13636363636363635,
      "cpd": {
        "values": [
          0.12918288310682144,
          0.8971572561314763,
          0.8708171168931785,
          0.10284274386852368
        ],
        "evidence": [
          2
        ],
        "evidence_card": [
          2
        ]
      }
    },
    "15": {
      "type": "leaf",
      "in_degree": 1,
      "out_degree": 0,
      "betweenness": 0.0,
      "closeness": 0.07272727272727274,
      "pagerank": 0.04536560417936976,
      "degree_centrality": 0.045454545454545456,