{
  "graph_index": 2573,
  "nodes": {
    "0": {
      "type": "root",
      "in_degree": 0,
      "out_degree": 1,
      "betweenness": 0.0,
      "closeness": 0.0,
      "pagerank": 0.035883701827125115,
      "degree_centrality": 0.058823529411764705,
      "cpd": {
        "values": [
          0.5,
          0.5,
          0.0,
          0.0
        ],
        "evidence": [],
        "evidence_card": []
      }
    },
    "1": {
      "type": "intermediate",
      "in_degree": 1,
      "out_degree": 1,
      "betweenness": 0.058823529411764705,
      "closeness": 0.058823529411764705,
      "pagerank": 0.066385308926957,
      "degree_centrality": 0.11764705882352941,
      "cpd": {
        "values": [
          0.23709356363795347,
          0.36235783147736905,
          0.7629064363620465,
          0.637642168522631
        ],
        "evidence": [
          0
        ],
        "evidence_card": [
          2
        ]
      }
    },
    "2": {
      "type": "intermediate",
      "in_degree": 1,
      "out_degree": 4,
      "betweenness": 0.11029411764705882,
      "closeness": 0.0784313725490196,
      "pagerank": 0.09231168018430645,
      "degree_centrality": 0.29411764705882354,
      "cpd": {
        "values": [
          0.6111179518552772,
          0.4602550888200339,
          0.3888820481447228,
          0.539744911179966
        ],
        "evidence": [
          1
        ],
        "evidence_card": [
          2
        ]
      }
    },
    "3": {
      "type": "intermediate",
      "in_degree": 1,
      "out_degree": 3,
      "betweenness": 0.03308823529411765,
      "closeness": 0.08823529411764706,
      "pagerank": 0.05550010070660949,
      "degree_centrality": 0.23529411764705882,
      "cpd": {
        "values": [
          0.4863191418380339,
          0.4029991457164544,
          0.5136808581619661,
          0.5970008542835457
        ],
        "evidence": [
          2
        ],
        "evidence_card": [
          2
        ]
      }
    },
    "4": {
      "type": "intermediate",
      "in_degree": 1,
      "out_degree": 3,
      "betweenness": 0.03308823529411765,
      "closeness": 0.08823529411764706,
      "pagerank": 0.05550010070660949,
      "degree_centrality": 0.23529411764705882,
      "cpd": {
        "values": [
          0.9245659184888017,
          0.3039830676666231,
          0.07543408151119838,
          0.6960169323333769
        ],
        "evidence": [
          2
        ],
        "evidence_card": [
          2
        ]
      }
    },
    "5": {
      "type": "intermediate",
      "in_degree": 1,
      "out_degree": 1,
      "betweenness": 0.011029411764705881,
      "closeness": 0.08823529411764706,
      "pagerank": 0.05550010070660949,
      "degree_centrality": 0.11764705882352941,
      "cpd": {
        "values": [
          0.5841993078477798,
          0.9292999298846994,
          0.41580069215222015,
          0.0707000701153005
        ],
        "evidence": [
          2
        ],
        "evidence_card": [
          2
        ]
      }
    },
    "6": {
      "type": "intermediate",
      "in_degree": 1,
      "out_degree": 4,
      "betweenness": 0.044117647058823525,
      "closeness": 0.08823529411764706,
      "pagerank": 0.05550010070660949,
      "degree_centrality": 0.29411764705882354,
      "cpd": {
        "values": [
          0.034243540478842066,
          0.7459321823496441,
          0.965756459521158,
          0.25406781765035585
        ],
        "evidence": [
          2
        ],
        "evidence_card": [
          2
        ]
      }
    },
    "7": {
      "type": "leaf",
      "in_degree": 1,
      "out_degree": 0,
      "betweenness": 0.0,
      "closeness": 0.09411764705882353,
      "pagerank": 0.04767733846067493,
      "degree_centrality": 0.058823529411764705,
      "cpd": {
        "values": [
          0.10240370962867212,
          0.4301935266265928,
          0.8975962903713279,
          0.5698064733734072
        ],
        "evidence": [
          6
        ],
        "evidence_card": [
          2
        ]
      }
    },
    "8": {
      "type": "leaf",
      "in_degree": 1,
      "out_degree": 0,
      "betweenness": 0.0,
      "closeness": 0.09411764705882353,
      "pagerank": 0.04767733846067493,
      "degree_centrality": 0.058823529411764705,
      "cpd": {
        "values": [
          0.7201445953202105,
          0.2850189268569948,
          0.27985540467978953,
          0.7149810731430052
        ],
        "evidence": [
          6
        ],
        "evidence_card": [
          2
        ]
      }
    },
    "9": {
      "type": "leaf",
      "in_degree": 1,
      "out_degree": 0,
      "betweenness": 0.0,
      "closeness": 0.09411764705882353,
      "pagerank": 0.04767733846067493,
      "degree_centrality": 0.058823529411764705,
      "cpd": {
        "values": [
          0.3590396333328486,
          0.5261098636711996,
          0.6409603666671514,
          0.4738901363288005
        ],
        "evidence": [
          6
        ],
        "evidence_card": [
          2
        ]
      }
    },
    "10": {
      "type": "leaf",
      "in_degree": 1,
      "out_degree": 0,
      "betweenness": 0.0,
      "closeness": 0.09411764705882353,
      "pagerank": 0.04767733846067493,
      "degree_centrality": 0.058823529411764705,
      "cpd": {
        "values": [
          0.48398083424586646,
          0.7404848995648162,
          0.5160191657541335,
          0.25951510043518383
        ],
        "evidence": [
          6
        ],
        "evidence_card": [
          2
        ]
      }
    },
    "11": {
      "type": "leaf",
      "in_degree": 1,
      "out_degree": 0,
      "betweenness": 0.0,
      "closeness": 0.09411764705882353,
      "pagerank": 0.08305824836132435,
      "degree_centrality": 0.058823529411764705,
      "cpd": {
        "values": [
          0.1351648283588973,
          0.32601742680220747,
          0.8648351716411027,
          0.6739825731977925
        ],
        "evidence": [
          5
        ],
        "evidence_card": [
          2
        ]
      }
    },
    "12": {
      "type": "leaf",
      "in_degree": 1,
      "out_degree": 0,
      "betweenness": 0.0,
      "closeness": 0.09411764705882353,
      "pagerank": 0.05160855067185818,
      "degree_centrality": 0.058823529411764705,
      "cpd": {
        "values": [
          0.545846768875807,
          0.05607791951684491,
          0.45415323112419287,
          0.9439220804831551
        ],
        "evidence": [
          4
        ],
        "evidence_card": [
          2
        ]
      }
    },
    "13": {
      "type": "leaf",
      "in_degree": 1,
      "out_degree": 0,
      "betweenness": 0.0,
      "closeness": 0.09411764705882353,
      "pagerank": 0.05160855067185818,
      "degree_centrality": 0.058823529411764705,
      "cpd": {
        "values": [
          0.5793721695083026,
          0.5287914252108564,
          0.42062783049169733,
          0.4712085747891435
        ],
        "evidence": [
          4
        ],
        "evidence_card": [
          2
        ]
      }
    },
    "14": {
      "type": "leaf",
      "in_degree": 1,
      "out_degree": 0,
      "betweenness": 0.0,
      "closeness": 0.09411764705882353,
      "pagerank": 0.05160855067185818,
      "degree_centrality": 0.058823529411764705,
      "cpd": {
        "values": [
          0.6328135050512573,
          0.6151667490483995,
          0.36718649494874267,
          0.3848332509516005
        ],
        "evidence": [
          4
        ],
        "evidence_card": [
          2
        ]
      }
    },
    "15": {
      "type": "leaf",
      "in_degree": 1,
      "out_degree": 0,
      "betweenness": 0.0,
      "closeness": 0.09411764705882353,
      "pagerank": 0.05160855067185818,
      "degree_centrality": 0.058823529411764705,