{
  "graph_index": 4011,
  "nodes": {
    "0": {
      "type": "root",
      "in_degree": 0,
      "out_degree": 1,
      "betweenness": 0.0,
      "closeness": 0.0,
      "pagerank": 0.04426717206628639,
      "degree_centrality": 0.09090909090909091,
      "cpd": {
        "values": [
          0.5,
          0.5,
          0.0,
          0.0
        ],
        "evidence": [],
        "evidence_card": []
      }
    },
    "1": {
      "type": "intermediate",
      "in_degree": 1,
      "out_degree": 2,
      "betweenness": 0.09090909090909091,
      "closeness": 0.09090909090909091,
      "pagerank": 0.0818938654132771,
      "degree_centrality": 0.2727272727272727,
      "cpd": {
        "values": [
          0.5030995101198631,
          0.4872565671744956,
          0.4969004898801369,
          0.5127434328255044
        ],
        "evidence": [
          0
        ],
        "evidence_card": [
          2
        ]
      }
    },
    "2": {
      "type": "intermediate",
      "in_degree": 1,
      "out_degree": 2,
      "betweenness": 0.09090909090909091,
      "closeness": 0.12121212121212122,
      "pagerank": 0.07907194646127855,
      "degree_centrality": 0.2727272727272727,
      "cpd": {
        "values": [
          0.27329593340037356,
          0.7777613906351851,
          0.7267040665996264,
          0.22223860936481482
        ],
        "evidence": [
          1
        ],
        "evidence_card": [
          2
        ]
      }
    },
    "3": {
      "type": "intermediate",
      "in_degree": 1,
      "out_degree": 1,
      "betweenness": 0.05454545454545454,
      "closeness": 0.12121212121212122,
      "pagerank": 0.07907194646127855,
      "degree_centrality": 0.18181818181818182,
      "cpd": {
        "values": [
          0.6114770428731875,
          0.605284082083534,
          0.38852295712681256,
          0.39471591791646593
        ],
        "evidence": [
          1
        ],
        "evidence_card": [
          2
        ]
      }
    },
    "4": {
      "type": "intermediate",
      "in_degree": 1,
      "out_degree": 2,
      "betweenness": 0.05454545454545454,
      "closeness": 0.13636363636363635,
      "pagerank": 0.11147759540882463,
      "degree_centrality": 0.2727272727272727,
      "cpd": {
        "values": [
          0.41029942641154954,
          0.3039311474478355,
          0.5897005735884504,
          0.6960688525521644
        ],
        "evidence": [
          3
        ],
        "evidence_card": [
          2
        ]
      }
    },
    "5": {
      "type": "leaf",
      "in_degree": 1,
      "out_degree": 0,
      "betweenness": 0.0,
      "closeness": 0.14545454545454548,
      "pagerank": 0.09164471032516654,
      "degree_centrality": 0.09090909090909091,
      "cpd": {
        "values": [
          0.5948027187714319,
          0.5689545395622009,
          0.4051972812285682,
          0.4310454604377992
        ],
        "evidence": [
          4
        ],
        "evidence_card": [
          2
        ]
      }
    },
    "6": {
      "type": "leaf",
      "in_degree": 1,
      "out_degree": 0,
      "betweenness": 0.0,
      "closeness": 0.14545454545454548,
      "pagerank": 0.09164471032516654,
      "degree_centrality": 0.09090909090909091,
      "cpd": {
        "values": [
          0.696918503066921,
          0.45998136280506896,
          0.30308149693307895,
          0.540018637194931
        ],
        "evidence": [
          4
        ],
        "evidence_card": [
          2
        ]
      }
    },
    "7": {
      "type": "intermediate",
      "in_degree": 1,
      "out_degree": 1,
      "betweenness": 0.02727272727272727,
      "closeness": 0.13636363636363635,
      "pagerank": 0.07787238373755549,
      "degree_centrality": 0.18181818181818182,
      "cpd": {
        "values": [
          0.6692569981405743,
          0.7656961218676185,
          0.33074300185942573,
          0.23430387813238152
        ],
        "evidence": [
          2
        ],
        "evidence_card": [
          2
        ]
      }
    },
    "8": {
      "type": "intermediate",
      "in_degree": 1,
      "out_degree": 2,
      "betweenness": 0.05454545454545454,
      "closeness": 0.13636363636363635,
      "pagerank": 0.07787238373755549,
      "degree_centrality": 0.2727272727272727,
      "cpd": {
        "values": [
          0.10373942421558165,
          0.8750442081175107,
          0.8962605757844183,
          0.12495579188248927
        ],
        "evidence": [
          2
        ],
        "evidence_card": [
          2
        ]
      }
    },
    "9": {
      "type": "leaf",
      "in_degree": 1,
      "out_degree": 0,
      "betweenness": 0.0,
      "closeness": 0.14545454545454548,
      "pagerank": 0.07736261453247414,
      "degree_centrality": 0.09090909090909091,
      "cpd": {
        "values": [
          0.562972867866711,
          0.33866512668114,
          0.437027132133289,
          0.66133487331886
        ],
        "evidence": [
          8
        ],
        "evidence_card": [
          2
        ]
      }
    },
    "10": {
      "type": "leaf",
      "in_degree": 1,
      "out_degree": 0,
      "betweenness": 0.0,
      "closeness": 0.14545454545454548,
      "pagerank": 0.07736261453247414,
      "degree_centrality": 0.09090909090909091,
      "cpd": {
        "values": [
          0.16886222616665247,
          0.46305060739447584,
          0.8311377738333475,
          0.5369493926055243
        ],
        "evidence": [
          8
        ],
        "evidence_card": [
          2
        ]
      }
    },
    "11": {
      "type": "leaf",
      "in_degree": 1,
      "out_degree": 0,
      "betweenness": 0.0,
      "closeness": 0.14545454545454548,
      "pagerank": 0.11045805699866192,
      "degree_centrality": 0.09090909090909091,
      "cpd": {
        "values": [
          0.42405314503990427,
          0.2654916347105099,
          0.5759468549600958,
          0.73450836528949
        ],
        "evidence": [
          7
        ],
        "evidence_card": [
          2
        ]
      }
    }
  },
  "edges": [
    [
      0,
      1
    ],
    [
      1,
      2
    ],
    [
      1,
      3
    ],
    [
      2,
      7
    ],
    [
      2,
      8
    ],
    [
      3,
      4
    ],
    [
      4,
      5
    ],
    [
      4,
      6
    ],
    [
      7,
      11
    ],
    [
      8,
      9
    ],
    [
      8,
      10
    ]
  ]
}