{
  "graph_index": 3364,
  "nodes": {
    "0": {
      "type": "root",
      "in_degree": 0,
      "out_degree": 1,
      "betweenness": 0.0,
      "closeness": 0.0,
      "pagerank": 0.020351313800686617,
      "degree_centrality": 0.03125,
      "cpd": {
        "values": [
          0.5,
          0.5,
          0.0,
          0.0
        ],
        "evidence": [],
        "evidence_card": []
      }
    },
    "1": {
      "type": "intermediate",
      "in_degree": 1,
      "out_degree": 3,
      "betweenness": 0.03125,
      "closeness": 0.03125,
      "pagerank": 0.03764911970700692,
      "degree_centrality": 0.125,
      "cpd": {
        "values": [
          0.2300922704369578,
          0.5475185406948376,
          0.7699077295630422,
          0.4524814593051623
        ],
        "evidence": [
          0
        ],
        "evidence_card": [
          2
        ]
      }
    },
    "2": {
      "type": "intermediate",
      "in_degree": 1,
      "out_degree": 4,
      "betweenness": 0.01814516129032258,
      "closeness": 0.041666666666666664,
      "pagerank": 0.03101846222534674,
      "degree_centrality": 0.15625,
      "cpd": {
        "values": [
          0.17373342209793005,
          0.6817111130600939,
          0.8262665779020699,
          0.3182888869399061
        ],
        "evidence": [
          1
        ],
        "evidence_card": [
          2
        ]
      }
    },
    "3": {
      "type": "intermediate",
      "in_degree": 1,
      "out_degree": 2,
      "betweenness": 0.01814516129032258,
      "closeness": 0.041666666666666664,
      "pagerank": 0.03101846222534674,
      "degree_centrality": 0.09375,
      "cpd": {
        "values": [
          0.4871162884472032,
          0.2517670841871046,
          0.5128837115527968,
          0.7482329158128953
        ],
        "evidence": [
          1
        ],
        "evidence_card": [
          2
        ]
      }
    },
    "4": {
      "type": "intermediate",
      "in_degree": 1,
      "out_degree": 3,
      "betweenness": 0.020161290322580645,
      "closeness": 0.041666666666666664,
      "pagerank": 0.03101846222534674,
      "degree_centrality": 0.125,
      "cpd": {
        "values": [
          0.7545627794168135,
          0.6276703150557362,
          0.24543722058318657,
          0.3723296849442637
        ],
        "evidence": [
          1
        ],
        "evidence_card": [
          2
        ]
      }
    },
    "5": {
      "type": "intermediate",
      "in_degree": 1,
      "out_degree": 1,
      "betweenness": 0.0030241935483870967,
      "closeness": 0.046875,
      "pagerank": 0.029139725858137264,
      "degree_centrality": 0.0625,
      "cpd": {
        "values": [
          0.6891295468329165,
          0.3558416653267046,
          0.3108704531670835,
          0.6441583346732954
        ],
        "evidence": [
          4
        ],
        "evidence_card": [
          2
        ]
      }
    },
    "6": {
      "type": "intermediate",
      "in_degree": 1,
      "out_degree": 4,
      "betweenness": 0.010080645161290322,
      "closeness": 0.046875,
      "pagerank": 0.029139725858137264,
      "degree_centrality": 0.15625,
      "cpd": {
        "values": [
          0.6385048612190509,
          0.650177999937632,
          0.3614951387809491,
          0.3498220000623679
        ],
        "evidence": [
          4
        ],
        "evidence_card": [
          2
        ]
      }
    },
    "7": {
      "type": "intermediate",
      "in_degree": 1,
      "out_degree": 3,
      "betweenness": 0.00907258064516129,
      "closeness": 0.046875,
      "pagerank": 0.029139725858137264,
      "degree_centrality": 0.125,
      "cpd": {
        "values": [
          0.6173203622789238,
          0.8118509167883143,
          0.3826796377210761,
          0.1881490832116856
        ],
        "evidence": [
          4
        ],
        "evidence_card": [
          2
        ]
      }
    },
    "8": {
      "type": "leaf",
      "in_degree": 1,
      "out_degree": 0,
      "betweenness": 0.0,
      "closeness": 0.05,
      "pagerank": 0.028607319310042793,
      "degree_centrality": 0.03125,
      "cpd": {
        "values": [
          0.6156948204765192,
          0.5467440493384702,
          0.3843051795234808,
          0.4532559506615297
        ],
        "evidence": [
          7
        ],
        "evidence_card": [
          2
        ]
      }
    },
    "9": {
      "type": "leaf",
      "in_degree": 1,
      "out_degree": 0,
      "betweenness": 0.0,
      "closeness": 0.05,
      "pagerank": 0.028607319310042793,
      "degree_centrality": 0.03125,
      "cpd": {
        "values": [
          0.6271254680618992,
          0.46861013260350975,
          0.3728745319381007,
          0.5313898673964903
        ],
        "evidence": [
          7
        ],
        "evidence_card": [
          2
        ]
      }
    },
    "10": {
      "type": "leaf",
      "in_degree": 1,
      "out_degree": 0,
      "betweenness": 0.0,
      "closeness": 0.05,
      "pagerank": 0.028607319310042793,
      "degree_centrality": 0.03125,
      "cpd": {
        "values": [
          0.5573245847167995,
          0.3665857413173497,
          0.44267541528320054,
          0.6334142586826502
        ],
        "evidence": [
          7
        ],
        "evidence_card": [
          2
        ]
      }
    },
    "11": {
      "type": "leaf",
      "in_degree": 1,
      "out_degree": 0,
      "betweenness": 0.0,
      "closeness": 0.05,
      "pagerank": 0.026543317932703748,
      "degree_centrality": 0.03125,
      "cpd": {
        "values": [
          0.38217762902509483,
          0.7196281672192535,
          0.6178223709749052,
          0.28037183278074645
        ],
        "evidence": [
          6
        ],
        "evidence_card": [
          2
        ]
      }
    },
    "12": {
      "type": "leaf",
      "in_degree": 1,
      "out_degree": 0,
      "betweenness": 0.0,
      "closeness": 0.05,
      "pagerank": 0.026543317932703748,
      "degree_centrality": 0.03125,
      "cpd": {
        "values": [
          0.5406170966143417,
          0.3564109883179186,
          0.4593829033856584,
          0.6435890116820814
        ],
        "evidence": [
          6
        ],
        "evidence_card": [
          2
        ]
      }
    },
    "13": {
      "type": "leaf",
      "in_degree": 1,
      "out_degree": 0,
      "betweenness": 0.0,
      "closeness": 0.05,
      "pagerank": 0.026543317932703748,
      "degree_centrality": 0.03125,
      "cpd": {
        "values": [
          0.6313079602069046,
          0.4505302085774605,
          0.36869203979309545,
          0.5494697914225395
        ],
        "evidence": [
          6
        ],
        "evidence_card": [
          2
        ]
      }
    },
    "14": {
      "type": "leaf",
      "in_degree": 2,
      "out_degree": 0,
      "betweenness": 0.0,
      "closeness": 0.08680555555555555,
      "pagerank": 0.03313462697579173,
      "degree_centrality": 0.0625,
      "cpd": {
        "values": [
          0.0007405731970697671,
          0.3493243294857829,
          0.1990725029927292,
          0.0951322302003876
        ],
        "evidence": [
          2,
          6
        ],
        "evidence_card": [
          2,
          2
        ]
      }
    },
    "15": {
      "type": "leaf",
      "in_degree": 1,
      "out_degree": 0,
      "betweenness": 0.0,
      "closeness": 0.05,
      "pagerank": 0.04511933032875514,
      "degree_centrality": 0.03125,
      "cpd": {
        "values": [
          0.46269271896192987,
          0.6205478541706836,
          0.5373072810380701,
          0.3794521458293164
        ],
        "evidence": [
          5
        ],
        "evidence_card": [
          2
        ]
      }
    },
    "16": {
      "type": "intermediate",
      "in_degree": 1,
      "out_degree": 4,
      "betweenness": 0.012096774193548387,