{
  "graph_index": 6052,
  "nodes": {
    "0": {
      "type": "root",
      "in_degree": 0,
      "out_degree": 2,
      "betweenness": 0.0,
      "closeness": 0.0,
      "pagerank": 0.02068083743317847,
      "degree_centrality": 0.06451612903225806,
      "cpd": {
        "values": [
          0.5,
          0.5,
          0.0,
          0.0
        ],
        "evidence": [],
        "evidence_card": []
      }
    },
    "1": {
      "type": "intermediate",
      "in_degree": 1,
      "out_degree": 1,
      "betweenness": 0.012903225806451613,
      "closeness": 0.03225806451612903,
      "pagerank": 0.029469719256822877,
      "degree_centrality": 0.06451612903225806,
      "cpd": {
        "values": [
          0.6628889062985035,
          0.5017322152894699,
          0.3371110937014965,
          0.49826778471053007
        ],
        "evidence": [
          0
        ],
        "evidence_card": [
          2
        ]
      }
    },
    "2": {
      "type": "intermediate",
      "in_degree": 1,
      "out_degree": 3,
      "betweenness": 0.01827956989247312,
      "closeness": 0.03225806451612903,
      "pagerank": 0.029469719256822877,
      "degree_centrality": 0.12903225806451613,
      "cpd": {
        "values": [
          0.10222237403526419,
          0.7392898610343094,
          0.8977776259647359,
          0.2607101389656905
        ],
        "evidence": [
          0
        ],
        "evidence_card": [
          2
        ]
      }
    },
    "3": {
      "type": "intermediate",
      "in_degree": 1,
      "out_degree": 4,
      "betweenness": 0.023655913978494623,
      "closeness": 0.04301075268817204,
      "pagerank": 0.029030415386675612,
      "degree_centrality": 0.16129032258064516,
      "cpd": {
        "values": [
          0.2833179107966919,
          0.03174441690786789,
          0.7166820892033081,
          0.9682555830921321
        ],
        "evidence": [
          2
        ],
        "evidence_card": [
          2
        ]
      }
    },
    "4": {
      "type": "intermediate",
      "in_degree": 1,
      "out_degree": 2,
      "betweenness": 0.0064516129032258064,
      "closeness": 0.04301075268817204,
      "pagerank": 0.029030415386675612,
      "degree_centrality": 0.0967741935483871,
      "cpd": {
        "values": [
          0.6082063581852561,
          0.5148103518090845,
          0.3917936418147438,
          0.4851896481909155
        ],
        "evidence": [
          2
        ],
        "evidence_card": [
          2
        ]
      }
    },
    "5": {
      "type": "intermediate",
      "in_degree": 1,
      "out_degree": 1,
      "betweenness": 0.0032258064516129032,
      "closeness": 0.04838709677419355,
      "pagerank": 0.03301842246678284,
      "degree_centrality": 0.06451612903225806,
      "cpd": {
        "values": [
          0.0804353069972605,
          0.4956686371397803,
          0.9195646930027395,
          0.5043313628602196
        ],
        "evidence": [
          4
        ],
        "evidence_card": [
          2
        ]
      }
    },
    "6": {
      "type": "leaf",
      "in_degree": 1,
      "out_degree": 0,
      "betweenness": 0.0,
      "closeness": 0.05161290322580645,
      "pagerank": 0.048747681439330795,
      "degree_centrality": 0.03225806451612903,
      "cpd": {
        "values": [
          0.40372051124278074,
          0.3951105380057529,
          0.5962794887572193,
          0.6048894619942471
        ],
        "evidence": [
          5
        ],
        "evidence_card": [
          2
        ]
      }
    },
    "7": {
      "type": "intermediate",
      "in_degree": 1,
      "out_degree": 1,
      "betweenness": 0.0032258064516129032,
      "closeness": 0.04838709677419355,
      "pagerank": 0.026849629949980653,
      "degree_centrality": 0.06451612903225806,
      "cpd": {
        "values": [
          0.9849900733652922,
          0.774485804351428,
          0.015009926634707797,
          0.22551419564857195
        ],
        "evidence": [
          3
        ],
        "evidence_card": [
          2
        ]
      }
    },
    "8": {
      "type": "intermediate",
      "in_degree": 1,
      "out_degree": 2,
      "betweenness": 0.0064516129032258064,
      "closeness": 0.04838709677419355,
      "pagerank": 0.026849629949980653,
      "degree_centrality": 0.0967741935483871,
      "cpd": {
        "values": [
          0.3178008852210966,
          0.5527923897198727,
          0.6821991147789034,
          0.4472076102801274
        ],
        "evidence": [
          3
        ],
        "evidence_card": [
          2
        ]
      }
    },
    "9": {
      "type": "intermediate",
      "in_degree": 1,
      "out_degree": 4,
      "betweenness": 0.012903225806451613,
      "closeness": 0.04838709677419355,
      "pagerank": 0.026849629949980653,
      "degree_centrality": 0.16129032258064516,
      "cpd": {
        "values": [
          0.1607899506463596,
          0.5307225045138444,
          0.8392100493536403,
          0.46927749548615566
        ],
        "evidence": [
          3
        ],
        "evidence_card": [
          2
        ]
      }
    },
    "10": {
      "type": "leaf",
      "in_degree": 1,
      "out_degree": 0,
      "betweenness": 0.0,
      "closeness": 0.05161290322580645,
      "pagerank": 0.02638641338985861,
      "degree_centrality": 0.03225806451612903,
      "cpd": {
        "values": [
          0.4479989809820509,
          0.5918804372952569,
          0.5520010190179491,
          0.40811956270474314
        ],
        "evidence": [
          9
        ],
        "evidence_card": [
          2
        ]
      }
    },
    "11": {
      "type": "leaf",
      "in_degree": 1,
      "out_degree": 0,
      "betweenness": 0.0,
      "closeness": 0.05161290322580645,
      "pagerank": 0.02638641338985861,
      "degree_centrality": 0.03225806451612903,
      "cpd": {
        "values": [
          0.603197252972508,
          0.4901734333165223,
          0.39680274702749196,
          0.5098265666834777
        ],
        "evidence": [
          9
        ],
        "evidence_card": [
          2
        ]
      }
    },
    "12": {
      "type": "leaf",
      "in_degree": 1,
      "out_degree": 0,
      "betweenness": 0.0,
      "closeness": 0.05161290322580645,
      "pagerank": 0.02638641338985861,
      "degree_centrality": 0.03225806451612903,
      "cpd": {
        "values": [
          0.08931968041322125,
          0.9609770811317603,
          0.9106803195867788,
          0.03902291886823974
        ],
        "evidence": [
          9
        ],
        "evidence_card": [
          2
        ]
      }
    },
    "13": {
      "type": "leaf",
      "in_degree": 1,
      "out_degree": 0,
      "betweenness": 0.0,
      "closeness": 0.05161290322580645,
      "pagerank": 0.02638641338985861,
      "degree_centrality": 0.03225806451612903,
      "cpd": {
        "values": [
          0.2858685479591997,
          0.6039033441914279,
          0.7141314520408003,
          0.3960966558085722
        ],
        "evidence": [
          9
        ],
        "evidence_card": [
          2
        ]
      }
    },
    "14": {
      "type": "leaf",
      "in_degree": 1,
      "out_degree": 0,
      "betweenness": 0.0,
      "closeness": 0.05161290322580645,
      "pagerank": 0.03209198934653876,
      "degree_centrality": 0.03225806451612903,
      "cpd": {
        "values": [
          0.7341760796003426,
          0.5347517446287284,
          0.2658239203996574,
          0.4652482553712715
        ],
        "evidence": [
          8
        ],
        "evidence_card": [
          2
        ]
      }
    },
    "15": {
      "type": "leaf",
      "in_degree": 1,
      "out_degree": 0,
      "betweenness": 0.0,
      "closeness": 0.05161290322580645,
      "pagerank": 0.03209198934653876,
      "degree_centrality": 0.03225806451612903,