{
  "graph_index": 3994,
  "nodes": {
    "0": {
      "type": "root",
      "in_degree": 0,
      "out_degree": 1,
      "betweenness": 0.0,
      "closeness": 0.0,
      "pagerank": 0.03588370182712512,
      "degree_centrality": 0.058823529411764705,
      "cpd": {
        "values": [
          0.5,
          0.5,
          0.0,
          0.0
        ],
        "evidence": [],
        "evidence_card": []
      }
    },
    "1": {
      "type": "intermediate",
      "in_degree": 1,
      "out_degree": 1,
      "betweenness": 0.058823529411764705,
      "closeness": 0.058823529411764705,
      "pagerank": 0.066385308926957,
      "degree_centrality": 0.11764705882352941,
      "cpd": {
        "values": [
          0.5459179878893662,
          0.20057298672310406,
          0.4540820121106337,
          0.7994270132768959
        ],
        "evidence": [
          0
        ],
        "evidence_card": [
          2
        ]
      }
    },
    "2": {
      "type": "intermediate",
      "in_degree": 1,
      "out_degree": 4,
      "betweenness": 0.11029411764705882,
      "closeness": 0.0784313725490196,
      "pagerank": 0.09231168018430645,
      "degree_centrality": 0.29411764705882354,
      "cpd": {
        "values": [
          0.6929903467999327,
          0.22363477006647942,
          0.30700965320006735,
          0.7763652299335206
        ],
        "evidence": [
          1
        ],
        "evidence_card": [
          2
        ]
      }
    },
    "3": {
      "type": "intermediate",
      "in_degree": 1,
      "out_degree": 4,
      "betweenness": 0.044117647058823525,
      "closeness": 0.08823529411764706,
      "pagerank": 0.055500100706609504,
      "degree_centrality": 0.29411764705882354,
      "cpd": {
        "values": [
          0.33691290371470173,
          0.3656264821720968,
          0.6630870962852984,
          0.6343735178279032
        ],
        "evidence": [
          2
        ],
        "evidence_card": [
          2
        ]
      }
    },
    "4": {
      "type": "intermediate",
      "in_degree": 1,
      "out_degree": 3,
      "betweenness": 0.03308823529411765,
      "closeness": 0.08823529411764706,
      "pagerank": 0.055500100706609504,
      "degree_centrality": 0.23529411764705882,
      "cpd": {
        "values": [
          0.8448379091211072,
          0.5230854765335895,
          0.15516209087889282,
          0.4769145234664106
        ],
        "evidence": [
          2
        ],
        "evidence_card": [
          2
        ]
      }
    },
    "5": {
      "type": "intermediate",
      "in_degree": 1,
      "out_degree": 1,
      "betweenness": 0.011029411764705881,
      "closeness": 0.08823529411764706,
      "pagerank": 0.055500100706609504,
      "degree_centrality": 0.11764705882352941,
      "cpd": {
        "values": [
          0.21825971284886356,
          0.4785100547227236,
          0.7817402871511364,
          0.5214899452772764
        ],
        "evidence": [
          2
        ],
        "evidence_card": [
          2
        ]
      }
    },
    "6": {
      "type": "intermediate",
      "in_degree": 1,
      "out_degree": 3,
      "betweenness": 0.03308823529411765,
      "closeness": 0.08823529411764706,
      "pagerank": 0.055500100706609504,
      "degree_centrality": 0.23529411764705882,
      "cpd": {
        "values": [
          0.40347180804356697,
          0.7464283120348445,
          0.596528191956433,
          0.2535716879651555
        ],
        "evidence": [
          2
        ],
        "evidence_card": [
          2
        ]
      }
    },
    "7": {
      "type": "leaf",
      "in_degree": 1,
      "out_degree": 0,
      "betweenness": 0.0,
      "closeness": 0.09411764705882353,
      "pagerank": 0.0516085506718582,
      "degree_centrality": 0.058823529411764705,
      "cpd": {
        "values": [
          0.6215496621507761,
          0.606147820397446,
          0.3784503378492239,
          0.3938521796025541
        ],
        "evidence": [
          6
        ],
        "evidence_card": [
          2
        ]
      }
    },
    "8": {
      "type": "leaf",
      "in_degree": 1,
      "out_degree": 0,
      "betweenness": 0.0,
      "closeness": 0.09411764705882353,
      "pagerank": 0.0516085506718582,
      "degree_centrality": 0.058823529411764705,
      "cpd": {
        "values": [
          0.9306058887386707,
          0.8100615918013772,
          0.06939411126132933,
          0.18993840819862282
        ],
        "evidence": [
          6
        ],
        "evidence_card": [
          2
        ]
      }
    },
    "9": {
      "type": "leaf",
      "in_degree": 1,
      "out_degree": 0,
      "betweenness": 0.0,
      "closeness": 0.09411764705882353,
      "pagerank": 0.0516085506718582,
      "degree_centrality": 0.058823529411764705,
      "cpd": {
        "values": [
          0.3886443000523135,
          0.41866625409741065,
          0.6113556999476867,
          0.5813337459025893
        ],
        "evidence": [
          6
        ],
        "evidence_card": [
          2
        ]
      }
    },
    "10": {
      "type": "leaf",
      "in_degree": 1,
      "out_degree": 0,
      "betweenness": 0.0,
      "closeness": 0.09411764705882353,
      "pagerank": 0.08305824836132435,
      "degree_centrality": 0.058823529411764705,
      "cpd": {
        "values": [
          0.9357195819511485,
          0.8593671033184597,
          0.0642804180488515,
          0.1406328966815403
        ],
        "evidence": [
          5
        ],
        "evidence_card": [
          2
        ]
      }
    },
    "11": {
      "type": "leaf",
      "in_degree": 1,
      "out_degree": 0,
      "betweenness": 0.0,
      "closeness": 0.09411764705882353,
      "pagerank": 0.0516085506718582,
      "degree_centrality": 0.058823529411764705,
      "cpd": {
        "values": [
          0.2539067351774005,
          0.43422369005720224,
          0.7460932648225995,
          0.5657763099427978
        ],
        "evidence": [
          4
        ],
        "evidence_card": [
          2
        ]
      }
    },
    "12": {
      "type": "leaf",
      "in_degree": 1,
      "out_degree": 0,
      "betweenness": 0.0,
      "closeness": 0.09411764705882353,
      "pagerank": 0.0516085506718582,
      "degree_centrality": 0.058823529411764705,
      "cpd": {
        "values": [
          0.6675333745715734,
          0.3724062663968127,
          0.3324666254284267,
          0.6275937336031874
        ],
        "evidence": [
          4
        ],
        "evidence_card": [
          2
        ]
      }
    },
    "13": {
      "type": "leaf",
      "in_degree": 1,
      "out_degree": 0,
      "betweenness": 0.0,
      "closeness": 0.09411764705882353,
      "pagerank": 0.0516085506718582,
      "degree_centrality": 0.058823529411764705,
      "cpd": {
        "values": [
          0.4239432000232995,
          0.5211598017049797,
          0.5760567999767005,
          0.4788401982950204
        ],
        "evidence": [
          4
        ],
        "evidence_card": [
          2
        ]
      }
    },
    "14": {
      "type": "leaf",
      "in_degree": 1,
      "out_degree": 0,
      "betweenness": 0.0,
      "closeness": 0.09411764705882353,
      "pagerank": 0.04767733846067493,
      "degree_centrality": 0.058823529411764705,
      "cpd": {
        "values": [
          0.4431721887666456,
          0.4814117905995505,
          0.5568278112333545,
          0.5185882094004495
        ],
        "evidence": [
          3
        ],
        "evidence_card": [
          2
        ]
      }
    },
    "15": {
      "type": "leaf",
      "in_degree": 1,
      "out_degree": 0,
      "betweenness": 0.0,
      "closeness": 0.09411764705882353,
      "pagerank": 0.04767733846067493,
      "degree_centrality": 0.058823529411764705,