{
  "graph_index": 2014,
  "nodes": {
    "0": {
      "type": "root",
      "in_degree": 0,
      "out_degree": 1,
      "betweenness": 0.0,
      "closeness": 0.0,
      "pagerank": 0.036349069262359125,
      "degree_centrality": 0.0625,
      "cpd": {
        "values": [
          0.5,
          0.5,
          0.0,
          0.0
        ],
        "evidence": [],
        "evidence_card": []
      }
    },
    "1": {
      "type": "intermediate",
      "in_degree": 1,
      "out_degree": 3,
      "betweenness": 0.0625,
      "closeness": 0.0625,
      "pagerank": 0.06724642177746609,
      "degree_centrality": 0.25,
      "cpd": {
        "values": [
          0.5384048267146168,
          0.8156574066545984,
          0.46159517328538335,
          0.18434259334540162
        ],
        "evidence": [
          0
        ],
        "evidence_card": [
          2
        ]
      }
    },
    "2": {
      "type": "intermediate",
      "in_degree": 1,
      "out_degree": 2,
      "betweenness": 0.03333333333333333,
      "closeness": 0.08333333333333333,
      "pagerank": 0.05540231073398312,
      "degree_centrality": 0.1875,
      "cpd": {
        "values": [
          0.9462086107494916,
          0.47885873630134973,
          0.0537913892505084,
          0.5211412636986503
        ],
        "evidence": [
          1
        ],
        "evidence_card": [
          2
        ]
      }
    },
    "3": {
      "type": "intermediate",
      "in_degree": 1,
      "out_degree": 2,
      "betweenness": 0.025,
      "closeness": 0.08333333333333333,
      "pagerank": 0.05540231073398312,
      "degree_centrality": 0.1875,
      "cpd": {
        "values": [
          0.4696549819253042,
          0.17752401783091457,
          0.5303450180746959,
          0.8224759821690855
        ],
        "evidence": [
          1
        ],
        "evidence_card": [
          2
        ]
      }
    },
    "4": {
      "type": "intermediate",
      "in_degree": 1,
      "out_degree": 2,
      "betweenness": 0.041666666666666664,
      "closeness": 0.08333333333333333,
      "pagerank": 0.05540231073398312,
      "degree_centrality": 0.1875,
      "cpd": {
        "values": [
          0.7355443893611031,
          0.6912367094746211,
          0.26445561063889694,
          0.30876329052537893
        ],
        "evidence": [
          1
        ],
        "evidence_card": [
          2
        ]
      }
    },
    "5": {
      "type": "intermediate",
      "in_degree": 1,
      "out_degree": 4,
      "betweenness": 0.041666666666666664,
      "closeness": 0.09375,
      "pagerank": 0.059895075418304286,
      "degree_centrality": 0.3125,
      "cpd": {
        "values": [
          0.4456082961536761,
          0.1569406447784475,
          0.5543917038463237,
          0.8430593552215525
        ],
        "evidence": [
          4
        ],
        "evidence_card": [
          2
        ]
      }
    },
    "6": {
      "type": "leaf",
      "in_degree": 1,
      "out_degree": 0,
      "betweenness": 0.0,
      "closeness": 0.1,
      "pagerank": 0.049076794985212883,
      "degree_centrality": 0.0625,
      "cpd": {
        "values": [
          0.6278435579635998,
          0.6817402053517917,
          0.3721564420364002,
          0.3182597946482083
        ],
        "evidence": [
          5
        ],
        "evidence_card": [
          2
        ]
      }
    },
    "7": {
      "type": "leaf",
      "in_degree": 2,
      "out_degree": 0,
      "betweenness": 0.0,
      "closeness": 0.1736111111111111,
      "pagerank": 0.07262280114115804,
      "degree_centrality": 0.125,
      "cpd": {
        "values": [
          0.21211147361313307,
          0.2135902891732156,
          0.6469278261772229,
          0.7905844555811148
        ],
        "evidence": [
          3,
          5
        ],
        "evidence_card": [
          2,
          2
        ]
      }
    },
    "8": {
      "type": "leaf",
      "in_degree": 1,
      "out_degree": 0,
      "betweenness": 0.0,
      "closeness": 0.1,
      "pagerank": 0.049076794985212883,
      "degree_centrality": 0.0625,
      "cpd": {
        "values": [
          0.21125108481537805,
          0.5052248120075429,
          0.788748915184622,
          0.4947751879924572
        ],
        "evidence": [
          5
        ],
        "evidence_card": [
          2
        ]
      }
    },
    "9": {
      "type": "leaf",
      "in_degree": 1,
      "out_degree": 0,
      "betweenness": 0.0,
      "closeness": 0.1,
      "pagerank": 0.049076794985212883,
      "degree_centrality": 0.0625,
      "cpd": {
        "values": [
          0.30661989034770115,
          0.503808885972232,
          0.6933801096522989,
          0.49619111402776805
        ],
        "evidence": [
          5
        ],
        "evidence_card": [
          2
        ]
      }
    },
    "10": {
      "type": "intermediate",
      "in_degree": 1,
      "out_degree": 2,
      "betweenness": 0.016666666666666666,
      "closeness": 0.09375,
      "pagerank": 0.059895075418304286,
      "degree_centrality": 0.1875,
      "cpd": {
        "values": [
          0.6178388560376004,
          0.7156380356189131,
          0.3821611439623997,
          0.2843619643810869
        ],
        "evidence": [
          3
        ],
        "evidence_card": [
          2
        ]
      }
    },
    "11": {
      "type": "leaf",
      "in_degree": 2,
      "out_degree": 0,
      "betweenness": 0.0,
      "closeness": 0.1736111111111111,
      "pagerank": 0.08535052686401177,
      "degree_centrality": 0.125,
      "cpd": {
        "values": [
          0.1926911815106402,
          0.4976465965051823,
          0.8991089874515916,
          0.8567464034976778
        ],
        "evidence": [
          2,
          10
        ],
        "evidence_card": [
          2,
          2
        ]
      }
    },
    "12": {
      "type": "leaf",
      "in_degree": 1,
      "out_degree": 0,
      "betweenness": 0.0,
      "closeness": 0.1,
      "pagerank": 0.061804520708066635,
      "degree_centrality": 0.0625,
      "cpd": {
        "values": [
          0.7746363277826147,
          0.9164181473179348,
          0.22536367221738526,
          0.08358185268206525
        ],
        "evidence": [
          10
        ],
        "evidence_card": [
          2
        ]
      }
    },
    "13": {
      "type": "intermediate",
      "in_degree": 1,
      "out_degree": 3,
      "betweenness": 0.029166666666666667,
      "closeness": 0.09375,
      "pagerank": 0.059895075418304286,
      "degree_centrality": 0.25,
      "cpd": {
        "values": [
          0.9303181649954267,
          0.30888419139948875,
          0.06968183500457324,
          0.6911158086005114
        ],
        "evidence": [
          2
        ],
        "evidence_card": [
          2
        ]
      }
    },
    "14": {
      "type": "leaf",
      "in_degree": 1,
      "out_degree": 0,
      "betweenness": 0.0,
      "closeness": 0.1,
      "pagerank": 0.053319370226164134,
      "degree_centrality": 0.0625,
      "cpd": {
        "values": [
          0.3296775304850374,
          0.3281933354431313,
          0.6703224695149627,
          0.6718066645568687
        ],
        "evidence": [
          13
        ],
        "evidence_card": [
          2
        ]
      }
    },
    "15": {
      "type": "leaf",
      "in_degree": 2,
      "out_degree": 0,
      "betweenness": 0.0,
      "closeness": 0.1736111111111111,
      "pagerank": 0.07686537638210927,
      "degree_centrality": 0.125,
      "cpd": {
        "values": [
          0.638188409142939,
          0.15559704946225322,
          0.5824743966444768,
          0.16948911140556241
        ],
        "evidence": [
          4,
          13
        ],
        "evidence_card": [
          2,
          2
        ]
      }
    },
    "16": {
      "type": "leaf",
      "in_degree": 1,
      "out_degree": 0,