{
  "graph_index": 7105,
  "nodes": {
    "0": {
      "type": "root",
      "in_degree": 0,
      "out_degree": 1,
      "betweenness": 0.0,
      "closeness": 0.0,
      "pagerank": 0.02146761231938422,
      "degree_centrality": 0.03225806451612903,
      "cpd": {
        "values": [
          0.5,
          0.5,
          0.0,
          0.0
        ],
        "evidence": [],
        "evidence_card": []
      }
    },
    "1": {
      "type": "intermediate",
      "in_degree": 1,
      "out_degree": 2,
      "betweenness": 0.03225806451612903,
      "closeness": 0.03225806451612903,
      "pagerank": 0.039714417023336515,
      "degree_centrality": 0.0967741935483871,
      "cpd": {
        "values": [
          0.3579331899608836,
          0.6123235951630017,
          0.6420668100391165,
          0.3876764048369983
        ],
        "evidence": [
          0
        ],
        "evidence_card": [
          2
        ]
      }
    },
    "2": {
      "type": "intermediate",
      "in_degree": 1,
      "out_degree": 4,
      "betweenness": 0.02795698924731183,
      "closeness": 0.04301075268817204,
      "pagerank": 0.03834590338767313,
      "degree_centrality": 0.16129032258064516,
      "cpd": {
        "values": [
          0.43465465828643823,
          0.19353688637605762,
          0.5653453417135617,
          0.8064631136239425
        ],
        "evidence": [
          1
        ],
        "evidence_card": [
          2
        ]
      }
    },
    "3": {
      "type": "intermediate",
      "in_degree": 1,
      "out_degree": 5,
      "betweenness": 0.03225806451612903,
      "closeness": 0.04301075268817204,
      "pagerank": 0.03834590338767313,
      "degree_centrality": 0.1935483870967742,
      "cpd": {
        "values": [
          0.4848741062745761,
          0.7243391282656125,
          0.5151258937254238,
          0.2756608717343876
        ],
        "evidence": [
          1
        ],
        "evidence_card": [
          2
        ]
      }
    },
    "4": {
      "type": "intermediate",
      "in_degree": 1,
      "out_degree": 4,
      "betweenness": 0.012903225806451613,
      "closeness": 0.04838709677419355,
      "pagerank": 0.02798654501075775,
      "degree_centrality": 0.16129032258064516,
      "cpd": {
        "values": [
          0.5515568506727199,
          0.6182291612507491,
          0.4484431493272802,
          0.38177083874925094
        ],
        "evidence": [
          3
        ],
        "evidence_card": [
          2
        ]
      }
    },
    "5": {
      "type": "intermediate",
      "in_degree": 1,
      "out_degree": 1,
      "betweenness": 0.0032258064516129032,
      "closeness": 0.04838709677419355,
      "pagerank": 0.02798654501075775,
      "degree_centrality": 0.06451612903225806,
      "cpd": {
        "values": [
          0.1304527427512682,
          0.746328561524427,
          0.8695472572487318,
          0.253671438475573
        ],
        "evidence": [
          3
        ],
        "evidence_card": [
          2
        ]
      }
    },
    "6": {
      "type": "intermediate",
      "in_degree": 1,
      "out_degree": 3,
      "betweenness": 0.00967741935483871,
      "closeness": 0.04838709677419355,
      "pagerank": 0.02798654501075775,
      "degree_centrality": 0.12903225806451613,
      "cpd": {
        "values": [
          0.39268205656732075,
          0.6799741334837939,
          0.6073179434326792,
          0.32002586651620624
        ],
        "evidence": [
          3
        ],
        "evidence_card": [
          2
        ]
      }
    },
    "7": {
      "type": "intermediate",
      "in_degree": 1,
      "out_degree": 2,
      "betweenness": 0.0064516129032258064,
      "closeness": 0.04838709677419355,
      "pagerank": 0.02798654501075775,
      "degree_centrality": 0.0967741935483871,
      "cpd": {
        "values": [
          0.17706819577489522,
          0.8237726726564278,
          0.8229318042251047,
          0.1762273273435722
        ],
        "evidence": [
          3
        ],
        "evidence_card": [
          2
        ]
      }
    },
    "8": {
      "type": "leaf",
      "in_degree": 1,
      "out_degree": 0,
      "betweenness": 0.0,
      "closeness": 0.05161290322580645,
      "pagerank": 0.03336152880435041,
      "degree_centrality": 0.03225806451612903,
      "cpd": {
        "values": [
          0.4363532401958588,
          0.7902710039948231,
          0.5636467598041411,
          0.20972899600517694
        ],
        "evidence": [
          7
        ],
        "evidence_card": [
          2
        ]
      }
    },
    "9": {
      "type": "leaf",
      "in_degree": 1,
      "out_degree": 0,
      "betweenness": 0.0,
      "closeness": 0.05161290322580645,
      "pagerank": 0.03336152880435041,
      "degree_centrality": 0.03225806451612903,
      "cpd": {
        "values": [
          0.45801169395996527,
          0.517345235930999,
          0.5419883060400347,
          0.48265476406900093
        ],
        "evidence": [
          7
        ],
        "evidence_card": [
          2
        ]
      }
    },
    "10": {
      "type": "leaf",
      "in_degree": 1,
      "out_degree": 0,
      "betweenness": 0.0,
      "closeness": 0.05161290322580645,
      "pagerank": 0.029396889976028347,
      "degree_centrality": 0.03225806451612903,
      "cpd": {
        "values": [
          0.5287239726232258,
          0.4756594619039694,
          0.4712760273767742,
          0.5243405380960305
        ],
        "evidence": [
          6
        ],
        "evidence_card": [
          2
        ]
      }
    },
    "11": {
      "type": "leaf",
      "in_degree": 1,
      "out_degree": 0,
      "betweenness": 0.0,
      "closeness": 0.05161290322580645,
      "pagerank": 0.029396889976028347,
      "degree_centrality": 0.03225806451612903,
      "cpd": {
        "values": [
          0.14884080749622716,
          0.9011437233081594,
          0.8511591925037728,
          0.0988562766918406
        ],
        "evidence": [
          6
        ],
        "evidence_card": [
          2
        ]
      }
    },
    "12": {
      "type": "leaf",
      "in_degree": 1,
      "out_degree": 0,
      "betweenness": 0.0,
      "closeness": 0.05161290322580645,
      "pagerank": 0.029396889976028347,
      "degree_centrality": 0.03225806451612903,
      "cpd": {
        "values": [
          0.44804056337102466,
          0.2652002713499878,
          0.5519594366289753,
          0.7347997286500122
        ],
        "evidence": [
          6
        ],
        "evidence_card": [
          2
        ]
      }
    },
    "13": {
      "type": "leaf",
      "in_degree": 1,
      "out_degree": 0,
      "betweenness": 0.0,
      "closeness": 0.05161290322580645,
      "pagerank": 0.045255445289316604,
      "degree_centrality": 0.03225806451612903,
      "cpd": {
        "values": [
          0.0038267907018216174,
          0.4716940976098812,
          0.9961732092981784,
          0.5283059023901188
        ],
        "evidence": [
          5
        ],
        "evidence_card": [
          2
        ]
      }
    },
    "14": {
      "type": "leaf",
      "in_degree": 1,
      "out_degree": 0,
      "betweenness": 0.0,
      "closeness": 0.05161290322580645,
      "pagerank": 0.027414570561867316,
      "degree_centrality": 0.03225806451612903,
      "cpd": {
        "values": [
          0.8644781694625567,
          0.18734625103796332,
          0.13552183053744318,
          0.8126537489620367
        ],
        "evidence": [
          4
        ],
        "evidence_card": [
          2
        ]
      }
    },
    "15": {
      "type": "leaf",
      "in_degree": 1,
      "out_degree": 0,
      "betweenness": 0.0,
      "closeness": 0.05161290322580645,
      "pagerank": 0.027414570561867316,
      "degree_centrality": 0.03225806451612903,