{
  "graph_index": 8932,
  "nodes": {
    "0": {
      "type": "root",
      "in_degree": 0,
      "out_degree": 1,
      "betweenness": 0.0,
      "closeness": 0.0,
      "pagerank": 0.041762236495818866,
      "degree_centrality": 0.07692307692307693,
      "cpd": {
        "values": [
          0.5,
          0.5,
          0.0,
          0.0
        ],
        "evidence": [],
        "evidence_card": []
      }
    },
    "1": {
      "type": "intermediate",
      "in_degree": 1,
      "out_degree": 2,
      "betweenness": 0.07692307692307693,
      "closeness": 0.07692307692307693,
      "pagerank": 0.07726013137025475,
      "degree_centrality": 0.23076923076923078,
      "cpd": {
        "values": [
          0.5406083739664888,
          0.1026930332353296,
          0.4593916260335112,
          0.8973069667646704
        ],
        "evidence": [
          0
        ],
        "evidence_card": [
          2
        ]
      }
    },
    "2": {
      "type": "intermediate",
      "in_degree": 1,
      "out_degree": 2,
      "betweenness": 0.0641025641025641,
      "closeness": 0.10256410256410256,
      "pagerank": 0.07459933830123117,
      "degree_centrality": 0.23076923076923078,
      "cpd": {
        "values": [
          0.3744489695676492,
          0.5914061580110779,
          0.6255510304323507,
          0.4085938419889222
        ],
        "evidence": [
          1
        ],
        "evidence_card": [
          2
        ]
      }
    },
    "3": {
      "type": "intermediate",
      "in_degree": 1,
      "out_degree": 2,
      "betweenness": 0.0641025641025641,
      "closeness": 0.10256410256410256,
      "pagerank": 0.07459933830123117,
      "degree_centrality": 0.23076923076923078,
      "cpd": {
        "values": [
          0.585535898969434,
          0.3489712433510478,
          0.41446410103056597,
          0.6510287566489522
        ],
        "evidence": [
          1
        ],
        "evidence_card": [
          2
        ]
      }
    },
    "4": {
      "type": "intermediate",
      "in_degree": 1,
      "out_degree": 3,
      "betweenness": 0.05769230769230769,
      "closeness": 0.11538461538461539,
      "pagerank": 0.07346669402591051,
      "degree_centrality": 0.3076923076923077,
      "cpd": {
        "values": [
          0.8319802517438231,
          0.6705229185670951,
          0.1680197482561769,
          0.32947708143290483
        ],
        "evidence": [
          3
        ],
        "evidence_card": [
          2
        ]
      }
    },
    "5": {
      "type": "leaf",
      "in_degree": 1,
      "out_degree": 0,
      "betweenness": 0.0,
      "closeness": 0.12307692307692308,
      "pagerank": 0.06257765432391983,
      "degree_centrality": 0.07692307692307693,
      "cpd": {
        "values": [
          0.6528951955355156,
          0.4747822852836891,
          0.3471048044644845,
          0.5252177147163108
        ],
        "evidence": [
          4
        ],
        "evidence_card": [
          2
        ]
      }
    },
    "6": {
      "type": "leaf",
      "in_degree": 1,
      "out_degree": 0,
      "betweenness": 0.0,
      "closeness": 0.12307692307692308,
      "pagerank": 0.06257765432391983,
      "degree_centrality": 0.07692307692307693,
      "cpd": {
        "values": [
          0.3822420951004441,
          0.26707816185275973,
          0.6177579048995558,
          0.7329218381472403
        ],
        "evidence": [
          4
        ],
        "evidence_card": [
          2
        ]
      }
    },
    "7": {
      "type": "leaf",
      "in_degree": 1,
      "out_degree": 0,
      "betweenness": 0.0,
      "closeness": 0.12307692307692308,
      "pagerank": 0.06257765432391983,
      "degree_centrality": 0.07692307692307693,
      "cpd": {
        "values": [
          0.8375256008275427,
          0.6600636688325157,
          0.16247439917245737,
          0.33993633116748445
        ],
        "evidence": [
          4
        ],
        "evidence_card": [
          2
        ]
      }
    },
    "8": {
      "type": "intermediate",
      "in_degree": 1,
      "out_degree": 3,
      "betweenness": 0.04487179487179487,
      "closeness": 0.11538461538461539,
      "pagerank": 0.07346669402591051,
      "degree_centrality": 0.3076923076923077,
      "cpd": {
        "values": [
          0.5172273718136209,
          0.6401530377818783,
          0.48277262818637917,
          0.35984696221812174
        ],
        "evidence": [
          2
        ],
        "evidence_card": [
          2
        ]
      }
    },
    "9": {
      "type": "intermediate",
      "in_degree": 1,
      "out_degree": 1,
      "betweenness": 0.019230769230769232,
      "closeness": 0.11538461538461539,
      "pagerank": 0.07346669402591051,
      "degree_centrality": 0.15384615384615385,
      "cpd": {
        "values": [
          0.7098629884836698,
          0.6437837426021243,
          0.29013701151633026,
          0.35621625739787566
        ],
        "evidence": [
          2
        ],
        "evidence_card": [
          2
        ]
      }
    },
    "10": {
      "type": "leaf",
      "in_degree": 1,
      "out_degree": 0,
      "betweenness": 0.0,
      "closeness": 0.12307692307692308,
      "pagerank": 0.10420848998012179,
      "degree_centrality": 0.07692307692307693,
      "cpd": {
        "values": [
          0.8364139986088862,
          0.5216929837860519,
          0.1635860013911138,
          0.4783070162139481
        ],
        "evidence": [
          9
        ],
        "evidence_card": [
          2
        ]
      }
    },
    "11": {
      "type": "leaf",
      "in_degree": 1,
      "out_degree": 0,
      "betweenness": 0.0,
      "closeness": 0.12307692307692308,
      "pagerank": 0.06257765432391983,
      "degree_centrality": 0.07692307692307693,
      "cpd": {
        "values": [
          0.49476986008260504,
          0.7123569463202892,
          0.5052301399173948,
          0.2876430536797107
        ],
        "evidence": [
          8
        ],
        "evidence_card": [
          2
        ]
      }
    },
    "12": {
      "type": "leaf",
      "in_degree": 2,
      "out_degree": 0,
      "betweenness": 0.0,
      "closeness": 0.2136752136752137,
      "pagerank": 0.09428211185401147,
      "degree_centrality": 0.15384615384615385,
      "cpd": {
        "values": [
          0.3084049647112585,
          0.27992081152826886,
          0.4691629587258383,
          0.876269592535107
        ],
        "evidence": [
          3,
          8
        ],
        "evidence_card": [
          2,
          2
        ]
      }
    },
    "13": {
      "type": "leaf",
      "in_degree": 1,
      "out_degree": 0,
      "betweenness": 0.0,
      "closeness": 0.12307692307692308,
      "pagerank": 0.06257765432391983,
      "degree_centrality": 0.07692307692307693,
      "cpd": {
        "values": [
          0.19377239401269677,
          0.25229230405386177,
          0.8062276059873033,
          0.7477076959461382
        ],
        "evidence": [
          8
        ],
        "evidence_card": [
          2
        ]
      }
    }
  },
  "edges": [
    [
      0,
      1
    ],
    [
      1,
      2
    ],
    [
      1,
      3
    ],
    [
      2,
      8
    ],
    [
      2,
      9
    ],
    [
      3,
      4
    ],
    [
      3,
      12
    ],
    [
      4,
      5
    ],
    [
      4,
      6
    ],
    [
      4,
      7
    ],
    [
      8,
      11
    ],
    [
      8,
      12
    ],
    [
      8,
      13
    ],
    [
      9,
      10
    ]
  ]
}