{
  "graph_index": 6773,
  "nodes": {
    "0": {
      "type": "root",
      "in_degree": 0,
      "out_degree": 2,
      "betweenness": 0.0,
      "closeness": 0.0,
      "pagerank": 0.024995575377533098,
      "degree_centrality": 0.08333333333333333,
      "cpd": {
        "values": [
          0.5,
          0.5,
          0.0,
          0.0
        ],
        "evidence": [],
        "evidence_card": []
      }
    },
    "1": {
      "type": "intermediate",
      "in_degree": 1,
      "out_degree": 1,
      "betweenness": 0.016304347826086956,
      "closeness": 0.041666666666666664,
      "pagerank": 0.03561897628621744,
      "degree_centrality": 0.08333333333333333,
      "cpd": {
        "values": [
          0.2241581666005364,
          0.9681103347300193,
          0.7758418333994636,
          0.03188966526998072
        ],
        "evidence": [
          0
        ],
        "evidence_card": [
          2
        ]
      }
    },
    "2": {
      "type": "intermediate",
      "in_degree": 1,
      "out_degree": 1,
      "betweenness": 0.02355072463768116,
      "closeness": 0.041666666666666664,
      "pagerank": 0.03561897628621744,
      "degree_centrality": 0.08333333333333333,
      "cpd": {
        "values": [
          0.4826313731034615,
          0.7454989901975816,
          0.5173686268965385,
          0.2545010098024184
        ],
        "evidence": [
          0
        ],
        "evidence_card": [
          2
        ]
      }
    },
    "3": {
      "type": "intermediate",
      "in_degree": 1,
      "out_degree": 5,
      "betweenness": 0.043478260869565216,
      "closeness": 0.05555555555555555,
      "pagerank": 0.055271974094571345,
      "degree_centrality": 0.25,
      "cpd": {
        "values": [
          0.4764978554007821,
          0.7889382044541066,
          0.5235021445992178,
          0.2110617955458934
        ],
        "evidence": [
          2
        ],
        "evidence_card": [
          2
        ]
      }
    },
    "4": {
      "type": "intermediate",
      "in_degree": 1,
      "out_degree": 1,
      "betweenness": 0.005434782608695652,
      "closeness": 0.0625,
      "pagerank": 0.03439140721581818,
      "degree_centrality": 0.08333333333333333,
      "cpd": {
        "values": [
          0.36248003776154314,
          0.9324766776455883,
          0.6375199622384569,
          0.06752332235441175
        ],
        "evidence": [
          3
        ],
        "evidence_card": [
          2
        ]
      }
    },
    "5": {
      "type": "intermediate",
      "in_degree": 1,
      "out_degree": 4,
      "betweenness": 0.021739130434782608,
      "closeness": 0.0625,
      "pagerank": 0.03439140721581818,
      "degree_centrality": 0.20833333333333331,
      "cpd": {
        "values": [
          0.9856692256115235,
          0.3068330729344787,
          0.014330774388476495,
          0.6931669270655213
        ],
        "evidence": [
          3
        ],
        "evidence_card": [
          2
        ]
      }
    },
    "6": {
      "type": "intermediate",
      "in_degree": 1,
      "out_degree": 1,
      "betweenness": 0.005434782608695652,
      "closeness": 0.0625,
      "pagerank": 0.03439140721581818,
      "degree_centrality": 0.08333333333333333,
      "cpd": {
        "values": [
          0.6268757704116071,
          0.6011778094143706,
          0.37312422958839275,
          0.39882219058562945
        ],
        "evidence": [
          3
        ],
        "evidence_card": [
          2
        ]
      }
    },
    "7": {
      "type": "intermediate",
      "in_degree": 1,
      "out_degree": 1,
      "betweenness": 0.005434782608695652,
      "closeness": 0.0625,
      "pagerank": 0.03439140721581818,
      "degree_centrality": 0.08333333333333333,
      "cpd": {
        "values": [
          0.3335775997754908,
          0.01895100494628295,
          0.6664224002245093,
          0.981048995053717
        ],
        "evidence": [
          3
        ],
        "evidence_card": [
          2
        ]
      }
    },
    "8": {
      "type": "leaf",
      "in_degree": 1,
      "out_degree": 0,
      "betweenness": 0.0,
      "closeness": 0.06666666666666667,
      "pagerank": 0.05422814241969782,
      "degree_centrality": 0.041666666666666664,
      "cpd": {
        "values": [
          0.2855299101385978,
          0.34920651112037776,
          0.7144700898614024,
          0.6507934888796223
        ],
        "evidence": [
          7
        ],
        "evidence_card": [
          2
        ]
      }
    },
    "9": {
      "type": "leaf",
      "in_degree": 1,
      "out_degree": 0,
      "betweenness": 0.0,
      "closeness": 0.06666666666666667,
      "pagerank": 0.05422814241969782,
      "degree_centrality": 0.041666666666666664,
      "cpd": {
        "values": [
          0.47534808385761723,
          0.592450877179812,
          0.5246519161423827,
          0.4075491228201879
        ],
        "evidence": [
          6
        ],
        "evidence_card": [
          2
        ]
      }
    },
    "10": {
      "type": "leaf",
      "in_degree": 1,
      "out_degree": 0,
      "betweenness": 0.0,
      "closeness": 0.06666666666666667,
      "pagerank": 0.03230371713807428,
      "degree_centrality": 0.041666666666666664,
      "cpd": {
        "values": [
          0.537446998084488,
          0.1953009683406105,
          0.46255300191551185,
          0.8046990316593894
        ],
        "evidence": [
          5
        ],
        "evidence_card": [
          2
        ]
      }
    },
    "11": {
      "type": "leaf",
      "in_degree": 1,
      "out_degree": 0,
      "betweenness": 0.0,
      "closeness": 0.06666666666666667,
      "pagerank": 0.03230371713807428,
      "degree_centrality": 0.041666666666666664,
      "cpd": {
        "values": [
          0.6774864334915339,
          0.23375796772004234,
          0.322513566508466,
          0.7662420322799577
        ],
        "evidence": [
          5
        ],
        "evidence_card": [
          2
        ]
      }
    },
    "12": {
      "type": "leaf",
      "in_degree": 1,
      "out_degree": 0,
      "betweenness": 0.0,
      "closeness": 0.06666666666666667,
      "pagerank": 0.03230371713807428,
      "degree_centrality": 0.041666666666666664,
      "cpd": {
        "values": [
          0.21205538670824095,
          0.030123368714235352,
          0.7879446132917589,
          0.9698766312857646
        ],
        "evidence": [
          5
        ],
        "evidence_card": [
          2
        ]
      }
    },
    "13": {
      "type": "leaf",
      "in_degree": 1,
      "out_degree": 0,
      "betweenness": 0.0,
      "closeness": 0.06666666666666667,
      "pagerank": 0.03230371713807428,
      "degree_centrality": 0.041666666666666664,
      "cpd": {
        "values": [
          0.21361097686491137,
          0.43859608984270587,
          0.7863890231350886,
          0.5614039101572941
        ],
        "evidence": [
          5
        ],
        "evidence_card": [
          2
        ]
      }
    },
    "14": {
      "type": "leaf",
      "in_degree": 1,
      "out_degree": 0,
      "betweenness": 0.0,
      "closeness": 0.06666666666666667,
      "pagerank": 0.05422814241969782,
      "degree_centrality": 0.041666666666666664,
      "cpd": {
        "values": [
          0.06301370605012148,
          0.4185486956589317,
          0.9369862939498785,
          0.5814513043410683
        ],
        "evidence": [
          4
        ],
        "evidence_card": [
          2
        ]
      }
    },
    "15": {
      "type": "intermediate",
      "in_degree": 1,
      "out_degree": 2,
      "betweenness": 0.030797101449275364,
      "closeness": 0.05555555555555555,
      "pagerank": 0.055271974094571345,
      "degree_centrality": 0.125,