{
  "graph_index": 6458,
  "nodes": {
    "0": {
      "type": "root",
      "in_degree": 0,
      "out_degree": 1,
      "betweenness": 0.0,
      "closeness": 0.0,
      "pagerank": 0.028336580348989202,
      "degree_centrality": 0.045454545454545456,
      "cpd": {
        "values": [
          0.5,
          0.5,
          0.0,
          0.0
        ],
        "evidence": [],
        "evidence_card": []
      }
    },
    "1": {
      "type": "intermediate",
      "in_degree": 1,
      "out_degree": 2,
      "betweenness": 0.045454545454545456,
      "closeness": 0.045454545454545456,
      "pagerank": 0.052423225409520435,
      "degree_centrality": 0.13636363636363635,
      "cpd": {
        "values": [
          0.17507551342502978,
          0.06442558656663151,
          0.8249244865749702,
          0.9355744134333684
        ],
        "evidence": [
          0
        ],
        "evidence_card": [
          2
        ]
      }
    },
    "2": {
      "type": "intermediate",
      "in_degree": 1,
      "out_degree": 1,
      "betweenness": 0.012987012987012988,
      "closeness": 0.06060606060606061,
      "pagerank": 0.05061535580300763,
      "degree_centrality": 0.09090909090909091,
      "cpd": {
        "values": [
          0.18147009937237046,
          0.6796125956526379,
          0.8185299006276295,
          0.3203874043473621
        ],
        "evidence": [
          1
        ],
        "evidence_card": [
          2
        ]
      }
    },
    "3": {
      "type": "intermediate",
      "in_degree": 1,
      "out_degree": 4,
      "betweenness": 0.06926406926406926,
      "closeness": 0.06060606060606061,
      "pagerank": 0.05061535580300763,
      "degree_centrality": 0.2272727272727273,
      "cpd": {
        "values": [
          0.7129600231894041,
          0.38452239613066136,
          0.2870399768105959,
          0.6154776038693386
        ],
        "evidence": [
          1
        ],
        "evidence_card": [
          2
        ]
      }
    },
    "4": {
      "type": "intermediate",
      "in_degree": 1,
      "out_degree": 2,
      "betweenness": 0.012987012987012988,
      "closeness": 0.06818181818181818,
      "pagerank": 0.03909221413722497,
      "degree_centrality": 0.13636363636363635,
      "cpd": {
        "values": [
          0.395728067485411,
          0.8663154080940464,
          0.6042719325145891,
          0.13368459190595358
        ],
        "evidence": [
          3
        ],
        "evidence_card": [
          2
        ]
      }
    },
    "5": {
      "type": "intermediate",
      "in_degree": 1,
      "out_degree": 3,
      "betweenness": 0.01948051948051948,
      "closeness": 0.06818181818181818,
      "pagerank": 0.03909221413722497,
      "degree_centrality": 0.18181818181818182,
      "cpd": {
        "values": [
          0.03403594786743906,
          0.7360823502981916,
          0.965964052132561,
          0.26391764970180837
        ],
        "evidence": [
          3
        ],
        "evidence_card": [
          2
        ]
      }
    },
    "6": {
      "type": "intermediate",
      "in_degree": 1,
      "out_degree": 4,
      "betweenness": 0.025974025974025976,
      "closeness": 0.06818181818181818,
      "pagerank": 0.03909221413722497,
      "degree_centrality": 0.2272727272727273,
      "cpd": {
        "values": [
          0.7952212999821552,
          0.34308792194117893,
          0.20477870001784476,
          0.6569120780588211
        ],
        "evidence": [
          3
        ],
        "evidence_card": [
          2
        ]
      }
    },
    "7": {
      "type": "intermediate",
      "in_degree": 1,
      "out_degree": 3,
      "betweenness": 0.01948051948051948,
      "closeness": 0.06818181818181818,
      "pagerank": 0.03909221413722497,
      "degree_centrality": 0.18181818181818182,
      "cpd": {
        "values": [
          0.8877836898552813,
          0.12599877455049838,
          0.1122163101447188,
          0.8740012254495017
        ],
        "evidence": [
          3
        ],
        "evidence_card": [
          2
        ]
      }
    },
    "8": {
      "type": "leaf",
      "in_degree": 1,
      "out_degree": 0,
      "betweenness": 0.0,
      "closeness": 0.07272727272727274,
      "pagerank": 0.039412802052338686,
      "degree_centrality": 0.045454545454545456,
      "cpd": {
        "values": [
          0.5476149768236533,
          0.4250024514104598,
          0.45238502317634677,
          0.5749975485895401
        ],
        "evidence": [
          7
        ],
        "evidence_card": [
          2
        ]
      }
    },
    "9": {
      "type": "leaf",
      "in_degree": 1,
      "out_degree": 0,
      "betweenness": 0.0,
      "closeness": 0.07272727272727274,
      "pagerank": 0.039412802052338686,
      "degree_centrality": 0.045454545454545456,
      "cpd": {
        "values": [
          0.6313229983905547,
          0.8780538143934451,
          0.36867700160944533,
          0.12194618560655493
        ],
        "evidence": [
          7
        ],
        "evidence_card": [
          2
        ]
      }
    },
    "10": {
      "type": "leaf",
      "in_degree": 1,
      "out_degree": 0,
      "betweenness": 0.0,
      "closeness": 0.07272727272727274,
      "pagerank": 0.039412802052338686,
      "degree_centrality": 0.045454545454545456,
      "cpd": {
        "values": [
          0.11781504746017896,
          0.2875035322979696,
          0.882184952539821,
          0.7124964677020303
        ],
        "evidence": [
          7
        ],
        "evidence_card": [
          2
        ]
      }
    },
    "11": {
      "type": "leaf",
      "in_degree": 1,
      "out_degree": 0,
      "betweenness": 0.0,
      "closeness": 0.07272727272727274,
      "pagerank": 0.036643746626501314,
      "degree_centrality": 0.045454545454545456,
      "cpd": {
        "values": [
          0.8608921360874124,
          0.5512780162266365,
          0.13910786391258756,
          0.4487219837733635
        ],
        "evidence": [
          6
        ],
        "evidence_card": [
          2
        ]
      }
    },
    "12": {
      "type": "leaf",
      "in_degree": 1,
      "out_degree": 0,
      "betweenness": 0.0,
      "closeness": 0.07272727272727274,
      "pagerank": 0.036643746626501314,
      "degree_centrality": 0.045454545454545456,
      "cpd": {
        "values": [
          0.5517302426449989,
          0.8790948218142223,
          0.44826975735500113,
          0.12090517818577785
        ],
        "evidence": [
          6
        ],
        "evidence_card": [
          2
        ]
      }
    },
    "13": {
      "type": "leaf",
      "in_degree": 1,
      "out_degree": 0,
      "betweenness": 0.0,
      "closeness": 0.07272727272727274,
      "pagerank": 0.036643746626501314,
      "degree_centrality": 0.045454545454545456,
      "cpd": {
        "values": [
          0.24882767146130502,
          0.43509675251101637,
          0.751172328538695,
          0.5649032474889836
        ],
        "evidence": [
          6
        ],
        "evidence_card": [
          2
        ]
      }
    },
    "14": {
      "type": "leaf",
      "in_degree": 1,
      "out_degree": 0,
      "betweenness": 0.0,
      "closeness": 0.07272727272727274,
      "pagerank": 0.036643746626501314,
      "degree_centrality": 0.045454545454545456,
      "cpd": {
        "values": [
          0.34990294016538775,
          0.033141277107425,
          0.6500970598346122,
          0.966858722892575
        ],
        "evidence": [
          6
        ],
        "evidence_card": [
          2
        ]
      }
    },
    "15": {
      "type": "leaf",
      "in_degree": 1,
      "out_degree": 0,
      "betweenness": 0.0,
      "closeness": 0.07272727272727274,
      "pagerank": 0.039412802052338686,
      "degree_centrality": 0.045454545454545456,