{
  "graph_index": 7231,
  "nodes": {
    "0": {
      "type": "root",
      "in_degree": 0,
      "out_degree": 1,
      "betweenness": 0.0,
      "closeness": 0.0,
      "pagerank": 0.030733827736646208,
      "degree_centrality": 0.05,
      "cpd": {
        "values": [
          0.5,
          0.5,
          0.0,
          0.0
        ],
        "evidence": [],
        "evidence_card": []
      }
    },
    "1": {
      "type": "intermediate",
      "in_degree": 1,
      "out_degree": 2,
      "betweenness": 0.049999999999999996,
      "closeness": 0.05,
      "pagerank": 0.05685807377771557,
      "degree_centrality": 0.15000000000000002,
      "cpd": {
        "values": [
          0.19867615441254247,
          0.6776690961851958,
          0.8013238455874575,
          0.3223309038148042
        ],
        "evidence": [
          0
        ],
        "evidence_card": [
          2
        ]
      }
    },
    "2": {
      "type": "intermediate",
      "in_degree": 1,
      "out_degree": 3,
      "betweenness": 0.03684210526315789,
      "closeness": 0.06666666666666667,
      "pagerank": 0.05489818597872101,
      "degree_centrality": 0.2,
      "cpd": {
        "values": [
          0.9072488568911632,
          0.3998232598211381,
          0.0927511431088368,
          0.6001767401788619
        ],
        "evidence": [
          1
        ],
        "evidence_card": [
          2
        ]
      }
    },
    "3": {
      "type": "intermediate",
      "in_degree": 1,
      "out_degree": 4,
      "betweenness": 0.05263157894736842,
      "closeness": 0.06666666666666667,
      "pagerank": 0.05489818597872101,
      "degree_centrality": 0.25,
      "cpd": {
        "values": [
          0.45162716966906136,
          0.365797867833282,
          0.5483728303309386,
          0.6342021321667181
        ],
        "evidence": [
          1
        ],
        "evidence_card": [
          2
        ]
      }
    },
    "4": {
      "type": "intermediate",
      "in_degree": 1,
      "out_degree": 2,
      "betweenness": 0.015789473684210527,
      "closeness": 0.075,
      "pagerank": 0.042399514470354185,
      "degree_centrality": 0.15000000000000002,
      "cpd": {
        "values": [
          0.6394969407760192,
          0.6628002157493345,
          0.3605030592239808,
          0.33719978425066555
        ],
        "evidence": [
          3
        ],
        "evidence_card": [
          2
        ]
      }
    },
    "5": {
      "type": "intermediate",
      "in_degree": 1,
      "out_degree": 3,
      "betweenness": 0.02368421052631579,
      "closeness": 0.075,
      "pagerank": 0.042399514470354185,
      "degree_centrality": 0.2,
      "cpd": {
        "values": [
          0.5665424814159539,
          0.6195766604735338,
          0.4334575185840461,
          0.3804233395264662
        ],
        "evidence": [
          3
        ],
        "evidence_card": [
          2
        ]
      }
    },
    "6": {
      "type": "intermediate",
      "in_degree": 1,
      "out_degree": 2,
      "betweenness": 0.010526315789473684,
      "closeness": 0.075,
      "pagerank": 0.042399514470354185,
      "degree_centrality": 0.15000000000000002,
      "cpd": {
        "values": [
          0.7058417037451065,
          0.5495972832562863,
          0.29415829625489354,
          0.4504027167437137
        ],
        "evidence": [
          3
        ],
        "evidence_card": [
          2
        ]
      }
    },
    "7": {
      "type": "leaf",
      "in_degree": 1,
      "out_degree": 0,
      "betweenness": 0.0,
      "closeness": 0.08000000000000002,
      "pagerank": 0.04875388583925736,
      "degree_centrality": 0.05,
      "cpd": {
        "values": [
          0.6907257032375896,
          0.1402490649314002,
          0.30927429676241025,
          0.8597509350685998
        ],
        "evidence": [
          6
        ],
        "evidence_card": [
          2
        ]
      }
    },
    "8": {
      "type": "leaf",
      "in_degree": 2,
      "out_degree": 0,
      "betweenness": 0.0,
      "closeness": 0.1388888888888889,
      "pagerank": 0.06430813481753467,
      "degree_centrality": 0.1,
      "cpd": {
        "values": [
          0.4890669968351484,
          0.5849766001588769,
          0.21818925287587904,
          0.35747687733409517
        ],
        "evidence": [
          2,
          6
        ],
        "evidence_card": [
          2,
          2
        ]
      }
    },
    "9": {
      "type": "leaf",
      "in_degree": 1,
      "out_degree": 0,
      "betweenness": 0.0,
      "closeness": 0.08000000000000002,
      "pagerank": 0.042747199805053634,
      "degree_centrality": 0.05,
      "cpd": {
        "values": [
          0.7601128985546364,
          0.310761397360964,
          0.23988710144536368,
          0.689238602639036
        ],
        "evidence": [
          5
        ],
        "evidence_card": [
          2
        ]
      }
    },
    "10": {
      "type": "leaf",
      "in_degree": 1,
      "out_degree": 0,
      "betweenness": 0.0,
      "closeness": 0.08000000000000002,
      "pagerank": 0.042747199805053634,
      "degree_centrality": 0.05,
      "cpd": {
        "values": [
          0.7987810222756904,
          0.11139139262923976,
          0.20121897772430958,
          0.8886086073707602
        ],
        "evidence": [
          5
        ],
        "evidence_card": [
          2
        ]
      }
    },
    "11": {
      "type": "leaf",
      "in_degree": 1,
      "out_degree": 0,
      "betweenness": 0.0,
      "closeness": 0.08000000000000002,
      "pagerank": 0.042747199805053634,
      "degree_centrality": 0.05,
      "cpd": {
        "values": [
          0.5426608899534395,
          0.17701536613898286,
          0.4573391100465604,
          0.8229846338610172
        ],
        "evidence": [
          5
        ],
        "evidence_card": [
          2
        ]
      }
    },
    "12": {
      "type": "leaf",
      "in_degree": 1,
      "out_degree": 0,
      "betweenness": 0.0,
      "closeness": 0.08000000000000002,
      "pagerank": 0.04875388583925736,
      "degree_centrality": 0.05,
      "cpd": {
        "values": [
          0.5109391251890498,
          0.5773456416237597,
          0.48906087481095023,
          0.42265435837624044
        ],
        "evidence": [
          4
        ],
        "evidence_card": [
          2
        ]
      }
    },
    "13": {
      "type": "leaf",
      "in_degree": 1,
      "out_degree": 0,
      "betweenness": 0.0,
      "closeness": 0.08000000000000002,
      "pagerank": 0.04875388583925736,
      "degree_centrality": 0.05,
      "cpd": {
        "values": [
          0.551563739899349,
          0.4761925412299935,
          0.4484362601006509,
          0.5238074587700065
        ],
        "evidence": [
          4
        ],
        "evidence_card": [
          2
        ]
      }
    },
    "14": {
      "type": "intermediate",
      "in_degree": 1,
      "out_degree": 1,
      "betweenness": 0.007894736842105263,
      "closeness": 0.075,
      "pagerank": 0.046288076714923514,
      "degree_centrality": 0.1,
      "cpd": {
        "values": [
          0.7166388550146381,
          0.6325655526461571,
          0.2833611449853619,
          0.36743444735384284
        ],
        "evidence": [
          2
        ],
        "evidence_card": [
          2
        ]
      }
    },
    "15": {
      "type": "intermediate",
      "in_degree": 1,
      "out_degree": 4,
      "betweenness": 0.02631578947368421,
      "closeness": 0.075,
      "pagerank": 0.046288076714923514,
      "degree_centrality": 0.25,
      "cpd": {
        "values": [
          0.20002272487651035,
          0.4427554700845383,
          0.7999772751234897,
          0.5572445299154617
        ],
        "evidence": [
          2
        ],
        "evidence_card": [
          2
        ]
      }
    },
    "16": {
      "type": "leaf",