{
  "graph_index": 9250,
  "nodes": {
    "0": {
      "type": "root",
      "in_degree": 0,
      "out_degree": 1,
      "betweenness": 0.0,
      "closeness": 0.0,
      "pagerank": 0.026307251220329717,
      "degree_centrality": 0.041666666666666664,
      "cpd": {
        "values": [
          0.5,
          0.5,
          0.0,
          0.0
        ],
        "evidence": [],
        "evidence_card": []
      }
    },
    "1": {
      "type": "intermediate",
      "in_degree": 1,
      "out_degree": 3,
      "betweenness": 0.041666666666666664,
      "closeness": 0.041666666666666664,
      "pagerank": 0.04866861545315887,
      "degree_centrality": 0.16666666666666666,
      "cpd": {
        "values": [
          0.1669620750535488,
          0.11079646619900108,
          0.8330379249464512,
          0.8892035338009989
        ],
        "evidence": [
          0
        ],
        "evidence_card": [
          2
        ]
      }
    },
    "2": {
      "type": "intermediate",
      "in_degree": 1,
      "out_degree": 2,
      "betweenness": 0.036231884057971016,
      "closeness": 0.05555555555555555,
      "pagerank": 0.04009620533984877,
      "degree_centrality": 0.125,
      "cpd": {
        "values": [
          0.48465021004346887,
          0.3169495842665687,
          0.5153497899565311,
          0.6830504157334313
        ],
        "evidence": [
          1
        ],
        "evidence_card": [
          2
        ]
      }
    },
    "3": {
      "type": "intermediate",
      "in_degree": 1,
      "out_degree": 1,
      "betweenness": 0.018115942028985508,
      "closeness": 0.05555555555555555,
      "pagerank": 0.04009620533984877,
      "degree_centrality": 0.08333333333333333,
      "cpd": {
        "values": [
          0.37359726906817314,
          0.8409276609005367,
          0.6264027309318267,
          0.15907233909946333
        ],
        "evidence": [
          1
        ],
        "evidence_card": [
          2
        ]
      }
    },
    "4": {
      "type": "intermediate",
      "in_degree": 1,
      "out_degree": 1,
      "betweenness": 0.018115942028985508,
      "closeness": 0.05555555555555555,
      "pagerank": 0.04009620533984877,
      "degree_centrality": 0.08333333333333333,
      "cpd": {
        "values": [
          0.5962032271884052,
          0.47402664220991164,
          0.4037967728115948,
          0.5259733577900884
        ],
        "evidence": [
          1
        ],
        "evidence_card": [
          2
        ]
      }
    },
    "5": {
      "type": "intermediate",
      "in_degree": 1,
      "out_degree": 4,
      "betweenness": 0.021739130434782608,
      "closeness": 0.0625,
      "pagerank": 0.060388752075935324,
      "degree_centrality": 0.20833333333333331,
      "cpd": {
        "values": [
          0.24059659621439028,
          0.6308404194259035,
          0.7594034037856098,
          0.3691595805740965
        ],
        "evidence": [
          4
        ],
        "evidence_card": [
          2
        ]
      }
    },
    "6": {
      "type": "leaf",
      "in_degree": 1,
      "out_degree": 0,
      "betweenness": 0.0,
      "closeness": 0.06666666666666667,
      "pagerank": 0.03913930339539008,
      "degree_centrality": 0.041666666666666664,
      "cpd": {
        "values": [
          0.4821317969059523,
          0.927417109813613,
          0.5178682030940477,
          0.07258289018638701
        ],
        "evidence": [
          5
        ],
        "evidence_card": [
          2
        ]
      }
    },
    "7": {
      "type": "leaf",
      "in_degree": 1,
      "out_degree": 0,
      "betweenness": 0.0,
      "closeness": 0.06666666666666667,
      "pagerank": 0.03913930339539008,
      "degree_centrality": 0.041666666666666664,
      "cpd": {
        "values": [
          0.39643955232372097,
          0.11515784292751013,
          0.603560447676279,
          0.8848421570724899
        ],
        "evidence": [
          5
        ],
        "evidence_card": [
          2
        ]
      }
    },
    "8": {
      "type": "leaf",
      "in_degree": 1,
      "out_degree": 0,
      "betweenness": 0.0,
      "closeness": 0.06666666666666667,
      "pagerank": 0.03913930339539008,
      "degree_centrality": 0.041666666666666664,
      "cpd": {
        "values": [
          0.5650117683526092,
          0.11494624575928425,
          0.43498823164739076,
          0.8850537542407158
        ],
        "evidence": [
          5
        ],
        "evidence_card": [
          2
        ]
      }
    },
    "9": {
      "type": "leaf",
      "in_degree": 1,
      "out_degree": 0,
      "betweenness": 0.0,
      "closeness": 0.06666666666666667,
      "pagerank": 0.03913930339539008,
      "degree_centrality": 0.041666666666666664,
      "cpd": {
        "values": [
          0.22801423519574598,
          0.11776799572321482,
          0.7719857648042541,
          0.8822320042767852
        ],
        "evidence": [
          5
        ],
        "evidence_card": [
          2
        ]
      }
    },
    "10": {
      "type": "intermediate",
      "in_degree": 1,
      "out_degree": 4,
      "betweenness": 0.021739130434782608,
      "closeness": 0.0625,
      "pagerank": 0.060388752075935324,
      "degree_centrality": 0.20833333333333331,
      "cpd": {
        "values": [
          0.007430857282699779,
          0.376149440927747,
          0.9925691427173002,
          0.623850559072253
        ],
        "evidence": [
          3
        ],
        "evidence_card": [
          2
        ]
      }
    },
    "11": {
      "type": "leaf",
      "in_degree": 1,
      "out_degree": 0,
      "betweenness": 0.0,
      "closeness": 0.06666666666666667,
      "pagerank": 0.03913930339539008,
      "degree_centrality": 0.041666666666666664,
      "cpd": {
        "values": [
          0.882872463331315,
          0.22292876865184663,
          0.11712753666868507,
          0.7770712313481534
        ],
        "evidence": [
          10
        ],
        "evidence_card": [
          2
        ]
      }
    },
    "12": {
      "type": "leaf",
      "in_degree": 1,
      "out_degree": 0,
      "betweenness": 0.0,
      "closeness": 0.06666666666666667,
      "pagerank": 0.03913930339539008,
      "degree_centrality": 0.041666666666666664,
      "cpd": {
        "values": [
          0.2752800240554893,
          0.4935640969509357,
          0.7247199759445108,
          0.5064359030490642
        ],
        "evidence": [
          10
        ],
        "evidence_card": [
          2
        ]
      }
    },
    "13": {
      "type": "leaf",
      "in_degree": 1,
      "out_degree": 0,
      "betweenness": 0.0,
      "closeness": 0.06666666666666667,
      "pagerank": 0.03913930339539008,
      "degree_centrality": 0.041666666666666664,
      "cpd": {
        "values": [
          0.8812301327238551,
          0.7773191590104593,
          0.11876986727614496,
          0.2226808409895407
        ],
        "evidence": [
          10
        ],
        "evidence_card": [
          2
        ]
      }
    },
    "14": {
      "type": "leaf",
      "in_degree": 1,
      "out_degree": 0,
      "betweenness": 0.0,
      "closeness": 0.06666666666666667,
      "pagerank": 0.03913930339539008,
      "degree_centrality": 0.041666666666666664,
      "cpd": {
        "values": [
          0.28101208534740335,
          0.3273738514413196,
          0.7189879146525967,
          0.6726261485586804
        ],
        "evidence": [
          10
        ],
        "evidence_card": [
          2
        ]
      }
    },
    "15": {
      "type": "intermediate",
      "in_degree": 1,
      "out_degree": 4,
      "betweenness": 0.021739130434782608,
      "closeness": 0.0625,
      "pagerank": 0.04334800164813252,
      "degree_centrality": 0.20833333333333331,