{
  "graph_index": 6180,
  "nodes": {
    "0": {
      "type": "root",
      "in_degree": 0,
      "out_degree": 1,
      "betweenness": 0.0,
      "closeness": 0.0,
      "pagerank": 0.03464070206968266,
      "degree_centrality": 0.05555555555555555,
      "cpd": {
        "values": [
          0.5,
          0.5,
          0.0,
          0.0
        ],
        "evidence": [],
        "evidence_card": []
      }
    },
    "1": {
      "type": "intermediate",
      "in_degree": 1,
      "out_degree": 1,
      "betweenness": 0.05555555555555556,
      "closeness": 0.05555555555555555,
      "pagerank": 0.06408566738953608,
      "degree_centrality": 0.1111111111111111,
      "cpd": {
        "values": [
          0.9381631910523345,
          0.45332090238439765,
          0.061836808947665495,
          0.5466790976156023
        ],
        "evidence": [
          0
        ],
        "evidence_card": [
          2
        ]
      }
    },
    "2": {
      "type": "intermediate",
      "in_degree": 1,
      "out_degree": 4,
      "betweenness": 0.10457516339869281,
      "closeness": 0.07407407407407407,
      "pagerank": 0.08911388224236395,
      "degree_centrality": 0.2777777777777778,
      "cpd": {
        "values": [
          0.5585670351100198,
          0.4972200776092978,
          0.4414329648899802,
          0.5027799223907022
        ],
        "evidence": [
          1
        ],
        "evidence_card": [
          2
        ]
      }
    },
    "3": {
      "type": "intermediate",
      "in_degree": 1,
      "out_degree": 3,
      "betweenness": 0.029411764705882353,
      "closeness": 0.08333333333333333,
      "pagerank": 0.053577489289165614,
      "degree_centrality": 0.2222222222222222,
      "cpd": {
        "values": [
          0.8126822025455671,
          0.4420286260018983,
          0.18731779745443286,
          0.5579713739981017
        ],
        "evidence": [
          2
        ],
        "evidence_card": [
          2
        ]
      }
    },
    "4": {
      "type": "intermediate",
      "in_degree": 1,
      "out_degree": 4,
      "betweenness": 0.0392156862745098,
      "closeness": 0.08333333333333333,
      "pagerank": 0.053577489289165614,
      "degree_centrality": 0.2777777777777778,
      "cpd": {
        "values": [
          0.5047690819096284,
          0.04965466627176769,
          0.4952309180903716,
          0.9503453337282323
        ],
        "evidence": [
          2
        ],
        "evidence_card": [
          2
        ]
      }
    },
    "5": {
      "type": "intermediate",
      "in_degree": 1,
      "out_degree": 3,
      "betweenness": 0.029411764705882353,
      "closeness": 0.08333333333333333,
      "pagerank": 0.053577489289165614,
      "degree_centrality": 0.2222222222222222,
      "cpd": {
        "values": [
          0.5172961461670433,
          0.9591241120061624,
          0.4827038538329567,
          0.040875887993837595
        ],
        "evidence": [
          2
        ],
        "evidence_card": [
          2
        ]
      }
    },
    "6": {
      "type": "intermediate",
      "in_degree": 1,
      "out_degree": 2,
      "betweenness": 0.0196078431372549,
      "closeness": 0.08333333333333333,
      "pagerank": 0.053577489289165614,
      "degree_centrality": 0.16666666666666666,
      "cpd": {
        "values": [
          0.8563346824230194,
          0.4604617072129313,
          0.14366531757698062,
          0.5395382927870687
        ],
        "evidence": [
          2
        ],
        "evidence_card": [
          2
        ]
      }
    },
    "7": {
      "type": "leaf",
      "in_degree": 1,
      "out_degree": 0,
      "betweenness": 0.0,
      "closeness": 0.08888888888888889,
      "pagerank": 0.05741087285787799,
      "degree_centrality": 0.05555555555555555,
      "cpd": {
        "values": [
          0.44504012944122734,
          0.6870520562649834,
          0.5549598705587727,
          0.31294794373501655
        ],
        "evidence": [
          6
        ],
        "evidence_card": [
          2
        ]
      }
    },
    "8": {
      "type": "leaf",
      "in_degree": 1,
      "out_degree": 0,
      "betweenness": 0.0,
      "closeness": 0.08888888888888889,
      "pagerank": 0.05741087285787799,
      "degree_centrality": 0.05555555555555555,
      "cpd": {
        "values": [
          0.40062597347735407,
          0.6596045588558933,
          0.599374026522646,
          0.34039544114410664
        ],
        "evidence": [
          6
        ],
        "evidence_card": [
          2
        ]
      }
    },
    "9": {
      "type": "leaf",
      "in_degree": 1,
      "out_degree": 0,
      "betweenness": 0.0,
      "closeness": 0.08888888888888889,
      "pagerank": 0.04982081592847955,
      "degree_centrality": 0.05555555555555555,
      "cpd": {
        "values": [
          0.6472209576404607,
          0.8141051320360102,
          0.3527790423595393,
          0.18589486796398974
        ],
        "evidence": [
          5
        ],
        "evidence_card": [
          2
        ]
      }
    },
    "10": {
      "type": "leaf",
      "in_degree": 1,
      "out_degree": 0,
      "betweenness": 0.0,
      "closeness": 0.08888888888888889,
      "pagerank": 0.04982081592847955,
      "degree_centrality": 0.05555555555555555,
      "cpd": {
        "values": [
          0.03282495388451067,
          0.4273991067755702,
          0.9671750461154893,
          0.5726008932244298
        ],
        "evidence": [
          5
        ],
        "evidence_card": [
          2
        ]
      }
    },
    "11": {
      "type": "leaf",
      "in_degree": 1,
      "out_degree": 0,
      "betweenness": 0.0,
      "closeness": 0.08888888888888889,
      "pagerank": 0.04982081592847955,
      "degree_centrality": 0.05555555555555555,
      "cpd": {
        "values": [
          0.09866114737117349,
          0.7171239024141322,
          0.9013388526288265,
          0.28287609758586774
        ],
        "evidence": [
          5
        ],
        "evidence_card": [
          2
        ]
      }
    },
    "12": {
      "type": "leaf",
      "in_degree": 1,
      "out_degree": 0,
      "betweenness": 0.0,
      "closeness": 0.08888888888888889,
      "pagerank": 0.04602578746378033,
      "degree_centrality": 0.05555555555555555,
      "cpd": {
        "values": [
          0.4077961885472184,
          0.457044479201041,
          0.5922038114527817,
          0.5429555207989589
        ],
        "evidence": [
          4
        ],
        "evidence_card": [
          2
        ]
      }
    },
    "13": {
      "type": "leaf",
      "in_degree": 1,
      "out_degree": 0,
      "betweenness": 0.0,
      "closeness": 0.08888888888888889,
      "pagerank": 0.04602578746378033,
      "degree_centrality": 0.05555555555555555,
      "cpd": {
        "values": [
          0.4966343613396118,
          0.40985222743229094,
          0.5033656386603882,
          0.590147772567709
        ],
        "evidence": [
          4
        ],
        "evidence_card": [
          2
        ]
      }
    },
    "14": {
      "type": "leaf",
      "in_degree": 1,
      "out_degree": 0,
      "betweenness": 0.0,
      "closeness": 0.08888888888888889,
      "pagerank": 0.04602578746378033,
      "degree_centrality": 0.05555555555555555,
      "cpd": {
        "values": [
          0.521964803341908,
          0.42334077768786893,
          0.47803519665809197,
          0.5766592223121311
        ],
        "evidence": [
          4
        ],
        "evidence_card": [
          2
        ]
      }
    },
    "15": {
      "type": "leaf",
      "in_degree": 1,
      "out_degree": 0,
      "betweenness": 0.0,
      "closeness": 0.08888888888888889,
      "pagerank": 0.04602578746378033,
      "degree_centrality": 0.05555555555555555,