{
  "graph_index": 5062,
  "nodes": {
    "0": {
      "type": "root",
      "in_degree": 0,
      "out_degree": 1,
      "betweenness": 0.0,
      "closeness": 0.0,
      "pagerank": 0.06984373686140391,
      "degree_centrality": 0.16666666666666666,
      "cpd": {
        "values": [
          0.5,
          0.5,
          0.0,
          0.0
        ],
        "evidence": [],
        "evidence_card": []
      }
    },
    "1": {
      "type": "intermediate",
      "in_degree": 1,
      "out_degree": 1,
      "betweenness": 0.16666666666666666,
      "closeness": 0.16666666666666666,
      "pagerank": 0.12921091794545894,
      "degree_centrality": 0.3333333333333333,
      "cpd": {
        "values": [
          0.5023807533190195,
          0.7900794573348511,
          0.4976192466809804,
          0.20992054266514892
        ],
        "evidence": [
          0
        ],
        "evidence_card": [
          2
        ]
      }
    },
    "2": {
      "type": "intermediate",
      "in_degree": 1,
      "out_degree": 1,
      "betweenness": 0.26666666666666666,
      "closeness": 0.2222222222222222,
      "pagerank": 0.17967220533880993,
      "degree_centrality": 0.3333333333333333,
      "cpd": {
        "values": [
          0.5836415186454597,
          0.18377236985436732,
          0.4163584813545404,
          0.8162276301456327
        ],
        "evidence": [
          1
        ],
        "evidence_card": [
          2
        ]
      }
    },
    "3": {
      "type": "intermediate",
      "in_degree": 1,
      "out_degree": 3,
      "betweenness": 0.3,
      "closeness": 0.25,
      "pagerank": 0.2225634683884414,
      "degree_centrality": 0.6666666666666666,
      "cpd": {
        "values": [
          0.5398614436966966,
          0.19986433062172088,
          0.46013855630330347,
          0.8001356693782792
        ],
        "evidence": [
          2
        ],
        "evidence_card": [
          2
        ]
      }
    },
    "4": {
      "type": "leaf",
      "in_degree": 1,
      "out_degree": 0,
      "betweenness": 0.0,
      "closeness": 0.26666666666666666,
      "pagerank": 0.13290322382196185,
      "degree_centrality": 0.16666666666666666,
      "cpd": {
        "values": [
          0.7010642302069133,
          0.508461041655537,
          0.2989357697930867,
          0.491538958344463
        ],
        "evidence": [
          3
        ],
        "evidence_card": [
          2
        ]
      }
    },
    "5": {
      "type": "leaf",
      "in_degree": 1,
      "out_degree": 0,
      "betweenness": 0.0,
      "closeness": 0.26666666666666666,
      "pagerank": 0.13290322382196185,
      "degree_centrality": 0.16666666666666666,
      "cpd": {
        "values": [
          0.13548905244887974,
          0.5941992755179422,
          0.8645109475511202,
          0.4058007244820579
        ],
        "evidence": [
          3
        ],
        "evidence_card": [
          2
        ]
      }
    },
    "6": {
      "type": "leaf",
      "in_degree": 1,
      "out_degree": 0,
      "betweenness": 0.0,
      "closeness": 0.26666666666666666,
      "pagerank": 0.13290322382196185,
      "degree_centrality": 0.16666666666666666,
      "cpd": {
        "values": [
          0.0875979259522015,
          0.6630206705548277,
          0.9124020740477985,
          0.3369793294451723
        ],
        "evidence": [
          3
        ],
        "evidence_card": [
          2
        ]
      }
    }
  },
  "edges": [
    [
      0,
      1
    ],
    [
      1,
      2
    ],
    [
      2,
      3
    ],
    [
      3,
      4
    ],
    [
      3,
      5
    ],
    [
      3,
      6
    ]
  ]
}