{
  "graph_index": 4366,
  "nodes": {
    "0": {
      "type": "root",
      "in_degree": 0,
      "out_degree": 1,
      "betweenness": 0.0,
      "closeness": 0.0,
      "pagerank": 0.03017498688920002,
      "degree_centrality": 0.05263157894736842,
      "cpd": {
        "values": [
          0.5,
          0.5,
          0.0,
          0.0
        ],
        "evidence": [],
        "evidence_card": []
      }
    },
    "1": {
      "type": "intermediate",
      "in_degree": 1,
      "out_degree": 2,
      "betweenness": 0.05263157894736842,
      "closeness": 0.05263157894736842,
      "pagerank": 0.05582319668902827,
      "degree_centrality": 0.15789473684210525,
      "cpd": {
        "values": [
          0.789350254392699,
          0.31308886665367414,
          0.210649745607301,
          0.6869111333463258
        ],
        "evidence": [
          0
        ],
        "evidence_card": [
          2
        ]
      }
    },
    "2": {
      "type": "intermediate",
      "in_degree": 1,
      "out_degree": 2,
      "betweenness": 0.04093567251461988,
      "closeness": 0.07017543859649122,
      "pagerank": 0.05390048821752998,
      "degree_centrality": 0.15789473684210525,
      "cpd": {
        "values": [
          0.49941213314149774,
          0.8598946119477261,
          0.5005878668585022,
          0.1401053880522739
        ],
        "evidence": [
          1
        ],
        "evidence_card": [
          2
        ]
      }
    },
    "3": {
      "type": "intermediate",
      "in_degree": 1,
      "out_degree": 4,
      "betweenness": 0.05263157894736842,
      "closeness": 0.07017543859649122,
      "pagerank": 0.05390048821752998,
      "degree_centrality": 0.2631578947368421,
      "cpd": {
        "values": [
          0.29583049275953,
          0.5400552787690511,
          0.70416950724047,
          0.45994472123094887
        ],
        "evidence": [
          1
        ],
        "evidence_card": [
          2
        ]
      }
    },
    "4": {
      "type": "intermediate",
      "in_degree": 1,
      "out_degree": 1,
      "betweenness": 0.008771929824561403,
      "closeness": 0.07894736842105263,
      "pagerank": 0.04162853350713426,
      "degree_centrality": 0.10526315789473684,
      "cpd": {
        "values": [
          0.288853193135399,
          0.024323230704080694,
          0.7111468068646011,
          0.9756767692959193
        ],
        "evidence": [
          3
        ],
        "evidence_card": [
          2
        ]
      }
    },
    "5": {
      "type": "intermediate",
      "in_degree": 1,
      "out_degree": 2,
      "betweenness": 0.017543859649122806,
      "closeness": 0.07894736842105263,
      "pagerank": 0.04162853350713426,
      "degree_centrality": 0.15789473684210525,
      "cpd": {
        "values": [
          0.3329638988222944,
          0.812932299327318,
          0.6670361011777057,
          0.187067700672682
        ],
        "evidence": [
          3
        ],
        "evidence_card": [
          2
        ]
      }
    },
    "6": {
      "type": "intermediate",
      "in_degree": 1,
      "out_degree": 1,
      "betweenness": 0.008771929824561403,
      "closeness": 0.07894736842105263,
      "pagerank": 0.04162853350713426,
      "degree_centrality": 0.10526315789473684,
      "cpd": {
        "values": [
          0.8682755578589146,
          0.27224278778663774,
          0.1317244421410853,
          0.7277572122133623
        ],
        "evidence": [
          3
        ],
        "evidence_card": [
          2
        ]
      }
    },
    "7": {
      "type": "intermediate",
      "in_degree": 1,
      "out_degree": 1,
      "betweenness": 0.008771929824561403,
      "closeness": 0.07894736842105263,
      "pagerank": 0.04162853350713426,
      "degree_centrality": 0.10526315789473684,
      "cpd": {
        "values": [
          0.7603001307497496,
          0.5143509404537533,
          0.23969986925025039,
          0.4856490595462467
        ],
        "evidence": [
          3
        ],
        "evidence_card": [
          2
        ]
      }
    },
    "8": {
      "type": "leaf",
      "in_degree": 1,
      "out_degree": 0,
      "betweenness": 0.0,
      "closeness": 0.08421052631578947,
      "pagerank": 0.06555862394116178,
      "degree_centrality": 0.05263157894736842,
      "cpd": {
        "values": [
          0.4102074782231522,
          0.3368259379002146,
          0.5897925217768477,
          0.6631740620997854
        ],
        "evidence": [
          7
        ],
        "evidence_card": [
          2
        ]
      }
    },
    "9": {
      "type": "leaf",
      "in_degree": 1,
      "out_degree": 0,
      "betweenness": 0.0,
      "closeness": 0.08421052631578947,
      "pagerank": 0.06555862394116178,
      "degree_centrality": 0.05263157894736842,
      "cpd": {
        "values": [
          0.7717370875027358,
          0.9664882891078949,
          0.22826291249726421,
          0.0335117108921051
        ],
        "evidence": [
          6
        ],
        "evidence_card": [
          2
        ]
      }
    },
    "10": {
      "type": "leaf",
      "in_degree": 1,
      "out_degree": 0,
      "betweenness": 0.0,
      "closeness": 0.08421052631578947,
      "pagerank": 0.0478668054151809,
      "degree_centrality": 0.05263157894736842,
      "cpd": {
        "values": [
          0.7131822921502676,
          0.5298116256132067,
          0.28681770784973226,
          0.4701883743867933
        ],
        "evidence": [
          5
        ],
        "evidence_card": [
          2
        ]
      }
    },
    "11": {
      "type": "leaf",
      "in_degree": 1,
      "out_degree": 0,
      "betweenness": 0.0,
      "closeness": 0.08421052631578947,
      "pagerank": 0.0478668054151809,
      "degree_centrality": 0.05263157894736842,
      "cpd": {
        "values": [
          0.4303942306938496,
          0.2652827958741693,
          0.5696057693061504,
          0.7347172041258307
        ],
        "evidence": [
          5
        ],
        "evidence_card": [
          2
        ]
      }
    },
    "12": {
      "type": "leaf",
      "in_degree": 1,
      "out_degree": 0,
      "betweenness": 0.0,
      "closeness": 0.08421052631578947,
      "pagerank": 0.06555862394116178,
      "degree_centrality": 0.05263157894736842,
      "cpd": {
        "values": [
          0.890380358090507,
          0.6831425516874488,
          0.10961964190949305,
          0.3168574483125513
        ],
        "evidence": [
          4
        ],
        "evidence_card": [
          2
        ]
      }
    },
    "13": {
      "type": "intermediate",
      "in_degree": 1,
      "out_degree": 3,
      "betweenness": 0.02631578947368421,
      "closeness": 0.07894736842105263,
      "pagerank": 0.053082080125068494,
      "degree_centrality": 0.21052631578947367,
      "cpd": {
        "values": [
          0.9492069109337173,
          0.8451355442697309,
          0.050793089066282694,
          0.15486445573026913
        ],
        "evidence": [
          2
        ],
        "evidence_card": [
          2
        ]
      }
    },
    "14": {
      "type": "intermediate",
      "in_degree": 1,
      "out_degree": 2,
      "betweenness": 0.017543859649122806,
      "closeness": 0.07894736842105263,
      "pagerank": 0.053082080125068494,
      "degree_centrality": 0.15789473684210525,
      "cpd": {
        "values": [
          0.5580920244758483,
          0.3545759251933841,
          0.4419079755241518,
          0.6454240748066158
        ],
        "evidence": [
          2
        ],
        "evidence_card": [
          2
        ]
      }
    },
    "15": {
      "type": "leaf",
      "in_degree": 1,
      "out_degree": 0,
      "betweenness": 0.0,
      "closeness": 0.08421052631578947,
      "pagerank": 0.05273451904124766,
      "degree_centrality": 0.05263157894736842,