{
  "graph_index": 3015,
  "nodes": {
    "0": {
      "type": "root",
      "in_degree": 0,
      "out_degree": 1,
      "betweenness": 0.0,
      "closeness": 0.0,
      "pagerank": 0.02518277349263846,
      "degree_centrality": 0.038461538461538464,
      "cpd": {
        "values": [
          0.5,
          0.5,
          0.0,
          0.0
        ],
        "evidence": [],
        "evidence_card": []
      }
    },
    "1": {
      "type": "intermediate",
      "in_degree": 1,
      "out_degree": 2,
      "betweenness": 0.038461538461538464,
      "closeness": 0.038461538461538464,
      "pagerank": 0.04658705298067912,
      "degree_centrality": 0.11538461538461539,
      "cpd": {
        "values": [
          0.3085712930089053,
          0.41730284950764507,
          0.6914287069910947,
          0.5826971504923549
        ],
        "evidence": [
          0
        ],
        "evidence_card": [
          2
        ]
      }
    },
    "2": {
      "type": "intermediate",
      "in_degree": 1,
      "out_degree": 4,
      "betweenness": 0.043076923076923075,
      "closeness": 0.05128205128205128,
      "pagerank": 0.04498172808904624,
      "degree_centrality": 0.19230769230769232,
      "cpd": {
        "values": [
          0.5487109895525426,
          0.6594463000612696,
          0.45128901044745734,
          0.34055369993873036
        ],
        "evidence": [
          1
        ],
        "evidence_card": [
          2
        ]
      }
    },
    "3": {
      "type": "intermediate",
      "in_degree": 1,
      "out_degree": 3,
      "betweenness": 0.027692307692307693,
      "closeness": 0.05128205128205128,
      "pagerank": 0.04498172808904624,
      "degree_centrality": 0.15384615384615385,
      "cpd": {
        "values": [
          0.8705782483720705,
          0.03327856792448478,
          0.1294217516279295,
          0.9667214320755152
        ],
        "evidence": [
          1
        ],
        "evidence_card": [
          2
        ]
      }
    },
    "4": {
      "type": "intermediate",
      "in_degree": 1,
      "out_degree": 3,
      "betweenness": 0.013846153846153847,
      "closeness": 0.057692307692307696,
      "pagerank": 0.037927705479151405,
      "degree_centrality": 0.15384615384615385,
      "cpd": {
        "values": [
          0.4447938040498563,
          0.544544635951191,
          0.5552061959501436,
          0.4554553640488091
        ],
        "evidence": [
          3
        ],
        "evidence_card": [
          2
        ]
      }
    },
    "5": {
      "type": "intermediate",
      "in_degree": 1,
      "out_degree": 3,
      "betweenness": 0.013846153846153847,
      "closeness": 0.057692307692307696,
      "pagerank": 0.037927705479151405,
      "degree_centrality": 0.15384615384615385,
      "cpd": {
        "values": [
          0.8206485827943044,
          0.48641527024233766,
          0.17935141720569558,
          0.5135847297576623
        ],
        "evidence": [
          3
        ],
        "evidence_card": [
          2
        ]
      }
    },
    "6": {
      "type": "leaf",
      "in_degree": 1,
      "out_degree": 0,
      "betweenness": 0.0,
      "closeness": 0.06153846153846154,
      "pagerank": 0.035928710533357576,
      "degree_centrality": 0.038461538461538464,
      "cpd": {
        "values": [
          0.9613170176242078,
          0.25035685033948973,
          0.038682982375792124,
          0.7496431496605103
        ],
        "evidence": [
          5
        ],
        "evidence_card": [
          2
        ]
      }
    },
    "7": {
      "type": "leaf",
      "in_degree": 1,
      "out_degree": 0,
      "betweenness": 0.0,
      "closeness": 0.06153846153846154,
      "pagerank": 0.035928710533357576,
      "degree_centrality": 0.038461538461538464,
      "cpd": {
        "values": [
          0.41568900380756113,
          0.23520852151023972,
          0.5843109961924389,
          0.7647914784897603
        ],
        "evidence": [
          5
        ],
        "evidence_card": [
          2
        ]
      }
    },
    "8": {
      "type": "leaf",
      "in_degree": 1,
      "out_degree": 0,
      "betweenness": 0.0,
      "closeness": 0.06153846153846154,
      "pagerank": 0.035928710533357576,
      "degree_centrality": 0.038461538461538464,
      "cpd": {
        "values": [
          0.9109908510744766,
          0.47914593468458555,
          0.08900914892552336,
          0.5208540653154144
        ],
        "evidence": [
          5
        ],
        "evidence_card": [
          2
        ]
      }
    },
    "9": {
      "type": "leaf",
      "in_degree": 1,
      "out_degree": 0,
      "betweenness": 0.0,
      "closeness": 0.06153846153846154,
      "pagerank": 0.035928710533357576,
      "degree_centrality": 0.038461538461538464,
      "cpd": {
        "values": [
          0.808147052573667,
          0.2625384377495502,
          0.19185294742633294,
          0.7374615622504498
        ],
        "evidence": [
          4
        ],
        "evidence_card": [
          2
        ]
      }
    },
    "10": {
      "type": "leaf",
      "in_degree": 1,
      "out_degree": 0,
      "betweenness": 0.0,
      "closeness": 0.06153846153846154,
      "pagerank": 0.035928710533357576,
      "degree_centrality": 0.038461538461538464,
      "cpd": {
        "values": [
          0.6887666170592653,
          0.03372952441829824,
          0.3112333829407347,
          0.9662704755817018
        ],
        "evidence": [
          4
        ],
        "evidence_card": [
          2
        ]
      }
    },
    "11": {
      "type": "leaf",
      "in_degree": 1,
      "out_degree": 0,
      "betweenness": 0.0,
      "closeness": 0.06153846153846154,
      "pagerank": 0.035928710533357576,
      "degree_centrality": 0.038461538461538464,
      "cpd": {
        "values": [
          0.41899404025989107,
          0.3800385046996526,
          0.5810059597401089,
          0.6199614953003474
        ],
        "evidence": [
          4
        ],
        "evidence_card": [
          2
        ]
      }
    },
    "12": {
      "type": "intermediate",
      "in_degree": 1,
      "out_degree": 4,
      "betweenness": 0.01846153846153846,
      "closeness": 0.057692307692307696,
      "pagerank": 0.03474147248252317,
      "degree_centrality": 0.19230769230769232,
      "cpd": {
        "values": [
          0.4393836110928303,
          0.3439071000822296,
          0.5606163889071697,
          0.6560928999177704
        ],
        "evidence": [
          2
        ],
        "evidence_card": [
          2
        ]
      }
    },
    "13": {
      "type": "intermediate",
      "in_degree": 1,
      "out_degree": 1,
      "betweenness": 0.0015384615384615385,
      "closeness": 0.057692307692307696,
      "pagerank": 0.03474147248252317,
      "degree_centrality": 0.07692307692307693,
      "cpd": {
        "values": [
          0.22211009745007843,
          0.03033288535155409,
          0.7778899025499215,
          0.9696671146484459
        ],
        "evidence": [
          2
        ],
        "evidence_card": [
          2
        ]
      }
    },
    "14": {
      "type": "intermediate",
      "in_degree": 1,
      "out_degree": 3,
      "betweenness": 0.013846153846153847,
      "closeness": 0.057692307692307696,
      "pagerank": 0.03474147248252317,
      "degree_centrality": 0.15384615384615385,
      "cpd": {
        "values": [
          0.4122355186516289,
          0.5650463257534152,
          0.5877644813483711,
          0.43495367424658476
        ],
        "evidence": [
          2
        ],
        "evidence_card": [
          2
        ]
      }
    },
    "15": {
      "type": "intermediate",
      "in_degree": 1,
      "out_degree": 3,
      "betweenness": 0.013846153846153847,
      "closeness": 0.057692307692307696,
      "pagerank": 0.03474147248252317,
      "degree_centrality": 0.15384615384615385,