{
  "graph_index": 5615,
  "nodes": {
    "0": {
      "type": "root",
      "in_degree": 0,
      "out_degree": 1,
      "betweenness": 0.0,
      "closeness": 0.0,
      "pagerank": 0.020543059082264108,
      "degree_centrality": 0.03125,
      "cpd": {
        "values": [
          0.5,
          0.5,
          0.0,
          0.0
        ],
        "evidence": [],
        "evidence_card": []
      }
    },
    "1": {
      "type": "intermediate",
      "in_degree": 1,
      "out_degree": 3,
      "betweenness": 0.03125,
      "closeness": 0.03125,
      "pagerank": 0.03800418114198677,
      "degree_centrality": 0.125,
      "cpd": {
        "values": [
          0.42063339705019487,
          0.2997964665081514,
          0.5793666029498051,
          0.7002035334918486
        ],
        "evidence": [
          0
        ],
        "evidence_card": [
          2
        ]
      }
    },
    "2": {
      "type": "intermediate",
      "in_degree": 1,
      "out_degree": 3,
      "betweenness": 0.016129032258064516,
      "closeness": 0.041666666666666664,
      "pagerank": 0.031310771772808214,
      "degree_centrality": 0.125,
      "cpd": {
        "values": [
          0.5399459938458876,
          0.39985982307035256,
          0.46005400615411246,
          0.6001401769296474
        ],
        "evidence": [
          1
        ],
        "evidence_card": [
          2
        ]
      }
    },
    "3": {
      "type": "intermediate",
      "in_degree": 1,
      "out_degree": 4,
      "betweenness": 0.026209677419354836,
      "closeness": 0.041666666666666664,
      "pagerank": 0.031310771772808214,
      "degree_centrality": 0.15625,
      "cpd": {
        "values": [
          0.5848553566622051,
          0.5529947965824128,
          0.41514464333779494,
          0.44700520341758715
        ],
        "evidence": [
          1
        ],
        "evidence_card": [
          2
        ]
      }
    },
    "4": {
      "type": "intermediate",
      "in_degree": 1,
      "out_degree": 3,
      "betweenness": 0.014112903225806451,
      "closeness": 0.041666666666666664,
      "pagerank": 0.031310771772808214,
      "degree_centrality": 0.125,
      "cpd": {
        "values": [
          0.9488468310708786,
          0.5106806322749975,
          0.05115316892912136,
          0.4893193677250025
        ],
        "evidence": [
          1
        ],
        "evidence_card": [
          2
        ]
      }
    },
    "5": {
      "type": "intermediate",
      "in_degree": 1,
      "out_degree": 1,
      "betweenness": 0.0030241935483870967,
      "closeness": 0.046875,
      "pagerank": 0.02941441298337845,
      "degree_centrality": 0.0625,
      "cpd": {
        "values": [
          0.1967138353257237,
          0.9813007191498625,
          0.8032861646742763,
          0.01869928085013749
        ],
        "evidence": [
          4
        ],
        "evidence_card": [
          2
        ]
      }
    },
    "6": {
      "type": "intermediate",
      "in_degree": 1,
      "out_degree": 3,
      "betweenness": 0.00907258064516129,
      "closeness": 0.046875,
      "pagerank": 0.02941441298337845,
      "degree_centrality": 0.125,
      "cpd": {
        "values": [
          0.378234835245061,
          0.44753693435151903,
          0.621765164754939,
          0.552463065648481
        ],
        "evidence": [
          4
        ],
        "evidence_card": [
          2
        ]
      }
    },
    "7": {
      "type": "leaf",
      "in_degree": 1,
      "out_degree": 0,
      "betweenness": 0.0,
      "closeness": 0.05,
      "pagerank": 0.028876939224367827,
      "degree_centrality": 0.03125,
      "cpd": {
        "values": [
          0.273921100916505,
          0.5013245438480415,
          0.726078899083495,
          0.49867545615195846
        ],
        "evidence": [
          6
        ],
        "evidence_card": [
          2
        ]
      }
    },
    "8": {
      "type": "leaf",
      "in_degree": 1,
      "out_degree": 0,
      "betweenness": 0.0,
      "closeness": 0.05,
      "pagerank": 0.028876939224367827,
      "degree_centrality": 0.03125,
      "cpd": {
        "values": [
          0.44104694692236274,
          0.03132948060292232,
          0.5589530530776372,
          0.9686705193970777
        ],
        "evidence": [
          6
        ],
        "evidence_card": [
          2
        ]
      }
    },
    "9": {
      "type": "leaf",
      "in_degree": 1,
      "out_degree": 0,
      "betweenness": 0.0,
      "closeness": 0.05,
      "pagerank": 0.028876939224367827,
      "degree_centrality": 0.03125,
      "cpd": {
        "values": [
          0.7520346354369737,
          0.5217328653464764,
          0.2479653645630263,
          0.4782671346535235
        ],
        "evidence": [
          6
        ],
        "evidence_card": [
          2
        ]
      }
    },
    "10": {
      "type": "leaf",
      "in_degree": 1,
      "out_degree": 0,
      "betweenness": 0.0,
      "closeness": 0.05,
      "pagerank": 0.04554469950857527,
      "degree_centrality": 0.03125,
      "cpd": {
        "values": [
          0.8297477862179348,
          0.3103516303611811,
          0.1702522137820652,
          0.6896483696388189
        ],
        "evidence": [
          5
        ],
        "evidence_card": [
          2
        ]
      }
    },
    "11": {
      "type": "intermediate",
      "in_degree": 1,
      "out_degree": 3,
      "betweenness": 0.00907258064516129,
      "closeness": 0.046875,
      "pagerank": 0.027196574508099865,
      "degree_centrality": 0.125,
      "cpd": {
        "values": [
          0.3703041864217351,
          0.497855715962074,
          0.6296958135782648,
          0.502144284037926
        ],
        "evidence": [
          3
        ],
        "evidence_card": [
          2
        ]
      }
    },
    "12": {
      "type": "intermediate",
      "in_degree": 1,
      "out_degree": 3,
      "betweenness": 0.00907258064516129,
      "closeness": 0.046875,
      "pagerank": 0.027196574508099865,
      "degree_centrality": 0.125,
      "cpd": {
        "values": [
          0.10005541028590056,
          0.4783219035093468,
          0.8999445897140994,
          0.5216780964906532
        ],
        "evidence": [
          3
        ],
        "evidence_card": [
          2
        ]
      }
    },
    "13": {
      "type": "intermediate",
      "in_degree": 1,
      "out_degree": 3,
      "betweenness": 0.007056451612903226,
      "closeness": 0.046875,
      "pagerank": 0.027196574508099865,
      "degree_centrality": 0.125,
      "cpd": {
        "values": [
          0.7069503660285501,
          0.534565356996852,
          0.29304963397144995,
          0.46543464300314796
        ],
        "evidence": [
          3
        ],
        "evidence_card": [
          2
        ]
      }
    },
    "14": {
      "type": "intermediate",
      "in_degree": 1,
      "out_degree": 2,
      "betweenness": 0.004032258064516129,
      "closeness": 0.046875,
      "pagerank": 0.027196574508099865,
      "degree_centrality": 0.09375,
      "cpd": {
        "values": [
          0.9703389049411176,
          0.3822054540007084,
          0.02966109505888236,
          0.6177945459992916
        ],
        "evidence": [
          3
        ],
        "evidence_card": [
          2
        ]
      }
    },
    "15": {
      "type": "leaf",
      "in_degree": 2,
      "out_degree": 0,
      "betweenness": 0.0,
      "closeness": 0.08680555555555555,
      "pagerank": 0.04097266840071047,
      "degree_centrality": 0.0625,
      "cpd": {
        "values": [
          0.570600509450042,
          0.6890915250746582,
          0.37923459052944286,
          0.45445133893568185
        ],
        "evidence": [
          2,
          14
        ],
        "evidence_card": [
          2,
          2
        ]
      }
    },
    "16": {
      "type": "leaf",
      "in_degree": 1,