{
  "graph_index": 3555,
  "nodes": {
    "0": {
      "type": "root",
      "in_degree": 0,
      "out_degree": 1,
      "betweenness": 0.0,
      "closeness": 0.0,
      "pagerank": 0.029590528294304058,
      "degree_centrality": 0.045454545454545456,
      "cpd": {
        "values": [
          0.5,
          0.5,
          0.0,
          0.0
        ],
        "evidence": [],
        "evidence_card": []
      }
    },
    "1": {
      "type": "intermediate",
      "in_degree": 1,
      "out_degree": 2,
      "betweenness": 0.045454545454545456,
      "closeness": 0.045454545454545456,
      "pagerank": 0.05474089273509708,
      "degree_centrality": 0.13636363636363635,
      "cpd": {
        "values": [
          0.7359308708715485,
          0.5671986380655092,
          0.26406912912845143,
          0.4328013619344908
        ],
        "evidence": [
          0
        ],
        "evidence_card": [
          2
        ]
      }
    },
    "2": {
      "type": "intermediate",
      "in_degree": 1,
      "out_degree": 3,
      "betweenness": 0.06060606060606061,
      "closeness": 0.06060606060606061,
      "pagerank": 0.0528544318649129,
      "degree_centrality": 0.18181818181818182,
      "cpd": {
        "values": [
          0.15100655951670067,
          0.3750021665255115,
          0.8489934404832994,
          0.6249978334744886
        ],
        "evidence": [
          1
        ],
        "evidence_card": [
          2
        ]
      }
    },
    "3": {
      "type": "intermediate",
      "in_degree": 1,
      "out_degree": 2,
      "betweenness": 0.021645021645021644,
      "closeness": 0.06060606060606061,
      "pagerank": 0.0528544318649129,
      "degree_centrality": 0.13636363636363635,
      "cpd": {
        "values": [
          0.39367635688273983,
          0.5655471154593276,
          0.6063236431172602,
          0.4344528845406725
        ],
        "evidence": [
          1
        ],
        "evidence_card": [
          2
        ]
      }
    },
    "4": {
      "type": "intermediate",
      "in_degree": 1,
      "out_degree": 3,
      "betweenness": 0.01948051948051948,
      "closeness": 0.06818181818181818,
      "pagerank": 0.05205347637505976,
      "degree_centrality": 0.18181818181818182,
      "cpd": {
        "values": [
          0.9223781351703014,
          0.4120533701366523,
          0.07762186482969873,
          0.5879466298633478
        ],
        "evidence": [
          3
        ],
        "evidence_card": [
          2
        ]
      }
    },
    "5": {
      "type": "leaf",
      "in_degree": 1,
      "out_degree": 0,
      "betweenness": 0.0,
      "closeness": 0.07272727272727274,
      "pagerank": 0.044339141725990724,
      "degree_centrality": 0.045454545454545456,
      "cpd": {
        "values": [
          0.42395203319781116,
          0.34057880029871773,
          0.5760479668021888,
          0.6594211997012823
        ],
        "evidence": [
          4
        ],
        "evidence_card": [
          2
        ]
      }
    },
    "6": {
      "type": "leaf",
      "in_degree": 1,
      "out_degree": 0,
      "betweenness": 0.0,
      "closeness": 0.07272727272727274,
      "pagerank": 0.044339141725990724,
      "degree_centrality": 0.045454545454545456,
      "cpd": {
        "values": [
          0.16970735768840775,
          0.7031707851653045,
          0.8302926423115923,
          0.2968292148346955
        ],
        "evidence": [
          4
        ],
        "evidence_card": [
          2
        ]
      }
    },
    "7": {
      "type": "leaf",
      "in_degree": 1,
      "out_degree": 0,
      "betweenness": 0.0,
      "closeness": 0.07272727272727274,
      "pagerank": 0.044339141725990724,
      "degree_centrality": 0.045454545454545456,
      "cpd": {
        "values": [
          0.5681933110376274,
          0.6077896294705623,
          0.4318066889623726,
          0.3922103705294377
        ],
        "evidence": [
          4
        ],
        "evidence_card": [
          2
        ]
      }
    },
    "8": {
      "type": "intermediate",
      "in_degree": 1,
      "out_degree": 4,
      "betweenness": 0.025974025974025976,
      "closeness": 0.06818181818181818,
      "pagerank": 0.044565827014807866,
      "degree_centrality": 0.2272727272727273,
      "cpd": {
        "values": [
          0.681646591870782,
          0.42923128756411805,
          0.31835340812921803,
          0.5707687124358819
        ],
        "evidence": [
          2
        ],
        "evidence_card": [
          2
        ]
      }
    },
    "9": {
      "type": "intermediate",
      "in_degree": 1,
      "out_degree": 4,
      "betweenness": 0.021645021645021644,
      "closeness": 0.06818181818181818,
      "pagerank": 0.044565827014807866,
      "degree_centrality": 0.2272727272727273,
      "cpd": {
        "values": [
          0.2934952406151693,
          0.16335131183380655,
          0.7065047593848307,
          0.8366486881661933
        ],
        "evidence": [
          2
        ],
        "evidence_card": [
          2
        ]
      }
    },
    "10": {
      "type": "intermediate",
      "in_degree": 1,
      "out_degree": 4,
      "betweenness": 0.025974025974025976,
      "closeness": 0.06818181818181818,
      "pagerank": 0.044565827014807866,
      "degree_centrality": 0.2272727272727273,
      "cpd": {
        "values": [
          0.6010989099642636,
          0.4727368465550908,
          0.3989010900357363,
          0.5272631534449093
        ],
        "evidence": [
          2
        ],
        "evidence_card": [
          2
        ]
      }
    },
    "11": {
      "type": "leaf",
      "in_degree": 1,
      "out_degree": 0,
      "betweenness": 0.0,
      "closeness": 0.07272727272727274,
      "pagerank": 0.03906069871354681,
      "degree_centrality": 0.045454545454545456,
      "cpd": {
        "values": [
          0.4131192055807527,
          0.5642873932935221,
          0.5868807944192471,
          0.4357126067064778
        ],
        "evidence": [
          10
        ],
        "evidence_card": [
          2
        ]
      }
    },
    "12": {
      "type": "leaf",
      "in_degree": 1,
      "out_degree": 0,
      "betweenness": 0.0,
      "closeness": 0.07272727272727274,
      "pagerank": 0.03906069871354681,
      "degree_centrality": 0.045454545454545456,
      "cpd": {
        "values": [
          0.6417697750471332,
          0.3490894867401723,
          0.3582302249528667,
          0.6509105132598276
        ],
        "evidence": [
          10
        ],
        "evidence_card": [
          2
        ]
      }
    },
    "13": {
      "type": "leaf",
      "in_degree": 1,
      "out_degree": 0,
      "betweenness": 0.0,
      "closeness": 0.07272727272727274,
      "pagerank": 0.03906069871354681,
      "degree_centrality": 0.045454545454545456,
      "cpd": {
        "values": [
          0.6150996019262518,
          0.5756879186886051,
          0.38490039807374815,
          0.42431208131139486
        ],
        "evidence": [
          10
        ],
        "evidence_card": [
          2
        ]
      }
    },
    "14": {
      "type": "leaf",
      "in_degree": 1,
      "out_degree": 0,
      "betweenness": 0.0,
      "closeness": 0.07272727272727274,
      "pagerank": 0.03906069871354681,
      "degree_centrality": 0.045454545454545456,
      "cpd": {
        "values": [
          0.5165955694968154,
          0.7755850676670952,
          0.4834044305031846,
          0.22441493233290474
        ],
        "evidence": [
          10
        ],
        "evidence_card": [
          2
        ]
      }
    },
    "15": {
      "type": "leaf",
      "in_degree": 1,
      "out_degree": 0,
      "betweenness": 0.0,
      "closeness": 0.07272727272727274,
      "pagerank": 0.03906069871354681,
      "degree_centrality": 0.045454545454545456,