{
  "graph_index": 9602,
  "nodes": {
    "0": {
      "type": "root",
      "in_degree": 0,
      "out_degree": 1,
      "betweenness": 0.0,
      "closeness": 0.0,
      "pagerank": 0.0223250438103867,
      "degree_centrality": 0.03571428571428571,
      "cpd": {
        "values": [
          0.5,
          0.5,
          0.0,
          0.0
        ],
        "evidence": [],
        "evidence_card": []
      }
    },
    "1": {
      "type": "intermediate",
      "in_degree": 1,
      "out_degree": 4,
      "betweenness": 0.03571428571428571,
      "closeness": 0.03571428571428571,
      "pagerank": 0.04130079573135772,
      "degree_centrality": 0.17857142857142855,
      "cpd": {
        "values": [
          0.3197178713813972,
          0.1003417751509938,
          0.6802821286186027,
          0.8996582248490063
        ],
        "evidence": [
          0
        ],
        "evidence_card": [
          2
        ]
      }
    },
    "2": {
      "type": "intermediate",
      "in_degree": 1,
      "out_degree": 3,
      "betweenness": 0.023809523809523808,
      "closeness": 0.047619047619047616,
      "pagerank": 0.03110137846292858,
      "degree_centrality": 0.14285714285714285,
      "cpd": {
        "values": [
          0.3123809019650325,
          0.5994302342724028,
          0.6876190980349676,
          0.4005697657275972
        ],
        "evidence": [
          1
        ],
        "evidence_card": [
          2
        ]
      }
    },
    "3": {
      "type": "intermediate",
      "in_degree": 1,
      "out_degree": 2,
      "betweenness": 0.007936507936507936,
      "closeness": 0.047619047619047616,
      "pagerank": 0.03110137846292858,
      "degree_centrality": 0.10714285714285714,
      "cpd": {
        "values": [
          0.13915685671069747,
          0.6320288154827083,
          0.8608431432893026,
          0.3679711845172917
        ],
        "evidence": [
          1
        ],
        "evidence_card": [
          2
        ]
      }
    },
    "4": {
      "type": "intermediate",
      "in_degree": 1,
      "out_degree": 3,
      "betweenness": 0.021164021164021163,
      "closeness": 0.047619047619047616,
      "pagerank": 0.03110137846292858,
      "degree_centrality": 0.14285714285714285,
      "cpd": {
        "values": [
          0.4825492011482967,
          0.9932863742841114,
          0.5174507988517032,
          0.006713625715888579
        ],
        "evidence": [
          1
        ],
        "evidence_card": [
          2
        ]
      }
    },
    "5": {
      "type": "intermediate",
      "in_degree": 1,
      "out_degree": 2,
      "betweenness": 0.007936507936507936,
      "closeness": 0.047619047619047616,
      "pagerank": 0.03110137846292858,
      "degree_centrality": 0.10714285714285714,
      "cpd": {
        "values": [
          0.4621423908483876,
          0.4631873143596017,
          0.5378576091516124,
          0.5368126856403983
        ],
        "evidence": [
          1
        ],
        "evidence_card": [
          2
        ]
      }
    },
    "6": {
      "type": "intermediate",
      "in_degree": 1,
      "out_degree": 1,
      "betweenness": 0.003968253968253968,
      "closeness": 0.05357142857142857,
      "pagerank": 0.03554294891047799,
      "degree_centrality": 0.07142857142857142,
      "cpd": {
        "values": [
          0.27097803394417525,
          0.6242485409191244,
          0.7290219660558247,
          0.37575145908087554
        ],
        "evidence": [
          5
        ],
        "evidence_card": [
          2
        ]
      }
    },
    "7": {
      "type": "leaf",
      "in_degree": 1,
      "out_degree": 0,
      "betweenness": 0.0,
      "closeness": 0.05714285714285714,
      "pagerank": 0.052535633491380185,
      "degree_centrality": 0.03571428571428571,
      "cpd": {
        "values": [
          0.1761424277850566,
          0.6153365176050098,
          0.8238575722149434,
          0.38466348239499004
        ],
        "evidence": [
          6
        ],
        "evidence_card": [
          2
        ]
      }
    },
    "8": {
      "type": "intermediate",
      "in_degree": 1,
      "out_degree": 2,
      "betweenness": 0.007936507936507936,
      "closeness": 0.05357142857142857,
      "pagerank": 0.031136980543780893,
      "degree_centrality": 0.10714285714285714,
      "cpd": {
        "values": [
          0.49988819876294,
          0.6986118643764222,
          0.50011180123706,
          0.3013881356235778
        ],
        "evidence": [
          4
        ],
        "evidence_card": [
          2
        ]
      }
    },
    "9": {
      "type": "intermediate",
      "in_degree": 1,
      "out_degree": 2,
      "betweenness": 0.0026455026455026454,
      "closeness": 0.05357142857142857,
      "pagerank": 0.031136980543780893,
      "degree_centrality": 0.10714285714285714,
      "cpd": {
        "values": [
          0.38316550692383744,
          0.6558399969353534,
          0.6168344930761627,
          0.3441600030646466
        ],
        "evidence": [
          4
        ],
        "evidence_card": [
          2
        ]
      }
    },
    "10": {
      "type": "intermediate",
      "in_degree": 1,
      "out_degree": 3,
      "betweenness": 0.011904761904761904,
      "closeness": 0.05357142857142857,
      "pagerank": 0.031136980543780893,
      "degree_centrality": 0.14285714285714285,
      "cpd": {
        "values": [
          0.23454480868237101,
          0.545223093722602,
          0.765455191317629,
          0.454776906277398
        ],
        "evidence": [
          4
        ],
        "evidence_card": [
          2
        ]
      }
    },
    "11": {
      "type": "leaf",
      "in_degree": 1,
      "out_degree": 0,
      "betweenness": 0.0,
      "closeness": 0.05714285714285714,
      "pagerank": 0.0311469250640487,
      "degree_centrality": 0.03571428571428571,
      "cpd": {
        "values": [
          0.49753432218193644,
          0.6280253513011722,
          0.5024656778180635,
          0.3719746486988278
        ],
        "evidence": [
          10
        ],
        "evidence_card": [
          2
        ]
      }
    },
    "12": {
      "type": "leaf",
      "in_degree": 1,
      "out_degree": 0,
      "betweenness": 0.0,
      "closeness": 0.05714285714285714,
      "pagerank": 0.0311469250640487,
      "degree_centrality": 0.03571428571428571,
      "cpd": {
        "values": [
          0.9223915399819131,
          0.15668325138934588,
          0.0776084600180868,
          0.8433167486106541
        ],
        "evidence": [
          10
        ],
        "evidence_card": [
          2
        ]
      }
    },
    "13": {
      "type": "leaf",
      "in_degree": 1,
      "out_degree": 0,
      "betweenness": 0.0,
      "closeness": 0.05714285714285714,
      "pagerank": 0.0311469250640487,
      "degree_centrality": 0.03571428571428571,
      "cpd": {
        "values": [
          0.5334641277168334,
          0.7944671086824887,
          0.4665358722831666,
          0.2055328913175113
        ],
        "evidence": [
          10
        ],
        "evidence_card": [
          2
        ]
      }
    },
    "14": {
      "type": "leaf",
      "in_degree": 2,
      "out_degree": 0,
      "betweenness": 0.0,
      "closeness": 0.09920634920634921,
      "pagerank": 0.048775770790970986,
      "degree_centrality": 0.07142857142857142,
      "cpd": {
        "values": [
          0.9333584373454713,
          0.9378235581098198,
          0.5304356586433191,
          0.6338929841114079
        ],
        "evidence": [
          5,
          9
        ],
        "evidence_card": [
          2,
          2
        ]
      }
    },
    "15": {
      "type": "leaf",
      "in_degree": 2,
      "out_degree": 0,
      "betweenness": 0.0,
      "closeness": 0.09920634920634921,
      "pagerank": 0.048775770790970986,
      "degree_centrality": 0.07142857142857142,