{
  "graph_index": 6221,
  "nodes": {
    "0": {
      "type": "root",
      "in_degree": 0,
      "out_degree": 1,
      "betweenness": 0.0,
      "closeness": 0.0,
      "pagerank": 0.02025669906577995,
      "degree_centrality": 0.030303030303030304,
      "cpd": {
        "values": [
          0.5,
          0.5,
          0.0,
          0.0
        ],
        "evidence": [],
        "evidence_card": []
      }
    },
    "1": {
      "type": "intermediate",
      "in_degree": 1,
      "out_degree": 3,
      "betweenness": 0.030303030303030304,
      "closeness": 0.030303030303030304,
      "pagerank": 0.03747462549181446,
      "degree_centrality": 0.12121212121212122,
      "cpd": {
        "values": [
          0.5947486203778912,
          0.01062335845435836,
          0.4052513796221088,
          0.9893766415456416
        ],
        "evidence": [
          0
        ],
        "evidence_card": [
          2
        ]
      }
    },
    "2": {
      "type": "intermediate",
      "in_degree": 1,
      "out_degree": 4,
      "betweenness": 0.01893939393939394,
      "closeness": 0.0404040404040404,
      "pagerank": 0.030874383622514625,
      "degree_centrality": 0.15151515151515152,
      "cpd": {
        "values": [
          0.7102245794596808,
          0.8300369306684985,
          0.2897754205403193,
          0.16996306933150152
        ],
        "evidence": [
          1
        ],
        "evidence_card": [
          2
        ]
      }
    },
    "3": {
      "type": "intermediate",
      "in_degree": 1,
      "out_degree": 2,
      "betweenness": 0.011363636363636364,
      "closeness": 0.0404040404040404,
      "pagerank": 0.030874383622514625,
      "degree_centrality": 0.09090909090909091,
      "cpd": {
        "values": [
          0.006189680664115265,
          0.5109396238723821,
          0.9938103193358847,
          0.48906037612761794
        ],
        "evidence": [
          1
        ],
        "evidence_card": [
          2
        ]
      }
    },
    "4": {
      "type": "intermediate",
      "in_degree": 1,
      "out_degree": 5,
      "betweenness": 0.02462121212121212,
      "closeness": 0.0404040404040404,
      "pagerank": 0.030874383622514625,
      "degree_centrality": 0.18181818181818182,
      "cpd": {
        "values": [
          0.5078579999602646,
          0.572400133915889,
          0.49214200003973546,
          0.42759986608411105
        ],
        "evidence": [
          1
        ],
        "evidence_card": [
          2
        ]
      }
    },
    "5": {
      "type": "intermediate",
      "in_degree": 1,
      "out_degree": 2,
      "betweenness": 0.005681818181818182,
      "closeness": 0.045454545454545456,
      "pagerank": 0.025505355447963993,
      "degree_centrality": 0.09090909090909091,
      "cpd": {
        "values": [
          0.3934195430131954,
          0.2149433935076698,
          0.6065804569868045,
          0.7850566064923302
        ],
        "evidence": [
          4
        ],
        "evidence_card": [
          2
        ]
      }
    },
    "6": {
      "type": "intermediate",
      "in_degree": 1,
      "out_degree": 2,
      "betweenness": 0.005681818181818182,
      "closeness": 0.045454545454545456,
      "pagerank": 0.025505355447963993,
      "degree_centrality": 0.09090909090909091,
      "cpd": {
        "values": [
          0.9786493959345264,
          0.6470042551475548,
          0.02135060406547367,
          0.3529957448524453
        ],
        "evidence": [
          4
        ],
        "evidence_card": [
          2
        ]
      }
    },
    "7": {
      "type": "intermediate",
      "in_degree": 1,
      "out_degree": 1,
      "betweenness": 0.002840909090909091,
      "closeness": 0.045454545454545456,
      "pagerank": 0.025505355447963993,
      "degree_centrality": 0.06060606060606061,
      "cpd": {
        "values": [
          0.7213398803970766,
          0.492416051457929,
          0.27866011960292336,
          0.507583948542071
        ],
        "evidence": [
          4
        ],
        "evidence_card": [
          2
        ]
      }
    },
    "8": {
      "type": "intermediate",
      "in_degree": 1,
      "out_degree": 4,
      "betweenness": 0.00946969696969697,
      "closeness": 0.045454545454545456,
      "pagerank": 0.025505355447963993,
      "degree_centrality": 0.15151515151515152,
      "cpd": {
        "values": [
          0.08934266581162058,
          0.08404328186902067,
          0.9106573341883795,
          0.9159567181309793
        ],
        "evidence": [
          4
        ],
        "evidence_card": [
          2
        ]
      }
    },
    "9": {
      "type": "leaf",
      "in_degree": 2,
      "out_degree": 0,
      "betweenness": 0.0,
      "closeness": 0.08417508417508418,
      "pagerank": 0.03223731808968221,
      "degree_centrality": 0.06060606060606061,
      "cpd": {
        "values": [
          0.04707633180237776,
          0.16835455789779513,
          0.17566412878330576,
          0.8098626742010402
        ],
        "evidence": [
          2,
          8
        ],
        "evidence_card": [
          2,
          2
        ]
      }
    },
    "10": {
      "type": "leaf",
      "in_degree": 1,
      "out_degree": 0,
      "betweenness": 0.0,
      "closeness": 0.04848484848484849,
      "pagerank": 0.025676497611952155,
      "degree_centrality": 0.030303030303030304,
      "cpd": {
        "values": [
          0.14712253052031277,
          0.5419761152248856,
          0.8528774694796872,
          0.45802388477511435
        ],
        "evidence": [
          8
        ],
        "evidence_card": [
          2
        ]
      }
    },
    "11": {
      "type": "leaf",
      "in_degree": 1,
      "out_degree": 0,
      "betweenness": 0.0,
      "closeness": 0.04848484848484849,
      "pagerank": 0.025676497611952155,
      "degree_centrality": 0.030303030303030304,
      "cpd": {
        "values": [
          0.576896051669898,
          0.8108191155555307,
          0.4231039483301019,
          0.1891808844444693
        ],
        "evidence": [
          8
        ],
        "evidence_card": [
          2
        ]
      }
    },
    "12": {
      "type": "leaf",
      "in_degree": 1,
      "out_degree": 0,
      "betweenness": 0.0,
      "closeness": 0.04848484848484849,
      "pagerank": 0.025676497611952155,
      "degree_centrality": 0.030303030303030304,
      "cpd": {
        "values": [
          0.12173064187746267,
          0.5341059395232621,
          0.8782693581225374,
          0.4658940604767379
        ],
        "evidence": [
          8
        ],
        "evidence_card": [
          2
        ]
      }
    },
    "13": {
      "type": "leaf",
      "in_degree": 1,
      "out_degree": 0,
      "betweenness": 0.0,
      "closeness": 0.04848484848484849,
      "pagerank": 0.041935893250468766,
      "degree_centrality": 0.030303030303030304,
      "cpd": {
        "values": [
          0.6252321436779976,
          0.16213521006057333,
          0.37476785632200255,
          0.8378647899394267
        ],
        "evidence": [
          7
        ],
        "evidence_card": [
          2
        ]
      }
    },
    "14": {
      "type": "leaf",
      "in_degree": 1,
      "out_degree": 0,
      "betweenness": 0.0,
      "closeness": 0.04848484848484849,
      "pagerank": 0.031096296158124356,
      "degree_centrality": 0.030303030303030304,
      "cpd": {
        "values": [
          0.2730781114469533,
          0.22405569051139226,
          0.7269218885530466,
          0.7759443094886077
        ],
        "evidence": [
          6
        ],
        "evidence_card": [
          2
        ]
      }
    },
    "15": {
      "type": "leaf",
      "in_degree": 1,
      "out_degree": 0,
      "betweenness": 0.0,
      "closeness": 0.04848484848484849,
      "pagerank": 0.031096296158124356,
      "degree_centrality": 0.030303030303030304,