{
  "graph_index": 682,
  "nodes": {
    "0": {
      "type": "root",
      "in_degree": 0,
      "out_degree": 1,
      "betweenness": 0.0,
      "closeness": 0.0,
      "pagerank": 0.027868945792516617,
      "degree_centrality": 0.045454545454545456,
      "cpd": {
        "values": [
          0.5,
          0.5,
          0.0,
          0.0
        ],
        "evidence": [],
        "evidence_card": []
      }
    },
    "1": {
      "type": "intermediate",
      "in_degree": 1,
      "out_degree": 2,
      "betweenness": 0.045454545454545456,
      "closeness": 0.045454545454545456,
      "pagerank": 0.0515582645978936,
      "degree_centrality": 0.13636363636363635,
      "cpd": {
        "values": [
          0.9550098682710838,
          0.7941811249807871,
          0.04499013172891618,
          0.20581887501921292
        ],
        "evidence": [
          0
        ],
        "evidence_card": [
          2
        ]
      }
    },
    "2": {
      "type": "intermediate",
      "in_degree": 1,
      "out_degree": 2,
      "betweenness": 0.025974025974025976,
      "closeness": 0.06060606060606061,
      "pagerank": 0.04978064823371901,
      "degree_centrality": 0.13636363636363635,
      "cpd": {
        "values": [
          0.5499113423747514,
          0.3836289496667042,
          0.4500886576252486,
          0.6163710503332958
        ],
        "evidence": [
          1
        ],
        "evidence_card": [
          2
        ]
      }
    },
    "3": {
      "type": "intermediate",
      "in_degree": 1,
      "out_degree": 5,
      "betweenness": 0.05627705627705628,
      "closeness": 0.06060606060606061,
      "pagerank": 0.04978064823371901,
      "degree_centrality": 0.2727272727272727,
      "cpd": {
        "values": [
          0.4898360568043309,
          0.7184599094511038,
          0.510163943195669,
          0.2815400905488962
        ],
        "evidence": [
          1
        ],
        "evidence_card": [
          2
        ]
      }
    },
    "4": {
      "type": "intermediate",
      "in_degree": 1,
      "out_degree": 1,
      "betweenness": 0.006493506493506494,
      "closeness": 0.06818181818181818,
      "pagerank": 0.03633156830828417,
      "degree_centrality": 0.09090909090909091,
      "cpd": {
        "values": [
          0.2299771769004541,
          0.4871023786239302,
          0.7700228230995458,
          0.5128976213760699
        ],
        "evidence": [
          3
        ],
        "evidence_card": [
          2
        ]
      }
    },
    "5": {
      "type": "intermediate",
      "in_degree": 1,
      "out_degree": 1,
      "betweenness": 0.006493506493506494,
      "closeness": 0.06818181818181818,
      "pagerank": 0.03633156830828417,
      "degree_centrality": 0.09090909090909091,
      "cpd": {
        "values": [
          0.5092011342127624,
          0.38657576162341434,
          0.4907988657872375,
          0.6134242383765857
        ],
        "evidence": [
          3
        ],
        "evidence_card": [
          2
        ]
      }
    },
    "6": {
      "type": "intermediate",
      "in_degree": 1,
      "out_degree": 3,
      "betweenness": 0.01948051948051948,
      "closeness": 0.06818181818181818,
      "pagerank": 0.03633156830828417,
      "degree_centrality": 0.18181818181818182,
      "cpd": {
        "values": [
          0.5962993968104959,
          0.6354356897450472,
          0.403700603189504,
          0.36456431025495295
        ],
        "evidence": [
          3
        ],
        "evidence_card": [
          2
        ]
      }
    },
    "7": {
      "type": "intermediate",
      "in_degree": 1,
      "out_degree": 3,
      "betweenness": 0.01948051948051948,
      "closeness": 0.06818181818181818,
      "pagerank": 0.03633156830828417,
      "degree_centrality": 0.18181818181818182,
      "cpd": {
        "values": [
          0.7842076601753968,
          0.8082664520579316,
          0.21579233982460333,
          0.19173354794206846
        ],
        "evidence": [
          3
        ],
        "evidence_card": [
          2
        ]
      }
    },
    "8": {
      "type": "leaf",
      "in_degree": 1,
      "out_degree": 0,
      "betweenness": 0.0,
      "closeness": 0.07272727272727274,
      "pagerank": 0.038163140397805176,
      "degree_centrality": 0.045454545454545456,
      "cpd": {
        "values": [
          0.7251976070889017,
          0.4580419150164451,
          0.2748023929110982,
          0.5419580849835549
        ],
        "evidence": [
          7
        ],
        "evidence_card": [
          2
        ]
      }
    },
    "9": {
      "type": "leaf",
      "in_degree": 1,
      "out_degree": 0,
      "betweenness": 0.0,
      "closeness": 0.07272727272727274,
      "pagerank": 0.038163140397805176,
      "degree_centrality": 0.045454545454545456,
      "cpd": {
        "values": [
          0.9115657529598773,
          0.8173813377035476,
          0.08843424704012269,
          0.18261866229645235
        ],
        "evidence": [
          7
        ],
        "evidence_card": [
          2
        ]
      }
    },
    "10": {
      "type": "leaf",
      "in_degree": 1,
      "out_degree": 0,
      "betweenness": 0.0,
      "closeness": 0.07272727272727274,
      "pagerank": 0.038163140397805176,
      "degree_centrality": 0.045454545454545456,
      "cpd": {
        "values": [
          0.2051715491731303,
          0.8290014794980536,
          0.7948284508268697,
          0.17099852050194642
        ],
        "evidence": [
          7
        ],
        "evidence_card": [
          2
        ]
      }
    },
    "11": {
      "type": "leaf",
      "in_degree": 1,
      "out_degree": 0,
      "betweenness": 0.0,
      "closeness": 0.07272727272727274,
      "pagerank": 0.038163140397805176,
      "degree_centrality": 0.045454545454545456,
      "cpd": {
        "values": [
          0.8683088360962186,
          0.3118995618691014,
          0.13169116390378144,
          0.6881004381308986
        ],
        "evidence": [
          6
        ],
        "evidence_card": [
          2
        ]
      }
    },
    "12": {
      "type": "leaf",
      "in_degree": 1,
      "out_degree": 0,
      "betweenness": 0.0,
      "closeness": 0.07272727272727274,
      "pagerank": 0.038163140397805176,
      "degree_centrality": 0.045454545454545456,
      "cpd": {
        "values": [
          0.04767731977834167,
          0.6977135358602402,
          0.9523226802216583,
          0.3022864641397599
        ],
        "evidence": [
          6
        ],
        "evidence_card": [
          2
        ]
      }
    },
    "13": {
      "type": "leaf",
      "in_degree": 1,
      "out_degree": 0,
      "betweenness": 0.0,
      "closeness": 0.07272727272727274,
      "pagerank": 0.038163140397805176,
      "degree_centrality": 0.045454545454545456,
      "cpd": {
        "values": [
          0.5425649979977124,
          0.8423021517100144,
          0.4574350020022876,
          0.1576978482899856
        ],
        "evidence": [
          6
        ],
        "evidence_card": [
          2
        ]
      }
    },
    "14": {
      "type": "leaf",
      "in_degree": 1,
      "out_degree": 0,
      "betweenness": 0.0,
      "closeness": 0.07272727272727274,
      "pagerank": 0.058751529608382314,
      "degree_centrality": 0.045454545454545456,
      "cpd": {
        "values": [
          0.8716926432295933,
          0.31677757615329505,
          0.12830735677040672,
          0.683222423846705
        ],
        "evidence": [
          5
        ],
        "evidence_card": [
          2
        ]
      }
    },
    "15": {
      "type": "leaf",
      "in_degree": 1,
      "out_degree": 0,
      "betweenness": 0.0,
      "closeness": 0.07272727272727274,
      "pagerank": 0.058751529608382314,
      "degree_centrality": 0.045454545454545456,