{
  "graph_index": 4459,
  "nodes": {
    "0": {
      "type": "root",
      "in_degree": 0,
      "out_degree": 1,
      "betweenness": 0.0,
      "closeness": 0.0,
      "pagerank": 0.05217132638510396,
      "degree_centrality": 0.1,
      "cpd": {
        "values": [
          0.5,
          0.5,
          0.0,
          0.0
        ],
        "evidence": [],
        "evidence_card": []
      }
    },
    "1": {
      "type": "intermediate",
      "in_degree": 1,
      "out_degree": 1,
      "betweenness": 0.1,
      "closeness": 0.1,
      "pagerank": 0.09651577488743113,
      "degree_centrality": 0.2,
      "cpd": {
        "values": [
          0.546358100012178,
          0.6116434174805305,
          0.453641899987822,
          0.38835658251946953
        ],
        "evidence": [
          0
        ],
        "evidence_card": [
          2
        ]
      }
    },
    "2": {
      "type": "intermediate",
      "in_degree": 1,
      "out_degree": 2,
      "betweenness": 0.17777777777777778,
      "closeness": 0.13333333333333333,
      "pagerank": 0.1342076409892595,
      "degree_centrality": 0.30000000000000004,
      "cpd": {
        "values": [
          0.8673033115509835,
          0.3495180365237145,
          0.13269668844901653,
          0.6504819634762854
        ],
        "evidence": [
          1
        ],
        "evidence_card": [
          2
        ]
      }
    },
    "3": {
      "type": "intermediate",
      "in_degree": 1,
      "out_degree": 3,
      "betweenness": 0.1,
      "closeness": 0.15,
      "pagerank": 0.10920942678773488,
      "degree_centrality": 0.4,
      "cpd": {
        "values": [
          0.5110907604170549,
          0.692429070056044,
          0.48890923958294497,
          0.307570929943956
        ],
        "evidence": [
          2
        ],
        "evidence_card": [
          2
        ]
      }
    },
    "4": {
      "type": "intermediate",
      "in_degree": 1,
      "out_degree": 3,
      "betweenness": 0.1,
      "closeness": 0.15,
      "pagerank": 0.10920942678773488,
      "degree_centrality": 0.4,
      "cpd": {
        "values": [
          0.6082635751333272,
          0.6392502207328747,
          0.3917364248666727,
          0.3607497792671253
        ],
        "evidence": [
          2
        ],
        "evidence_card": [
          2
        ]
      }
    },
    "5": {
      "type": "leaf",
      "in_degree": 1,
      "out_degree": 0,
      "betweenness": 0.0,
      "closeness": 0.16000000000000003,
      "pagerank": 0.0831144006937893,
      "degree_centrality": 0.1,
      "cpd": {
        "values": [
          0.4981490325880228,
          0.34059200282416413,
          0.5018509674119773,
          0.6594079971758359
        ],
        "evidence": [
          4
        ],
        "evidence_card": [
          2
        ]
      }
    },
    "6": {
      "type": "leaf",
      "in_degree": 1,
      "out_degree": 0,
      "betweenness": 0.0,
      "closeness": 0.16000000000000003,
      "pagerank": 0.0831144006937893,
      "degree_centrality": 0.1,
      "cpd": {
        "values": [
          0.6917755625328883,
          0.3563492494580855,
          0.3082244374671118,
          0.6436507505419146
        ],
        "evidence": [
          4
        ],
        "evidence_card": [
          2
        ]
      }
    },
    "7": {
      "type": "leaf",
      "in_degree": 1,
      "out_degree": 0,
      "betweenness": 0.0,
      "closeness": 0.16000000000000003,
      "pagerank": 0.0831144006937893,
      "degree_centrality": 0.1,
      "cpd": {
        "values": [
          0.5188661590062268,
          0.5144361641174922,
          0.48113384099377315,
          0.48556383588250784
        ],
        "evidence": [
          4
        ],
        "evidence_card": [
          2
        ]
      }
    },
    "8": {
      "type": "leaf",
      "in_degree": 1,
      "out_degree": 0,
      "betweenness": 0.0,
      "closeness": 0.16000000000000003,
      "pagerank": 0.0831144006937893,
      "degree_centrality": 0.1,
      "cpd": {
        "values": [
          0.6681966545494663,
          0.6827078975496527,
          0.33180334545053375,
          0.3172921024503474
        ],
        "evidence": [
          3
        ],
        "evidence_card": [
          2
        ]
      }
    },
    "9": {
      "type": "leaf",
      "in_degree": 1,
      "out_degree": 0,
      "betweenness": 0.0,
      "closeness": 0.16000000000000003,
      "pagerank": 0.0831144006937893,
      "degree_centrality": 0.1,
      "cpd": {
        "values": [
          0.46302628020658265,
          0.6892672764225912,
          0.5369737197934173,
          0.3107327235774088
        ],
        "evidence": [
          3
        ],
        "evidence_card": [
          2
        ]
      }
    },
    "10": {
      "type": "leaf",
      "in_degree": 1,
      "out_degree": 0,
      "betweenness": 0.0,
      "closeness": 0.16000000000000003,
      "pagerank": 0.0831144006937893,
      "degree_centrality": 0.1,
      "cpd": {
        "values": [
          0.9470060418946659,
          0.4451920172867863,
          0.05299395810533416,
          0.5548079827132139
        ],
        "evidence": [
          3
        ],
        "evidence_card": [
          2
        ]
      }
    }
  },
  "edges": [
    [
      0,
      1
    ],
    [
      1,
      2
    ],
    [
      2,
      3
    ],
    [
      2,
      4
    ],
    [
      3,
      8
    ],
    [
      3,
      9
    ],
    [
      3,
      10
    ],
    [
      4,
      5
    ],
    [
      4,
      6
    ],
    [
      4,
      7
    ]
  ]
}