{
  "graph_index": 1126,
  "nodes": {
    "0": {
      "type": "root",
      "in_degree": 0,
      "out_degree": 1,
      "betweenness": 0.0,
      "closeness": 0.0,
      "pagerank": 0.03138719620678888,
      "degree_centrality": 0.05263157894736842,
      "cpd": {
        "values": [
          0.5,
          0.5,
          0.0,
          0.0
        ],
        "evidence": [],
        "evidence_card": []
      }
    },
    "1": {
      "type": "intermediate",
      "in_degree": 1,
      "out_degree": 2,
      "betweenness": 0.05263157894736842,
      "closeness": 0.05263157894736842,
      "pagerank": 0.05806734453412801,
      "degree_centrality": 0.15789473684210525,
      "cpd": {
        "values": [
          0.8650961117016502,
          0.06862164667838316,
          0.13490388829834976,
          0.9313783533216168
        ],
        "evidence": [
          0
        ],
        "evidence_card": [
          2
        ]
      }
    },
    "2": {
      "type": "intermediate",
      "in_degree": 1,
      "out_degree": 3,
      "betweenness": 0.05263157894736842,
      "closeness": 0.07017543859649122,
      "pagerank": 0.0560651603580086,
      "degree_centrality": 0.21052631578947367,
      "cpd": {
        "values": [
          0.46014598974907905,
          0.34286055927992937,
          0.539854010250921,
          0.6571394407200706
        ],
        "evidence": [
          1
        ],
        "evidence_card": [
          2
        ]
      }
    },
    "3": {
      "type": "intermediate",
      "in_degree": 1,
      "out_degree": 3,
      "betweenness": 0.04093567251461988,
      "closeness": 0.07017543859649122,
      "pagerank": 0.0560651603580086,
      "degree_centrality": 0.21052631578947367,
      "cpd": {
        "values": [
          0.8560870141775483,
          0.5539935012496341,
          0.14391298582245177,
          0.44600649875036597
        ],
        "evidence": [
          1
        ],
        "evidence_card": [
          2
        ]
      }
    },
    "4": {
      "type": "intermediate",
      "in_degree": 1,
      "out_degree": 2,
      "betweenness": 0.017543859649122806,
      "closeness": 0.07894736842105263,
      "pagerank": 0.047272091671919675,
      "degree_centrality": 0.15789473684210525,
      "cpd": {
        "values": [
          0.8524911202627432,
          0.3214630834126012,
          0.14750887973725677,
          0.6785369165873988
        ],
        "evidence": [
          3
        ],
        "evidence_card": [
          2
        ]
      }
    },
    "5": {
      "type": "intermediate",
      "in_degree": 1,
      "out_degree": 1,
      "betweenness": 0.008771929824561403,
      "closeness": 0.07894736842105263,
      "pagerank": 0.047272091671919675,
      "degree_centrality": 0.10526315789473684,
      "cpd": {
        "values": [
          0.6792623811372077,
          0.7948958259647115,
          0.32073761886279234,
          0.20510417403528847
        ],
        "evidence": [
          3
        ],
        "evidence_card": [
          2
        ]
      }
    },
    "6": {
      "type": "intermediate",
      "in_degree": 1,
      "out_degree": 2,
      "betweenness": 0.011695906432748537,
      "closeness": 0.07894736842105263,
      "pagerank": 0.047272091671919675,
      "degree_centrality": 0.15789473684210525,
      "cpd": {
        "values": [
          0.2604248329888187,
          0.6939995100688153,
          0.7395751670111813,
          0.30600048993118467
        ],
        "evidence": [
          3
        ],
        "evidence_card": [
          2
        ]
      }
    },
    "7": {
      "type": "leaf",
      "in_degree": 1,
      "out_degree": 0,
      "betweenness": 0.0,
      "closeness": 0.08421052631578947,
      "pagerank": 0.051478258851154785,
      "degree_centrality": 0.05263157894736842,
      "cpd": {
        "values": [
          0.47736585270228454,
          0.25022381481703143,
          0.5226341472977154,
          0.7497761851829685
        ],
        "evidence": [
          6
        ],
        "evidence_card": [
          2
        ]
      }
    },
    "8": {
      "type": "leaf",
      "in_degree": 2,
      "out_degree": 0,
      "betweenness": 0.0,
      "closeness": 0.14619883040935672,
      "pagerank": 0.06736315431628559,
      "degree_centrality": 0.10526315789473684,
      "cpd": {
        "values": [
          0.8258603563115671,
          0.9581512535117088,
          0.3229986502067939,
          0.7541607399493342
        ],
        "evidence": [
          2,
          6
        ],
        "evidence_card": [
          2,
          2
        ]
      }
    },
    "9": {
      "type": "leaf",
      "in_degree": 1,
      "out_degree": 0,
      "betweenness": 0.0,
      "closeness": 0.08421052631578947,
      "pagerank": 0.07156932149552071,
      "degree_centrality": 0.05263157894736842,
      "cpd": {
        "values": [
          0.46065036519346886,
          0.08516246551410665,
          0.5393496348065311,
          0.9148375344858933
        ],
        "evidence": [
          5
        ],
        "evidence_card": [
          2
        ]
      }
    },
    "10": {
      "type": "leaf",
      "in_degree": 1,
      "out_degree": 0,
      "betweenness": 0.0,
      "closeness": 0.08421052631578947,
      "pagerank": 0.051478258851154785,
      "degree_centrality": 0.05263157894736842,
      "cpd": {
        "values": [
          0.5404056593313302,
          0.4359177915288584,
          0.4595943406686697,
          0.5640822084711418
        ],
        "evidence": [
          4
        ],
        "evidence_card": [
          2
        ]
      }
    },
    "11": {
      "type": "leaf",
      "in_degree": 1,
      "out_degree": 0,
      "betweenness": 0.0,
      "closeness": 0.08421052631578947,
      "pagerank": 0.051478258851154785,
      "degree_centrality": 0.05263157894736842,
      "cpd": {
        "values": [
          0.4613505985691576,
          0.32467656702017683,
          0.5386494014308425,
          0.6753234329798231
        ],
        "evidence": [
          4
        ],
        "evidence_card": [
          2
        ]
      }
    },
    "12": {
      "type": "intermediate",
      "in_degree": 1,
      "out_degree": 3,
      "betweenness": 0.02631578947368421,
      "closeness": 0.07894736842105263,
      "pagerank": 0.047272091671919675,
      "degree_centrality": 0.21052631578947367,
      "cpd": {
        "values": [
          0.37082209402308397,
          0.45976153585818424,
          0.6291779059769159,
          0.5402384641418158
        ],
        "evidence": [
          2
        ],
        "evidence_card": [
          2
        ]
      }
    },
    "13": {
      "type": "intermediate",
      "in_degree": 1,
      "out_degree": 3,
      "betweenness": 0.02631578947368421,
      "closeness": 0.07894736842105263,
      "pagerank": 0.047272091671919675,
      "degree_centrality": 0.21052631578947367,
      "cpd": {
        "values": [
          0.6140022821240189,
          0.31305502041032207,
          0.38599771787598103,
          0.6869449795896779
        ],
        "evidence": [
          2
        ],
        "evidence_card": [
          2
        ]
      }
    },
    "14": {
      "type": "leaf",
      "in_degree": 1,
      "out_degree": 0,
      "betweenness": 0.0,
      "closeness": 0.08421052631578947,
      "pagerank": 0.04478123796969948,
      "degree_centrality": 0.05263157894736842,
      "cpd": {
        "values": [
          0.3787981594968722,
          0.22106500708057783,
          0.6212018405031279,
          0.7789349929194221
        ],
        "evidence": [
          13
        ],
        "evidence_card": [
          2
        ]
      }
    },
    "15": {
      "type": "leaf",
      "in_degree": 1,
      "out_degree": 0,
      "betweenness": 0.0,
      "closeness": 0.08421052631578947,
      "pagerank": 0.04478123796969948,
      "degree_centrality": 0.05263157894736842,