{
  "graph_index": 6898,
  "nodes": {
    "0": {
      "type": "root",
      "in_degree": 0,
      "out_degree": 1,
      "betweenness": 0.0,
      "closeness": 0.0,
      "pagerank": 0.07508733989309532,
      "degree_centrality": 0.2,
      "cpd": {
        "values": [
          0.5,
          0.5,
          0.0,
          0.0
        ],
        "evidence": [],
        "evidence_card": []
      }
    },
    "1": {
      "type": "intermediate",
      "in_degree": 1,
      "out_degree": 1,
      "betweenness": 0.2,
      "closeness": 0.2,
      "pagerank": 0.1389122106128792,
      "degree_centrality": 0.4,
      "cpd": {
        "values": [
          0.3233521017749284,
          0.5290902557116853,
          0.6766478982250717,
          0.47090974428831467
        ],
        "evidence": [
          0
        ],
        "evidence_card": [
          2
        ]
      }
    },
    "2": {
      "type": "intermediate",
      "in_degree": 1,
      "out_degree": 1,
      "betweenness": 0.30000000000000004,
      "closeness": 0.26666666666666666,
      "pagerank": 0.19316396747663533,
      "degree_centrality": 0.4,
      "cpd": {
        "values": [
          0.3039547836473539,
          0.5050718077240197,
          0.696045216352646,
          0.4949281922759802
        ],
        "evidence": [
          1
        ],
        "evidence_card": [
          2
        ]
      }
    },
    "3": {
      "type": "intermediate",
      "in_degree": 1,
      "out_degree": 2,
      "betweenness": 0.30000000000000004,
      "closeness": 0.3,
      "pagerank": 0.2392773606737756,
      "degree_centrality": 0.6000000000000001,
      "cpd": {
        "values": [
          0.5477886914806324,
          0.6178231423283463,
          0.45221130851936764,
          0.3821768576716536
        ],
        "evidence": [
          2
        ],
        "evidence_card": [
          2
        ]
      }
    },
    "4": {
      "type": "leaf",
      "in_degree": 1,
      "out_degree": 0,
      "betweenness": 0.0,
      "closeness": 0.32000000000000006,
      "pagerank": 0.17677956067180708,
      "degree_centrality": 0.2,
      "cpd": {
        "values": [
          0.4717161680052423,
          0.42254731974701076,
          0.5282838319947577,
          0.5774526802529892
        ],
        "evidence": [
          3
        ],
        "evidence_card": [
          2
        ]
      }
    },
    "5": {
      "type": "leaf",
      "in_degree": 1,
      "out_degree": 0,
      "betweenness": 0.0,
      "closeness": 0.32000000000000006,
      "pagerank": 0.17677956067180708,
      "degree_centrality": 0.2,
      "cpd": {
        "values": [
          0.5473080782077038,
          0.22202443607777833,
          0.4526919217922962,
          0.7779755639222217
        ],
        "evidence": [
          3
        ],
        "evidence_card": [
          2
        ]
      }
    }
  },
  "edges": [
    [
      0,
      1
    ],
    [
      1,
      2
    ],
    [
      2,
      3
    ],
    [
      3,
      4
    ],
    [
      3,
      5
    ]
  ]
}