{
  "graph_index": 6282,
  "nodes": {
    "0": {
      "type": "root",
      "in_degree": 0,
      "out_degree": 1,
      "betweenness": 0.0,
      "closeness": 0.0,
      "pagerank": 0.08118382772690558,
      "degree_centrality": 0.25,
      "cpd": {
        "values": [
          0.5,
          0.5,
          0.0,
          0.0
        ],
        "evidence": [],
        "evidence_card": []
      }
    },
    "1": {
      "type": "intermediate",
      "in_degree": 1,
      "out_degree": 1,
      "betweenness": 0.25,
      "closeness": 0.25,
      "pagerank": 0.15018906609846971,
      "degree_centrality": 0.5,
      "cpd": {
        "values": [
          0.9685578101966374,
          0.34230484851483395,
          0.03144218980336254,
          0.6576951514851661
        ],
        "evidence": [
          0
        ],
        "evidence_card": [
          2
        ]
      }
    },
    "2": {
      "type": "intermediate",
      "in_degree": 1,
      "out_degree": 1,
      "betweenness": 0.3333333333333333,
      "closeness": 0.3333333333333333,
      "pagerank": 0.20884381674937905,
      "degree_centrality": 0.5,
      "cpd": {
        "values": [
          0.25836929245614654,
          0.6313092157883481,
          0.7416307075438533,
          0.36869078421165186
        ],
        "evidence": [
          1
        ],
        "evidence_card": [
          2
        ]
      }
    },
    "3": {
      "type": "intermediate",
      "in_degree": 1,
      "out_degree": 1,
      "betweenness": 0.25,
      "closeness": 0.375,
      "pagerank": 0.25870166328541455,
      "degree_centrality": 0.5,
      "cpd": {
        "values": [
          0.5471842624561922,
          0.22448205026869633,
          0.4528157375438078,
          0.7755179497313036
        ],
        "evidence": [
          2
        ],
        "evidence_card": [
          2
        ]
      }
    },
    "4": {
      "type": "leaf",
      "in_degree": 1,
      "out_degree": 0,
      "betweenness": 0.0,
      "closeness": 0.4,
      "pagerank": 0.30108162613983136,
      "degree_centrality": 0.25,
      "cpd": {
        "values": [
          0.5498032877547362,
          0.23726506466745606,
          0.4501967122452638,
          0.7627349353325439
        ],
        "evidence": [
          3
        ],
        "evidence_card": [
          2
        ]
      }
    }
  },
  "edges": [
    [
      0,
      1
    ],
    [
      1,
      2
    ],
    [
      2,
      3
    ],
    [
      3,
      4
    ]
  ]
}