{
  "graph_index": 2393,
  "nodes": {
    "0": {
      "type": "root",
      "in_degree": 0,
      "out_degree": 2,
      "betweenness": 0.0,
      "closeness": 0.0,
      "pagerank": 0.02227734800208441,
      "degree_centrality": 0.06896551724137931,
      "cpd": {
        "values": [
          0.5,
          0.5,
          0.0,
          0.0
        ],
        "evidence": [],
        "evidence_card": []
      }
    },
    "1": {
      "type": "intermediate",
      "in_degree": 1,
      "out_degree": 2,
      "betweenness": 0.020935960591133004,
      "closeness": 0.034482758620689655,
      "pagerank": 0.03174500524682895,
      "degree_centrality": 0.10344827586206896,
      "cpd": {
        "values": [
          0.934136020969057,
          0.6137247928743006,
          0.06586397903094295,
          0.38627520712569935
        ],
        "evidence": [
          0
        ],
        "evidence_card": [
          2
        ]
      }
    },
    "2": {
      "type": "intermediate",
      "in_degree": 1,
      "out_degree": 1,
      "betweenness": 0.012315270935960592,
      "closeness": 0.034482758620689655,
      "pagerank": 0.03174500524682895,
      "degree_centrality": 0.06896551724137931,
      "cpd": {
        "values": [
          0.2457173974918063,
          0.7241825381070047,
          0.7542826025081937,
          0.2758174618929953
        ],
        "evidence": [
          0
        ],
        "evidence_card": [
          2
        ]
      }
    },
    "3": {
      "type": "intermediate",
      "in_degree": 1,
      "out_degree": 3,
      "betweenness": 0.027093596059113302,
      "closeness": 0.04597701149425287,
      "pagerank": 0.04925934809550765,
      "degree_centrality": 0.13793103448275862,
      "cpd": {
        "values": [
          0.538041726241589,
          0.9957431470440364,
          0.4619582737584109,
          0.0042568529559635975
        ],
        "evidence": [
          2
        ],
        "evidence_card": [
          2
        ]
      }
    },
    "4": {
      "type": "intermediate",
      "in_degree": 2,
      "out_degree": 3,
      "betweenness": 0.014778325123152709,
      "closeness": 0.09195402298850575,
      "pagerank": 0.049724539086884734,
      "degree_centrality": 0.1724137931034483,
      "cpd": {
        "values": [
          0.49053025065987765,
          0.5391246647481185,
          0.48512172713514456,
          0.6840662599888653
        ],
        "evidence": [
          1,
          3
        ],
        "evidence_card": [
          2,
          2
        ]
      }
    },
    "5": {
      "type": "intermediate",
      "in_degree": 1,
      "out_degree": 4,
      "betweenness": 0.014778325123152709,
      "closeness": 0.05172413793103448,
      "pagerank": 0.03623353904017311,
      "degree_centrality": 0.1724137931034483,
      "cpd": {
        "values": [
          0.6366238615842409,
          0.3952844741008577,
          0.3633761384157591,
          0.6047155258991423
        ],
        "evidence": [
          3
        ],
        "evidence_card": [
          2
        ]
      }
    },
    "6": {
      "type": "intermediate",
      "in_degree": 1,
      "out_degree": 3,
      "betweenness": 0.011083743842364532,
      "closeness": 0.05172413793103448,
      "pagerank": 0.03623353904017311,
      "degree_centrality": 0.13793103448275862,
      "cpd": {
        "values": [
          0.42777466825469307,
          0.35504060302697643,
          0.5722253317453069,
          0.6449593969730236
        ],
        "evidence": [
          3
        ],
        "evidence_card": [
          2
        ]
      }
    },
    "7": {
      "type": "leaf",
      "in_degree": 1,
      "out_degree": 0,
      "betweenness": 0.0,
      "closeness": 0.05517241379310345,
      "pagerank": 0.03254352886833867,
      "degree_centrality": 0.034482758620689655,
      "cpd": {
        "values": [
          0.4885644238176868,
          0.5736033322159525,
          0.5114355761823132,
          0.4263966677840476
        ],
        "evidence": [
          6
        ],
        "evidence_card": [
          2
        ]
      }
    },
    "8": {
      "type": "leaf",
      "in_degree": 1,
      "out_degree": 0,
      "betweenness": 0.0,
      "closeness": 0.05517241379310345,
      "pagerank": 0.03254352886833867,
      "degree_centrality": 0.034482758620689655,
      "cpd": {
        "values": [
          0.4703665532230837,
          0.2625558992162208,
          0.5296334467769163,
          0.7374441007837792
        ],
        "evidence": [
          6
        ],
        "evidence_card": [
          2
        ]
      }
    },
    "9": {
      "type": "leaf",
      "in_degree": 1,
      "out_degree": 0,
      "betweenness": 0.0,
      "closeness": 0.05517241379310345,
      "pagerank": 0.03254352886833867,
      "degree_centrality": 0.034482758620689655,
      "cpd": {
        "values": [
          0.09297068833351159,
          0.528549692483917,
          0.9070293116664884,
          0.471450307516083
        ],
        "evidence": [
          6
        ],
        "evidence_card": [
          2
        ]
      }
    },
    "10": {
      "type": "leaf",
      "in_degree": 1,
      "out_degree": 0,
      "betweenness": 0.0,
      "closeness": 0.05517241379310345,
      "pagerank": 0.0299769836517751,
      "degree_centrality": 0.034482758620689655,
      "cpd": {
        "values": [
          0.4150387737591069,
          0.40987808148190047,
          0.5849612262408931,
          0.5901219185180996
        ],
        "evidence": [
          5
        ],
        "evidence_card": [
          2
        ]
      }
    },
    "11": {
      "type": "leaf",
      "in_degree": 1,
      "out_degree": 0,
      "betweenness": 0.0,
      "closeness": 0.05517241379310345,
      "pagerank": 0.0299769836517751,
      "degree_centrality": 0.034482758620689655,
      "cpd": {
        "values": [
          0.5757831530559888,
          0.8922154566431966,
          0.42421684694401113,
          0.10778454335680347
        ],
        "evidence": [
          5
        ],
        "evidence_card": [
          2
        ]
      }
    },
    "12": {
      "type": "leaf",
      "in_degree": 1,
      "out_degree": 0,
      "betweenness": 0.0,
      "closeness": 0.05517241379310345,
      "pagerank": 0.0299769836517751,
      "degree_centrality": 0.034482758620689655,
      "cpd": {
        "values": [
          0.4338695109532927,
          0.3744936600921576,
          0.5661304890467073,
          0.6255063399078424
        ],
        "evidence": [
          5
        ],
        "evidence_card": [
          2
        ]
      }
    },
    "13": {
      "type": "leaf",
      "in_degree": 1,
      "out_degree": 0,
      "betweenness": 0.0,
      "closeness": 0.05517241379310345,
      "pagerank": 0.0299769836517751,
      "degree_centrality": 0.034482758620689655,
      "cpd": {
        "values": [
          0.1743430412830061,
          0.3020796371000783,
          0.8256569587169938,
          0.6979203628999218
        ],
        "evidence": [
          5
        ],
        "evidence_card": [
          2
        ]
      }
    },
    "14": {
      "type": "leaf",
      "in_degree": 1,
      "out_degree": 0,
      "betweenness": 0.0,
      "closeness": 0.07836990595611286,
      "pagerank": 0.03636573863913484,
      "degree_centrality": 0.034482758620689655,
      "cpd": {
        "values": [
          0.17136853135017874,
          0.26556076356555414,
          0.8286314686498213,
          0.7344392364344458
        ],
        "evidence": [
          4
        ],
        "evidence_card": [
          2
        ]
      }
    },
    "15": {
      "type": "leaf",
      "in_degree": 1,
      "out_degree": 0,
      "betweenness": 0.0,
      "closeness": 0.07836990595611286,
      "pagerank": 0.03636573863913484,
      "degree_centrality": 0.034482758620689655,