{
  "graph_index": 8545,
  "nodes": {
    "0": {
      "type": "root",
      "in_degree": 0,
      "out_degree": 1,
      "betweenness": 0.0,
      "closeness": 0.0,
      "pagerank": 0.02451304361813911,
      "degree_centrality": 0.038461538461538464,
      "cpd": {
        "values": [
          0.5,
          0.5,
          0.0,
          0.0
        ],
        "evidence": [],
        "evidence_card": []
      }
    },
    "1": {
      "type": "intermediate",
      "in_degree": 1,
      "out_degree": 3,
      "betweenness": 0.038461538461538464,
      "closeness": 0.038461538461538464,
      "pagerank": 0.045348368248245334,
      "degree_centrality": 0.15384615384615385,
      "cpd": {
        "values": [
          0.3378506414606402,
          0.22677448848253198,
          0.6621493585393599,
          0.773225511517468
        ],
        "evidence": [
          0
        ],
        "evidence_card": [
          2
        ]
      }
    },
    "2": {
      "type": "intermediate",
      "in_degree": 1,
      "out_degree": 3,
      "betweenness": 0.03692307692307692,
      "closeness": 0.05128205128205128,
      "pagerank": 0.03736150234336481,
      "degree_centrality": 0.15384615384615385,
      "cpd": {
        "values": [
          0.6098530087630646,
          0.3479912178930592,
          0.3901469912369354,
          0.6520087821069408
        ],
        "evidence": [
          1
        ],
        "evidence_card": [
          2
        ]
      }
    },
    "3": {
      "type": "intermediate",
      "in_degree": 1,
      "out_degree": 2,
      "betweenness": 0.015384615384615385,
      "closeness": 0.05128205128205128,
      "pagerank": 0.03736150234336481,
      "degree_centrality": 0.11538461538461539,
      "cpd": {
        "values": [
          0.3494921257012907,
          0.3987946225948149,
          0.6505078742987093,
          0.6012053774051851
        ],
        "evidence": [
          1
        ],
        "evidence_card": [
          2
        ]
      }
    },
    "4": {
      "type": "intermediate",
      "in_degree": 1,
      "out_degree": 3,
      "betweenness": 0.015384615384615385,
      "closeness": 0.05128205128205128,
      "pagerank": 0.03736150234336481,
      "degree_centrality": 0.15384615384615385,
      "cpd": {
        "values": [
          0.6318612225992662,
          0.7182238545360397,
          0.3681387774007338,
          0.28177614546396035
        ],
        "evidence": [
          1
        ],
        "evidence_card": [
          2
        ]
      }
    },
    "5": {
      "type": "intermediate",
      "in_degree": 1,
      "out_degree": 2,
      "betweenness": 0.006153846153846154,
      "closeness": 0.057692307692307696,
      "pagerank": 0.03509863640612969,
      "degree_centrality": 0.11538461538461539,
      "cpd": {
        "values": [
          0.29061947233051416,
          0.47600133698157654,
          0.7093805276694859,
          0.5239986630184235
        ],
        "evidence": [
          4
        ],
        "evidence_card": [
          2
        ]
      }
    },
    "6": {
      "type": "intermediate",
      "in_degree": 1,
      "out_degree": 1,
      "betweenness": 0.004615384615384615,
      "closeness": 0.057692307692307696,
      "pagerank": 0.03509863640612969,
      "degree_centrality": 0.07692307692307693,
      "cpd": {
        "values": [
          0.5093871011187868,
          0.9561956570179327,
          0.4906128988812131,
          0.04380434298206727
        ],
        "evidence": [
          4
        ],
        "evidence_card": [
          2
        ]
      }
    },
    "7": {
      "type": "leaf",
      "in_degree": 1,
      "out_degree": 0,
      "betweenness": 0.0,
      "closeness": 0.06153846153846154,
      "pagerank": 0.05434603573007734,
      "degree_centrality": 0.038461538461538464,
      "cpd": {
        "values": [
          0.901040881508262,
          0.8891990049789552,
          0.098959118491738,
          0.11080099502104475
        ],
        "evidence": [
          6
        ],
        "evidence_card": [
          2
        ]
      }
    },
    "8": {
      "type": "leaf",
      "in_degree": 1,
      "out_degree": 0,
      "betweenness": 0.0,
      "closeness": 0.06153846153846154,
      "pagerank": 0.03942953967410823,
      "degree_centrality": 0.038461538461538464,
      "cpd": {
        "values": [
          0.04047442491571037,
          0.7219102039035086,
          0.9595255750842896,
          0.2780897960964915
        ],
        "evidence": [
          5
        ],
        "evidence_card": [
          2
        ]
      }
    },
    "9": {
      "type": "leaf",
      "in_degree": 2,
      "out_degree": 0,
      "betweenness": 0.0,
      "closeness": 0.10683760683760685,
      "pagerank": 0.0553079288560941,
      "degree_centrality": 0.07692307692307693,
      "cpd": {
        "values": [
          0.4479539747715135,
          0.6403474702507205,
          0.5211469428091151,
          0.3965933003689092
        ],
        "evidence": [
          3,
          5
        ],
        "evidence_card": [
          2,
          2
        ]
      }
    },
    "10": {
      "type": "intermediate",
      "in_degree": 1,
      "out_degree": 3,
      "betweenness": 0.013846153846153847,
      "closeness": 0.057692307692307696,
      "pagerank": 0.040391432800124985,
      "degree_centrality": 0.15384615384615385,
      "cpd": {
        "values": [
          0.60060957038696,
          0.5228464844463141,
          0.39939042961304,
          0.47715351555368585
        ],
        "evidence": [
          3
        ],
        "evidence_card": [
          2
        ]
      }
    },
    "11": {
      "type": "leaf",
      "in_degree": 1,
      "out_degree": 0,
      "betweenness": 0.0,
      "closeness": 0.06153846153846154,
      "pagerank": 0.03595698556909052,
      "degree_centrality": 0.038461538461538464,
      "cpd": {
        "values": [
          0.6404989116621181,
          0.37935952530501377,
          0.35950108833788186,
          0.6206404746949863
        ],
        "evidence": [
          10
        ],
        "evidence_card": [
          2
        ]
      }
    },
    "12": {
      "type": "leaf",
      "in_degree": 1,
      "out_degree": 0,
      "betweenness": 0.0,
      "closeness": 0.06153846153846154,
      "pagerank": 0.03595698556909052,
      "degree_centrality": 0.038461538461538464,
      "cpd": {
        "values": [
          0.8540042674838136,
          0.11445962137044455,
          0.1459957325161864,
          0.8855403786295555
        ],
        "evidence": [
          10
        ],
        "evidence_card": [
          2
        ]
      }
    },
    "13": {
      "type": "leaf",
      "in_degree": 1,
      "out_degree": 0,
      "betweenness": 0.0,
      "closeness": 0.06153846153846154,
      "pagerank": 0.03595698556909052,
      "degree_centrality": 0.038461538461538464,
      "cpd": {
        "values": [
          0.49558717171882755,
          0.3275549449776336,
          0.5044128282811724,
          0.6724450550223664
        ],
        "evidence": [
          10
        ],
        "evidence_card": [
          2
        ]
      }
    },
    "14": {
      "type": "intermediate",
      "in_degree": 1,
      "out_degree": 4,
      "betweenness": 0.015384615384615385,
      "closeness": 0.057692307692307696,
      "pagerank": 0.03509863640612969,
      "degree_centrality": 0.19230769230769232,
      "cpd": {
        "values": [
          0.8695720957038371,
          0.20619674185448444,
          0.1304279042961629,
          0.7938032581455156
        ],
        "evidence": [
          2
        ],
        "evidence_card": [
          2
        ]
      }
    },
    "15": {
      "type": "intermediate",
      "in_degree": 1,
      "out_degree": 4,
      "betweenness": 0.01846153846153846,
      "closeness": 0.057692307692307696,
      "pagerank": 0.03509863640612969,