{
  "graph_index": 973,
  "nodes": {
    "0": {
      "type": "root",
      "in_degree": 0,
      "out_degree": 1,
      "betweenness": 0.0,
      "closeness": 0.0,
      "pagerank": 0.029751787788549595,
      "degree_centrality": 0.05263157894736842,
      "cpd": {
        "values": [
          0.5,
          0.5,
          0.0,
          0.0
        ],
        "evidence": [],
        "evidence_card": []
      }
    },
    "1": {
      "type": "intermediate",
      "in_degree": 1,
      "out_degree": 3,
      "betweenness": 0.05263157894736842,
      "closeness": 0.05263157894736842,
      "pagerank": 0.05504047011387115,
      "degree_centrality": 0.21052631578947367,
      "cpd": {
        "values": [
          0.4201865678293407,
          0.7490966496318209,
          0.5798134321706593,
          0.25090335036817907
        ],
        "evidence": [
          0
        ],
        "evidence_card": [
          2
        ]
      }
    },
    "2": {
      "type": "intermediate",
      "in_degree": 1,
      "out_degree": 4,
      "betweenness": 0.05847953216374269,
      "closeness": 0.07017543859649122,
      "pagerank": 0.04534670851815023,
      "degree_centrality": 0.2631578947368421,
      "cpd": {
        "values": [
          0.3798115793594504,
          0.5039466971573511,
          0.6201884206405496,
          0.496053302842649
        ],
        "evidence": [
          1
        ],
        "evidence_card": [
          2
        ]
      }
    },
    "3": {
      "type": "intermediate",
      "in_degree": 1,
      "out_degree": 2,
      "betweenness": 0.011695906432748537,
      "closeness": 0.07017543859649122,
      "pagerank": 0.04534670851815023,
      "degree_centrality": 0.15789473684210525,
      "cpd": {
        "values": [
          0.6747388350788656,
          0.4015098734903649,
          0.3252611649211346,
          0.5984901265096351
        ],
        "evidence": [
          1
        ],
        "evidence_card": [
          2
        ]
      }
    },
    "4": {
      "type": "intermediate",
      "in_degree": 1,
      "out_degree": 2,
      "betweenness": 0.017543859649122806,
      "closeness": 0.07017543859649122,
      "pagerank": 0.04534670851815023,
      "degree_centrality": 0.15789473684210525,
      "cpd": {
        "values": [
          0.6810210335084526,
          0.3807809548999953,
          0.3189789664915475,
          0.6192190451000046
        ],
        "evidence": [
          1
        ],
        "evidence_card": [
          2
        ]
      }
    },
    "5": {
      "type": "intermediate",
      "in_degree": 1,
      "out_degree": 1,
      "betweenness": 0.008771929824561403,
      "closeness": 0.07894736842105263,
      "pagerank": 0.04902402119497535,
      "degree_centrality": 0.10526315789473684,
      "cpd": {
        "values": [
          0.5981059301311489,
          0.5493482981990278,
          0.40189406986885107,
          0.4506517018009723
        ],
        "evidence": [
          4
        ],
        "evidence_card": [
          2
        ]
      }
    },
    "6": {
      "type": "leaf",
      "in_degree": 1,
      "out_degree": 0,
      "betweenness": 0.0,
      "closeness": 0.08421052631578947,
      "pagerank": 0.07142179644497137,
      "degree_centrality": 0.05263157894736842,
      "cpd": {
        "values": [
          0.42197692814890597,
          0.8996316603656537,
          0.578023071851094,
          0.10036833963434634
        ],
        "evidence": [
          5
        ],
        "evidence_card": [
          2
        ]
      }
    },
    "7": {
      "type": "intermediate",
      "in_degree": 1,
      "out_degree": 1,
      "betweenness": 0.0029239766081871343,
      "closeness": 0.07894736842105263,
      "pagerank": 0.04902402119497535,
      "degree_centrality": 0.10526315789473684,
      "cpd": {
        "values": [
          0.3725607541823308,
          0.21712522512779042,
          0.6274392458176692,
          0.7828747748722096
        ],
        "evidence": [
          3
        ],
        "evidence_card": [
          2
        ]
      }
    },
    "8": {
      "type": "leaf",
      "in_degree": 2,
      "out_degree": 0,
      "betweenness": 0.0,
      "closeness": 0.14619883040935672,
      "pagerank": 0.09069402985139714,
      "degree_centrality": 0.10526315789473684,
      "cpd": {
        "values": [
          0.5390531412165768,
          0.9033066006722877,
          0.42914765226272666,
          0.6246812007896071
        ],
        "evidence": [
          4,
          7
        ],
        "evidence_card": [
          2,
          2
        ]
      }
    },
    "9": {
      "type": "intermediate",
      "in_degree": 1,
      "out_degree": 1,
      "betweenness": 0.008771929824561403,
      "closeness": 0.07894736842105263,
      "pagerank": 0.039387904491762465,
      "degree_centrality": 0.10526315789473684,
      "cpd": {
        "values": [
          0.32869426916602945,
          0.21880486553181885,
          0.6713057308339705,
          0.7811951344681811
        ],
        "evidence": [
          2
        ],
        "evidence_card": [
          2
        ]
      }
    },
    "10": {
      "type": "intermediate",
      "in_degree": 1,
      "out_degree": 2,
      "betweenness": 0.017543859649122806,
      "closeness": 0.07894736842105263,
      "pagerank": 0.039387904491762465,
      "degree_centrality": 0.15789473684210525,
      "cpd": {
        "values": [
          0.7561591164443388,
          0.7379169573886093,
          0.2438408835556612,
          0.2620830426113907
        ],
        "evidence": [
          2
        ],
        "evidence_card": [
          2
        ]
      }
    },
    "11": {
      "type": "intermediate",
      "in_degree": 1,
      "out_degree": 1,
      "betweenness": 0.008771929824561403,
      "closeness": 0.07894736842105263,
      "pagerank": 0.039387904491762465,
      "degree_centrality": 0.10526315789473684,
      "cpd": {
        "values": [
          0.5148561479570372,
          0.19365425905024558,
          0.4851438520429629,
          0.8063457409497544
        ],
        "evidence": [
          2
        ],
        "evidence_card": [
          2
        ]
      }
    },
    "12": {
      "type": "intermediate",
      "in_degree": 1,
      "out_degree": 3,
      "betweenness": 0.02046783625730994,
      "closeness": 0.07894736842105263,
      "pagerank": 0.039387904491762465,
      "degree_centrality": 0.21052631578947367,
      "cpd": {
        "values": [
          0.783949826238444,
          0.8888941732327355,
          0.21605017376155597,
          0.11110582676726456
        ],
        "evidence": [
          2
        ],
        "evidence_card": [
          2
        ]
      }
    },
    "13": {
      "type": "leaf",
      "in_degree": 2,
      "out_degree": 0,
      "betweenness": 0.0,
      "closeness": 0.14619883040935672,
      "pagerank": 0.06018380302526591,
      "degree_centrality": 0.10526315789473684,
      "cpd": {
        "values": [
          0.5243030255189997,
          0.4160937945642065,
          0.5411207981428695,
          0.7767928475308267
        ],
        "evidence": [
          3,
          12
        ],
        "evidence_card": [
          2,
          2
        ]
      }
    },
    "14": {
      "type": "leaf",
      "in_degree": 1,
      "out_degree": 0,
      "betweenness": 0.0,
      "closeness": 0.08421052631578947,
      "pagerank": 0.04091156961884015,
      "degree_centrality": 0.05263157894736842,
      "cpd": {
        "values": [
          0.42670368556553373,
          0.724639709785778,
          0.5732963144344662,
          0.27536029021422204
        ],
        "evidence": [
          12
        ],
        "evidence_card": [
          2
        ]
      }
    },
    "15": {
      "type": "leaf",
      "in_degree": 1,
      "out_degree": 0,
      "betweenness": 0.0,
      "closeness": 0.08421052631578947,
      "pagerank": 0.04091156961884015,