{
  "graph_index": 501,
  "nodes": {
    "0": {
      "type": "root",
      "in_degree": 0,
      "out_degree": 1,
      "betweenness": 0.0,
      "closeness": 0.0,
      "pagerank": 0.020978667811941343,
      "degree_centrality": 0.030303030303030304,
      "cpd": {
        "values": [
          0.5,
          0.5,
          0.0,
          0.0
        ],
        "evidence": [],
        "evidence_card": []
      }
    },
    "1": {
      "type": "intermediate",
      "in_degree": 1,
      "out_degree": 2,
      "betweenness": 0.030303030303030304,
      "closeness": 0.030303030303030304,
      "pagerank": 0.038809988258363966,
      "degree_centrality": 0.09090909090909091,
      "cpd": {
        "values": [
          0.26472130071062194,
          0.48873159866146537,
          0.7352786992893781,
          0.5112684013385346
        ],
        "evidence": [
          0
        ],
        "evidence_card": [
          2
        ]
      }
    },
    "2": {
      "type": "intermediate",
      "in_degree": 1,
      "out_degree": 4,
      "betweenness": 0.03409090909090909,
      "closeness": 0.0404040404040404,
      "pagerank": 0.03747277750069818,
      "degree_centrality": 0.15151515151515152,
      "cpd": {
        "values": [
          0.6258721224675043,
          0.71533153850909,
          0.37412787753249566,
          0.28466846149090985
        ],
        "evidence": [
          1
        ],
        "evidence_card": [
          2
        ]
      }
    },
    "3": {
      "type": "intermediate",
      "in_degree": 1,
      "out_degree": 4,
      "betweenness": 0.022727272727272728,
      "closeness": 0.0404040404040404,
      "pagerank": 0.03747277750069818,
      "degree_centrality": 0.15151515151515152,
      "cpd": {
        "values": [
          0.7590774345196085,
          0.7189378886690564,
          0.24092256548039145,
          0.2810621113309436
        ],
        "evidence": [
          1
        ],
        "evidence_card": [
          2
        ]
      }
    },
    "4": {
      "type": "intermediate",
      "in_degree": 1,
      "out_degree": 3,
      "betweenness": 0.008522727272727272,
      "closeness": 0.045454545454545456,
      "pagerank": 0.028941738421309534,
      "degree_centrality": 0.12121212121212122,
      "cpd": {
        "values": [
          0.04445673883617652,
          0.4315519292068638,
          0.9555432611638235,
          0.5684480707931362
        ],
        "evidence": [
          3
        ],
        "evidence_card": [
          2
        ]
      }
    },
    "5": {
      "type": "intermediate",
      "in_degree": 1,
      "out_degree": 1,
      "betweenness": 0.002840909090909091,
      "closeness": 0.045454545454545456,
      "pagerank": 0.028941738421309534,
      "degree_centrality": 0.06060606060606061,
      "cpd": {
        "values": [
          0.6909965084716646,
          0.5553947839248217,
          0.3090034915283354,
          0.4446052160751783
        ],
        "evidence": [
          3
        ],
        "evidence_card": [
          2
        ]
      }
    },
    "6": {
      "type": "intermediate",
      "in_degree": 1,
      "out_degree": 4,
      "betweenness": 0.011363636363636364,
      "closeness": 0.045454545454545456,
      "pagerank": 0.028941738421309534,
      "degree_centrality": 0.15151515151515152,
      "cpd": {
        "values": [
          0.9901891327812704,
          0.5786860393556011,
          0.009810867218729622,
          0.4213139606443988
        ],
        "evidence": [
          3
        ],
        "evidence_card": [
          2
        ]
      }
    },
    "7": {
      "type": "leaf",
      "in_degree": 1,
      "out_degree": 0,
      "betweenness": 0.0,
      "closeness": 0.04848484848484849,
      "pagerank": 0.027128710301052517,
      "degree_centrality": 0.030303030303030304,
      "cpd": {
        "values": [
          0.6081741475999642,
          0.1335025436517942,
          0.39182585240003576,
          0.8664974563482057
        ],
        "evidence": [
          6
        ],
        "evidence_card": [
          2
        ]
      }
    },
    "8": {
      "type": "leaf",
      "in_degree": 1,
      "out_degree": 0,
      "betweenness": 0.0,
      "closeness": 0.04848484848484849,
      "pagerank": 0.027128710301052517,
      "degree_centrality": 0.030303030303030304,
      "cpd": {
        "values": [
          0.3055384111995725,
          0.5855996853819584,
          0.6944615888004275,
          0.4144003146180416
        ],
        "evidence": [
          6
        ],
        "evidence_card": [
          2
        ]
      }
    },
    "9": {
      "type": "leaf",
      "in_degree": 1,
      "out_degree": 0,
      "betweenness": 0.0,
      "closeness": 0.04848484848484849,
      "pagerank": 0.027128710301052517,
      "degree_centrality": 0.030303030303030304,
      "cpd": {
        "values": [
          0.7082298970333841,
          0.8782836261114862,
          0.2917701029666159,
          0.12171637388851375
        ],
        "evidence": [
          6
        ],
        "evidence_card": [
          2
        ]
      }
    },
    "10": {
      "type": "leaf",
      "in_degree": 1,
      "out_degree": 0,
      "betweenness": 0.0,
      "closeness": 0.04848484848484849,
      "pagerank": 0.027128710301052517,
      "degree_centrality": 0.030303030303030304,
      "cpd": {
        "values": [
          0.7417074157139544,
          0.09311460644014248,
          0.2582925842860457,
          0.9068853935598575
        ],
        "evidence": [
          6
        ],
        "evidence_card": [
          2
        ]
      }
    },
    "11": {
      "type": "leaf",
      "in_degree": 1,
      "out_degree": 0,
      "betweenness": 0.0,
      "closeness": 0.04848484848484849,
      "pagerank": 0.04557883776838603,
      "degree_centrality": 0.030303030303030304,
      "cpd": {
        "values": [
          0.5021097395702585,
          0.6210581072999684,
          0.4978902604297415,
          0.37894189270003176
        ],
        "evidence": [
          5
        ],
        "evidence_card": [
          2
        ]
      }
    },
    "12": {
      "type": "leaf",
      "in_degree": 1,
      "out_degree": 0,
      "betweenness": 0.0,
      "closeness": 0.04848484848484849,
      "pagerank": 0.029178724464089575,
      "degree_centrality": 0.030303030303030304,
      "cpd": {
        "values": [
          0.7719434857319731,
          0.5604825637037608,
          0.22805651426802698,
          0.4395174362962392
        ],
        "evidence": [
          4
        ],
        "evidence_card": [
          2
        ]
      }
    },
    "13": {
      "type": "leaf",
      "in_degree": 1,
      "out_degree": 0,
      "betweenness": 0.0,
      "closeness": 0.04848484848484849,
      "pagerank": 0.029178724464089575,
      "degree_centrality": 0.030303030303030304,
      "cpd": {
        "values": [
          0.5311201468317883,
          0.9204755350566517,
          0.4688798531682117,
          0.07952446494334828
        ],
        "evidence": [
          4
        ],
        "evidence_card": [
          2
        ]
      }
    },
    "14": {
      "type": "leaf",
      "in_degree": 1,
      "out_degree": 0,
      "betweenness": 0.0,
      "closeness": 0.04848484848484849,
      "pagerank": 0.029178724464089575,
      "degree_centrality": 0.030303030303030304,
      "cpd": {
        "values": [
          0.23496905738392057,
          0.47685781439928476,
          0.7650309426160794,
          0.5231421856007152
        ],
        "evidence": [
          4
        ],
        "evidence_card": [
          2
        ]
      }
    },
    "15": {
      "type": "intermediate",
      "in_degree": 1,
      "out_degree": 4,
      "betweenness": 0.011363636363636364,
      "closeness": 0.045454545454545456,
      "pagerank": 0.028941738421309534,
      "degree_centrality": 0.15151515151515152,