{
  "graph_index": 8314,
  "nodes": {
    "0": {
      "type": "root",
      "in_degree": 0,
      "out_degree": 1,
      "betweenness": 0.0,
      "closeness": 0.0,
      "pagerank": 0.05217132638510396,
      "degree_centrality": 0.1,
      "cpd": {
        "values": [
          0.5,
          0.5,
          0.0,
          0.0
        ],
        "evidence": [],
        "evidence_card": []
      }
    },
    "1": {
      "type": "intermediate",
      "in_degree": 1,
      "out_degree": 1,
      "betweenness": 0.1,
      "closeness": 0.1,
      "pagerank": 0.09651577488743113,
      "degree_centrality": 0.2,
      "cpd": {
        "values": [
          0.5211368455243577,
          0.2996182120281164,
          0.47886315447564237,
          0.7003817879718837
        ],
        "evidence": [
          0
        ],
        "evidence_card": [
          2
        ]
      }
    },
    "2": {
      "type": "intermediate",
      "in_degree": 1,
      "out_degree": 2,
      "betweenness": 0.17777777777777778,
      "closeness": 0.13333333333333333,
      "pagerank": 0.1342076409892595,
      "degree_centrality": 0.30000000000000004,
      "cpd": {
        "values": [
          0.20543637519046656,
          0.5410708060600656,
          0.7945636248095335,
          0.45892919393993437
        ],
        "evidence": [
          1
        ],
        "evidence_card": [
          2
        ]
      }
    },
    "3": {
      "type": "intermediate",
      "in_degree": 1,
      "out_degree": 4,
      "betweenness": 0.13333333333333333,
      "closeness": 0.15,
      "pagerank": 0.10920942678773488,
      "degree_centrality": 0.5,
      "cpd": {
        "values": [
          0.7387071002670881,
          0.9129594351880864,
          0.26129289973291187,
          0.08704056481191363
        ],
        "evidence": [
          2
        ],
        "evidence_card": [
          2
        ]
      }
    },
    "4": {
      "type": "intermediate",
      "in_degree": 1,
      "out_degree": 2,
      "betweenness": 0.06666666666666667,
      "closeness": 0.15,
      "pagerank": 0.10920942678773488,
      "degree_centrality": 0.30000000000000004,
      "cpd": {
        "values": [
          0.4026262535837508,
          0.9310729974208104,
          0.5973737464162492,
          0.06892700257918957
        ],
        "evidence": [
          2
        ],
        "evidence_card": [
          2
        ]
      }
    },
    "5": {
      "type": "leaf",
      "in_degree": 1,
      "out_degree": 0,
      "betweenness": 0.0,
      "closeness": 0.16000000000000003,
      "pagerank": 0.09858593784813195,
      "degree_centrality": 0.1,
      "cpd": {
        "values": [
          0.6210568199166904,
          0.7355286550506213,
          0.3789431800833097,
          0.2644713449493788
        ],
        "evidence": [
          4
        ],
        "evidence_card": [
          2
        ]
      }
    },
    "6": {
      "type": "leaf",
      "in_degree": 1,
      "out_degree": 0,
      "betweenness": 0.0,
      "closeness": 0.16000000000000003,
      "pagerank": 0.09858593784813195,
      "degree_centrality": 0.1,
      "cpd": {
        "values": [
          0.8034102390653153,
          0.5305294518639894,
          0.1965897609346847,
          0.4694705481360105
        ],
        "evidence": [
          4
        ],
        "evidence_card": [
          2
        ]
      }
    },
    "7": {
      "type": "leaf",
      "in_degree": 1,
      "out_degree": 0,
      "betweenness": 0.0,
      "closeness": 0.16000000000000003,
      "pagerank": 0.07537863211661795,
      "degree_centrality": 0.1,
      "cpd": {
        "values": [
          0.40775102616868386,
          0.009426801924131019,
          0.5922489738313161,
          0.990573198075869
        ],
        "evidence": [
          3
        ],
        "evidence_card": [
          2
        ]
      }
    },
    "8": {
      "type": "leaf",
      "in_degree": 1,
      "out_degree": 0,
      "betweenness": 0.0,
      "closeness": 0.16000000000000003,
      "pagerank": 0.07537863211661795,
      "degree_centrality": 0.1,
      "cpd": {
        "values": [
          0.6797396748607356,
          0.379941955438211,
          0.3202603251392644,
          0.6200580445617888
        ],
        "evidence": [
          3
        ],
        "evidence_card": [
          2
        ]
      }
    },
    "9": {
      "type": "leaf",
      "in_degree": 1,
      "out_degree": 0,
      "betweenness": 0.0,
      "closeness": 0.16000000000000003,
      "pagerank": 0.07537863211661795,
      "degree_centrality": 0.1,
      "cpd": {
        "values": [
          0.751310762887262,
          0.5406368268605035,
          0.24868923711273805,
          0.4593631731394965
        ],
        "evidence": [
          3
        ],
        "evidence_card": [
          2
        ]
      }
    },
    "10": {
      "type": "leaf",
      "in_degree": 1,
      "out_degree": 0,
      "betweenness": 0.0,
      "closeness": 0.16000000000000003,
      "pagerank": 0.07537863211661795,
      "degree_centrality": 0.1,
      "cpd": {
        "values": [
          0.7423941303451546,
          0.637879168120422,
          0.2576058696548454,
          0.3621208318795779
        ],
        "evidence": [
          3
        ],
        "evidence_card": [
          2
        ]
      }
    }
  },
  "edges": [
    [
      0,
      1
    ],
    [
      1,
      2
    ],
    [
      2,
      3
    ],
    [
      2,
      4
    ],
    [
      3,
      7
    ],
    [
      3,
      8
    ],
    [
      3,
      9
    ],
    [
      3,
      10
    ],
    [
      4,
      5
    ],
    [
      4,
      6
    ]
  ]
}