{
  "graph_index": 3067,
  "nodes": {
    "0": {
      "type": "root",
      "in_degree": 0,
      "out_degree": 1,
      "betweenness": 0.0,
      "closeness": 0.0,
      "pagerank": 0.05504289508045185,
      "degree_centrality": 0.1111111111111111,
      "cpd": {
        "values": [
          0.5,
          0.5,
          0.0,
          0.0
        ],
        "evidence": [],
        "evidence_card": []
      }
    },
    "1": {
      "type": "intermediate",
      "in_degree": 1,
      "out_degree": 1,
      "betweenness": 0.1111111111111111,
      "closeness": 0.1111111111111111,
      "pagerank": 0.10182976148862197,
      "degree_centrality": 0.2222222222222222,
      "cpd": {
        "values": [
          0.8633777764718594,
          0.46571614986347126,
          0.1366222235281406,
          0.5342838501365287
        ],
        "evidence": [
          0
        ],
        "evidence_card": [
          2
        ]
      }
    },
    "2": {
      "type": "intermediate",
      "in_degree": 1,
      "out_degree": 2,
      "betweenness": 0.19444444444444442,
      "closeness": 0.14814814814814814,
      "pagerank": 0.14159733209971292,
      "degree_centrality": 0.3333333333333333,
      "cpd": {
        "values": [
          0.5975967571410177,
          0.12106677928006447,
          0.40240324285898227,
          0.8789332207199355
        ],
        "evidence": [
          1
        ],
        "evidence_card": [
          2
        ]
      }
    },
    "3": {
      "type": "intermediate",
      "in_degree": 1,
      "out_degree": 3,
      "betweenness": 0.125,
      "closeness": 0.16666666666666666,
      "pagerank": 0.11522056378109469,
      "degree_centrality": 0.4444444444444444,
      "cpd": {
        "values": [
          0.9241973052764033,
          0.6763104033733734,
          0.0758026947235967,
          0.32368959662662655
        ],
        "evidence": [
          2
        ],
        "evidence_card": [
          2
        ]
      }
    },
    "4": {
      "type": "intermediate",
      "in_degree": 1,
      "out_degree": 2,
      "betweenness": 0.08333333333333333,
      "closeness": 0.16666666666666666,
      "pagerank": 0.11522056378109469,
      "degree_centrality": 0.3333333333333333,
      "cpd": {
        "values": [
          0.5077089356890506,
          0.587872396217546,
          0.4922910643109493,
          0.412127603782454
        ],
        "evidence": [
          2
        ],
        "evidence_card": [
          2
        ]
      }
    },
    "5": {
      "type": "leaf",
      "in_degree": 1,
      "out_degree": 0,
      "betweenness": 0.0,
      "closeness": 0.17777777777777778,
      "pagerank": 0.10401149717214304,
      "degree_centrality": 0.1111111111111111,
      "cpd": {
        "values": [
          0.30527081238949283,
          0.1283567062863457,
          0.6947291876105072,
          0.8716432937136543
        ],
        "evidence": [
          4
        ],
        "evidence_card": [
          2
        ]
      }
    },
    "6": {
      "type": "leaf",
      "in_degree": 1,
      "out_degree": 0,
      "betweenness": 0.0,
      "closeness": 0.17777777777777778,
      "pagerank": 0.10401149717214304,
      "degree_centrality": 0.1111111111111111,
      "cpd": {
        "values": [
          0.026483191005725746,
          0.2216403055041661,
          0.9735168089942743,
          0.778359694495834
        ],
        "evidence": [
          4
        ],
        "evidence_card": [
          2
        ]
      }
    },
    "7": {
      "type": "leaf",
      "in_degree": 1,
      "out_degree": 0,
      "betweenness": 0.0,
      "closeness": 0.17777777777777778,
      "pagerank": 0.08768862980824597,
      "degree_centrality": 0.1111111111111111,
      "cpd": {
        "values": [
          0.6055539630313105,
          0.39232344030206695,
          0.3944460369686894,
          0.6076765596979331
        ],
        "evidence": [
          3
        ],
        "evidence_card": [
          2
        ]
      }
    },
    "8": {
      "type": "leaf",
      "in_degree": 1,
      "out_degree": 0,
      "betweenness": 0.0,
      "closeness": 0.17777777777777778,
      "pagerank": 0.08768862980824597,
      "degree_centrality": 0.1111111111111111,
      "cpd": {
        "values": [
          0.43885209977098183,
          0.3187552847663383,
          0.5611479002290181,
          0.6812447152336617
        ],
        "evidence": [
          3
        ],
        "evidence_card": [
          2
        ]
      }
    },
    "9": {
      "type": "leaf",
      "in_degree": 1,
      "out_degree": 0,
      "betweenness": 0.0,
      "closeness": 0.17777777777777778,
      "pagerank": 0.08768862980824597,
      "degree_centrality": 0.1111111111111111,
      "cpd": {
        "values": [
          0.48459616487346163,
          0.4319177010398624,
          0.5154038351265383,
          0.5680822989601376
        ],
        "evidence": [
          3
        ],
        "evidence_card": [
          2
        ]
      }
    }
  },
  "edges": [
    [
      0,
      1
    ],
    [
      1,
      2
    ],
    [
      2,
      3
    ],
    [
      2,
      4
    ],
    [
      3,
      7
    ],
    [
      3,
      8
    ],
    [
      3,
      9
    ],
    [
      4,
      5
    ],
    [
      4,
      6
    ]
  ]
}