{
  "graph_index": 7734,
  "nodes": {
    "0": {
      "type": "root",
      "in_degree": 0,
      "out_degree": 2,
      "betweenness": 0.0,
      "closeness": 0.0,
      "pagerank": 0.0264793812634112,
      "degree_centrality": 0.08695652173913043,
      "cpd": {
        "values": [
          0.5,
          0.5,
          0.0,
          0.0
        ],
        "evidence": [],
        "evidence_card": []
      }
    },
    "1": {
      "type": "intermediate",
      "in_degree": 1,
      "out_degree": 3,
      "betweenness": 0.02569169960474308,
      "closeness": 0.043478260869565216,
      "pagerank": 0.037733225993365135,
      "degree_centrality": 0.17391304347826086,
      "cpd": {
        "values": [
          0.11862081797429183,
          0.9766004520651166,
          0.8813791820257082,
          0.02339954793488342
        ],
        "evidence": [
          0
        ],
        "evidence_card": [
          2
        ]
      }
    },
    "2": {
      "type": "intermediate",
      "in_degree": 1,
      "out_degree": 2,
      "betweenness": 0.015810276679841896,
      "closeness": 0.043478260869565216,
      "pagerank": 0.037733225993365135,
      "degree_centrality": 0.13043478260869565,
      "cpd": {
        "values": [
          0.5412992797686657,
          0.4909777694512061,
          0.4587007202313343,
          0.5090222305487939
        ],
        "evidence": [
          0
        ],
        "evidence_card": [
          2
        ]
      }
    },
    "3": {
      "type": "intermediate",
      "in_degree": 1,
      "out_degree": 1,
      "betweenness": 0.01383399209486166,
      "closeness": 0.05797101449275362,
      "pagerank": 0.04251589230859177,
      "degree_centrality": 0.08695652173913043,
      "cpd": {
        "values": [
          0.36830272552453014,
          0.5315022677654365,
          0.6316972744754699,
          0.4684977322345635
        ],
        "evidence": [
          2
        ],
        "evidence_card": [
          2
        ]
      }
    },
    "4": {
      "type": "intermediate",
      "in_degree": 1,
      "out_degree": 2,
      "betweenness": 0.023715415019762844,
      "closeness": 0.05797101449275362,
      "pagerank": 0.04251589230859177,
      "degree_centrality": 0.13043478260869565,
      "cpd": {
        "values": [
          0.4443170338907936,
          0.5145899365657266,
          0.5556829661092064,
          0.48541006343427345
        ],
        "evidence": [
          2
        ],
        "evidence_card": [
          2
        ]
      }
    },
    "5": {
      "type": "intermediate",
      "in_degree": 1,
      "out_degree": 3,
      "betweenness": 0.015810276679841896,
      "closeness": 0.06521739130434782,
      "pagerank": 0.04454802676171175,
      "degree_centrality": 0.17391304347826086,
      "cpd": {
        "values": [
          0.5824880850090043,
          0.2051372069327421,
          0.4175119149909957,
          0.7948627930672579
        ],
        "evidence": [
          4
        ],
        "evidence_card": [
          2
        ]
      }
    },
    "6": {
      "type": "intermediate",
      "in_degree": 2,
      "out_degree": 4,
      "betweenness": 0.03162055335968379,
      "closeness": 0.11594202898550723,
      "pagerank": 0.05523903412516546,
      "degree_centrality": 0.2608695652173913,
      "cpd": {
        "values": [
          0.6860339043969452,
          0.650747460495556,
          0.703463957615112,
          0.3564944830105336
        ],
        "evidence": [
          1,
          4
        ],
        "evidence_card": [
          2,
          2
        ]
      }
    },
    "7": {
      "type": "leaf",
      "in_degree": 1,
      "out_degree": 0,
      "betweenness": 0.0,
      "closeness": 0.09881422924901186,
      "pagerank": 0.038217198910522464,
      "degree_centrality": 0.043478260869565216,
      "cpd": {
        "values": [
          0.8317088919407016,
          0.3137532627980589,
          0.16829110805929837,
          0.6862467372019411
        ],
        "evidence": [
          6
        ],
        "evidence_card": [
          2
        ]
      }
    },
    "8": {
      "type": "leaf",
      "in_degree": 1,
      "out_degree": 0,
      "betweenness": 0.0,
      "closeness": 0.09881422924901186,
      "pagerank": 0.038217198910522464,
      "degree_centrality": 0.043478260869565216,
      "cpd": {
        "values": [
          0.40080401170337615,
          0.24960125209184827,
          0.5991959882966239,
          0.7503987479081518
        ],
        "evidence": [
          6
        ],
        "evidence_card": [
          2
        ]
      }
    },
    "9": {
      "type": "leaf",
      "in_degree": 1,
      "out_degree": 0,
      "betweenness": 0.0,
      "closeness": 0.09881422924901186,
      "pagerank": 0.038217198910522464,
      "degree_centrality": 0.043478260869565216,
      "cpd": {
        "values": [
          0.5228788620710192,
          0.42400964619701265,
          0.4771211379289808,
          0.5759903538029874
        ],
        "evidence": [
          6
        ],
        "evidence_card": [
          2
        ]
      }
    },
    "10": {
      "type": "leaf",
      "in_degree": 1,
      "out_degree": 0,
      "betweenness": 0.0,
      "closeness": 0.09881422924901186,
      "pagerank": 0.038217198910522464,
      "degree_centrality": 0.043478260869565216,
      "cpd": {
        "values": [
          0.6103027931735687,
          0.23150529723355434,
          0.38969720682643133,
          0.7684947027664456
        ],
        "evidence": [
          6
        ],
        "evidence_card": [
          2
        ]
      }
    },
    "11": {
      "type": "leaf",
      "in_degree": 1,
      "out_degree": 0,
      "betweenness": 0.0,
      "closeness": 0.06956521739130435,
      "pagerank": 0.039101004451405505,
      "degree_centrality": 0.043478260869565216,
      "cpd": {
        "values": [
          0.6517138642747994,
          0.7224254055616534,
          0.34828613572520056,
          0.27757459443834664
        ],
        "evidence": [
          5
        ],
        "evidence_card": [
          2
        ]
      }
    },
    "12": {
      "type": "leaf",
      "in_degree": 1,
      "out_degree": 0,
      "betweenness": 0.0,
      "closeness": 0.06956521739130435,
      "pagerank": 0.039101004451405505,
      "degree_centrality": 0.043478260869565216,
      "cpd": {
        "values": [
          0.6052564451172242,
          0.5473191366452895,
          0.3947435548827758,
          0.45268086335471047
        ],
        "evidence": [
          5
        ],
        "evidence_card": [
          2
        ]
      }
    },
    "13": {
      "type": "leaf",
      "in_degree": 2,
      "out_degree": 0,
      "betweenness": 0.0,
      "closeness": 0.12077294685990338,
      "pagerank": 0.04979201181485922,
      "degree_centrality": 0.08695652173913043,
      "cpd": {
        "values": [
          0.25651329289284003,
          0.14358336187753862,
          0.6362629221519239,
          0.5284670360472089
        ],
        "evidence": [
          1,
          5
        ],
        "evidence_card": [
          2,
          2
        ]
      }
    },
    "14": {
      "type": "intermediate",
      "in_degree": 1,
      "out_degree": 3,
      "betweenness": 0.015810276679841896,
      "closeness": 0.06521739130434782,
      "pagerank": 0.0626166722600123,
      "degree_centrality": 0.17391304347826086,
      "cpd": {
        "values": [
          0.35380579434705817,
          0.8515229608321735,
          0.6461942056529418,
          0.14847703916782656
        ],
        "evidence": [
          3
        ],
        "evidence_card": [
          2
        ]
      }
    },
    "15": {
      "type": "leaf",
      "in_degree": 1,
      "out_degree": 0,
      "betweenness": 0.0,
      "closeness": 0.06956521739130435,
      "pagerank": 0.044220064486097194,
      "degree_centrality": 0.043478260869565216,