{
  "graph_index": 7144,
  "nodes": {
    "0": {
      "type": "root",
      "in_degree": 0,
      "out_degree": 2,
      "betweenness": 0.0,
      "closeness": 0.0,
      "pagerank": 0.018667114788146543,
      "degree_centrality": 0.05714285714285714,
      "cpd": {
        "values": [
          0.5,
          0.5,
          0.0,
          0.0
        ],
        "evidence": [],
        "evidence_card": []
      }
    },
    "1": {
      "type": "intermediate",
      "in_degree": 1,
      "out_degree": 1,
      "betweenness": 0.01092436974789916,
      "closeness": 0.02857142857142857,
      "pagerank": 0.026600344224150967,
      "degree_centrality": 0.05714285714285714,
      "cpd": {
        "values": [
          0.6822655716880766,
          0.46550118605128626,
          0.31773442831192344,
          0.5344988139487138
        ],
        "evidence": [
          0
        ],
        "evidence_card": [
          2
        ]
      }
    },
    "2": {
      "type": "intermediate",
      "in_degree": 1,
      "out_degree": 3,
      "betweenness": 0.016806722689075633,
      "closeness": 0.02857142857142857,
      "pagerank": 0.026600344224150967,
      "degree_centrality": 0.11428571428571428,
      "cpd": {
        "values": [
          0.4116697967989631,
          0.6131550339553173,
          0.588330203201037,
          0.3868449660446826
        ],
        "evidence": [
          0
        ],
        "evidence_card": [
          2
        ]
      }
    },
    "3": {
      "type": "intermediate",
      "in_degree": 1,
      "out_degree": 2,
      "betweenness": 0.008403361344537816,
      "closeness": 0.03809523809523809,
      "pagerank": 0.0262036892510695,
      "degree_centrality": 0.08571428571428572,
      "cpd": {
        "values": [
          0.8654282894277281,
          0.7965788532451169,
          0.1345717105722719,
          0.20342114675488324
        ],
        "evidence": [
          2
        ],
        "evidence_card": [
          2
        ]
      }
    },
    "4": {
      "type": "intermediate",
      "in_degree": 1,
      "out_degree": 2,
      "betweenness": 0.0075630252100840345,
      "closeness": 0.03809523809523809,
      "pagerank": 0.0262036892510695,
      "degree_centrality": 0.08571428571428572,
      "cpd": {
        "values": [
          0.511543821124358,
          0.38817216022458495,
          0.4884561788756418,
          0.6118278397754151
        ],
        "evidence": [
          2
        ],
        "evidence_card": [
          2
        ]
      }
    },
    "5": {
      "type": "intermediate",
      "in_degree": 1,
      "out_degree": 3,
      "betweenness": 0.013445378151260505,
      "closeness": 0.03809523809523809,
      "pagerank": 0.0262036892510695,
      "degree_centrality": 0.11428571428571428,
      "cpd": {
        "values": [
          0.6414150931799759,
          0.6208749698166092,
          0.3585849068200241,
          0.37912503018339083
        ],
        "evidence": [
          2
        ],
        "evidence_card": [
          2
        ]
      }
    },
    "6": {
      "type": "intermediate",
      "in_degree": 1,
      "out_degree": 1,
      "betweenness": 0.0025210084033613447,
      "closeness": 0.04285714285714286,
      "pagerank": 0.026091325811995796,
      "degree_centrality": 0.05714285714285714,
      "cpd": {
        "values": [
          0.288957785384385,
          0.2687792043128006,
          0.7110422146156151,
          0.7312207956871993
        ],
        "evidence": [
          5
        ],
        "evidence_card": [
          2
        ]
      }
    },
    "7": {
      "type": "intermediate",
      "in_degree": 1,
      "out_degree": 4,
      "betweenness": 0.010084033613445379,
      "closeness": 0.04285714285714286,
      "pagerank": 0.026091325811995796,
      "degree_centrality": 0.14285714285714285,
      "cpd": {
        "values": [
          0.49741631415141513,
          0.14134354692307663,
          0.5025836858485849,
          0.8586564530769234
        ],
        "evidence": [
          5
        ],
        "evidence_card": [
          2
        ]
      }
    },
    "8": {
      "type": "leaf",
      "in_degree": 1,
      "out_degree": 0,
      "betweenness": 0.0,
      "closeness": 0.045714285714285714,
      "pagerank": 0.024211594670789746,
      "degree_centrality": 0.02857142857142857,
      "cpd": {
        "values": [
          0.06872214528710383,
          0.34026760094875874,
          0.9312778547128961,
          0.6597323990512413
        ],
        "evidence": [
          7
        ],
        "evidence_card": [
          2
        ]
      }
    },
    "9": {
      "type": "leaf",
      "in_degree": 1,
      "out_degree": 0,
      "betweenness": 0.0,
      "closeness": 0.045714285714285714,
      "pagerank": 0.024211594670789746,
      "degree_centrality": 0.02857142857142857,
      "cpd": {
        "values": [
          0.3568573094407422,
          0.3255619495090706,
          0.6431426905592578,
          0.6744380504909295
        ],
        "evidence": [
          7
        ],
        "evidence_card": [
          2
        ]
      }
    },
    "10": {
      "type": "leaf",
      "in_degree": 1,
      "out_degree": 0,
      "betweenness": 0.0,
      "closeness": 0.045714285714285714,
      "pagerank": 0.024211594670789746,
      "degree_centrality": 0.02857142857142857,
      "cpd": {
        "values": [
          0.15967452097089246,
          0.14985892139916246,
          0.8403254790291076,
          0.8501410786008375
        ],
        "evidence": [
          7
        ],
        "evidence_card": [
          2
        ]
      }
    },
    "11": {
      "type": "leaf",
      "in_degree": 1,
      "out_degree": 0,
      "betweenness": 0.0,
      "closeness": 0.045714285714285714,
      "pagerank": 0.024211594670789746,
      "degree_centrality": 0.02857142857142857,
      "cpd": {
        "values": [
          0.5802995658896118,
          0.6755642624152832,
          0.4197004341103882,
          0.3244357375847167
        ],
        "evidence": [
          7
        ],
        "evidence_card": [
          2
        ]
      }
    },
    "12": {
      "type": "leaf",
      "in_degree": 1,
      "out_degree": 0,
      "betweenness": 0.0,
      "closeness": 0.045714285714285714,
      "pagerank": 0.04084503431871935,
      "degree_centrality": 0.02857142857142857,
      "cpd": {
        "values": [
          0.5604537669743833,
          0.314714667385029,
          0.4395462330256167,
          0.6852853326149709
        ],
        "evidence": [
          6
        ],
        "evidence_card": [
          2
        ]
      }
    },
    "13": {
      "type": "intermediate",
      "in_degree": 1,
      "out_degree": 4,
      "betweenness": 0.0075630252100840345,
      "closeness": 0.04285714285714286,
      "pagerank": 0.029803431323920423,
      "degree_centrality": 0.14285714285714285,
      "cpd": {
        "values": [
          0.453132760685155,
          0.6058641162964498,
          0.5468672393148449,
          0.3941358837035503
        ],
        "evidence": [
          4
        ],
        "evidence_card": [
          2
        ]
      }
    },
    "14": {
      "type": "leaf",
      "in_degree": 2,
      "out_degree": 0,
      "betweenness": 0.0,
      "closeness": 0.07936507936507936,
      "pagerank": 0.03613684378888412,
      "degree_centrality": 0.05714285714285714,
      "cpd": {
        "values": [
          0.1331516648321791,
          0.4575901055607689,
          0.11817209457602477,
          0.8716399721908811
        ],
        "evidence": [
          3,
          13
        ],
        "evidence_card": [
          2,
          2
        ]
      }
    },
    "15": {
      "type": "leaf",
      "in_degree": 2,
      "out_degree": 0,
      "betweenness": 0.0,
      "closeness": 0.08571428571428572,
      "pagerank": 0.03377177262076664,
      "degree_centrality": 0.05714285714285714,