{
  "graph_index": 6568,
  "nodes": {
    "0": {
      "type": "root",
      "in_degree": 0,
      "out_degree": 1,
      "betweenness": 0.0,
      "closeness": 0.0,
      "pagerank": 0.018635638849013578,
      "degree_centrality": 0.02857142857142857,
      "cpd": {
        "values": [
          0.5,
          0.5,
          0.0,
          0.0
        ],
        "evidence": [],
        "evidence_card": []
      }
    },
    "1": {
      "type": "intermediate",
      "in_degree": 1,
      "out_degree": 4,
      "betweenness": 0.028571428571428574,
      "closeness": 0.02857142857142857,
      "pagerank": 0.0344756217039658,
      "degree_centrality": 0.14285714285714285,
      "cpd": {
        "values": [
          0.7913018195208811,
          0.16406445833593428,
          0.20869818047911892,
          0.8359355416640657
        ],
        "evidence": [
          0
        ],
        "evidence_card": [
          2
        ]
      }
    },
    "2": {
      "type": "intermediate",
      "in_degree": 1,
      "out_degree": 4,
      "betweenness": 0.023529411764705882,
      "closeness": 0.03809523809523809,
      "pagerank": 0.025961654368826748,
      "degree_centrality": 0.14285714285714285,
      "cpd": {
        "values": [
          0.4937537030134593,
          0.6757756950123367,
          0.5062462969865408,
          0.3242243049876633
        ],
        "evidence": [
          1
        ],
        "evidence_card": [
          2
        ]
      }
    },
    "3": {
      "type": "intermediate",
      "in_degree": 1,
      "out_degree": 3,
      "betweenness": 0.010084033613445379,
      "closeness": 0.03809523809523809,
      "pagerank": 0.025961654368826748,
      "degree_centrality": 0.11428571428571428,
      "cpd": {
        "values": [
          0.18376317541012185,
          0.19285886649615835,
          0.8162368245898781,
          0.8071411335038416
        ],
        "evidence": [
          1
        ],
        "evidence_card": [
          2
        ]
      }
    },
    "4": {
      "type": "intermediate",
      "in_degree": 1,
      "out_degree": 3,
      "betweenness": 0.010084033613445379,
      "closeness": 0.03809523809523809,
      "pagerank": 0.025961654368826748,
      "degree_centrality": 0.11428571428571428,
      "cpd": {
        "values": [
          0.9909229175337778,
          0.6437520004146153,
          0.009077082466222141,
          0.35624799958538467
        ],
        "evidence": [
          1
        ],
        "evidence_card": [
          2
        ]
      }
    },
    "5": {
      "type": "intermediate",
      "in_degree": 1,
      "out_degree": 2,
      "betweenness": 0.0067226890756302525,
      "closeness": 0.03809523809523809,
      "pagerank": 0.025961654368826748,
      "degree_centrality": 0.08571428571428572,
      "cpd": {
        "values": [
          0.4936357194985486,
          0.10127544777322646,
          0.5063642805014514,
          0.8987245522267735
        ],
        "evidence": [
          1
        ],
        "evidence_card": [
          2
        ]
      }
    },
    "6": {
      "type": "intermediate",
      "in_degree": 1,
      "out_degree": 2,
      "betweenness": 0.005042016806722689,
      "closeness": 0.04285714285714286,
      "pagerank": 0.02966927729002318,
      "degree_centrality": 0.08571428571428572,
      "cpd": {
        "values": [
          0.7451223124262495,
          0.5006081318425376,
          0.2548776875737504,
          0.4993918681574624
        ],
        "evidence": [
          5
        ],
        "evidence_card": [
          2
        ]
      }
    },
    "7": {
      "type": "leaf",
      "in_degree": 1,
      "out_degree": 0,
      "betweenness": 0.0,
      "closeness": 0.045714285714285714,
      "pagerank": 0.031244807036371385,
      "degree_centrality": 0.02857142857142857,
      "cpd": {
        "values": [
          0.5266954272092682,
          0.6105998011350552,
          0.4733045727907318,
          0.3894001988649448
        ],
        "evidence": [
          6
        ],
        "evidence_card": [
          2
        ]
      }
    },
    "8": {
      "type": "leaf",
      "in_degree": 1,
      "out_degree": 0,
      "betweenness": 0.0,
      "closeness": 0.045714285714285714,
      "pagerank": 0.031244807036371385,
      "degree_centrality": 0.02857142857142857,
      "cpd": {
        "values": [
          0.7584601235148573,
          0.5155773610650415,
          0.24153987648514275,
          0.48442263893495857
        ],
        "evidence": [
          6
        ],
        "evidence_card": [
          2
        ]
      }
    },
    "9": {
      "type": "intermediate",
      "in_degree": 1,
      "out_degree": 2,
      "betweenness": 0.005042016806722689,
      "closeness": 0.04285714285714286,
      "pagerank": 0.025991397809686644,
      "degree_centrality": 0.08571428571428572,
      "cpd": {
        "values": [
          0.8088502791651963,
          0.4952552301180781,
          0.19114972083480375,
          0.504744769881922
        ],
        "evidence": [
          4
        ],
        "evidence_card": [
          2
        ]
      }
    },
    "10": {
      "type": "intermediate",
      "in_degree": 1,
      "out_degree": 1,
      "betweenness": 0.0025210084033613447,
      "closeness": 0.04285714285714286,
      "pagerank": 0.025991397809686644,
      "degree_centrality": 0.05714285714285714,
      "cpd": {
        "values": [
          0.6514540480192993,
          0.48839935317348,
          0.34854595198070076,
          0.5116006468265201
        ],
        "evidence": [
          4
        ],
        "evidence_card": [
          2
        ]
      }
    },
    "11": {
      "type": "leaf",
      "in_degree": 1,
      "out_degree": 0,
      "betweenness": 0.0,
      "closeness": 0.045714285714285714,
      "pagerank": 0.04072785738380806,
      "degree_centrality": 0.02857142857142857,
      "cpd": {
        "values": [
          0.31441319124124406,
          0.6053363678971324,
          0.6855868087587559,
          0.3946636321028676
        ],
        "evidence": [
          10
        ],
        "evidence_card": [
          2
        ]
      }
    },
    "12": {
      "type": "leaf",
      "in_degree": 1,
      "out_degree": 0,
      "betweenness": 0.0,
      "closeness": 0.045714285714285714,
      "pagerank": 0.02968174811641082,
      "degree_centrality": 0.02857142857142857,
      "cpd": {
        "values": [
          0.6324100220066766,
          0.6994474165837058,
          0.3675899779933234,
          0.30055258341629426
        ],
        "evidence": [
          9
        ],
        "evidence_card": [
          2
        ]
      }
    },
    "13": {
      "type": "leaf",
      "in_degree": 1,
      "out_degree": 0,
      "betweenness": 0.0,
      "closeness": 0.045714285714285714,
      "pagerank": 0.02968174811641082,
      "degree_centrality": 0.02857142857142857,
      "cpd": {
        "values": [
          0.32394781476472906,
          0.671283509980805,
          0.6760521852352709,
          0.328716490019195
        ],
        "evidence": [
          9
        ],
        "evidence_card": [
          2
        ]
      }
    },
    "14": {
      "type": "intermediate",
      "in_degree": 1,
      "out_degree": 2,
      "betweenness": 0.0033613445378151263,
      "closeness": 0.04285714285714286,
      "pagerank": 0.025991397809686644,
      "degree_centrality": 0.08571428571428572,
      "cpd": {
        "values": [
          0.428512819422965,
          0.3703271698251731,
          0.571487180577035,
          0.6296728301748269
        ],
        "evidence": [
          3
        ],
        "evidence_card": [
          2
        ]
      }
    },
    "15": {
      "type": "intermediate",
      "in_degree": 1,
      "out_degree": 2,
      "betweenness": 0.005042016806722689,
      "closeness": 0.04285714285714286,
      "pagerank": 0.025991397809686644,