{
  "graph_index": 5357,
  "nodes": {
    "0": {
      "type": "root",
      "in_degree": 0,
      "out_degree": 1,
      "betweenness": 0.0,
      "closeness": 0.0,
      "pagerank": 0.049584233521232424,
      "degree_centrality": 0.09090909090909091,
      "cpd": {
        "values": [
          0.5,
          0.5,
          0.0,
          0.0
        ],
        "evidence": [],
        "evidence_card": []
      }
    },
    "1": {
      "type": "intermediate",
      "in_degree": 1,
      "out_degree": 1,
      "betweenness": 0.09090909090909091,
      "closeness": 0.09090909090909091,
      "pagerank": 0.09172995875612323,
      "degree_centrality": 0.18181818181818182,
      "cpd": {
        "values": [
          0.4001492540714054,
          0.33724663278322625,
          0.5998507459285947,
          0.6627533672167738
        ],
        "evidence": [
          0
        ],
        "evidence_card": [
          2
        ]
      }
    },
    "2": {
      "type": "intermediate",
      "in_degree": 1,
      "out_degree": 2,
      "betweenness": 0.16363636363636364,
      "closeness": 0.12121212121212122,
      "pagerank": 0.12755344631000948,
      "degree_centrality": 0.2727272727272727,
      "cpd": {
        "values": [
          0.7398638691379521,
          0.5075054058543527,
          0.2601361308620479,
          0.49249459414564734
        ],
        "evidence": [
          1
        ],
        "evidence_card": [
          2
        ]
      }
    },
    "3": {
      "type": "intermediate",
      "in_degree": 1,
      "out_degree": 4,
      "betweenness": 0.10909090909090909,
      "closeness": 0.13636363636363635,
      "pagerank": 0.1037946638832284,
      "degree_centrality": 0.4545454545454546,
      "cpd": {
        "values": [
          0.7224817047645102,
          0.8767110585502382,
          0.2775182952354898,
          0.12328894144976178
        ],
        "evidence": [
          2
        ],
        "evidence_card": [
          2
        ]
      }
    },
    "4": {
      "type": "intermediate",
      "in_degree": 1,
      "out_degree": 3,
      "betweenness": 0.08181818181818182,
      "closeness": 0.13636363636363635,
      "pagerank": 0.1037946638832284,
      "degree_centrality": 0.36363636363636365,
      "cpd": {
        "values": [
          0.32035510481407775,
          0.5320207012337189,
          0.6796448951859222,
          0.467979298766281
        ],
        "evidence": [
          2
        ],
        "evidence_card": [
          2
        ]
      }
    },
    "5": {
      "type": "leaf",
      "in_degree": 1,
      "out_degree": 0,
      "betweenness": 0.0,
      "closeness": 0.14545454545454548,
      "pagerank": 0.07899313335415754,
      "degree_centrality": 0.09090909090909091,
      "cpd": {
        "values": [
          0.49822805207609167,
          0.4871281847912004,
          0.5017719479239082,
          0.5128718152087995
        ],
        "evidence": [
          4
        ],
        "evidence_card": [
          2
        ]
      }
    },
    "6": {
      "type": "leaf",
      "in_degree": 1,
      "out_degree": 0,
      "betweenness": 0.0,
      "closeness": 0.14545454545454548,
      "pagerank": 0.07899313335415754,
      "degree_centrality": 0.09090909090909091,
      "cpd": {
        "values": [
          0.8561641503342816,
          0.5163152822467447,
          0.14383584966571836,
          0.4836847177532553
        ],
        "evidence": [
          4
        ],
        "evidence_card": [
          2
        ]
      }
    },
    "7": {
      "type": "leaf",
      "in_degree": 1,
      "out_degree": 0,
      "betweenness": 0.0,
      "closeness": 0.14545454545454548,
      "pagerank": 0.07899313335415754,
      "degree_centrality": 0.09090909090909091,
      "cpd": {
        "values": [
          0.018813339855189574,
          0.7502145791647222,
          0.9811866601448104,
          0.2497854208352778
        ],
        "evidence": [
          4
        ],
        "evidence_card": [
          2
        ]
      }
    },
    "8": {
      "type": "leaf",
      "in_degree": 1,
      "out_degree": 0,
      "betweenness": 0.0,
      "closeness": 0.14545454545454548,
      "pagerank": 0.07164090839592627,
      "degree_centrality": 0.09090909090909091,
      "cpd": {
        "values": [
          0.1578515241681401,
          0.3021450578203817,
          0.8421484758318598,
          0.6978549421796183
        ],
        "evidence": [
          3
        ],
        "evidence_card": [
          2
        ]
      }
    },
    "9": {
      "type": "leaf",
      "in_degree": 1,
      "out_degree": 0,
      "betweenness": 0.0,
      "closeness": 0.14545454545454548,
      "pagerank": 0.07164090839592627,
      "degree_centrality": 0.09090909090909091,
      "cpd": {
        "values": [
          0.667507523805558,
          0.30030877806311984,
          0.33249247619444205,
          0.6996912219368803
        ],
        "evidence": [
          3
        ],
        "evidence_card": [
          2
        ]
      }
    },
    "10": {
      "type": "leaf",
      "in_degree": 1,
      "out_degree": 0,
      "betweenness": 0.0,
      "closeness": 0.14545454545454548,
      "pagerank": 0.07164090839592627,
      "degree_centrality": 0.09090909090909091,
      "cpd": {
        "values": [
          0.5488636131361178,
          0.3851623908820644,
          0.45113638686388224,
          0.6148376091179356
        ],
        "evidence": [
          3
        ],
        "evidence_card": [
          2
        ]
      }
    },
    "11": {
      "type": "leaf",
      "in_degree": 1,
      "out_degree": 0,
      "betweenness": 0.0,
      "closeness": 0.14545454545454548,
      "pagerank": 0.07164090839592627,
      "degree_centrality": 0.09090909090909091,
      "cpd": {
        "values": [
          0.7479554806948263,
          0.6071212716306863,
          0.2520445193051737,
          0.39287872836931365
        ],
        "evidence": [
          3
        ],
        "evidence_card": [
          2
        ]
      }
    }
  },
  "edges": [
    [
      0,
      1
    ],
    [
      1,
      2
    ],
    [
      2,
      3
    ],
    [
      2,
      4
    ],
    [
      3,
      8
    ],
    [
      3,
      9
    ],
    [
      3,
      10
    ],
    [
      3,
      11
    ],
    [
      4,
      5
    ],
    [
      4,
      6
    ],
    [
      4,
      7
    ]
  ]
}