{
  "graph_index": 4902,
  "nodes": {
    "0": {
      "type": "root",
      "in_degree": 0,
      "out_degree": 1,
      "betweenness": 0.0,
      "closeness": 0.0,
      "pagerank": 0.03263165658587898,
      "degree_centrality": 0.05555555555555555,
      "cpd": {
        "values": [
          0.5,
          0.5,
          0.0,
          0.0
        ],
        "evidence": [],
        "evidence_card": []
      }
    },
    "1": {
      "type": "intermediate",
      "in_degree": 1,
      "out_degree": 2,
      "betweenness": 0.05555555555555556,
      "closeness": 0.05555555555555555,
      "pagerank": 0.06036955952636053,
      "degree_centrality": 0.16666666666666666,
      "cpd": {
        "values": [
          0.5065485576207768,
          0.06902166060182734,
          0.4934514423792232,
          0.9309783393981726
        ],
        "evidence": [
          0
        ],
        "evidence_card": [
          2
        ]
      }
    },
    "2": {
      "type": "intermediate",
      "in_degree": 1,
      "out_degree": 4,
      "betweenness": 0.07189542483660132,
      "closeness": 0.07407407407407407,
      "pagerank": 0.05828840066424609,
      "degree_centrality": 0.2777777777777778,
      "cpd": {
        "values": [
          0.43217867303233953,
          0.5685818522294842,
          0.5678213269676605,
          0.43141814777051585
        ],
        "evidence": [
          1
        ],
        "evidence_card": [
          2
        ]
      }
    },
    "3": {
      "type": "intermediate",
      "in_degree": 1,
      "out_degree": 2,
      "betweenness": 0.026143790849673203,
      "closeness": 0.07407407407407407,
      "pagerank": 0.05828840066424609,
      "degree_centrality": 0.16666666666666666,
      "cpd": {
        "values": [
          0.8280959544609938,
          0.4243721811655439,
          0.17190404553900615,
          0.575627818834456
        ],
        "evidence": [
          1
        ],
        "evidence_card": [
          2
        ]
      }
    },
    "4": {
      "type": "intermediate",
      "in_degree": 1,
      "out_degree": 2,
      "betweenness": 0.0196078431372549,
      "closeness": 0.08333333333333333,
      "pagerank": 0.05740374490964652,
      "degree_centrality": 0.16666666666666666,
      "cpd": {
        "values": [
          0.4676945338842305,
          0.9790766820346205,
          0.5323054661157696,
          0.02092331796537952
        ],
        "evidence": [
          3
        ],
        "evidence_card": [
          2
        ]
      }
    },
    "5": {
      "type": "leaf",
      "in_degree": 1,
      "out_degree": 0,
      "betweenness": 0.0,
      "closeness": 0.08888888888888889,
      "pagerank": 0.057028819018387314,
      "degree_centrality": 0.05555555555555555,
      "cpd": {
        "values": [
          0.521804002236911,
          0.15224255751545726,
          0.478195997763089,
          0.8477574424845428
        ],
        "evidence": [
          4
        ],
        "evidence_card": [
          2
        ]
      }
    },
    "6": {
      "type": "leaf",
      "in_degree": 1,
      "out_degree": 0,
      "betweenness": 0.0,
      "closeness": 0.08888888888888889,
      "pagerank": 0.057028819018387314,
      "degree_centrality": 0.05555555555555555,
      "cpd": {
        "values": [
          0.5529245110966979,
          0.826164702874253,
          0.447075488903302,
          0.17383529712574702
        ],
        "evidence": [
          4
        ],
        "evidence_card": [
          2
        ]
      }
    },
    "7": {
      "type": "intermediate",
      "in_degree": 1,
      "out_degree": 1,
      "betweenness": 0.00980392156862745,
      "closeness": 0.08333333333333333,
      "pagerank": 0.04501770074776275,
      "degree_centrality": 0.1111111111111111,
      "cpd": {
        "values": [
          0.15993907057778772,
          0.2927356811535344,
          0.8400609294222122,
          0.7072643188464656
        ],
        "evidence": [
          2
        ],
        "evidence_card": [
          2
        ]
      }
    },
    "8": {
      "type": "intermediate",
      "in_degree": 1,
      "out_degree": 4,
      "betweenness": 0.032679738562091505,
      "closeness": 0.08333333333333333,
      "pagerank": 0.04501770074776275,
      "degree_centrality": 0.2777777777777778,
      "cpd": {
        "values": [
          0.29951300374045536,
          0.505330558644164,
          0.7004869962595447,
          0.49466944135583607
        ],
        "evidence": [
          2
        ],
        "evidence_card": [
          2
        ]
      }
    },
    "9": {
      "type": "intermediate",
      "in_degree": 1,
      "out_degree": 2,
      "betweenness": 0.0196078431372549,
      "closeness": 0.08333333333333333,
      "pagerank": 0.04501770074776275,
      "degree_centrality": 0.16666666666666666,
      "cpd": {
        "values": [
          0.5857173231994114,
          0.37929733560588025,
          0.41428267680058856,
          0.6207026643941197
        ],
        "evidence": [
          2
        ],
        "evidence_card": [
          2
        ]
      }
    },
    "10": {
      "type": "intermediate",
      "in_degree": 1,
      "out_degree": 1,
      "betweenness": 0.00980392156862745,
      "closeness": 0.08333333333333333,
      "pagerank": 0.04501770074776275,
      "degree_centrality": 0.1111111111111111,
      "cpd": {
        "values": [
          0.40354760081174806,
          0.5274435101004764,
          0.596452399188252,
          0.4725564898995236
        ],
        "evidence": [
          2
        ],
        "evidence_card": [
          2
        ]
      }
    },
    "11": {
      "type": "leaf",
      "in_degree": 1,
      "out_degree": 0,
      "betweenness": 0.0,
      "closeness": 0.08888888888888889,
      "pagerank": 0.07089777048862808,
      "degree_centrality": 0.05555555555555555,
      "cpd": {
        "values": [
          0.830453842655288,
          0.40678350250078243,
          0.169546157344712,
          0.5932164974992176
        ],
        "evidence": [
          10
        ],
        "evidence_card": [
          2
        ]
      }
    },
    "12": {
      "type": "leaf",
      "in_degree": 1,
      "out_degree": 0,
      "betweenness": 0.0,
      "closeness": 0.08888888888888889,
      "pagerank": 0.05176471353725352,
      "degree_centrality": 0.05555555555555555,
      "cpd": {
        "values": [
          0.8733974275089214,
          0.6376010637064647,
          0.1266025724910786,
          0.36239893629353526
        ],
        "evidence": [
          9
        ],
        "evidence_card": [
          2
        ]
      }
    },
    "13": {
      "type": "leaf",
      "in_degree": 1,
      "out_degree": 0,
      "betweenness": 0.0,
      "closeness": 0.08888888888888889,
      "pagerank": 0.05176471353725352,
      "degree_centrality": 0.05555555555555555,
      "cpd": {
        "values": [
          0.35719095883036783,
          0.1514632675396552,
          0.6428090411696322,
          0.8485367324603448
        ],
        "evidence": [
          9
        ],
        "evidence_card": [
          2
        ]
      }
    },
    "14": {
      "type": "leaf",
      "in_degree": 1,
      "out_degree": 0,
      "betweenness": 0.0,
      "closeness": 0.08888888888888889,
      "pagerank": 0.04219818506156625,
      "degree_centrality": 0.05555555555555555,
      "cpd": {
        "values": [
          0.9236974187887037,
          0.8971819648839098,
          0.0763025812112963,
          0.10281803511609026
        ],
        "evidence": [
          8
        ],
        "evidence_card": [
          2
        ]
      }
    },
    "15": {
      "type": "leaf",
      "in_degree": 2,
      "out_degree": 0,
      "betweenness": 0.0,
      "closeness": 0.154320987654321,
      "pagerank": 0.0669702733853338,
      "degree_centrality": 0.1111111111111111,