{
  "graph_index": 8818,
  "nodes": {
    "0": {
      "type": "root",
      "in_degree": 0,
      "out_degree": 1,
      "betweenness": 0.0,
      "closeness": 0.0,
      "pagerank": 0.02215445869692271,
      "degree_centrality": 0.03571428571428571,
      "cpd": {
        "values": [
          0.5,
          0.5,
          0.0,
          0.0
        ],
        "evidence": [],
        "evidence_card": []
      }
    },
    "1": {
      "type": "intermediate",
      "in_degree": 1,
      "out_degree": 3,
      "betweenness": 0.03571428571428571,
      "closeness": 0.03571428571428571,
      "pagerank": 0.040986246844208596,
      "degree_centrality": 0.14285714285714285,
      "cpd": {
        "values": [
          0.5788605956964968,
          0.5669342647977242,
          0.4211394043035031,
          0.43306573520227576
        ],
        "evidence": [
          0
        ],
        "evidence_card": [
          2
        ]
      }
    },
    "2": {
      "type": "intermediate",
      "in_degree": 1,
      "out_degree": 3,
      "betweenness": 0.015873015873015872,
      "closeness": 0.047619047619047616,
      "pagerank": 0.03376702908307053,
      "degree_centrality": 0.14285714285714285,
      "cpd": {
        "values": [
          0.339382832795652,
          0.3052825530900264,
          0.660617167204348,
          0.6947174469099735
        ],
        "evidence": [
          1
        ],
        "evidence_card": [
          2
        ]
      }
    },
    "3": {
      "type": "intermediate",
      "in_degree": 1,
      "out_degree": 4,
      "betweenness": 0.0291005291005291,
      "closeness": 0.047619047619047616,
      "pagerank": 0.03376702908307053,
      "degree_centrality": 0.17857142857142855,
      "cpd": {
        "values": [
          0.4020799839224385,
          0.556874843021133,
          0.5979200160775615,
          0.44312515697886695
        ],
        "evidence": [
          1
        ],
        "evidence_card": [
          2
        ]
      }
    },
    "4": {
      "type": "intermediate",
      "in_degree": 1,
      "out_degree": 2,
      "betweenness": 0.018518518518518517,
      "closeness": 0.047619047619047616,
      "pagerank": 0.03376702908307053,
      "degree_centrality": 0.10714285714285714,
      "cpd": {
        "values": [
          0.5045539789386615,
          0.22554005394021093,
          0.49544602106133856,
          0.7744599460597892
        ],
        "evidence": [
          1
        ],
        "evidence_card": [
          2
        ]
      }
    },
    "5": {
      "type": "intermediate",
      "in_degree": 1,
      "out_degree": 3,
      "betweenness": 0.011904761904761904,
      "closeness": 0.05357142857142857,
      "pagerank": 0.03650558886776892,
      "degree_centrality": 0.14285714285714285,
      "cpd": {
        "values": [
          0.517730807765288,
          0.5081016037925773,
          0.48226919223471193,
          0.4918983962074227
        ],
        "evidence": [
          4
        ],
        "evidence_card": [
          2
        ]
      }
    },
    "6": {
      "type": "intermediate",
      "in_degree": 1,
      "out_degree": 2,
      "betweenness": 0.007936507936507936,
      "closeness": 0.05357142857142857,
      "pagerank": 0.03650558886776892,
      "degree_centrality": 0.10714285714285714,
      "cpd": {
        "values": [
          0.5612886622629141,
          0.8582166823239231,
          0.4387113377370859,
          0.1417833176760769
        ],
        "evidence": [
          4
        ],
        "evidence_card": [
          2
        ]
      }
    },
    "7": {
      "type": "leaf",
      "in_degree": 1,
      "out_degree": 0,
      "betweenness": 0.0,
      "closeness": 0.05714285714285714,
      "pagerank": 0.03766945388694273,
      "degree_centrality": 0.03571428571428571,
      "cpd": {
        "values": [
          0.14376937672166176,
          0.5486445596128279,
          0.8562306232783382,
          0.45135544038717207
        ],
        "evidence": [
          6
        ],
        "evidence_card": [
          2
        ]
      }
    },
    "8": {
      "type": "leaf",
      "in_degree": 1,
      "out_degree": 0,
      "betweenness": 0.0,
      "closeness": 0.05714285714285714,
      "pagerank": 0.03766945388694273,
      "degree_centrality": 0.03571428571428571,
      "cpd": {
        "values": [
          0.810594264879856,
          0.6963168511903567,
          0.189405735120144,
          0.3036831488096434
        ],
        "evidence": [
          6
        ],
        "evidence_card": [
          2
        ]
      }
    },
    "9": {
      "type": "leaf",
      "in_degree": 1,
      "out_degree": 0,
      "betweenness": 0.0,
      "closeness": 0.05714285714285714,
      "pagerank": 0.03249778882360273,
      "degree_centrality": 0.03571428571428571,
      "cpd": {
        "values": [
          0.47066072670345005,
          0.6910471669745842,
          0.52933927329655,
          0.3089528330254158
        ],
        "evidence": [
          5
        ],
        "evidence_card": [
          2
        ]
      }
    },
    "10": {
      "type": "leaf",
      "in_degree": 1,
      "out_degree": 0,
      "betweenness": 0.0,
      "closeness": 0.05714285714285714,
      "pagerank": 0.03249778882360273,
      "degree_centrality": 0.03571428571428571,
      "cpd": {
        "values": [
          0.9755222394998624,
          0.9654609648311476,
          0.024477760500137506,
          0.03453903516885237
        ],
        "evidence": [
          5
        ],
        "evidence_card": [
          2
        ]
      }
    },
    "11": {
      "type": "leaf",
      "in_degree": 1,
      "out_degree": 0,
      "betweenness": 0.0,
      "closeness": 0.05714285714285714,
      "pagerank": 0.03249778882360273,
      "degree_centrality": 0.03571428571428571,
      "cpd": {
        "values": [
          0.5679897524480886,
          0.14841551049814847,
          0.4320102475519114,
          0.8515844895018515
        ],
        "evidence": [
          5
        ],
        "evidence_card": [
          2
        ]
      }
    },
    "12": {
      "type": "intermediate",
      "in_degree": 1,
      "out_degree": 1,
      "betweenness": 0.003968253968253968,
      "closeness": 0.05357142857142857,
      "pagerank": 0.029330023782345813,
      "degree_centrality": 0.07142857142857142,
      "cpd": {
        "values": [
          0.5233270905090237,
          0.5741480696347881,
          0.47667290949097624,
          0.42585193036521185
        ],
        "evidence": [
          3
        ],
        "evidence_card": [
          2
        ]
      }
    },
    "13": {
      "type": "intermediate",
      "in_degree": 1,
      "out_degree": 2,
      "betweenness": 0.007936507936507936,
      "closeness": 0.05357142857142857,
      "pagerank": 0.029330023782345813,
      "degree_centrality": 0.10714285714285714,
      "cpd": {
        "values": [
          0.4540611497954136,
          0.5299487943305888,
          0.5459388502045863,
          0.470051205669411
        ],
        "evidence": [
          3
        ],
        "evidence_card": [
          2
        ]
      }
    },
    "14": {
      "type": "intermediate",
      "in_degree": 1,
      "out_degree": 4,
      "betweenness": 0.015873015873015872,
      "closeness": 0.05357142857142857,
      "pagerank": 0.029330023782345813,
      "degree_centrality": 0.17857142857142855,
      "cpd": {
        "values": [
          0.7376686369182637,
          0.40614695652715005,
          0.2623313630817363,
          0.59385304347285
        ],
        "evidence": [
          3
        ],
        "evidence_card": [
          2
        ]
      }
    },
    "15": {
      "type": "leaf",
      "in_degree": 1,
      "out_degree": 0,
      "betweenness": 0.0,
      "closeness": 0.05714285714285714,
      "pagerank": 0.02838718101283845,
      "degree_centrality": 0.03571428571428571,