{
  "graph_index": 9915,
  "nodes": {
    "0": {
      "type": "root",
      "in_degree": 0,
      "out_degree": 1,
      "betweenness": 0.0,
      "closeness": 0.0,
      "pagerank": 0.023926495233573528,
      "degree_centrality": 0.037037037037037035,
      "cpd": {
        "values": [
          0.5,
          0.5,
          0.0,
          0.0
        ],
        "evidence": [],
        "evidence_card": []
      }
    },
    "1": {
      "type": "intermediate",
      "in_degree": 1,
      "out_degree": 3,
      "betweenness": 0.03703703703703704,
      "closeness": 0.037037037037037035,
      "pagerank": 0.04426333356436962,
      "degree_centrality": 0.14814814814814814,
      "cpd": {
        "values": [
          0.5401105202375984,
          0.5162960924021331,
          0.45988947976240163,
          0.4837039075978668
        ],
        "evidence": [
          0
        ],
        "evidence_card": [
          2
        ]
      }
    },
    "2": {
      "type": "intermediate",
      "in_degree": 1,
      "out_degree": 3,
      "betweenness": 0.019943019943019943,
      "closeness": 0.04938271604938271,
      "pagerank": 0.036467562975551426,
      "degree_centrality": 0.14814814814814814,
      "cpd": {
        "values": [
          0.6649942418471013,
          0.7570870082380826,
          0.3350057581528986,
          0.2429129917619174
        ],
        "evidence": [
          1
        ],
        "evidence_card": [
          2
        ]
      }
    },
    "3": {
      "type": "intermediate",
      "in_degree": 1,
      "out_degree": 3,
      "betweenness": 0.02849002849002849,
      "closeness": 0.04938271604938271,
      "pagerank": 0.036467562975551426,
      "degree_centrality": 0.14814814814814814,
      "cpd": {
        "values": [
          0.3148251086431113,
          0.35367936548687195,
          0.6851748913568887,
          0.6463206345131279
        ],
        "evidence": [
          1
        ],
        "evidence_card": [
          2
        ]
      }
    },
    "4": {
      "type": "intermediate",
      "in_degree": 1,
      "out_degree": 2,
      "betweenness": 0.017094017094017096,
      "closeness": 0.04938271604938271,
      "pagerank": 0.036467562975551426,
      "degree_centrality": 0.1111111111111111,
      "cpd": {
        "values": [
          0.19583595867775894,
          0.4877126856843438,
          0.8041640413222411,
          0.5122873143156563
        ],
        "evidence": [
          1
        ],
        "evidence_card": [
          2
        ]
      }
    },
    "5": {
      "type": "intermediate",
      "in_degree": 1,
      "out_degree": 4,
      "betweenness": 0.017094017094017096,
      "closeness": 0.05555555555555555,
      "pagerank": 0.03942498338041534,
      "degree_centrality": 0.18518518518518517,
      "cpd": {
        "values": [
          0.5521791302326168,
          0.44157309047470306,
          0.44782086976738317,
          0.5584269095252969
        ],
        "evidence": [
          4
        ],
        "evidence_card": [
          2
        ]
      }
    },
    "6": {
      "type": "leaf",
      "in_degree": 1,
      "out_degree": 0,
      "betweenness": 0.0,
      "closeness": 0.05925925925925926,
      "pagerank": 0.03230413556842931,
      "degree_centrality": 0.037037037037037035,
      "cpd": {
        "values": [
          0.5569991211294086,
          0.3725724502051711,
          0.44300087887059136,
          0.627427549794829
        ],
        "evidence": [
          5
        ],
        "evidence_card": [
          2
        ]
      }
    },
    "7": {
      "type": "leaf",
      "in_degree": 1,
      "out_degree": 0,
      "betweenness": 0.0,
      "closeness": 0.05925925925925926,
      "pagerank": 0.03230413556842931,
      "degree_centrality": 0.037037037037037035,
      "cpd": {
        "values": [
          0.12569530254561112,
          0.33472327633487653,
          0.8743046974543889,
          0.6652767236651235
        ],
        "evidence": [
          5
        ],
        "evidence_card": [
          2
        ]
      }
    },
    "8": {
      "type": "leaf",
      "in_degree": 1,
      "out_degree": 0,
      "betweenness": 0.0,
      "closeness": 0.05925925925925926,
      "pagerank": 0.03230413556842931,
      "degree_centrality": 0.037037037037037035,
      "cpd": {
        "values": [
          0.6898082567088557,
          0.6920541274762088,
          0.31019174329114424,
          0.30794587252379124
        ],
        "evidence": [
          5
        ],
        "evidence_card": [
          2
        ]
      }
    },
    "9": {
      "type": "leaf",
      "in_degree": 1,
      "out_degree": 0,
      "betweenness": 0.0,
      "closeness": 0.05925925925925926,
      "pagerank": 0.03230413556842931,
      "degree_centrality": 0.037037037037037035,
      "cpd": {
        "values": [
          0.22046242472303496,
          0.2814207679183825,
          0.779537575276965,
          0.7185792320816174
        ],
        "evidence": [
          5
        ],
        "evidence_card": [
          2
        ]
      }
    },
    "10": {
      "type": "intermediate",
      "in_degree": 1,
      "out_degree": 4,
      "betweenness": 0.017094017094017096,
      "closeness": 0.05555555555555555,
      "pagerank": 0.0342588206648014,
      "degree_centrality": 0.18518518518518517,
      "cpd": {
        "values": [
          0.4290558090105131,
          0.5301086422114268,
          0.5709441909894869,
          0.4698913577885732
        ],
        "evidence": [
          3
        ],
        "evidence_card": [
          2
        ]
      }
    },
    "11": {
      "type": "intermediate",
      "in_degree": 1,
      "out_degree": 3,
      "betweenness": 0.012820512820512822,
      "closeness": 0.05555555555555555,
      "pagerank": 0.0342588206648014,
      "degree_centrality": 0.14814814814814814,
      "cpd": {
        "values": [
          0.7895734059081749,
          0.5916208602547117,
          0.2104265940918251,
          0.40837913974528833
        ],
        "evidence": [
          3
        ],
        "evidence_card": [
          2
        ]
      }
    },
    "12": {
      "type": "leaf",
      "in_degree": 1,
      "out_degree": 0,
      "betweenness": 0.0,
      "closeness": 0.05925925925925926,
      "pagerank": 0.033632935345756,
      "degree_centrality": 0.037037037037037035,
      "cpd": {
        "values": [
          0.2471370190923144,
          0.38102563358371433,
          0.7528629809076857,
          0.6189743664162857
        ],
        "evidence": [
          11
        ],
        "evidence_card": [
          2
        ]
      }
    },
    "13": {
      "type": "leaf",
      "in_degree": 1,
      "out_degree": 0,
      "betweenness": 0.0,
      "closeness": 0.05925925925925926,
      "pagerank": 0.033632935345756,
      "degree_centrality": 0.037037037037037035,
      "cpd": {
        "values": [
          0.5349752478281048,
          0.08373197842970787,
          0.4650247521718953,
          0.9162680215702921
        ],
        "evidence": [
          11
        ],
        "evidence_card": [
          2
        ]
      }
    },
    "14": {
      "type": "leaf",
      "in_degree": 1,
      "out_degree": 0,
      "betweenness": 0.0,
      "closeness": 0.05925925925925926,
      "pagerank": 0.033632935345756,
      "degree_centrality": 0.037037037037037035,
      "cpd": {
        "values": [
          0.456736453537119,
          0.2719434474943485,
          0.5432635464628809,
          0.7280565525056515
        ],
        "evidence": [
          11
        ],
        "evidence_card": [
          2
        ]
      }
    },
    "15": {
      "type": "leaf",
      "in_degree": 1,
      "out_degree": 0,
      "betweenness": 0.0,
      "closeness": 0.05925925925925926,
      "pagerank": 0.03120632531771039,
      "degree_centrality": 0.037037037037037035,