{
  "graph_index": 6192,
  "nodes": {
    "0": {
      "type": "root",
      "in_degree": 0,
      "out_degree": 1,
      "betweenness": 0.0,
      "closeness": 0.0,
      "pagerank": 0.02953335048744684,
      "degree_centrality": 0.047619047619047616,
      "cpd": {
        "values": [
          0.5,
          0.5,
          0.0,
          0.0
        ],
        "evidence": [],
        "evidence_card": []
      }
    },
    "1": {
      "type": "intermediate",
      "in_degree": 1,
      "out_degree": 2,
      "betweenness": 0.04761904761904762,
      "closeness": 0.047619047619047616,
      "pagerank": 0.05463726097996761,
      "degree_centrality": 0.14285714285714285,
      "cpd": {
        "values": [
          0.697933355463431,
          0.7792010813196022,
          0.302066644536569,
          0.22079891868039783
        ],
        "evidence": [
          0
        ],
        "evidence_card": [
          2
        ]
      }
    },
    "2": {
      "type": "intermediate",
      "in_degree": 1,
      "out_degree": 3,
      "betweenness": 0.028571428571428574,
      "closeness": 0.06349206349206349,
      "pagerank": 0.052753543397729086,
      "degree_centrality": 0.19047619047619047,
      "cpd": {
        "values": [
          0.41537602631187215,
          0.6060761283974399,
          0.5846239736881279,
          0.39392387160256015
        ],
        "evidence": [
          1
        ],
        "evidence_card": [
          2
        ]
      }
    },
    "3": {
      "type": "intermediate",
      "in_degree": 1,
      "out_degree": 3,
      "betweenness": 0.05714285714285715,
      "closeness": 0.06349206349206349,
      "pagerank": 0.052753543397729086,
      "degree_centrality": 0.19047619047619047,
      "cpd": {
        "values": [
          0.004393457746797453,
          0.8999777259799674,
          0.9956065422532026,
          0.10002227402003264
        ],
        "evidence": [
          1
        ],
        "evidence_card": [
          2
        ]
      }
    },
    "4": {
      "type": "intermediate",
      "in_degree": 1,
      "out_degree": 2,
      "betweenness": 0.014285714285714287,
      "closeness": 0.07142857142857142,
      "pagerank": 0.04447999671091879,
      "degree_centrality": 0.14285714285714285,
      "cpd": {
        "values": [
          0.7325895744508838,
          0.24439581852961734,
          0.2674104255491162,
          0.7556041814703827
        ],
        "evidence": [
          3
        ],
        "evidence_card": [
          2
        ]
      }
    },
    "5": {
      "type": "intermediate",
      "in_degree": 1,
      "out_degree": 4,
      "betweenness": 0.028571428571428574,
      "closeness": 0.07142857142857142,
      "pagerank": 0.04447999671091879,
      "degree_centrality": 0.23809523809523808,
      "cpd": {
        "values": [
          0.3599679174990037,
          0.4275012025389703,
          0.6400320825009964,
          0.5724987974610297
        ],
        "evidence": [
          3
        ],
        "evidence_card": [
          2
        ]
      }
    },
    "6": {
      "type": "intermediate",
      "in_degree": 1,
      "out_degree": 4,
      "betweenness": 0.02380952380952381,
      "closeness": 0.07142857142857142,
      "pagerank": 0.04447999671091879,
      "degree_centrality": 0.23809523809523808,
      "cpd": {
        "values": [
          0.20197719511710527,
          0.2846790082196388,
          0.7980228048828947,
          0.7153209917803611
        ],
        "evidence": [
          3
        ],
        "evidence_card": [
          2
        ]
      }
    },
    "7": {
      "type": "leaf",
      "in_degree": 2,
      "out_degree": 0,
      "betweenness": 0.0,
      "closeness": 0.13227513227513227,
      "pagerank": 0.05393210249203141,
      "degree_centrality": 0.09523809523809523,
      "cpd": {
        "values": [
          0.06739728393185265,
          0.1876723761233404,
          0.4086949845751298,
          0.3268436030250933
        ],
        "evidence": [
          2,
          6
        ],
        "evidence_card": [
          2,
          2
        ]
      }
    },
    "8": {
      "type": "leaf",
      "in_degree": 1,
      "out_degree": 0,
      "betweenness": 0.0,
      "closeness": 0.0761904761904762,
      "pagerank": 0.03898545626855946,
      "degree_centrality": 0.047619047619047616,
      "cpd": {
        "values": [
          0.4791898027410231,
          0.4364903439274422,
          0.5208101972589769,
          0.5635096560725579
        ],
        "evidence": [
          6
        ],
        "evidence_card": [
          2
        ]
      }
    },
    "9": {
      "type": "leaf",
      "in_degree": 1,
      "out_degree": 0,
      "betweenness": 0.0,
      "closeness": 0.0761904761904762,
      "pagerank": 0.03898545626855946,
      "degree_centrality": 0.047619047619047616,
      "cpd": {
        "values": [
          0.5461545943820617,
          0.67787642733467,
          0.4538454056179384,
          0.32212357266533
        ],
        "evidence": [
          6
        ],
        "evidence_card": [
          2
        ]
      }
    },
    "10": {
      "type": "leaf",
      "in_degree": 1,
      "out_degree": 0,
      "betweenness": 0.0,
      "closeness": 0.0761904761904762,
      "pagerank": 0.03898545626855946,
      "degree_centrality": 0.047619047619047616,
      "cpd": {
        "values": [
          0.3339950473779566,
          0.13740080684714395,
          0.6660049526220434,
          0.8625991931528559
        ],
        "evidence": [
          6
        ],
        "evidence_card": [
          2
        ]
      }
    },
    "11": {
      "type": "leaf",
      "in_degree": 1,
      "out_degree": 0,
      "betweenness": 0.0,
      "closeness": 0.0761904761904762,
      "pagerank": 0.03898545626855946,
      "degree_centrality": 0.047619047619047616,
      "cpd": {
        "values": [
          0.75712300217343,
          0.8359652909406681,
          0.24287699782657002,
          0.16403470905933198
        ],
        "evidence": [
          5
        ],
        "evidence_card": [
          2
        ]
      }
    },
    "12": {
      "type": "leaf",
      "in_degree": 1,
      "out_degree": 0,
      "betweenness": 0.0,
      "closeness": 0.0761904761904762,
      "pagerank": 0.03898545626855946,
      "degree_centrality": 0.047619047619047616,
      "cpd": {
        "values": [
          0.3716987298511131,
          0.42984521279724575,
          0.6283012701488869,
          0.5701547872027543
        ],
        "evidence": [
          5
        ],
        "evidence_card": [
          2
        ]
      }
    },
    "13": {
      "type": "leaf",
      "in_degree": 1,
      "out_degree": 0,
      "betweenness": 0.0,
      "closeness": 0.0761904761904762,
      "pagerank": 0.03898545626855946,
      "degree_centrality": 0.047619047619047616,
      "cpd": {
        "values": [
          0.2690861236273343,
          0.4394038521368914,
          0.7309138763726657,
          0.5605961478631086
        ],
        "evidence": [
          5
        ],
        "evidence_card": [
          2
        ]
      }
    },
    "14": {
      "type": "leaf",
      "in_degree": 1,
      "out_degree": 0,
      "betweenness": 0.0,
      "closeness": 0.0761904761904762,
      "pagerank": 0.03898545626855946,
      "degree_centrality": 0.047619047619047616,
      "cpd": {
        "values": [
          0.5147906325811982,
          0.751355317017875,
          0.4852093674188019,
          0.248644682982125
        ],
        "evidence": [
          5
        ],
        "evidence_card": [
          2
        ]
      }
    },
    "15": {
      "type": "leaf",
      "in_degree": 1,
      "out_degree": 0,
      "betweenness": 0.0,
      "closeness": 0.0761904761904762,
      "pagerank": 0.04843756204967209,
      "degree_centrality": 0.047619047619047616,