{
  "graph_index": 5189,
  "nodes": {
    "0": {
      "type": "root",
      "in_degree": 0,
      "out_degree": 1,
      "betweenness": 0.0,
      "closeness": 0.0,
      "pagerank": 0.02554917328672759,
      "degree_centrality": 0.04,
      "cpd": {
        "values": [
          0.5,
          0.5,
          0.0,
          0.0
        ],
        "evidence": [],
        "evidence_card": []
      }
    },
    "1": {
      "type": "intermediate",
      "in_degree": 1,
      "out_degree": 2,
      "betweenness": 0.04,
      "closeness": 0.04,
      "pagerank": 0.04726635013379796,
      "degree_centrality": 0.12,
      "cpd": {
        "values": [
          0.7437259602497079,
          0.6303516588379879,
          0.2562740397502921,
          0.36964834116201206
        ],
        "evidence": [
          0
        ],
        "evidence_card": [
          2
        ]
      }
    },
    "2": {
      "type": "intermediate",
      "in_degree": 1,
      "out_degree": 2,
      "betweenness": 0.023333333333333334,
      "closeness": 0.05333333333333333,
      "pagerank": 0.04563667796006238,
      "degree_centrality": 0.12,
      "cpd": {
        "values": [
          0.5781706076773613,
          0.2747023098991424,
          0.42182939232263866,
          0.7252976901008575
        ],
        "evidence": [
          1
        ],
        "evidence_card": [
          2
        ]
      }
    },
    "3": {
      "type": "intermediate",
      "in_degree": 1,
      "out_degree": 4,
      "betweenness": 0.05,
      "closeness": 0.05333333333333333,
      "pagerank": 0.04563667796006238,
      "degree_centrality": 0.2,
      "cpd": {
        "values": [
          0.5259657322149711,
          0.9862119809996485,
          0.47403426778502883,
          0.013788019000351589
        ],
        "evidence": [
          1
        ],
        "evidence_card": [
          2
        ]
      }
    },
    "4": {
      "type": "intermediate",
      "in_degree": 1,
      "out_degree": 3,
      "betweenness": 0.015000000000000001,
      "closeness": 0.06,
      "pagerank": 0.03524690828724771,
      "degree_centrality": 0.16,
      "cpd": {
        "values": [
          0.5413823087792883,
          0.14871586388442837,
          0.4586176912207118,
          0.8512841361155716
        ],
        "evidence": [
          3
        ],
        "evidence_card": [
          2
        ]
      }
    },
    "5": {
      "type": "intermediate",
      "in_degree": 1,
      "out_degree": 4,
      "betweenness": 0.02,
      "closeness": 0.06,
      "pagerank": 0.03524690828724771,
      "degree_centrality": 0.2,
      "cpd": {
        "values": [
          0.7080923539247564,
          0.5007448870618575,
          0.29190764607524355,
          0.4992551129381424
        ],
        "evidence": [
          3
        ],
        "evidence_card": [
          2
        ]
      }
    },
    "6": {
      "type": "intermediate",
      "in_degree": 1,
      "out_degree": 1,
      "betweenness": 0.005,
      "closeness": 0.06,
      "pagerank": 0.03524690828724771,
      "degree_centrality": 0.08,
      "cpd": {
        "values": [
          0.7061013987727173,
          0.4195433817405675,
          0.29389860122728273,
          0.5804566182594325
        ],
        "evidence": [
          3
        ],
        "evidence_card": [
          2
        ]
      }
    },
    "7": {
      "type": "intermediate",
      "in_degree": 1,
      "out_degree": 3,
      "betweenness": 0.015000000000000001,
      "closeness": 0.06,
      "pagerank": 0.03524690828724771,
      "degree_centrality": 0.16,
      "cpd": {
        "values": [
          0.03750934917153646,
          0.17257236409076296,
          0.9624906508284635,
          0.8274276359092371
        ],
        "evidence": [
          3
        ],
        "evidence_card": [
          2
        ]
      }
    },
    "8": {
      "type": "leaf",
      "in_degree": 1,
      "out_degree": 0,
      "betweenness": 0.0,
      "closeness": 0.064,
      "pagerank": 0.03553591420511603,
      "degree_centrality": 0.04,
      "cpd": {
        "values": [
          0.5169058139041757,
          0.038665291470178234,
          0.4830941860958243,
          0.9613347085298217
        ],
        "evidence": [
          7
        ],
        "evidence_card": [
          2
        ]
      }
    },
    "9": {
      "type": "leaf",
      "in_degree": 1,
      "out_degree": 0,
      "betweenness": 0.0,
      "closeness": 0.064,
      "pagerank": 0.03553591420511603,
      "degree_centrality": 0.04,
      "cpd": {
        "values": [
          0.12945102195015212,
          0.5179131415917114,
          0.8705489780498479,
          0.48208685840828863
        ],
        "evidence": [
          7
        ],
        "evidence_card": [
          2
        ]
      }
    },
    "10": {
      "type": "leaf",
      "in_degree": 1,
      "out_degree": 0,
      "betweenness": 0.0,
      "closeness": 0.064,
      "pagerank": 0.03553591420511603,
      "degree_centrality": 0.04,
      "cpd": {
        "values": [
          0.23000366369594005,
          0.6229731784439976,
          0.76999633630406,
          0.3770268215560023
        ],
        "evidence": [
          7
        ],
        "evidence_card": [
          2
        ]
      }
    },
    "11": {
      "type": "leaf",
      "in_degree": 1,
      "out_degree": 0,
      "betweenness": 0.0,
      "closeness": 0.064,
      "pagerank": 0.05550939604189291,
      "degree_centrality": 0.04,
      "cpd": {
        "values": [
          0.3880709980904059,
          0.3535129558701496,
          0.6119290019095941,
          0.6464870441298504
        ],
        "evidence": [
          6
        ],
        "evidence_card": [
          2
        ]
      }
    },
    "12": {
      "type": "leaf",
      "in_degree": 1,
      "out_degree": 0,
      "betweenness": 0.0,
      "closeness": 0.064,
      "pagerank": 0.033039228975518926,
      "degree_centrality": 0.04,
      "cpd": {
        "values": [
          0.4782041892073625,
          0.4754126793598547,
          0.5217958107926374,
          0.5245873206401455
        ],
        "evidence": [
          5
        ],
        "evidence_card": [
          2
        ]
      }
    },
    "13": {
      "type": "leaf",
      "in_degree": 1,
      "out_degree": 0,
      "betweenness": 0.0,
      "closeness": 0.064,
      "pagerank": 0.033039228975518926,
      "degree_centrality": 0.04,
      "cpd": {
        "values": [
          0.6074069408445256,
          0.6286618781771727,
          0.3925930591554744,
          0.3713381218228274
        ],
        "evidence": [
          5
        ],
        "evidence_card": [
          2
        ]
      }
    },
    "14": {
      "type": "leaf",
      "in_degree": 1,
      "out_degree": 0,
      "betweenness": 0.0,
      "closeness": 0.064,
      "pagerank": 0.033039228975518926,
      "degree_centrality": 0.04,
      "cpd": {
        "values": [
          0.41104739961006975,
          0.7618460746244303,
          0.5889526003899302,
          0.23815392537556968
        ],
        "evidence": [
          5
        ],
        "evidence_card": [
          2
        ]
      }
    },
    "15": {
      "type": "leaf",
      "in_degree": 1,
      "out_degree": 0,
      "betweenness": 0.0,
      "closeness": 0.064,
      "pagerank": 0.033039228975518926,
      "degree_centrality": 0.04,
      "cpd": {
        "values": [
          0.3173117861990354,
          0.9030167554126959,
          0.6826882138009646,
          0.09698324458730413
        ],
        "evidence": [
          5
        ],
        "evidence_card": [
          2
        ]
      }
    },
    "16": {
      "type": "leaf",
      "in_degree": 1,
      "out_degree": 0,
      "betweenness": 0.0,
      "closeness": 0.064,
      "pagerank": 0.03553591420511603,
      "degree_centrality": 0.04,