{
  "graph_index": 8136,
  "nodes": {
    "0": {
      "type": "root",
      "in_degree": 0,
      "out_degree": 3,
      "betweenness": 0.0,
      "closeness": 0.0,
      "pagerank": 0.019323416753489028,
      "degree_centrality": 0.09090909090909091,
      "cpd": {
        "values": [
          0.5,
          0.5,
          0.0,
          0.0
        ],
        "evidence": [],
        "evidence_card": []
      }
    },
    "1": {
      "type": "intermediate",
      "in_degree": 1,
      "out_degree": 1,
      "betweenness": 0.01231060606060606,
      "closeness": 0.030303030303030304,
      "pagerank": 0.02479816697128469,
      "degree_centrality": 0.06060606060606061,
      "cpd": {
        "values": [
          0.4327520900462109,
          0.5455161731903512,
          0.5672479099537892,
          0.4544838268096487
        ],
        "evidence": [
          0
        ],
        "evidence_card": [
          2
        ]
      }
    },
    "2": {
      "type": "intermediate",
      "in_degree": 1,
      "out_degree": 3,
      "betweenness": 0.008522727272727272,
      "closeness": 0.030303030303030304,
      "pagerank": 0.02479816697128469,
      "degree_centrality": 0.12121212121212122,
      "cpd": {
        "values": [
          0.5713250527984199,
          0.3456706898201748,
          0.42867494720157995,
          0.6543293101798252
        ],
        "evidence": [
          0
        ],
        "evidence_card": [
          2
        ]
      }
    },
    "3": {
      "type": "intermediate",
      "in_degree": 1,
      "out_degree": 2,
      "betweenness": 0.007575757575757576,
      "closeness": 0.030303030303030304,
      "pagerank": 0.02479816697128469,
      "degree_centrality": 0.09090909090909091,
      "cpd": {
        "values": [
          0.4967265971003293,
          0.7130313282055739,
          0.5032734028996708,
          0.28696867179442603
        ],
        "evidence": [
          0
        ],
        "evidence_card": [
          2
        ]
      }
    },
    "4": {
      "type": "intermediate",
      "in_degree": 1,
      "out_degree": 2,
      "betweenness": 0.01231060606060606,
      "closeness": 0.0404040404040404,
      "pagerank": 0.029862177864745754,
      "degree_centrality": 0.09090909090909091,
      "cpd": {
        "values": [
          0.20813679268942592,
          0.28117644595919333,
          0.7918632073105741,
          0.7188235540408068
        ],
        "evidence": [
          3
        ],
        "evidence_card": [
          2
        ]
      }
    },
    "5": {
      "type": "intermediate",
      "in_degree": 1,
      "out_degree": 2,
      "betweenness": 0.004734848484848485,
      "closeness": 0.045454545454545456,
      "pagerank": 0.0320143320804855,
      "degree_centrality": 0.09090909090909091,
      "cpd": {
        "values": [
          0.49598277684287156,
          0.8473922983351454,
          0.5040172231571284,
          0.15260770166485454
        ],
        "evidence": [
          4
        ],
        "evidence_card": [
          2
        ]
      }
    },
    "6": {
      "type": "intermediate",
      "in_degree": 1,
      "out_degree": 3,
      "betweenness": 0.008522727272727272,
      "closeness": 0.045454545454545456,
      "pagerank": 0.0320143320804855,
      "degree_centrality": 0.12121212121212122,
      "cpd": {
        "values": [
          0.49882192582380586,
          0.3019537327505604,
          0.5011780741761941,
          0.6980462672494396
        ],
        "evidence": [
          4
        ],
        "evidence_card": [
          2
        ]
      }
    },
    "7": {
      "type": "leaf",
      "in_degree": 1,
      "out_degree": 0,
      "betweenness": 0.0,
      "closeness": 0.04848484848484849,
      "pagerank": 0.028394242243622993,
      "degree_centrality": 0.030303030303030304,
      "cpd": {
        "values": [
          0.5776651684236351,
          0.34620744145362997,
          0.42233483157636476,
          0.6537925585463701
        ],
        "evidence": [
          6
        ],
        "evidence_card": [
          2
        ]
      }
    },
    "8": {
      "type": "leaf",
      "in_degree": 1,
      "out_degree": 0,
      "betweenness": 0.0,
      "closeness": 0.04848484848484849,
      "pagerank": 0.028394242243622993,
      "degree_centrality": 0.030303030303030304,
      "cpd": {
        "values": [
          0.20516656799490687,
          0.5565465825745712,
          0.7948334320050932,
          0.4434534174254286
        ],
        "evidence": [
          6
        ],
        "evidence_card": [
          2
        ]
      }
    },
    "9": {
      "type": "leaf",
      "in_degree": 1,
      "out_degree": 0,
      "betweenness": 0.0,
      "closeness": 0.04848484848484849,
      "pagerank": 0.028394242243622993,
      "degree_centrality": 0.030303030303030304,
      "cpd": {
        "values": [
          0.7937446841914074,
          0.5819531088426654,
          0.20625531580859263,
          0.4180468911573347
        ],
        "evidence": [
          6
        ],
        "evidence_card": [
          2
        ]
      }
    },
    "10": {
      "type": "leaf",
      "in_degree": 2,
      "out_degree": 0,
      "betweenness": 0.0,
      "closeness": 0.09090909090909091,
      "pagerank": 0.044127640315585456,
      "degree_centrality": 0.06060606060606061,
      "cpd": {
        "values": [
          0.11138505094013927,
          0.24040047221286237,
          0.24538318767794734,
          0.6221165508270137
        ],
        "evidence": [
          12,
          5
        ],
        "evidence_card": [
          2,
          2
        ]
      }
    },
    "11": {
      "type": "leaf",
      "in_degree": 1,
      "out_degree": 0,
      "betweenness": 0.0,
      "closeness": 0.04848484848484849,
      "pagerank": 0.03292965498868998,
      "degree_centrality": 0.030303030303030304,
      "cpd": {
        "values": [
          0.24347811726347945,
          0.6866614739238314,
          0.7565218827365205,
          0.31333852607616863
        ],
        "evidence": [
          5
        ],
        "evidence_card": [
          2
        ]
      }
    },
    "12": {
      "type": "intermediate",
      "in_degree": 1,
      "out_degree": 2,
      "betweenness": 0.005681818181818182,
      "closeness": 0.0404040404040404,
      "pagerank": 0.026349257494326844,
      "degree_centrality": 0.09090909090909091,
      "cpd": {
        "values": [
          0.024919593483128617,
          0.574790850118529,
          0.9750804065168713,
          0.42520914988147085
        ],
        "evidence": [
          2
        ],
        "evidence_card": [
          2
        ]
      }
    },
    "13": {
      "type": "intermediate",
      "in_degree": 1,
      "out_degree": 1,
      "betweenness": 0.002840909090909091,
      "closeness": 0.045454545454545456,
      "pagerank": 0.030521402080384515,
      "degree_centrality": 0.06060606060606061,
      "cpd": {
        "values": [
          0.622428675576917,
          0.999281938470766,
          0.377571324423083,
          0.0007180615292340385
        ],
        "evidence": [
          12
        ],
        "evidence_card": [
          2
        ]
      }
    },
    "14": {
      "type": "leaf",
      "in_degree": 1,
      "out_degree": 0,
      "betweenness": 0.0,
      "closeness": 0.04848484848484849,
      "pagerank": 0.045266453736115854,
      "degree_centrality": 0.030303030303030304,
      "cpd": {
        "values": [
          0.8419598809339277,
          0.4443625705753378,
          0.15804011906607232,
          0.5556374294246622
        ],
        "evidence": [
          13
        ],
        "evidence_card": [
          2
        ]
      }
    },
    "15": {
      "type": "intermediate",
      "in_degree": 1,
      "out_degree": 4,
      "betweenness": 0.02840909090909091,
      "closeness": 0.0404040404040404,
      "pagerank": 0.04040093897600248,