{
  "graph_index": 7152,
  "nodes": {
    "0": {
      "type": "root",
      "in_degree": 0,
      "out_degree": 2,
      "betweenness": 0.0,
      "closeness": 0.0,
      "pagerank": 0.02023859816865175,
      "degree_centrality": 0.0625,
      "cpd": {
        "values": [
          0.5,
          0.5,
          0.0,
          0.0
        ],
        "evidence": [],
        "evidence_card": []
      }
    },
    "1": {
      "type": "intermediate",
      "in_degree": 1,
      "out_degree": 2,
      "betweenness": 0.010080645161290322,
      "closeness": 0.03125,
      "pagerank": 0.028839778902691054,
      "degree_centrality": 0.09375,
      "cpd": {
        "values": [
          0.4989843166578475,
          0.8598010608100831,
          0.5010156833421525,
          0.1401989391899169
        ],
        "evidence": [
          0
        ],
        "evidence_card": [
          2
        ]
      }
    },
    "2": {
      "type": "intermediate",
      "in_degree": 1,
      "out_degree": 2,
      "betweenness": 0.020161290322580645,
      "closeness": 0.03125,
      "pagerank": 0.028839778902691054,
      "degree_centrality": 0.09375,
      "cpd": {
        "values": [
          0.21922391740329808,
          0.8068814377856597,
          0.7807760825967018,
          0.19311856221434037
        ],
        "evidence": [
          0
        ],
        "evidence_card": [
          2
        ]
      }
    },
    "3": {
      "type": "intermediate",
      "in_degree": 1,
      "out_degree": 3,
      "betweenness": 0.019153225806451613,
      "closeness": 0.041666666666666664,
      "pagerank": 0.032495261844123775,
      "degree_centrality": 0.125,
      "cpd": {
        "values": [
          0.6464199568096199,
          0.6421125364445517,
          0.3535800431903801,
          0.35788746355544837
        ],
        "evidence": [
          2
        ],
        "evidence_card": [
          2
        ]
      }
    },
    "4": {
      "type": "intermediate",
      "in_degree": 1,
      "out_degree": 3,
      "betweenness": 0.01814516129032258,
      "closeness": 0.041666666666666664,
      "pagerank": 0.032495261844123775,
      "degree_centrality": 0.125,
      "cpd": {
        "values": [
          0.4832771052422821,
          0.3722717192769473,
          0.5167228947577178,
          0.6277282807230528
        ],
        "evidence": [
          2
        ],
        "evidence_card": [
          2
        ]
      }
    },
    "5": {
      "type": "intermediate",
      "in_degree": 1,
      "out_degree": 3,
      "betweenness": 0.00907258064516129,
      "closeness": 0.046875,
      "pagerank": 0.029445442999359618,
      "degree_centrality": 0.125,
      "cpd": {
        "values": [
          0.5792962517720832,
          0.5244184097115951,
          0.42070374822791684,
          0.4755815902884048
        ],
        "evidence": [
          4
        ],
        "evidence_card": [
          2
        ]
      }
    },
    "6": {
      "type": "intermediate",
      "in_degree": 1,
      "out_degree": 3,
      "betweenness": 0.00907258064516129,
      "closeness": 0.046875,
      "pagerank": 0.029445442999359618,
      "degree_centrality": 0.125,
      "cpd": {
        "values": [
          0.14489342441832356,
          0.6000198211745367,
          0.8551065755816766,
          0.3999801788254633
        ],
        "evidence": [
          4
        ],
        "evidence_card": [
          2
        ]
      }
    },
    "7": {
      "type": "leaf",
      "in_degree": 1,
      "out_degree": 0,
      "betweenness": 0.0,
      "closeness": 0.05,
      "pagerank": 0.028581848262661476,
      "degree_centrality": 0.03125,
      "cpd": {
        "values": [
          0.4514366695538016,
          0.8272617659845334,
          0.5485633304461984,
          0.17273823401546665
        ],
        "evidence": [
          6
        ],
        "evidence_card": [
          2
        ]
      }
    },
    "8": {
      "type": "leaf",
      "in_degree": 1,
      "out_degree": 0,
      "betweenness": 0.0,
      "closeness": 0.05,
      "pagerank": 0.028581848262661476,
      "degree_centrality": 0.03125,
      "cpd": {
        "values": [
          0.5548070981033812,
          0.42562626799292663,
          0.4451929018966188,
          0.5743737320070734
        ],
        "evidence": [
          6
        ],
        "evidence_card": [
          2
        ]
      }
    },
    "9": {
      "type": "leaf",
      "in_degree": 1,
      "out_degree": 0,
      "betweenness": 0.0,
      "closeness": 0.05,
      "pagerank": 0.028581848262661476,
      "degree_centrality": 0.03125,
      "cpd": {
        "values": [
          0.6530134940884074,
          0.6497280453710246,
          0.3469865059115926,
          0.35027195462897537
        ],
        "evidence": [
          6
        ],
        "evidence_card": [
          2
        ]
      }
    },
    "10": {
      "type": "leaf",
      "in_degree": 1,
      "out_degree": 0,
      "betweenness": 0.0,
      "closeness": 0.05,
      "pagerank": 0.028581848262661476,
      "degree_centrality": 0.03125,
      "cpd": {
        "values": [
          0.42631252351034726,
          0.598032004169861,
          0.5736874764896528,
          0.401967995830139
        ],
        "evidence": [
          5
        ],
        "evidence_card": [
          2
        ]
      }
    },
    "11": {
      "type": "leaf",
      "in_degree": 1,
      "out_degree": 0,
      "betweenness": 0.0,
      "closeness": 0.05,
      "pagerank": 0.028581848262661476,
      "degree_centrality": 0.03125,
      "cpd": {
        "values": [
          0.4947154873935313,
          0.6688069758497617,
          0.5052845126064687,
          0.3311930241502384
        ],
        "evidence": [
          5
        ],
        "evidence_card": [
          2
        ]
      }
    },
    "12": {
      "type": "leaf",
      "in_degree": 1,
      "out_degree": 0,
      "betweenness": 0.0,
      "closeness": 0.05,
      "pagerank": 0.028581848262661476,
      "degree_centrality": 0.03125,
      "cpd": {
        "values": [
          0.3438200356255493,
          0.38090591408514074,
          0.6561799643744507,
          0.6190940859148594
        ],
        "evidence": [
          5
        ],
        "evidence_card": [
          2
        ]
      }
    },
    "13": {
      "type": "intermediate",
      "in_degree": 1,
      "out_degree": 1,
      "betweenness": 0.0030241935483870967,
      "closeness": 0.046875,
      "pagerank": 0.029445442999359618,
      "degree_centrality": 0.0625,
      "cpd": {
        "values": [
          0.9087867503065934,
          0.8403053894912437,
          0.09121324969340662,
          0.15969461050875633
        ],
        "evidence": [
          3
        ],
        "evidence_card": [
          2
        ]
      }
    },
    "14": {
      "type": "intermediate",
      "in_degree": 1,
      "out_degree": 4,
      "betweenness": 0.012096774193548387,
      "closeness": 0.046875,
      "pagerank": 0.029445442999359618,
      "degree_centrality": 0.15625,
      "cpd": {
        "values": [
          0.6666460635031409,
          0.5003354614170472,
          0.3333539364968591,
          0.4996645385829528
        ],
        "evidence": [
          3
        ],
        "evidence_card": [
          2
        ]
      }
    },
    "15": {
      "type": "intermediate",
      "in_degree": 1,
      "out_degree": 2,
      "betweenness": 0.005040322580645161,
      "closeness": 0.046875,
      "pagerank": 0.029445442999359618,
      "degree_centrality": 0.09375,
      "cpd": {
        "values": [
          0.24425323732879298,
          0.2999560933567274,
          0.7557467626712071,
          0.7000439066432727
        ],
        "evidence": [
          3
        ],
        "evidence_card": [
          2
        ]
      }
    },
    "16": {
      "type": "leaf",
      "in_degree": 1,
      "out_degree": 0,
      "betweenness": 0.0,