{
  "graph_index": 7763,
  "nodes": {
    "0": {
      "type": "root",
      "in_degree": 0,
      "out_degree": 2,
      "betweenness": 0.0,
      "closeness": 0.0,
      "pagerank": 0.03301196642858159,
      "degree_centrality": 0.1111111111111111,
      "cpd": {
        "values": [
          0.5,
          0.5,
          0.0,
          0.0
        ],
        "evidence": [],
        "evidence_card": []
      }
    },
    "1": {
      "type": "intermediate",
      "in_degree": 1,
      "out_degree": 2,
      "betweenness": 0.0196078431372549,
      "closeness": 0.05555555555555555,
      "pagerank": 0.04704250017689737,
      "degree_centrality": 0.16666666666666666,
      "cpd": {
        "values": [
          0.4522130781529762,
          0.13097431910592552,
          0.5477869218470239,
          0.8690256808940745
        ],
        "evidence": [
          0
        ],
        "evidence_card": [
          2
        ]
      }
    },
    "2": {
      "type": "intermediate",
      "in_degree": 1,
      "out_degree": 1,
      "betweenness": 0.032679738562091505,
      "closeness": 0.05555555555555555,
      "pagerank": 0.04704250017689737,
      "degree_centrality": 0.1111111111111111,
      "cpd": {
        "values": [
          0.5995657763883697,
          0.5151136230823715,
          0.4004342236116302,
          0.48488637691762854
        ],
        "evidence": [
          0
        ],
        "evidence_card": [
          2
        ]
      }
    },
    "3": {
      "type": "intermediate",
      "in_degree": 1,
      "out_degree": 3,
      "betweenness": 0.06209150326797386,
      "closeness": 0.07407407407407407,
      "pagerank": 0.0729989548934938,
      "degree_centrality": 0.2222222222222222,
      "cpd": {
        "values": [
          0.20150735463553637,
          0.8692287445507854,
          0.7984926453644636,
          0.1307712554492145
        ],
        "evidence": [
          2
        ],
        "evidence_card": [
          2
        ]
      }
    },
    "4": {
      "type": "intermediate",
      "in_degree": 1,
      "out_degree": 4,
      "betweenness": 0.03594771241830066,
      "closeness": 0.08333333333333333,
      "pagerank": 0.05369476767354159,
      "degree_centrality": 0.2777777777777778,
      "cpd": {
        "values": [
          0.8497949810283658,
          0.5334197501091539,
          0.15020501897163416,
          0.4665802498908462
        ],
        "evidence": [
          3
        ],
        "evidence_card": [
          2
        ]
      }
    },
    "5": {
      "type": "intermediate",
      "in_degree": 1,
      "out_degree": 3,
      "betweenness": 0.029411764705882353,
      "closeness": 0.08333333333333333,
      "pagerank": 0.05369476767354159,
      "degree_centrality": 0.2222222222222222,
      "cpd": {
        "values": [
          0.4856257074862693,
          0.04832279017926858,
          0.5143742925137307,
          0.9516772098207315
        ],
        "evidence": [
          3
        ],
        "evidence_card": [
          2
        ]
      }
    },
    "6": {
      "type": "leaf",
      "in_degree": 1,
      "out_degree": 0,
      "betweenness": 0.0,
      "closeness": 0.08888888888888889,
      "pagerank": 0.04822521089142852,
      "degree_centrality": 0.05555555555555555,
      "cpd": {
        "values": [
          0.5101830756440217,
          0.32155910217749084,
          0.48981692435597846,
          0.6784408978225092
        ],
        "evidence": [
          5
        ],
        "evidence_card": [
          2
        ]
      }
    },
    "7": {
      "type": "leaf",
      "in_degree": 1,
      "out_degree": 0,
      "betweenness": 0.0,
      "closeness": 0.08888888888888889,
      "pagerank": 0.04822521089142852,
      "degree_centrality": 0.05555555555555555,
      "cpd": {
        "values": [
          0.49069519388552185,
          0.6830889935758342,
          0.5093048061144783,
          0.3169110064241659
        ],
        "evidence": [
          5
        ],
        "evidence_card": [
          2
        ]
      }
    },
    "8": {
      "type": "leaf",
      "in_degree": 1,
      "out_degree": 0,
      "betweenness": 0.0,
      "closeness": 0.08888888888888889,
      "pagerank": 0.04822521089142852,
      "degree_centrality": 0.05555555555555555,
      "cpd": {
        "values": [
          0.781945247975049,
          0.4884155921112643,
          0.218054752024951,
          0.5115844078887357
        ],
        "evidence": [
          5
        ],
        "evidence_card": [
          2
        ]
      }
    },
    "9": {
      "type": "leaf",
      "in_degree": 1,
      "out_degree": 0,
      "betweenness": 0.0,
      "closeness": 0.08888888888888889,
      "pagerank": 0.0444218997757168,
      "degree_centrality": 0.05555555555555555,
      "cpd": {
        "values": [
          0.42827358618866795,
          0.8421346607733049,
          0.571726413811332,
          0.15786533922669507
        ],
        "evidence": [
          4
        ],
        "evidence_card": [
          2
        ]
      }
    },
    "10": {
      "type": "leaf",
      "in_degree": 1,
      "out_degree": 0,
      "betweenness": 0.0,
      "closeness": 0.08888888888888889,
      "pagerank": 0.0444218997757168,
      "degree_centrality": 0.05555555555555555,
      "cpd": {
        "values": [
          0.9631281426609528,
          0.48137787905814106,
          0.03687185733904713,
          0.5186221209418589
        ],
        "evidence": [
          4
        ],
        "evidence_card": [
          2
        ]
      }
    },
    "11": {
      "type": "leaf",
      "in_degree": 1,
      "out_degree": 0,
      "betweenness": 0.0,
      "closeness": 0.08888888888888889,
      "pagerank": 0.0444218997757168,
      "degree_centrality": 0.05555555555555555,
      "cpd": {
        "values": [
          0.808603396129401,
          0.846504976677582,
          0.19139660387059906,
          0.15349502332241804
        ],
        "evidence": [
          4
        ],
        "evidence_card": [
          2
        ]
      }
    },
    "12": {
      "type": "leaf",
      "in_degree": 2,
      "out_degree": 0,
      "betweenness": 0.0,
      "closeness": 0.154320987654321,
      "pagerank": 0.0644153940081729,
      "degree_centrality": 0.1111111111111111,
      "cpd": {
        "values": [
          0.2741491409564667,
          0.26835764735763684,
          0.33868128473154513,
          0.6373290255656023
        ],
        "evidence": [
          1,
          4
        ],
        "evidence_card": [
          2,
          2
        ]
      }
    },
    "13": {
      "type": "intermediate",
      "in_degree": 1,
      "out_degree": 1,
      "betweenness": 0.029411764705882353,
      "closeness": 0.07407407407407407,
      "pagerank": 0.0530054606610377,
      "degree_centrality": 0.1111111111111111,
      "cpd": {
        "values": [
          0.7646235191983856,
          0.5737971293337786,
          0.23537648080161447,
          0.4262028706662215
        ],
        "evidence": [
          1
        ],
        "evidence_card": [
          2
        ]
      }
    },
    "14": {
      "type": "intermediate",
      "in_degree": 1,
      "out_degree": 4,
      "betweenness": 0.03594771241830066,
      "closeness": 0.08333333333333333,
      "pagerank": 0.07806670204433737,
      "degree_centrality": 0.2777777777777778,
      "cpd": {
        "values": [
          0.012196148850640316,
          0.6465557575804501,
          0.9878038511493596,
          0.35344424241954975
        ],
        "evidence": [
          13
        ],
        "evidence_card": [
          2
        ]
      }
    },
    "15": {
      "type": "leaf",
      "in_degree": 1,
      "out_degree": 0,
      "betweenness": 0.0,
      "closeness": 0.08888888888888889,
      "pagerank": 0.049600713254275605,
      "degree_centrality": 0.05555555555555555,