{
  "graph_index": 7535,
  "nodes": {
    "0": {
      "type": "root",
      "in_degree": 0,
      "out_degree": 2,
      "betweenness": 0.0,
      "closeness": 0.0,
      "pagerank": 0.021655834689126106,
      "degree_centrality": 0.07142857142857142,
      "cpd": {
        "values": [
          0.5,
          0.5,
          0.0,
          0.0
        ],
        "evidence": [],
        "evidence_card": []
      }
    },
    "1": {
      "type": "intermediate",
      "in_degree": 1,
      "out_degree": 3,
      "betweenness": 0.009259259259259259,
      "closeness": 0.03571428571428571,
      "pagerank": 0.03085984917236898,
      "degree_centrality": 0.14285714285714285,
      "cpd": {
        "values": [
          0.1154993184954848,
          0.5914167229592692,
          0.8845006815045152,
          0.4085832770407308
        ],
        "evidence": [
          0
        ],
        "evidence_card": [
          2
        ]
      }
    },
    "2": {
      "type": "intermediate",
      "in_degree": 1,
      "out_degree": 4,
      "betweenness": 0.02513227513227513,
      "closeness": 0.03571428571428571,
      "pagerank": 0.03085984917236898,
      "degree_centrality": 0.17857142857142855,
      "cpd": {
        "values": [
          0.7289690020696222,
          0.5575251952166808,
          0.27103099793037777,
          0.4424748047833193
        ],
        "evidence": [
          0
        ],
        "evidence_card": [
          2
        ]
      }
    },
    "3": {
      "type": "intermediate",
      "in_degree": 1,
      "out_degree": 1,
      "betweenness": 0.010582010582010581,
      "closeness": 0.047619047619047616,
      "pagerank": 0.028213563363491467,
      "degree_centrality": 0.07142857142857142,
      "cpd": {
        "values": [
          0.8088268064243506,
          0.6179503884981319,
          0.19117319357564946,
          0.3820496115018681
        ],
        "evidence": [
          2
        ],
        "evidence_card": [
          2
        ]
      }
    },
    "4": {
      "type": "intermediate",
      "in_degree": 1,
      "out_degree": 2,
      "betweenness": 0.013227513227513227,
      "closeness": 0.047619047619047616,
      "pagerank": 0.028213563363491467,
      "degree_centrality": 0.10714285714285714,
      "cpd": {
        "values": [
          0.5947116352678163,
          0.6658693356670002,
          0.4052883647321837,
          0.33413066433299976
        ],
        "evidence": [
          2
        ],
        "evidence_card": [
          2
        ]
      }
    },
    "5": {
      "type": "intermediate",
      "in_degree": 1,
      "out_degree": 4,
      "betweenness": 0.022486772486772486,
      "closeness": 0.047619047619047616,
      "pagerank": 0.028213563363491467,
      "degree_centrality": 0.17857142857142855,
      "cpd": {
        "values": [
          0.8345637429346947,
          0.2874885417093704,
          0.16543625706530538,
          0.7125114582906296
        ],
        "evidence": [
          2
        ],
        "evidence_card": [
          2
        ]
      }
    },
    "6": {
      "type": "intermediate",
      "in_degree": 1,
      "out_degree": 3,
      "betweenness": 0.011904761904761904,
      "closeness": 0.05357142857142857,
      "pagerank": 0.027651209783210142,
      "degree_centrality": 0.14285714285714285,
      "cpd": {
        "values": [
          0.3942836899665998,
          0.5248580573085316,
          0.6057163100334001,
          0.4751419426914684
        ],
        "evidence": [
          5
        ],
        "evidence_card": [
          2
        ]
      }
    },
    "7": {
      "type": "intermediate",
      "in_degree": 2,
      "out_degree": 2,
      "betweenness": 0.010582010582010581,
      "closeness": 0.09523809523809523,
      "pagerank": 0.0363948480156973,
      "degree_centrality": 0.14285714285714285,
      "cpd": {
        "values": [
          0.2583224704596697,
          0.9597708140653193,
          0.48643780799072606,
          0.10628110664942646
        ],
        "evidence": [
          1,
          5
        ],
        "evidence_card": [
          2,
          2
        ]
      }
    },
    "8": {
      "type": "intermediate",
      "in_degree": 1,
      "out_degree": 1,
      "betweenness": 0.003968253968253968,
      "closeness": 0.05357142857142857,
      "pagerank": 0.027651209783210142,
      "degree_centrality": 0.07142857142857142,
      "cpd": {
        "values": [
          0.018807847240449243,
          0.16571305470637615,
          0.9811921527595507,
          0.8342869452936238
        ],
        "evidence": [
          5
        ],
        "evidence_card": [
          2
        ]
      }
    },
    "9": {
      "type": "leaf",
      "in_degree": 1,
      "out_degree": 0,
      "betweenness": 0.0,
      "closeness": 0.05714285714285714,
      "pagerank": 0.04516000323686288,
      "degree_centrality": 0.03571428571428571,
      "cpd": {
        "values": [
          0.6133418868294205,
          0.38641305110065227,
          0.3866581131705796,
          0.6135869488993477
        ],
        "evidence": [
          8
        ],
        "evidence_card": [
          2
        ]
      }
    },
    "10": {
      "type": "leaf",
      "in_degree": 1,
      "out_degree": 0,
      "betweenness": 0.0,
      "closeness": 0.08116883116883117,
      "pagerank": 0.03712356656956143,
      "degree_centrality": 0.03571428571428571,
      "cpd": {
        "values": [
          0.2732775037624206,
          0.3434810711375262,
          0.7267224962375793,
          0.6565189288624738
        ],
        "evidence": [
          7
        ],
        "evidence_card": [
          2
        ]
      }
    },
    "11": {
      "type": "leaf",
      "in_degree": 1,
      "out_degree": 0,
      "betweenness": 0.0,
      "closeness": 0.08116883116883117,
      "pagerank": 0.03712356656956143,
      "degree_centrality": 0.03571428571428571,
      "cpd": {
        "values": [
          0.040834960950602524,
          0.13591427137545822,
          0.9591650390493974,
          0.8640857286245418
        ],
        "evidence": [
          7
        ],
        "evidence_card": [
          2
        ]
      }
    },
    "12": {
      "type": "leaf",
      "in_degree": 1,
      "out_degree": 0,
      "betweenness": 0.0,
      "closeness": 0.05714285714285714,
      "pagerank": 0.029490557538371695,
      "degree_centrality": 0.03571428571428571,
      "cpd": {
        "values": [
          0.3560428982844252,
          0.5413208287334901,
          0.6439571017155749,
          0.4586791712665099
        ],
        "evidence": [
          6
        ],
        "evidence_card": [
          2
        ]
      }
    },
    "13": {
      "type": "leaf",
      "in_degree": 1,
      "out_degree": 0,
      "betweenness": 0.0,
      "closeness": 0.05714285714285714,
      "pagerank": 0.029490557538371695,
      "degree_centrality": 0.03571428571428571,
      "cpd": {
        "values": [
          0.08791387783394854,
          0.7821111876905386,
          0.9120861221660514,
          0.21788881230946158
        ],
        "evidence": [
          6
        ],
        "evidence_card": [
          2
        ]
      }
    },
    "14": {
      "type": "leaf",
      "in_degree": 1,
      "out_degree": 0,
      "betweenness": 0.0,
      "closeness": 0.05714285714285714,
      "pagerank": 0.029490557538371695,
      "degree_centrality": 0.03571428571428571,
      "cpd": {
        "values": [
          0.723275670642655,
          0.3061801794764665,
          0.27672432935734503,
          0.6938198205235335
        ],
        "evidence": [
          6
        ],
        "evidence_card": [
          2
        ]
      }
    },
    "15": {
      "type": "intermediate",
      "in_degree": 1,
      "out_degree": 1,
      "betweenness": 0.0026455026455026454,
      "closeness": 0.05357142857142857,
      "pagerank": 0.03364658487729418,