{
  "graph_index": 4858,
  "nodes": {
    "0": {
      "type": "root",
      "in_degree": 0,
      "out_degree": 2,
      "betweenness": 0.0,
      "closeness": 0.0,
      "pagerank": 0.023742883867290527,
      "degree_centrality": 0.08,
      "cpd": {
        "values": [
          0.5,
          0.5,
          0.0,
          0.0
        ],
        "evidence": [],
        "evidence_card": []
      }
    },
    "1": {
      "type": "intermediate",
      "in_degree": 1,
      "out_degree": 3,
      "betweenness": 0.035,
      "closeness": 0.04,
      "pagerank": 0.03383375006731261,
      "degree_centrality": 0.16,
      "cpd": {
        "values": [
          0.33392062713339343,
          0.39906102715590586,
          0.6660793728666066,
          0.6009389728440943
        ],
        "evidence": [
          0
        ],
        "evidence_card": [
          2
        ]
      }
    },
    "2": {
      "type": "intermediate",
      "in_degree": 1,
      "out_degree": 1,
      "betweenness": 0.0033333333333333335,
      "closeness": 0.04,
      "pagerank": 0.03383375006731261,
      "degree_centrality": 0.08,
      "cpd": {
        "values": [
          0.7105077462444451,
          0.6103084686203867,
          0.2894922537555549,
          0.38969153137961327
        ],
        "evidence": [
          0
        ],
        "evidence_card": [
          2
        ]
      }
    },
    "3": {
      "type": "intermediate",
      "in_degree": 1,
      "out_degree": 2,
      "betweenness": 0.01,
      "closeness": 0.05333333333333333,
      "pagerank": 0.05250148982584491,
      "degree_centrality": 0.12,
      "cpd": {
        "values": [
          0.6002919399904221,
          0.7507545625966928,
          0.39970806000957787,
          0.24924543740330715
        ],
        "evidence": [
          2
        ],
        "evidence_card": [
          2
        ]
      }
    },
    "4": {
      "type": "intermediate",
      "in_degree": 2,
      "out_degree": 3,
      "betweenness": 0.018333333333333333,
      "closeness": 0.10666666666666666,
      "pagerank": 0.055642025000921566,
      "degree_centrality": 0.2,
      "cpd": {
        "values": [
          0.05829503958013578,
          0.3249152868016718,
          0.9752710254868503,
          0.4622758084496519
        ],
        "evidence": [
          1,
          3
        ],
        "evidence_card": [
          2,
          2
        ]
      }
    },
    "5": {
      "type": "leaf",
      "in_degree": 1,
      "out_degree": 0,
      "betweenness": 0.0,
      "closeness": 0.09090909090909091,
      "pagerank": 0.03950770150440982,
      "degree_centrality": 0.04,
      "cpd": {
        "values": [
          0.5785253641084234,
          0.03150820166676454,
          0.4214746358915766,
          0.9684917983332355
        ],
        "evidence": [
          4
        ],
        "evidence_card": [
          2
        ]
      }
    },
    "6": {
      "type": "leaf",
      "in_degree": 1,
      "out_degree": 0,
      "betweenness": 0.0,
      "closeness": 0.09090909090909091,
      "pagerank": 0.03950770150440982,
      "degree_centrality": 0.04,
      "cpd": {
        "values": [
          0.46899645353413655,
          0.7384153214566234,
          0.5310035464658635,
          0.2615846785433766
        ],
        "evidence": [
          4
        ],
        "evidence_card": [
          2
        ]
      }
    },
    "7": {
      "type": "leaf",
      "in_degree": 2,
      "out_degree": 0,
      "betweenness": 0.0,
      "closeness": 0.12,
      "pagerank": 0.04517365771074188,
      "degree_centrality": 0.08,
      "cpd": {
        "values": [
          0.04323918960028448,
          0.4589656952743577,
          0.5156933961912687,
          0.27243221339324
        ],
        "evidence": [
          8,
          4
        ],
        "evidence_card": [
          2,
          2
        ]
      }
    },
    "8": {
      "type": "intermediate",
      "in_degree": 1,
      "out_degree": 5,
      "betweenness": 0.03333333333333333,
      "closeness": 0.05333333333333333,
      "pagerank": 0.033329085853475326,
      "degree_centrality": 0.24,
      "cpd": {
        "values": [
          0.4125992263813301,
          0.9261594711332892,
          0.5874007736186699,
          0.07384052886671079
        ],
        "evidence": [
          1
        ],
        "evidence_card": [
          2
        ]
      }
    },
    "9": {
      "type": "intermediate",
      "in_degree": 1,
      "out_degree": 3,
      "betweenness": 0.02,
      "closeness": 0.05333333333333333,
      "pagerank": 0.033329085853475326,
      "degree_centrality": 0.16,
      "cpd": {
        "values": [
          0.12386857928146892,
          0.6819660673405716,
          0.8761314207185311,
          0.3180339326594284
        ],
        "evidence": [
          1
        ],
        "evidence_card": [
          2
        ]
      }
    },
    "10": {
      "type": "intermediate",
      "in_degree": 1,
      "out_degree": 1,
      "betweenness": 0.005,
      "closeness": 0.06,
      "pagerank": 0.03318614421117729,
      "degree_centrality": 0.08,
      "cpd": {
        "values": [
          0.9056924609854106,
          0.98565168808498,
          0.09430753901458944,
          0.014348311915019937
        ],
        "evidence": [
          9
        ],
        "evidence_card": [
          2
        ]
      }
    },
    "11": {
      "type": "intermediate",
      "in_degree": 1,
      "out_degree": 2,
      "betweenness": 0.01,
      "closeness": 0.06,
      "pagerank": 0.03318614421117729,
      "degree_centrality": 0.12,
      "cpd": {
        "values": [
          0.2599705473594593,
          0.565249990524993,
          0.7400294526405405,
          0.434750009475007
        ],
        "evidence": [
          9
        ],
        "evidence_card": [
          2
        ]
      }
    },
    "12": {
      "type": "leaf",
      "in_degree": 1,
      "out_degree": 0,
      "betweenness": 0.0,
      "closeness": 0.064,
      "pagerank": 0.03784690773361461,
      "degree_centrality": 0.04,
      "cpd": {
        "values": [
          0.7627739860789157,
          0.8254180337860768,
          0.2372260139210843,
          0.17458196621392322
        ],
        "evidence": [
          11
        ],
        "evidence_card": [
          2
        ]
      }
    },
    "13": {
      "type": "leaf",
      "in_degree": 1,
      "out_degree": 0,
      "betweenness": 0.0,
      "closeness": 0.064,
      "pagerank": 0.03784690773361461,
      "degree_centrality": 0.04,
      "cpd": {
        "values": [
          0.4750363445915903,
          0.2795295694214704,
          0.5249636554084098,
          0.7204704305785297
        ],
        "evidence": [
          11
        ],
        "evidence_card": [
          2
        ]
      }
    },
    "14": {
      "type": "leaf",
      "in_degree": 1,
      "out_degree": 0,
      "betweenness": 0.0,
      "closeness": 0.064,
      "pagerank": 0.05195093159993871,
      "degree_centrality": 0.04,
      "cpd": {
        "values": [
          0.7452710624792175,
          0.44347755801688965,
          0.2547289375207825,
          0.5565224419831103
        ],
        "evidence": [
          10
        ],
        "evidence_card": [
          2
        ]
      }
    },
    "15": {
      "type": "intermediate",
      "in_degree": 1,
      "out_degree": 2,
      "betweenness": 0.01,
      "closeness": 0.06,
      "pagerank": 0.029408840073622582,
      "degree_centrality": 0.12,
      "cpd": {
        "values": [
          0.4643706979531207,
          0.3518950935265922,
          0.5356293020468793,
          0.6481049064734078
        ],
        "evidence": [
          8
        ],
        "evidence_card": [
          2
        ]
      }
    },
    "16": {
      "type": "intermediate",
      "in_degree": 1,
      "out_degree": 1,
      "betweenness": 0.005,
      "closeness": 0.06,