{
  "graph_index": 8693,
  "nodes": {
    "0": {
      "type": "root",
      "in_degree": 0,
      "out_degree": 2,
      "betweenness": 0.0,
      "closeness": 0.0,
      "pagerank": 0.01795579446384394,
      "degree_centrality": 0.05714285714285714,
      "cpd": {
        "values": [
          0.5,
          0.5,
          0.0,
          0.0
        ],
        "evidence": [],
        "evidence_card": []
      }
    },
    "1": {
      "type": "intermediate",
      "in_degree": 1,
      "out_degree": 3,
      "betweenness": 0.011764705882352941,
      "closeness": 0.02857142857142857,
      "pagerank": 0.025587190177062735,
      "degree_centrality": 0.11428571428571428,
      "cpd": {
        "values": [
          0.4742219904665979,
          0.9199863055047691,
          0.525778009533402,
          0.08001369449523094
        ],
        "evidence": [
          0
        ],
        "evidence_card": [
          2
        ]
      }
    },
    "2": {
      "type": "intermediate",
      "in_degree": 1,
      "out_degree": 4,
      "betweenness": 0.01596638655462185,
      "closeness": 0.02857142857142857,
      "pagerank": 0.025587190177062735,
      "degree_centrality": 0.14285714285714285,
      "cpd": {
        "values": [
          0.6028259670904834,
          0.6070828959308573,
          0.3971740329095166,
          0.39291710406914265
        ],
        "evidence": [
          0
        ],
        "evidence_card": [
          2
        ]
      }
    },
    "3": {
      "type": "intermediate",
      "in_degree": 1,
      "out_degree": 2,
      "betweenness": 0.010084033613445379,
      "closeness": 0.03809523809523809,
      "pagerank": 0.023393037370246242,
      "degree_centrality": 0.08571428571428572,
      "cpd": {
        "values": [
          0.5090392168981223,
          0.5593717039180519,
          0.49096078310187774,
          0.44062829608194803
        ],
        "evidence": [
          2
        ],
        "evidence_card": [
          2
        ]
      }
    },
    "4": {
      "type": "intermediate",
      "in_degree": 1,
      "out_degree": 2,
      "betweenness": 0.0067226890756302525,
      "closeness": 0.03809523809523809,
      "pagerank": 0.023393037370246242,
      "degree_centrality": 0.08571428571428572,
      "cpd": {
        "values": [
          0.5053249303375802,
          0.053857538763406806,
          0.4946750696624198,
          0.9461424612365932
        ],
        "evidence": [
          2
        ],
        "evidence_card": [
          2
        ]
      }
    },
    "5": {
      "type": "intermediate",
      "in_degree": 1,
      "out_degree": 2,
      "betweenness": 0.009243697478991597,
      "closeness": 0.03809523809523809,
      "pagerank": 0.023393037370246242,
      "degree_centrality": 0.08571428571428572,
      "cpd": {
        "values": [
          0.9842404143725374,
          0.6245629128077288,
          0.015759585627462557,
          0.37543708719227115
        ],
        "evidence": [
          2
        ],
        "evidence_card": [
          2
        ]
      }
    },
    "6": {
      "type": "intermediate",
      "in_degree": 1,
      "out_degree": 4,
      "betweenness": 0.008403361344537816,
      "closeness": 0.04285714285714286,
      "pagerank": 0.027897811381225213,
      "degree_centrality": 0.14285714285714285,
      "cpd": {
        "values": [
          0.8516160767177877,
          0.5836213057060042,
          0.14838392328221225,
          0.41637869429399577
        ],
        "evidence": [
          5
        ],
        "evidence_card": [
          2
        ]
      }
    },
    "7": {
      "type": "intermediate",
      "in_degree": 1,
      "out_degree": 2,
      "betweenness": 0.0025210084033613447,
      "closeness": 0.04285714285714286,
      "pagerank": 0.027897811381225213,
      "degree_centrality": 0.08571428571428572,
      "cpd": {
        "values": [
          0.7784331585599495,
          0.31357844621156167,
          0.22156684144005048,
          0.6864215537884384
        ],
        "evidence": [
          5
        ],
        "evidence_card": [
          2
        ]
      }
    },
    "8": {
      "type": "leaf",
      "in_degree": 2,
      "out_degree": 0,
      "betweenness": 0.0,
      "closeness": 0.07936507936507936,
      "pagerank": 0.03975468438187227,
      "degree_centrality": 0.05714285714285714,
      "cpd": {
        "values": [
          0.5493844098234965,
          0.41376984875604156,
          0.44416466585481845,
          0.5774075306756179
        ],
        "evidence": [
          3,
          7
        ],
        "evidence_card": [
          2,
          2
        ]
      }
    },
    "9": {
      "type": "leaf",
      "in_degree": 2,
      "out_degree": 0,
      "betweenness": 0.0,
      "closeness": 0.07936507936507936,
      "pagerank": 0.0370623246730274,
      "degree_centrality": 0.05714285714285714,
      "cpd": {
        "values": [
          0.6347364609648276,
          0.25376565022575226,
          0.7625074993734317,
          0.920836219724781
        ],
        "evidence": [
          1,
          7
        ],
        "evidence_card": [
          2,
          2
        ]
      }
    },
    "10": {
      "type": "leaf",
      "in_degree": 1,
      "out_degree": 0,
      "betweenness": 0.0,
      "closeness": 0.045714285714285714,
      "pagerank": 0.023884230964167467,
      "degree_centrality": 0.02857142857142857,
      "cpd": {
        "values": [
          0.475020499062321,
          0.8194310588226074,
          0.5249795009376791,
          0.18056894117739264
        ],
        "evidence": [
          6
        ],
        "evidence_card": [
          2
        ]
      }
    },
    "11": {
      "type": "leaf",
      "in_degree": 1,
      "out_degree": 0,
      "betweenness": 0.0,
      "closeness": 0.045714285714285714,
      "pagerank": 0.023884230964167467,
      "degree_centrality": 0.02857142857142857,
      "cpd": {
        "values": [
          0.010857101364055611,
          0.484508842890979,
          0.9891428986359444,
          0.515491157109021
        ],
        "evidence": [
          6
        ],
        "evidence_card": [
          2
        ]
      }
    },
    "12": {
      "type": "leaf",
      "in_degree": 1,
      "out_degree": 0,
      "betweenness": 0.0,
      "closeness": 0.045714285714285714,
      "pagerank": 0.023884230964167467,
      "degree_centrality": 0.02857142857142857,
      "cpd": {
        "values": [
          0.4061626535023197,
          0.3574900883441057,
          0.5938373464976804,
          0.6425099116558942
        ],
        "evidence": [
          6
        ],
        "evidence_card": [
          2
        ]
      }
    },
    "13": {
      "type": "leaf",
      "in_degree": 2,
      "out_degree": 0,
      "betweenness": 0.0,
      "closeness": 0.07936507936507936,
      "pagerank": 0.03382624788154874,
      "degree_centrality": 0.05714285714285714,
      "cpd": {
        "values": [
          0.9964337678246006,
          0.7486649930743079,
          0.4235252831007463,
          0.233727979878232
        ],
        "evidence": [
          4,
          6
        ],
        "evidence_card": [
          2,
          2
        ]
      }
    },
    "14": {
      "type": "intermediate",
      "in_degree": 1,
      "out_degree": 2,
      "betweenness": 0.005042016806722689,
      "closeness": 0.04285714285714286,
      "pagerank": 0.027897811381225213,
      "degree_centrality": 0.08571428571428572,
      "cpd": {
        "values": [
          0.5575535367601906,
          0.3025559158943436,
          0.4424464632398094,
          0.6974440841056564
        ],
        "evidence": [
          4
        ],
        "evidence_card": [
          2
        ]
      }
    },
    "15": {
      "type": "leaf",
      "in_degree": 1,
      "out_degree": 0,
      "betweenness": 0.0,
      "closeness": 0.045714285714285714,
      "pagerank": 0.029812667464490995,