{
  "graph_index": 7372,
  "nodes": {
    "0": {
      "type": "root",
      "in_degree": 0,
      "out_degree": 1,
      "betweenness": 0.0,
      "closeness": 0.0,
      "pagerank": 0.033855450190865166,
      "degree_centrality": 0.058823529411764705,
      "cpd": {
        "values": [
          0.5,
          0.5,
          0.0,
          0.0
        ],
        "evidence": [],
        "evidence_card": []
      }
    },
    "1": {
      "type": "intermediate",
      "in_degree": 1,
      "out_degree": 2,
      "betweenness": 0.058823529411764705,
      "closeness": 0.058823529411764705,
      "pagerank": 0.06263234724513013,
      "degree_centrality": 0.1764705882352941,
      "cpd": {
        "values": [
          0.9866972274750889,
          0.9013134238993658,
          0.01330277252491109,
          0.09868657610063426
        ],
        "evidence": [
          0
        ],
        "evidence_card": [
          2
        ]
      }
    },
    "2": {
      "type": "intermediate",
      "in_degree": 1,
      "out_degree": 4,
      "betweenness": 0.058823529411764705,
      "closeness": 0.0784313725490196,
      "pagerank": 0.060474512206806816,
      "degree_centrality": 0.29411764705882354,
      "cpd": {
        "values": [
          0.23039938365056423,
          0.6088282002784684,
          0.7696006163494359,
          0.3911717997215316
        ],
        "evidence": [
          1
        ],
        "evidence_card": [
          2
        ]
      }
    },
    "3": {
      "type": "intermediate",
      "in_degree": 1,
      "out_degree": 3,
      "betweenness": 0.044117647058823525,
      "closeness": 0.0784313725490196,
      "pagerank": 0.060474512206806816,
      "degree_centrality": 0.23529411764705882,
      "cpd": {
        "values": [
          0.343261724461292,
          0.3811078099738838,
          0.656738275538708,
          0.6188921900261162
        ],
        "evidence": [
          1
        ],
        "evidence_card": [
          2
        ]
      }
    },
    "4": {
      "type": "intermediate",
      "in_degree": 1,
      "out_degree": 2,
      "betweenness": 0.014705882352941176,
      "closeness": 0.08823529411764706,
      "pagerank": 0.05098980353759283,
      "degree_centrality": 0.1764705882352941,
      "cpd": {
        "values": [
          0.42730802844920357,
          0.8188954824829274,
          0.5726919715507963,
          0.18110451751707252
        ],
        "evidence": [
          3
        ],
        "evidence_card": [
          2
        ]
      }
    },
    "5": {
      "type": "intermediate",
      "in_degree": 1,
      "out_degree": 2,
      "betweenness": 0.022058823529411763,
      "closeness": 0.08823529411764706,
      "pagerank": 0.05098980353759283,
      "degree_centrality": 0.1764705882352941,
      "cpd": {
        "values": [
          0.079443011520349,
          0.10255442756116656,
          0.920556988479651,
          0.8974455724388334
        ],
        "evidence": [
          3
        ],
        "evidence_card": [
          2
        ]
      }
    },
    "6": {
      "type": "leaf",
      "in_degree": 1,
      "out_degree": 0,
      "betweenness": 0.0,
      "closeness": 0.09411764705882353,
      "pagerank": 0.055525812850537426,
      "degree_centrality": 0.058823529411764705,
      "cpd": {
        "values": [
          0.18522956111917063,
          0.8682145931718885,
          0.8147704388808293,
          0.13178540682811146
        ],
        "evidence": [
          5
        ],
        "evidence_card": [
          2
        ]
      }
    },
    "7": {
      "type": "leaf",
      "in_degree": 1,
      "out_degree": 0,
      "betweenness": 0.0,
      "closeness": 0.09411764705882353,
      "pagerank": 0.055525812850537426,
      "degree_centrality": 0.058823529411764705,
      "cpd": {
        "values": [
          0.6565709648288488,
          0.4233645839142969,
          0.34342903517115125,
          0.576635416085703
        ],
        "evidence": [
          5
        ],
        "evidence_card": [
          2
        ]
      }
    },
    "8": {
      "type": "leaf",
      "in_degree": 1,
      "out_degree": 0,
      "betweenness": 0.0,
      "closeness": 0.09411764705882353,
      "pagerank": 0.055525812850537426,
      "degree_centrality": 0.058823529411764705,
      "cpd": {
        "values": [
          0.9066417197822789,
          0.9229717301492358,
          0.09335828021772104,
          0.07702826985076415
        ],
        "evidence": [
          4
        ],
        "evidence_card": [
          2
        ]
      }
    },
    "9": {
      "type": "leaf",
      "in_degree": 2,
      "out_degree": 0,
      "betweenness": 0.0,
      "closeness": 0.16339869281045752,
      "pagerank": 0.06837657786058318,
      "degree_centrality": 0.11764705882352941,
      "cpd": {
        "values": [
          0.3033683227759403,
          0.2101324029194501,
          0.5604119835416976,
          0.472064300670445
        ],
        "evidence": [
          2,
          4
        ],
        "evidence_card": [
          2,
          2
        ]
      }
    },
    "10": {
      "type": "intermediate",
      "in_degree": 1,
      "out_degree": 1,
      "betweenness": 0.003676470588235294,
      "closeness": 0.08823529411764706,
      "pagerank": 0.04670621520091092,
      "degree_centrality": 0.11764705882352941,
      "cpd": {
        "values": [
          0.8614605686566803,
          0.6099060224314563,
          0.13853943134331978,
          0.3900939775685437
        ],
        "evidence": [
          2
        ],
        "evidence_card": [
          2
        ]
      }
    },
    "11": {
      "type": "intermediate",
      "in_degree": 1,
      "out_degree": 2,
      "betweenness": 0.022058823529411763,
      "closeness": 0.08823529411764706,
      "pagerank": 0.04670621520091092,
      "degree_centrality": 0.1764705882352941,
      "cpd": {
        "values": [
          0.7553819527951801,
          0.3341034251318349,
          0.24461804720481992,
          0.6658965748681651
        ],
        "evidence": [
          2
        ],
        "evidence_card": [
          2
        ]
      }
    },
    "12": {
      "type": "intermediate",
      "in_degree": 1,
      "out_degree": 2,
      "betweenness": 0.022058823529411763,
      "closeness": 0.08823529411764706,
      "pagerank": 0.04670621520091092,
      "degree_centrality": 0.1764705882352941,
      "cpd": {
        "values": [
          0.43359751918346745,
          0.7859039386136504,
          0.5664024808165325,
          0.21409606138634968
        ],
        "evidence": [
          2
        ],
        "evidence_card": [
          2
        ]
      }
    },
    "13": {
      "type": "leaf",
      "in_degree": 1,
      "out_degree": 0,
      "betweenness": 0.0,
      "closeness": 0.09411764705882353,
      "pagerank": 0.05370533431740247,
      "degree_centrality": 0.058823529411764705,
      "cpd": {
        "values": [
          0.0781106722997505,
          0.9044110230272209,
          0.9218893277002496,
          0.0955889769727791
        ],
        "evidence": [
          12
        ],
        "evidence_card": [
          2
        ]
      }
    },
    "14": {
      "type": "leaf",
      "in_degree": 1,
      "out_degree": 0,
      "betweenness": 0.0,
      "closeness": 0.09411764705882353,
      "pagerank": 0.05370533431740247,
      "degree_centrality": 0.058823529411764705,
      "cpd": {
        "values": [
          0.4883110436413008,
          0.9328260854057727,
          0.5116889563586992,
          0.06717391459422725
        ],
        "evidence": [
          12
        ],
        "evidence_card": [
          2
        ]
      }
    },
    "15": {
      "type": "leaf",
      "in_degree": 1,
      "out_degree": 0,
      "betweenness": 0.0,
      "closeness": 0.09411764705882353,
      "pagerank": 0.05370533431740247,
      "degree_centrality": 0.058823529411764705,