{
  "graph_index": 9374,
  "nodes": {
    "0": {
      "type": "root",
      "in_degree": 0,
      "out_degree": 1,
      "betweenness": 0.0,
      "closeness": 0.0,
      "pagerank": 0.02146547932962132,
      "degree_centrality": 0.03333333333333333,
      "cpd": {
        "values": [
          0.5,
          0.5,
          0.0,
          0.0
        ],
        "evidence": [],
        "evidence_card": []
      }
    },
    "1": {
      "type": "intermediate",
      "in_degree": 1,
      "out_degree": 3,
      "betweenness": 0.03333333333333333,
      "closeness": 0.03333333333333333,
      "pagerank": 0.03971064770393405,
      "degree_centrality": 0.13333333333333333,
      "cpd": {
        "values": [
          0.6214923905305696,
          0.4984098460562623,
          0.3785076094694304,
          0.5015901539437376
        ],
        "evidence": [
          0
        ],
        "evidence_card": [
          2
        ]
      }
    },
    "2": {
      "type": "intermediate",
      "in_degree": 1,
      "out_degree": 2,
      "betweenness": 0.011494252873563218,
      "closeness": 0.04444444444444444,
      "pagerank": 0.0327166191575864,
      "degree_centrality": 0.1,
      "cpd": {
        "values": [
          0.059744916550876916,
          0.5510854745779404,
          0.9402550834491231,
          0.4489145254220595
        ],
        "evidence": [
          1
        ],
        "evidence_card": [
          2
        ]
      }
    },
    "3": {
      "type": "intermediate",
      "in_degree": 1,
      "out_degree": 4,
      "betweenness": 0.02528735632183908,
      "closeness": 0.04444444444444444,
      "pagerank": 0.0327166191575864,
      "degree_centrality": 0.16666666666666666,
      "cpd": {
        "values": [
          0.7102090817295016,
          0.39528315133957864,
          0.2897909182704985,
          0.6047168486604214
        ],
        "evidence": [
          1
        ],
        "evidence_card": [
          2
        ]
      }
    },
    "4": {
      "type": "intermediate",
      "in_degree": 1,
      "out_degree": 4,
      "betweenness": 0.022988505747126436,
      "closeness": 0.04444444444444444,
      "pagerank": 0.0327166191575864,
      "degree_centrality": 0.16666666666666666,
      "cpd": {
        "values": [
          0.4194247625957533,
          0.5495041968911012,
          0.5805752374042468,
          0.4504958031088988
        ],
        "evidence": [
          1
        ],
        "evidence_card": [
          2
        ]
      }
    },
    "5": {
      "type": "intermediate",
      "in_degree": 1,
      "out_degree": 3,
      "betweenness": 0.010344827586206896,
      "closeness": 0.05,
      "pagerank": 0.02841776622083253,
      "degree_centrality": 0.13333333333333333,
      "cpd": {
        "values": [
          0.6671504944868543,
          0.3619004365237606,
          0.3328495055131456,
          0.6380995634762393
        ],
        "evidence": [
          4
        ],
        "evidence_card": [
          2
        ]
      }
    },
    "6": {
      "type": "intermediate",
      "in_degree": 1,
      "out_degree": 1,
      "betweenness": 0.0034482758620689655,
      "closeness": 0.05,
      "pagerank": 0.02841776622083253,
      "degree_centrality": 0.06666666666666667,
      "cpd": {
        "values": [
          0.5526911676827481,
          0.9585917987412225,
          0.4473088323172519,
          0.041408201258777574
        ],
        "evidence": [
          4
        ],
        "evidence_card": [
          2
        ]
      }
    },
    "7": {
      "type": "intermediate",
      "in_degree": 1,
      "out_degree": 2,
      "betweenness": 0.006896551724137931,
      "closeness": 0.05,
      "pagerank": 0.02841776622083253,
      "degree_centrality": 0.1,
      "cpd": {
        "values": [
          0.5253670007882062,
          0.4699861311586873,
          0.4746329992117938,
          0.5300138688413126
        ],
        "evidence": [
          4
        ],
        "evidence_card": [
          2
        ]
      }
    },
    "8": {
      "type": "leaf",
      "in_degree": 1,
      "out_degree": 0,
      "betweenness": 0.0,
      "closeness": 0.05333333333333334,
      "pagerank": 0.0335426614742496,
      "degree_centrality": 0.03333333333333333,
      "cpd": {
        "values": [
          0.10608293036409376,
          0.4132255439868081,
          0.8939170696359062,
          0.5867744560131919
        ],
        "evidence": [
          7
        ],
        "evidence_card": [
          2
        ]
      }
    },
    "9": {
      "type": "leaf",
      "in_degree": 1,
      "out_degree": 0,
      "betweenness": 0.0,
      "closeness": 0.05333333333333334,
      "pagerank": 0.0335426614742496,
      "degree_centrality": 0.03333333333333333,
      "cpd": {
        "values": [
          0.9732777118967254,
          0.442831346447882,
          0.0267222881032746,
          0.557168653552118
        ],
        "evidence": [
          7
        ],
        "evidence_card": [
          2
        ]
      }
    },
    "10": {
      "type": "leaf",
      "in_degree": 1,
      "out_degree": 0,
      "betweenness": 0.0,
      "closeness": 0.05333333333333334,
      "pagerank": 0.04561984361887789,
      "degree_centrality": 0.03333333333333333,
      "cpd": {
        "values": [
          0.47643453730930235,
          0.8860093621007439,
          0.5235654626906977,
          0.11399063789925615
        ],
        "evidence": [
          6
        ],
        "evidence_card": [
          2
        ]
      }
    },
    "11": {
      "type": "leaf",
      "in_degree": 1,
      "out_degree": 0,
      "betweenness": 0.0,
      "closeness": 0.05333333333333334,
      "pagerank": 0.029516934092706844,
      "degree_centrality": 0.03333333333333333,
      "cpd": {
        "values": [
          0.6018437966121216,
          0.7161998567862937,
          0.3981562033878783,
          0.2838001432137062
        ],
        "evidence": [
          5
        ],
        "evidence_card": [
          2
        ]
      }
    },
    "12": {
      "type": "leaf",
      "in_degree": 1,
      "out_degree": 0,
      "betweenness": 0.0,
      "closeness": 0.05333333333333334,
      "pagerank": 0.029516934092706844,
      "degree_centrality": 0.03333333333333333,
      "cpd": {
        "values": [
          0.11070787251523291,
          0.5085757463217285,
          0.889292127484767,
          0.49142425367827147
        ],
        "evidence": [
          5
        ],
        "evidence_card": [
          2
        ]
      }
    },
    "13": {
      "type": "leaf",
      "in_degree": 1,
      "out_degree": 0,
      "betweenness": 0.0,
      "closeness": 0.05333333333333334,
      "pagerank": 0.029516934092706844,
      "degree_centrality": 0.03333333333333333,
      "cpd": {
        "values": [
          0.5635214488214049,
          0.12908361013303662,
          0.4364785511785952,
          0.8709163898669634
        ],
        "evidence": [
          5
        ],
        "evidence_card": [
          2
        ]
      }
    },
    "14": {
      "type": "intermediate",
      "in_degree": 1,
      "out_degree": 3,
      "betweenness": 0.010344827586206896,
      "closeness": 0.05,
      "pagerank": 0.02841776622083253,
      "degree_centrality": 0.13333333333333333,
      "cpd": {
        "values": [
          0.5394312142512524,
          0.6817652567317284,
          0.46056878574874766,
          0.31823474326827167
        ],
        "evidence": [
          3
        ],
        "evidence_card": [
          2
        ]
      }
    },
    "15": {
      "type": "intermediate",
      "in_degree": 1,
      "out_degree": 2,
      "betweenness": 0.006896551724137931,
      "closeness": 0.05,
      "pagerank": 0.02841776622083253,
      "degree_centrality": 0.1,