{
  "graph_index": 2717,
  "nodes": {
    "0": {
      "type": "root",
      "in_degree": 0,
      "out_degree": 1,
      "betweenness": 0.0,
      "closeness": 0.0,
      "pagerank": 0.03458826585109634,
      "degree_centrality": 0.0625,
      "cpd": {
        "values": [
          0.5,
          0.5,
          0.0,
          0.0
        ],
        "evidence": [],
        "evidence_card": []
      }
    },
    "1": {
      "type": "intermediate",
      "in_degree": 1,
      "out_degree": 3,
      "betweenness": 0.0625,
      "closeness": 0.0625,
      "pagerank": 0.06398796703412259,
      "degree_centrality": 0.25,
      "cpd": {
        "values": [
          0.8691564479705248,
          0.34578793674223096,
          0.1308435520294752,
          0.6542120632577691
        ],
        "evidence": [
          0
        ],
        "evidence_card": [
          2
        ]
      }
    },
    "2": {
      "type": "intermediate",
      "in_degree": 1,
      "out_degree": 2,
      "betweenness": 0.041666666666666664,
      "closeness": 0.08333333333333333,
      "pagerank": 0.05271853738617263,
      "degree_centrality": 0.1875,
      "cpd": {
        "values": [
          0.6929641173064054,
          0.5626296588063009,
          0.30703588269359466,
          0.43737034119369905
        ],
        "evidence": [
          1
        ],
        "evidence_card": [
          2
        ]
      }
    },
    "3": {
      "type": "intermediate",
      "in_degree": 1,
      "out_degree": 2,
      "betweenness": 0.025,
      "closeness": 0.08333333333333333,
      "pagerank": 0.05271853738617263,
      "degree_centrality": 0.1875,
      "cpd": {
        "values": [
          0.3623365967577308,
          0.6560555753018559,
          0.6376634032422691,
          0.3439444246981441
        ],
        "evidence": [
          1
        ],
        "evidence_card": [
          2
        ]
      }
    },
    "4": {
      "type": "intermediate",
      "in_degree": 1,
      "out_degree": 2,
      "betweenness": 0.03333333333333333,
      "closeness": 0.08333333333333333,
      "pagerank": 0.05271853738617263,
      "degree_centrality": 0.1875,
      "cpd": {
        "values": [
          0.9236867917939688,
          0.9933720003273668,
          0.0763132082060311,
          0.006627999672633146
        ],
        "evidence": [
          1
        ],
        "evidence_card": [
          2
        ]
      }
    },
    "5": {
      "type": "intermediate",
      "in_degree": 1,
      "out_degree": 2,
      "betweenness": 0.025,
      "closeness": 0.09375,
      "pagerank": 0.05699343377169961,
      "degree_centrality": 0.1875,
      "cpd": {
        "values": [
          0.3236428482727333,
          0.4980333457939555,
          0.6763571517272666,
          0.5019666542060445
        ],
        "evidence": [
          4
        ],
        "evidence_card": [
          2
        ]
      }
    },
    "6": {
      "type": "leaf",
      "in_degree": 1,
      "out_degree": 0,
      "betweenness": 0.0,
      "closeness": 0.1,
      "pagerank": 0.058810510503532275,
      "degree_centrality": 0.0625,
      "cpd": {
        "values": [
          0.4862946608150615,
          0.4688157971199595,
          0.5137053391849385,
          0.5311842028800405
        ],
        "evidence": [
          5
        ],
        "evidence_card": [
          2
        ]
      }
    },
    "7": {
      "type": "leaf",
      "in_degree": 1,
      "out_degree": 0,
      "betweenness": 0.0,
      "closeness": 0.1,
      "pagerank": 0.058810510503532275,
      "degree_centrality": 0.0625,
      "cpd": {
        "values": [
          0.4775511651635454,
          0.5379737217486023,
          0.5224488348364547,
          0.4620262782513978
        ],
        "evidence": [
          5
        ],
        "evidence_card": [
          2
        ]
      }
    },
    "8": {
      "type": "intermediate",
      "in_degree": 1,
      "out_degree": 1,
      "betweenness": 0.0125,
      "closeness": 0.09375,
      "pagerank": 0.05699343377169961,
      "degree_centrality": 0.125,
      "cpd": {
        "values": [
          0.1583645126760019,
          0.392412384529816,
          0.8416354873239981,
          0.607587615470184
        ],
        "evidence": [
          3
        ],
        "evidence_card": [
          2
        ]
      }
    },
    "9": {
      "type": "leaf",
      "in_degree": 1,
      "out_degree": 0,
      "betweenness": 0.0,
      "closeness": 0.1,
      "pagerank": 0.08303275515596821,
      "degree_centrality": 0.0625,
      "cpd": {
        "values": [
          0.39590710413532704,
          0.4891774012321108,
          0.604092895864673,
          0.5108225987678892
        ],
        "evidence": [
          8
        ],
        "evidence_card": [
          2
        ]
      }
    },
    "10": {
      "type": "intermediate",
      "in_degree": 1,
      "out_degree": 1,
      "betweenness": 0.0125,
      "closeness": 0.09375,
      "pagerank": 0.05699343377169961,
      "degree_centrality": 0.125,
      "cpd": {
        "values": [
          0.42417904455271377,
          0.8225803132130086,
          0.5758209554472862,
          0.17741968678699135
        ],
        "evidence": [
          2
        ],
        "evidence_card": [
          2
        ]
      }
    },
    "11": {
      "type": "intermediate",
      "in_degree": 1,
      "out_degree": 4,
      "betweenness": 0.03333333333333333,
      "closeness": 0.09375,
      "pagerank": 0.05699343377169961,
      "degree_centrality": 0.3125,
      "cpd": {
        "values": [
          0.7000535172711779,
          0.9435216706305847,
          0.2999464827288221,
          0.056478329369415325
        ],
        "evidence": [
          2
        ],
        "evidence_card": [
          2
        ]
      }
    },
    "12": {
      "type": "leaf",
      "in_degree": 2,
      "out_degree": 0,
      "betweenness": 0.0,
      "closeness": 0.1736111111111111,
      "pagerank": 0.06910455609791757,
      "degree_centrality": 0.125,
      "cpd": {
        "values": [
          0.1639830829931648,
          0.7564692928428576,
          0.4478575333756401,
          0.4582920494662887
        ],
        "evidence": [
          4,
          11
        ],
        "evidence_card": [
          2,
          2
        ]
      }
    },
    "13": {
      "type": "leaf",
      "in_degree": 2,
      "out_degree": 0,
      "betweenness": 0.0,
      "closeness": 0.1736111111111111,
      "pagerank": 0.06910455609791757,
      "degree_centrality": 0.125,
      "cpd": {
        "values": [
          0.22071520588089547,
          0.8979496094117504,
          0.06839216151194766,
          0.5603043256912529
        ],
        "evidence": [
          3,
          11
        ],
        "evidence_card": [
          2,
          2
        ]
      }
    },
    "14": {
      "type": "leaf",
      "in_degree": 1,
      "out_degree": 0,
      "betweenness": 0.0,
      "closeness": 0.1,
      "pagerank": 0.04669938817731431,
      "degree_centrality": 0.0625,
      "cpd": {
        "values": [
          0.4172473854511542,
          0.3525644342454269,
          0.5827526145488457,
          0.6474355657545732
        ],
        "evidence": [
          11
        ],
        "evidence_card": [
          2
        ]
      }
    },
    "15": {
      "type": "leaf",
      "in_degree": 1,
      "out_degree": 0,
      "betweenness": 0.0,
      "closeness": 0.1,
      "pagerank": 0.04669938817731431,
      "degree_centrality": 0.0625,
      "cpd": {
        "values": [
          0.41835103550893266,
          0.5030409884127864,
          0.5816489644910674,
          0.49695901158721356
        ],
        "evidence": [
          11
        ],
        "evidence_card": [
          2
        ]
      }
    },
    "16": {
      "type": "leaf",
      "in_degree": 1,
      "out_degree": 0,
      "betweenness": 0.0,
      "closeness": 0.1,