{
  "graph_index": 3973,
  "nodes": {
    "0": {
      "type": "root",
      "in_degree": 0,
      "out_degree": 1,
      "betweenness": 0.0,
      "closeness": 0.0,
      "pagerank": 0.033806819126053114,
      "degree_centrality": 0.05555555555555555,
      "cpd": {
        "values": [
          0.5,
          0.5,
          0.0,
          0.0
        ],
        "evidence": [],
        "evidence_card": []
      }
    },
    "1": {
      "type": "intermediate",
      "in_degree": 1,
      "out_degree": 2,
      "betweenness": 0.05555555555555556,
      "closeness": 0.05555555555555555,
      "pagerank": 0.06254323496333102,
      "degree_centrality": 0.16666666666666666,
      "cpd": {
        "values": [
          0.483357703032285,
          0.5242210044365829,
          0.5166422969677151,
          0.4757789955634172
        ],
        "evidence": [
          0
        ],
        "evidence_card": [
          2
        ]
      }
    },
    "2": {
      "type": "intermediate",
      "in_degree": 1,
      "out_degree": 3,
      "betweenness": 0.058823529411764705,
      "closeness": 0.07407407407407407,
      "pagerank": 0.06038727279440689,
      "degree_centrality": 0.2222222222222222,
      "cpd": {
        "values": [
          0.48165177078645177,
          0.5238901027918291,
          0.5183482292135482,
          0.4761098972081709
        ],
        "evidence": [
          1
        ],
        "evidence_card": [
          2
        ]
      }
    },
    "3": {
      "type": "intermediate",
      "in_degree": 1,
      "out_degree": 3,
      "betweenness": 0.0392156862745098,
      "closeness": 0.07407407407407407,
      "pagerank": 0.06038727279440689,
      "degree_centrality": 0.2222222222222222,
      "cpd": {
        "values": [
          0.8520136897862323,
          0.6013686733256132,
          0.14798631021376762,
          0.3986313266743869
        ],
        "evidence": [
          1
        ],
        "evidence_card": [
          2
        ]
      }
    },
    "4": {
      "type": "intermediate",
      "in_degree": 1,
      "out_degree": 2,
      "betweenness": 0.0196078431372549,
      "closeness": 0.08333333333333333,
      "pagerank": 0.0509162320384995,
      "degree_centrality": 0.16666666666666666,
      "cpd": {
        "values": [
          0.46795249979179154,
          0.4249288427406219,
          0.5320475002082083,
          0.575071157259378
        ],
        "evidence": [
          3
        ],
        "evidence_card": [
          2
        ]
      }
    },
    "5": {
      "type": "intermediate",
      "in_degree": 1,
      "out_degree": 2,
      "betweenness": 0.013071895424836602,
      "closeness": 0.08333333333333333,
      "pagerank": 0.0509162320384995,
      "degree_centrality": 0.16666666666666666,
      "cpd": {
        "values": [
          0.7138424086959543,
          0.7873665739279454,
          0.28615759130404567,
          0.21263342607205463
        ],
        "evidence": [
          3
        ],
        "evidence_card": [
          2
        ]
      }
    },
    "6": {
      "type": "leaf",
      "in_degree": 1,
      "out_degree": 0,
      "betweenness": 0.0,
      "closeness": 0.08888888888888889,
      "pagerank": 0.055446398620593945,
      "degree_centrality": 0.05555555555555555,
      "cpd": {
        "values": [
          0.2181672706811387,
          0.8039805498380526,
          0.7818327293188613,
          0.19601945016194738
        ],
        "evidence": [
          5
        ],
        "evidence_card": [
          2
        ]
      }
    },
    "7": {
      "type": "leaf",
      "in_degree": 2,
      "out_degree": 0,
      "betweenness": 0.0,
      "closeness": 0.154320987654321,
      "pagerank": 0.07255581153304033,
      "degree_centrality": 0.1111111111111111,
      "cpd": {
        "values": [
          0.8311425846576053,
          0.5688150595443104,
          0.6532474599533615,
          0.763779428368376
        ],
        "evidence": [
          2,
          5
        ],
        "evidence_card": [
          2,
          2
        ]
      }
    },
    "8": {
      "type": "leaf",
      "in_degree": 1,
      "out_degree": 0,
      "betweenness": 0.0,
      "closeness": 0.08888888888888889,
      "pagerank": 0.055446398620593945,
      "degree_centrality": 0.05555555555555555,
      "cpd": {
        "values": [
          0.23214102288890515,
          0.7884945625564849,
          0.7678589771110949,
          0.21150543744351502
        ],
        "evidence": [
          4
        ],
        "evidence_card": [
          2
        ]
      }
    },
    "9": {
      "type": "leaf",
      "in_degree": 1,
      "out_degree": 0,
      "betweenness": 0.0,
      "closeness": 0.08888888888888889,
      "pagerank": 0.055446398620593945,
      "degree_centrality": 0.05555555555555555,
      "cpd": {
        "values": [
          0.5308903853504219,
          0.3820664456291665,
          0.46910961464957807,
          0.6179335543708335
        ],
        "evidence": [
          4
        ],
        "evidence_card": [
          2
        ]
      }
    },
    "10": {
      "type": "intermediate",
      "in_degree": 1,
      "out_degree": 4,
      "betweenness": 0.032679738562091505,
      "closeness": 0.08333333333333333,
      "pagerank": 0.0509162320384995,
      "degree_centrality": 0.2777777777777778,
      "cpd": {
        "values": [
          0.1017612179522122,
          0.34163362661826985,
          0.8982387820477878,
          0.6583663733817302
        ],
        "evidence": [
          2
        ],
        "evidence_card": [
          2
        ]
      }
    },
    "11": {
      "type": "intermediate",
      "in_degree": 1,
      "out_degree": 3,
      "betweenness": 0.029411764705882353,
      "closeness": 0.08333333333333333,
      "pagerank": 0.0509162320384995,
      "degree_centrality": 0.2222222222222222,
      "cpd": {
        "values": [
          0.34816764147135015,
          0.5071310112809436,
          0.65183235852865,
          0.4928689887190564
        ],
        "evidence": [
          2
        ],
        "evidence_card": [
          2
        ]
      }
    },
    "12": {
      "type": "leaf",
      "in_degree": 1,
      "out_degree": 0,
      "betweenness": 0.0,
      "closeness": 0.08888888888888889,
      "pagerank": 0.04823320545574701,
      "degree_centrality": 0.05555555555555555,
      "cpd": {
        "values": [
          0.37733321234683936,
          0.4683450697602145,
          0.6226667876531606,
          0.5316549302397855
        ],
        "evidence": [
          11
        ],
        "evidence_card": [
          2
        ]
      }
    },
    "13": {
      "type": "leaf",
      "in_degree": 1,
      "out_degree": 0,
      "betweenness": 0.0,
      "closeness": 0.08888888888888889,
      "pagerank": 0.04823320545574701,
      "degree_centrality": 0.05555555555555555,
      "cpd": {
        "values": [
          0.6406364137541514,
          0.4586019950103034,
          0.35936358624584863,
          0.5413980049896967
        ],
        "evidence": [
          11
        ],
        "evidence_card": [
          2
        ]
      }
    },
    "14": {
      "type": "leaf",
      "in_degree": 1,
      "out_degree": 0,
      "betweenness": 0.0,
      "closeness": 0.08888888888888889,
      "pagerank": 0.04823320545574701,
      "degree_centrality": 0.05555555555555555,
      "cpd": {
        "values": [
          0.4665850825101184,
          0.7182517498818508,
          0.5334149174898816,
          0.28174825011814914
        ],
        "evidence": [
          11
        ],
        "evidence_card": [
          2
        ]
      }
    },
    "15": {
      "type": "leaf",
      "in_degree": 1,
      "out_degree": 0,
      "betweenness": 0.0,
      "closeness": 0.08888888888888889,
      "pagerank": 0.04462660887332354,
      "degree_centrality": 0.05555555555555555,