{
  "graph_index": 687,
  "nodes": {
    "0": {
      "type": "root",
      "in_degree": 0,
      "out_degree": 1,
      "betweenness": 0.0,
      "closeness": 0.0,
      "pagerank": 0.040212359249385335,
      "degree_centrality": 0.07142857142857142,
      "cpd": {
        "values": [
          0.5,
          0.5,
          0.0,
          0.0
        ],
        "evidence": [],
        "evidence_card": []
      }
    },
    "1": {
      "type": "intermediate",
      "in_degree": 1,
      "out_degree": 1,
      "betweenness": 0.07142857142857144,
      "closeness": 0.07142857142857142,
      "pagerank": 0.07439383260361465,
      "degree_centrality": 0.14285714285714285,
      "cpd": {
        "values": [
          0.3878985140739629,
          0.6480528670001913,
          0.6121014859260371,
          0.3519471329998086
        ],
        "evidence": [
          0
        ],
        "evidence_card": [
          2
        ]
      }
    },
    "2": {
      "type": "intermediate",
      "in_degree": 1,
      "out_degree": 4,
      "betweenness": 0.13186813186813187,
      "closeness": 0.09523809523809523,
      "pagerank": 0.10344794135381458,
      "degree_centrality": 0.3571428571428571,
      "cpd": {
        "values": [
          0.7107308833614255,
          0.33562016772932546,
          0.28926911663857446,
          0.6643798322706745
        ],
        "evidence": [
          1
        ],
        "evidence_card": [
          2
        ]
      }
    },
    "3": {
      "type": "intermediate",
      "in_degree": 1,
      "out_degree": 1,
      "betweenness": 0.016483516483516484,
      "closeness": 0.10714285714285714,
      "pagerank": 0.0621956855990087,
      "degree_centrality": 0.14285714285714285,
      "cpd": {
        "values": [
          0.8797756199879746,
          0.27071227365922335,
          0.12022438001202546,
          0.7292877263407767
        ],
        "evidence": [
          2
        ],
        "evidence_card": [
          2
        ]
      }
    },
    "4": {
      "type": "intermediate",
      "in_degree": 1,
      "out_degree": 1,
      "betweenness": 0.016483516483516484,
      "closeness": 0.10714285714285714,
      "pagerank": 0.0621956855990087,
      "degree_centrality": 0.14285714285714285,
      "cpd": {
        "values": [
          0.393893377884046,
          0.6083068518905148,
          0.606106622115954,
          0.39169314810948513
        ],
        "evidence": [
          2
        ],
        "evidence_card": [
          2
        ]
      }
    },
    "5": {
      "type": "intermediate",
      "in_degree": 1,
      "out_degree": 3,
      "betweenness": 0.049450549450549455,
      "closeness": 0.10714285714285714,
      "pagerank": 0.0621956855990087,
      "degree_centrality": 0.2857142857142857,
      "cpd": {
        "values": [
          0.5840411490517574,
          0.6374998680143511,
          0.41595885094824253,
          0.3625001319856489
        ],
        "evidence": [
          2
        ],
        "evidence_card": [
          2
        ]
      }
    },
    "6": {
      "type": "intermediate",
      "in_degree": 1,
      "out_degree": 3,
      "betweenness": 0.049450549450549455,
      "closeness": 0.10714285714285714,
      "pagerank": 0.0621956855990087,
      "degree_centrality": 0.2857142857142857,
      "cpd": {
        "values": [
          0.5190626452283046,
          0.5924532082474407,
          0.4809373547716954,
          0.4075467917525593
        ],
        "evidence": [
          2
        ],
        "evidence_card": [
          2
        ]
      }
    },
    "7": {
      "type": "leaf",
      "in_degree": 1,
      "out_degree": 0,
      "betweenness": 0.0,
      "closeness": 0.11428571428571428,
      "pagerank": 0.05783438011622432,
      "degree_centrality": 0.07142857142857142,
      "cpd": {
        "values": [
          0.04063066369088345,
          0.14800544070006952,
          0.9593693363091166,
          0.8519945592999305
        ],
        "evidence": [
          6
        ],
        "evidence_card": [
          2
        ]
      }
    },
    "8": {
      "type": "leaf",
      "in_degree": 1,
      "out_degree": 0,
      "betweenness": 0.0,
      "closeness": 0.11428571428571428,
      "pagerank": 0.05783438011622432,
      "degree_centrality": 0.07142857142857142,
      "cpd": {
        "values": [
          0.0561009233879895,
          0.12143063757135548,
          0.9438990766120104,
          0.8785693624286445
        ],
        "evidence": [
          6
        ],
        "evidence_card": [
          2
        ]
      }
    },
    "9": {
      "type": "leaf",
      "in_degree": 1,
      "out_degree": 0,
      "betweenness": 0.0,
      "closeness": 0.11428571428571428,
      "pagerank": 0.05783438011622432,
      "degree_centrality": 0.07142857142857142,
      "cpd": {
        "values": [
          0.10301062268513098,
          0.329172186224175,
          0.896989377314869,
          0.670827813775825
        ],
        "evidence": [
          6
        ],
        "evidence_card": [
          2
        ]
      }
    },
    "10": {
      "type": "leaf",
      "in_degree": 1,
      "out_degree": 0,
      "betweenness": 0.0,
      "closeness": 0.11428571428571428,
      "pagerank": 0.05783438011622432,
      "degree_centrality": 0.07142857142857142,
      "cpd": {
        "values": [
          0.5527631466335515,
          0.14241492649356496,
          0.44723685336644853,
          0.8575850735064351
        ],
        "evidence": [
          5
        ],
        "evidence_card": [
          2
        ]
      }
    },
    "11": {
      "type": "leaf",
      "in_degree": 1,
      "out_degree": 0,
      "betweenness": 0.0,
      "closeness": 0.11428571428571428,
      "pagerank": 0.05783438011622432,
      "degree_centrality": 0.07142857142857142,
      "cpd": {
        "values": [
          0.36563137549633923,
          0.2580514755508236,
          0.6343686245036607,
          0.7419485244491764
        ],
        "evidence": [
          5
        ],
        "evidence_card": [
          2
        ]
      }
    },
    "12": {
      "type": "leaf",
      "in_degree": 1,
      "out_degree": 0,
      "betweenness": 0.0,
      "closeness": 0.11428571428571428,
      "pagerank": 0.05783438011622432,
      "degree_centrality": 0.07142857142857142,
      "cpd": {
        "values": [
          0.5528471714052497,
          0.818826402953442,
          0.4471528285947503,
          0.18117359704655786
        ],
        "evidence": [
          5
        ],
        "evidence_card": [
          2
        ]
      }
    },
    "13": {
      "type": "leaf",
      "in_degree": 1,
      "out_degree": 0,
      "betweenness": 0.0,
      "closeness": 0.11428571428571428,
      "pagerank": 0.09307842184990231,
      "degree_centrality": 0.07142857142857142,
      "cpd": {
        "values": [
          0.4969195287540721,
          0.5963965464285411,
          0.503080471245928,
          0.40360345357145877
        ],
        "evidence": [
          4
        ],
        "evidence_card": [
          2
        ]
      }
    },
    "14": {
      "type": "leaf",
      "in_degree": 1,
      "out_degree": 0,
      "betweenness": 0.0,
      "closeness": 0.11428571428571428,
      "pagerank": 0.09307842184990231,
      "degree_centrality": 0.07142857142857142,
      "cpd": {
        "values": [
          0.5234587483891022,
          0.8966316268945146,
          0.47654125161089783,
          0.10336837310548538
        ],
        "evidence": [
          3
        ],
        "evidence_card": [
          2
        ]
      }
    }
  },