{
  "graph_index": 5888,
  "nodes": {
    "0": {
      "type": "root",
      "in_degree": 0,
      "out_degree": 1,
      "betweenness": 0.0,
      "closeness": 0.0,
      "pagerank": 0.03497692107842666,
      "degree_centrality": 0.058823529411764705,
      "cpd": {
        "values": [
          0.5,
          0.5,
          0.0,
          0.0
        ],
        "evidence": [],
        "evidence_card": []
      }
    },
    "1": {
      "type": "intermediate",
      "in_degree": 1,
      "out_degree": 2,
      "betweenness": 0.058823529411764705,
      "closeness": 0.058823529411764705,
      "pagerank": 0.0647082242555476,
      "degree_centrality": 0.1764705882352941,
      "cpd": {
        "values": [
          0.595955005025505,
          0.11208351800505657,
          0.4040449949744949,
          0.8879164819949434
        ],
        "evidence": [
          0
        ],
        "evidence_card": [
          2
        ]
      }
    },
    "2": {
      "type": "intermediate",
      "in_degree": 1,
      "out_degree": 2,
      "betweenness": 0.0661764705882353,
      "closeness": 0.0784313725490196,
      "pagerank": 0.06247881757703669,
      "degree_centrality": 0.1764705882352941,
      "cpd": {
        "values": [
          0.49681364792541205,
          0.7624888117761031,
          0.503186352074588,
          0.23751118822389697
        ],
        "evidence": [
          1
        ],
        "evidence_card": [
          2
        ]
      }
    },
    "3": {
      "type": "intermediate",
      "in_degree": 1,
      "out_degree": 1,
      "betweenness": 0.03676470588235294,
      "closeness": 0.0784313725490196,
      "pagerank": 0.06247881757703669,
      "degree_centrality": 0.11764705882352941,
      "cpd": {
        "values": [
          0.05640458015744843,
          0.5727714844574103,
          0.9435954198425516,
          0.4272285155425896
        ],
        "evidence": [
          1
        ],
        "evidence_card": [
          2
        ]
      }
    },
    "4": {
      "type": "intermediate",
      "in_degree": 1,
      "out_degree": 4,
      "betweenness": 0.044117647058823525,
      "closeness": 0.08823529411764706,
      "pagerank": 0.08808260302476675,
      "degree_centrality": 0.29411764705882354,
      "cpd": {
        "values": [
          0.33672868031841846,
          0.4652733523088812,
          0.6632713196815815,
          0.5347266476911188
        ],
        "evidence": [
          3
        ],
        "evidence_card": [
          2
        ]
      }
    },
    "5": {
      "type": "leaf",
      "in_degree": 1,
      "out_degree": 0,
      "betweenness": 0.0,
      "closeness": 0.09411764705882353,
      "pagerank": 0.0536941282464489,
      "degree_centrality": 0.058823529411764705,
      "cpd": {
        "values": [
          0.3717091939147928,
          0.2619998945430927,
          0.6282908060852072,
          0.7380001054569073
        ],
        "evidence": [
          4
        ],
        "evidence_card": [
          2
        ]
      }
    },
    "6": {
      "type": "leaf",
      "in_degree": 1,
      "out_degree": 0,
      "betweenness": 0.0,
      "closeness": 0.09411764705882353,
      "pagerank": 0.0536941282464489,
      "degree_centrality": 0.058823529411764705,
      "cpd": {
        "values": [
          0.3054172596710486,
          0.9109613869941862,
          0.6945827403289514,
          0.08903861300581388
        ],
        "evidence": [
          4
        ],
        "evidence_card": [
          2
        ]
      }
    },
    "7": {
      "type": "leaf",
      "in_degree": 1,
      "out_degree": 0,
      "betweenness": 0.0,
      "closeness": 0.09411764705882353,
      "pagerank": 0.0536941282464489,
      "degree_centrality": 0.058823529411764705,
      "cpd": {
        "values": [
          0.32469714042560943,
          0.43649909260673037,
          0.6753028595743906,
          0.5635009073932696
        ],
        "evidence": [
          4
        ],
        "evidence_card": [
          2
        ]
      }
    },
    "8": {
      "type": "leaf",
      "in_degree": 1,
      "out_degree": 0,
      "betweenness": 0.0,
      "closeness": 0.09411764705882353,
      "pagerank": 0.0536941282464489,
      "degree_centrality": 0.058823529411764705,
      "cpd": {
        "values": [
          0.6119171546961855,
          0.29588034468582136,
          0.3880828453038146,
          0.7041196553141786
        ],
        "evidence": [
          4
        ],
        "evidence_card": [
          2
        ]
      }
    },
    "9": {
      "type": "intermediate",
      "in_degree": 1,
      "out_degree": 3,
      "betweenness": 0.03308823529411765,
      "closeness": 0.08823529411764706,
      "pagerank": 0.061529762051596715,
      "degree_centrality": 0.23529411764705882,
      "cpd": {
        "values": [
          0.30792584930879,
          0.5933113921182924,
          0.6920741506912099,
          0.4066886078817075
        ],
        "evidence": [
          2
        ],
        "evidence_card": [
          2
        ]
      }
    },
    "10": {
      "type": "intermediate",
      "in_degree": 1,
      "out_degree": 4,
      "betweenness": 0.044117647058823525,
      "closeness": 0.08823529411764706,
      "pagerank": 0.061529762051596715,
      "degree_centrality": 0.29411764705882354,
      "cpd": {
        "values": [
          0.6383852815793305,
          0.18241436324499605,
          0.36161471842066956,
          0.817585636755004
        ],
        "evidence": [
          2
        ],
        "evidence_card": [
          2
        ]
      }
    },
    "11": {
      "type": "leaf",
      "in_degree": 1,
      "out_degree": 0,
      "betweenness": 0.0,
      "closeness": 0.09411764705882353,
      "pagerank": 0.0480519375595779,
      "degree_centrality": 0.058823529411764705,
      "cpd": {
        "values": [
          0.24644305658022456,
          0.7080098553162654,
          0.7535569434197754,
          0.29199014468373463
        ],
        "evidence": [
          10
        ],
        "evidence_card": [
          2
        ]
      }
    },
    "12": {
      "type": "leaf",
      "in_degree": 1,
      "out_degree": 0,
      "betweenness": 0.0,
      "closeness": 0.09411764705882353,
      "pagerank": 0.0480519375595779,
      "degree_centrality": 0.058823529411764705,
      "cpd": {
        "values": [
          0.6401138608569795,
          0.9246315712355744,
          0.35988613914302053,
          0.07536842876442566
        ],
        "evidence": [
          10
        ],
        "evidence_card": [
          2
        ]
      }
    },
    "13": {
      "type": "leaf",
      "in_degree": 1,
      "out_degree": 0,
      "betweenness": 0.0,
      "closeness": 0.09411764705882353,
      "pagerank": 0.0480519375595779,
      "degree_centrality": 0.058823529411764705,
      "cpd": {
        "values": [
          0.3924082263578469,
          0.5555571662091728,
          0.6075917736421531,
          0.4444428337908273
        ],
        "evidence": [
          10
        ],
        "evidence_card": [
          2
        ]
      }
    },
    "14": {
      "type": "leaf",
      "in_degree": 1,
      "out_degree": 0,
      "betweenness": 0.0,
      "closeness": 0.09411764705882353,
      "pagerank": 0.0480519375595779,
      "degree_centrality": 0.058823529411764705,
      "cpd": {
        "values": [
          0.004347152443029913,
          0.43598165117082843,
          0.99565284755697,
          0.5640183488291716
        ],
        "evidence": [
          10
        ],
        "evidence_card": [
          2
        ]
      }
    },
    "15": {
      "type": "leaf",
      "in_degree": 1,
      "out_degree": 0,
      "betweenness": 0.0,
      "closeness": 0.09411764705882353,
      "pagerank": 0.052410276386628304,
      "degree_centrality": 0.058823529411764705,