{
  "graph_index": 7042,
  "nodes": {
    "0": {
      "type": "root",
      "in_degree": 0,
      "out_degree": 2,
      "betweenness": 0.0,
      "closeness": 0.0,
      "pagerank": 0.04554391355304871,
      "degree_centrality": 0.18181818181818182,
      "cpd": {
        "values": [
          0.5,
          0.5,
          0.0,
          0.0
        ],
        "evidence": [],
        "evidence_card": []
      }
    },
    "1": {
      "type": "intermediate",
      "in_degree": 1,
      "out_degree": 2,
      "betweenness": 0.01818181818181818,
      "closeness": 0.09090909090909091,
      "pagerank": 0.06489983860926841,
      "degree_centrality": 0.2727272727272727,
      "cpd": {
        "values": [
          0.6565778719266943,
          0.5013284386881885,
          0.3434221280733058,
          0.49867156131181145
        ],
        "evidence": [
          0
        ],
        "evidence_card": [
          2
        ]
      }
    },
    "2": {
      "type": "intermediate",
      "in_degree": 1,
      "out_degree": 2,
      "betweenness": 0.06363636363636363,
      "closeness": 0.09090909090909091,
      "pagerank": 0.06489983860926841,
      "degree_centrality": 0.2727272727272727,
      "cpd": {
        "values": [
          0.3661362999636808,
          0.08771300501334534,
          0.6338637000363192,
          0.9122869949866547
        ],
        "evidence": [
          0
        ],
        "evidence_card": [
          2
        ]
      }
    },
    "3": {
      "type": "intermediate",
      "in_degree": 1,
      "out_degree": 2,
      "betweenness": 0.09090909090909091,
      "closeness": 0.12121212121212122,
      "pagerank": 0.07312593075911533,
      "degree_centrality": 0.2727272727272727,
      "cpd": {
        "values": [
          0.22371551086052754,
          0.7380851411779639,
          0.7762844891394725,
          0.2619148588220362
        ],
        "evidence": [
          2
        ],
        "evidence_card": [
          2
        ]
      }
    },
    "4": {
      "type": "intermediate",
      "in_degree": 1,
      "out_degree": 4,
      "betweenness": 0.09999999999999999,
      "closeness": 0.13636363636363635,
      "pagerank": 0.07662218104567886,
      "degree_centrality": 0.4545454545454546,
      "cpd": {
        "values": [
          0.9049930717118638,
          0.4773530454258064,
          0.0950069282881363,
          0.5226469545741935
        ],
        "evidence": [
          3
        ],
        "evidence_card": [
          2
        ]
      }
    },
    "5": {
      "type": "leaf",
      "in_degree": 1,
      "out_degree": 0,
      "betweenness": 0.0,
      "closeness": 0.14545454545454548,
      "pagerank": 0.06182618136103264,
      "degree_centrality": 0.09090909090909091,
      "cpd": {
        "values": [
          0.8186814865633726,
          0.8779456969477709,
          0.18131851343662736,
          0.12205430305222895
        ],
        "evidence": [
          4
        ],
        "evidence_card": [
          2
        ]
      }
    },
    "6": {
      "type": "leaf",
      "in_degree": 1,
      "out_degree": 0,
      "betweenness": 0.0,
      "closeness": 0.14545454545454548,
      "pagerank": 0.06182618136103264,
      "degree_centrality": 0.09090909090909091,
      "cpd": {
        "values": [
          0.580760971889137,
          0.66117056531967,
          0.41923902811086305,
          0.33882943468033
        ],
        "evidence": [
          4
        ],
        "evidence_card": [
          2
        ]
      }
    },
    "7": {
      "type": "leaf",
      "in_degree": 1,
      "out_degree": 0,
      "betweenness": 0.0,
      "closeness": 0.14545454545454548,
      "pagerank": 0.06182618136103264,
      "degree_centrality": 0.09090909090909091,
      "cpd": {
        "values": [
          0.5676820904849045,
          0.5578761030315013,
          0.43231790951509547,
          0.44212389696849874
        ],
        "evidence": [
          4
        ],
        "evidence_card": [
          2
        ]
      }
    },
    "8": {
      "type": "leaf",
      "in_degree": 2,
      "out_degree": 0,
      "betweenness": 0.0,
      "closeness": 0.25252525252525254,
      "pagerank": 0.08940819856709926,
      "degree_centrality": 0.18181818181818182,
      "cpd": {
        "values": [
          0.6283703908212214,
          0.3693517133867965,
          0.4512569343079574,
          0.4966847583855688
        ],
        "evidence": [
          1,
          4
        ],
        "evidence_card": [
          2,
          2
        ]
      }
    },
    "9": {
      "type": "intermediate",
      "in_degree": 1,
      "out_degree": 1,
      "betweenness": 0.01818181818181818,
      "closeness": 0.12121212121212122,
      "pagerank": 0.07312593075911533,
      "degree_centrality": 0.18181818181818182,
      "cpd": {
        "values": [
          0.5878915174761604,
          0.6069284783025665,
          0.41210848252383964,
          0.3930715216974335
        ],
        "evidence": [
          1
        ],
        "evidence_card": [
          2
        ]
      }
    },
    "10": {
      "type": "intermediate",
      "in_degree": 2,
      "out_degree": 1,
      "betweenness": 0.02727272727272727,
      "closeness": 0.24242424242424243,
      "pagerank": 0.13528246574437564,
      "degree_centrality": 0.2727272727272727,
      "cpd": {
        "values": [
          0.8787850494845194,
          0.5097867957714112,
          0.6156302307324969,
          0.427784234785399
        ],
        "evidence": [
          2,
          9
        ],
        "evidence_card": [
          2,
          2
        ]
      }
    },
    "11": {
      "type": "leaf",
      "in_degree": 2,
      "out_degree": 0,
      "betweenness": 0.0,
      "closeness": 0.2727272727272727,
      "pagerank": 0.1916131582699319,
      "degree_centrality": 0.18181818181818182,
      "cpd": {
        "values": [
          0.45904925135438646,
          0.8426808733194785,
          0.01961088476490477,
          0.43896761343407226
        ],
        "evidence": [
          3,
          10
        ],
        "evidence_card": [
          2,
          2
        ]
      }
    }
  },
  "edges": [
    [
      0,
      1
    ],
    [
      0,
      2
    ],
    [
      1,
      9
    ],
    [
      1,
      8
    ],
    [
      2,
      3
    ],
    [
      2,
      10
    ],
    [
      3,
      4
    ],
    [
      3,
      11
    ],
    [
      4,
      5
    ],
    [
      4,
      6
    ],
    [
      4,
      7
    ],
    [
      4,
      8
    ],
    [
      9,
      10
    ],
    [
      10,
      11
    ]
  ]
}