{
  "graph_index": 2160,
  "nodes": {
    "0": {
      "type": "root",
      "in_degree": 0,
      "out_degree": 2,
      "betweenness": 0.0,
      "closeness": 0.0,
      "pagerank": 0.018542433543062193,
      "degree_centrality": 0.06060606060606061,
      "cpd": {
        "values": [
          0.5,
          0.5,
          0.0,
          0.0
        ],
        "evidence": [],
        "evidence_card": []
      }
    },
    "1": {
      "type": "intermediate",
      "in_degree": 1,
      "out_degree": 2,
      "betweenness": 0.01278409090909091,
      "closeness": 0.030303030303030304,
      "pagerank": 0.026422692528377124,
      "degree_centrality": 0.09090909090909091,
      "cpd": {
        "values": [
          0.11417442771846907,
          0.06051459762072441,
          0.8858255722815309,
          0.9394854023792756
        ],
        "evidence": [
          0
        ],
        "evidence_card": [
          2
        ]
      }
    },
    "2": {
      "type": "intermediate",
      "in_degree": 1,
      "out_degree": 4,
      "betweenness": 0.016571969696969696,
      "closeness": 0.030303030303030304,
      "pagerank": 0.026422692528377124,
      "degree_centrality": 0.15151515151515152,
      "cpd": {
        "values": [
          0.8434944011383867,
          0.6843335488185066,
          0.15650559886161322,
          0.31566645118149345
        ],
        "evidence": [
          0
        ],
        "evidence_card": [
          2
        ]
      }
    },
    "3": {
      "type": "intermediate",
      "in_degree": 1,
      "out_degree": 3,
      "betweenness": 0.014204545454545456,
      "closeness": 0.0404040404040404,
      "pagerank": 0.02415727656093537,
      "degree_centrality": 0.12121212121212122,
      "cpd": {
        "values": [
          0.3875306328351531,
          0.5917456100662335,
          0.6124693671648469,
          0.40825438993376634
        ],
        "evidence": [
          2
        ],
        "evidence_card": [
          2
        ]
      }
    },
    "4": {
      "type": "intermediate",
      "in_degree": 1,
      "out_degree": 3,
      "betweenness": 0.00946969696969697,
      "closeness": 0.0404040404040404,
      "pagerank": 0.02415727656093537,
      "degree_centrality": 0.12121212121212122,
      "cpd": {
        "values": [
          0.17245280903417395,
          0.6143832629364931,
          0.8275471909658261,
          0.3856167370635068
        ],
        "evidence": [
          2
        ],
        "evidence_card": [
          2
        ]
      }
    },
    "5": {
      "type": "intermediate",
      "in_degree": 1,
      "out_degree": 1,
      "betweenness": 0.002840909090909091,
      "closeness": 0.045454545454545456,
      "pagerank": 0.025386723907368024,
      "degree_centrality": 0.06060606060606061,
      "cpd": {
        "values": [
          0.5642617505580639,
          0.22682006450536232,
          0.4357382494419361,
          0.7731799354946377
        ],
        "evidence": [
          4
        ],
        "evidence_card": [
          2
        ]
      }
    },
    "6": {
      "type": "intermediate",
      "in_degree": 1,
      "out_degree": 1,
      "betweenness": 0.002840909090909091,
      "closeness": 0.045454545454545456,
      "pagerank": 0.025386723907368024,
      "degree_centrality": 0.06060606060606061,
      "cpd": {
        "values": [
          0.723128767115351,
          0.7491620609876463,
          0.276871232884649,
          0.25083793901235385
        ],
        "evidence": [
          4
        ],
        "evidence_card": [
          2
        ]
      }
    },
    "7": {
      "type": "leaf",
      "in_degree": 1,
      "out_degree": 0,
      "betweenness": 0.0,
      "closeness": 0.04848484848484849,
      "pagerank": 0.040121251982960515,
      "degree_centrality": 0.030303030303030304,
      "cpd": {
        "values": [
          0.36030414664202115,
          0.4670499415766414,
          0.639695853357979,
          0.5329500584233586
        ],
        "evidence": [
          6
        ],
        "evidence_card": [
          2
        ]
      }
    },
    "8": {
      "type": "leaf",
      "in_degree": 1,
      "out_degree": 0,
      "betweenness": 0.0,
      "closeness": 0.04848484848484849,
      "pagerank": 0.040121251982960515,
      "degree_centrality": 0.030303030303030304,
      "cpd": {
        "values": [
          0.44110505009199563,
          0.4145494727081665,
          0.5588949499080044,
          0.5854505272918336
        ],
        "evidence": [
          5
        ],
        "evidence_card": [
          2
        ]
      }
    },
    "9": {
      "type": "intermediate",
      "in_degree": 1,
      "out_degree": 1,
      "betweenness": 0.002840909090909091,
      "closeness": 0.045454545454545456,
      "pagerank": 0.025386723907368024,
      "degree_centrality": 0.06060606060606061,
      "cpd": {
        "values": [
          0.47486692936277447,
          0.9129298129635666,
          0.5251330706372255,
          0.0870701870364334
        ],
        "evidence": [
          3
        ],
        "evidence_card": [
          2
        ]
      }
    },
    "10": {
      "type": "intermediate",
      "in_degree": 1,
      "out_degree": 4,
      "betweenness": 0.010416666666666668,
      "closeness": 0.045454545454545456,
      "pagerank": 0.025386723907368024,
      "degree_centrality": 0.15151515151515152,
      "cpd": {
        "values": [
          0.3942349535661067,
          0.5129008792132642,
          0.6057650464338933,
          0.4870991207867359
        ],
        "evidence": [
          3
        ],
        "evidence_card": [
          2
        ]
      }
    },
    "11": {
      "type": "leaf",
      "in_degree": 1,
      "out_degree": 0,
      "betweenness": 0.0,
      "closeness": 0.04848484848484849,
      "pagerank": 0.023937138153036774,
      "degree_centrality": 0.030303030303030304,
      "cpd": {
        "values": [
          0.3327775925965923,
          0.23553321625466342,
          0.6672224074034078,
          0.7644667837453366
        ],
        "evidence": [
          10
        ],
        "evidence_card": [
          2
        ]
      }
    },
    "12": {
      "type": "leaf",
      "in_degree": 1,
      "out_degree": 0,
      "betweenness": 0.0,
      "closeness": 0.04848484848484849,
      "pagerank": 0.023937138153036774,
      "degree_centrality": 0.030303030303030304,
      "cpd": {
        "values": [
          0.34479795869290253,
          0.3985448000754611,
          0.6552020413070976,
          0.6014551999245389
        ],
        "evidence": [
          10
        ],
        "evidence_card": [
          2
        ]
      }
    },
    "13": {
      "type": "leaf",
      "in_degree": 1,
      "out_degree": 0,
      "betweenness": 0.0,
      "closeness": 0.04848484848484849,
      "pagerank": 0.023937138153036774,
      "degree_centrality": 0.030303030303030304,
      "cpd": {
        "values": [
          0.418489357391975,
          0.7094453568806585,
          0.5815106426080249,
          0.29055464311934165
        ],
        "evidence": [
          10
        ],
        "evidence_card": [
          2
        ]
      }
    },
    "14": {
      "type": "leaf",
      "in_degree": 2,
      "out_degree": 0,
      "betweenness": 0.0,
      "closeness": 0.09090909090909091,
      "pagerank": 0.028998182996077797,
      "degree_centrality": 0.06060606060606061,
      "cpd": {
        "values": [
          0.6958755641141733,
          0.8430168934892436,
          0.5479372672590888,
          0.73273819640948
        ],
        "evidence": [
          17,
          10
        ],
        "evidence_card": [
          2,
          2
        ]
      }
    },
    "15": {
      "type": "leaf",
      "in_degree": 1,
      "out_degree": 0,
      "betweenness": 0.0,
      "closeness": 0.04848484848484849,
      "pagerank": 0.040121251982960515,
      "degree_centrality": 0.030303030303030304,