{
  "graph_index": 771,
  "nodes": {
    "0": {
      "type": "root",
      "in_degree": 0,
      "out_degree": 1,
      "betweenness": 0.0,
      "closeness": 0.0,
      "pagerank": 0.02943985884464594,
      "degree_centrality": 0.047619047619047616,
      "cpd": {
        "values": [
          0.5,
          0.5,
          0.0,
          0.0
        ],
        "evidence": [],
        "evidence_card": []
      }
    },
    "1": {
      "type": "intermediate",
      "in_degree": 1,
      "out_degree": 2,
      "betweenness": 0.04761904761904762,
      "closeness": 0.047619047619047616,
      "pagerank": 0.05446436309438159,
      "degree_centrality": 0.14285714285714285,
      "cpd": {
        "values": [
          0.7267711305676786,
          0.5032062510959909,
          0.2732288694323214,
          0.49679374890400907
        ],
        "evidence": [
          0
        ],
        "evidence_card": [
          2
        ]
      }
    },
    "2": {
      "type": "intermediate",
      "in_degree": 1,
      "out_degree": 4,
      "betweenness": 0.06190476190476191,
      "closeness": 0.06349206349206349,
      "pagerank": 0.052586449053236735,
      "degree_centrality": 0.23809523809523808,
      "cpd": {
        "values": [
          0.19443379393986698,
          0.31461958027258263,
          0.805566206060133,
          0.6853804197274175
        ],
        "evidence": [
          1
        ],
        "evidence_card": [
          2
        ]
      }
    },
    "3": {
      "type": "intermediate",
      "in_degree": 1,
      "out_degree": 2,
      "betweenness": 0.02380952380952381,
      "closeness": 0.06349206349206349,
      "pagerank": 0.052586449053236735,
      "degree_centrality": 0.14285714285714285,
      "cpd": {
        "values": [
          0.4990919676349274,
          0.5622821331996598,
          0.5009080323650726,
          0.4377178668003402
        ],
        "evidence": [
          1
        ],
        "evidence_card": [
          2
        ]
      }
    },
    "4": {
      "type": "intermediate",
      "in_degree": 1,
      "out_degree": 2,
      "betweenness": 0.014285714285714287,
      "closeness": 0.07142857142857142,
      "pagerank": 0.05178882025611268,
      "degree_centrality": 0.14285714285714285,
      "cpd": {
        "values": [
          0.9942583538765911,
          0.5678442430447953,
          0.005741646123408904,
          0.4321557569552046
        ],
        "evidence": [
          3
        ],
        "evidence_card": [
          2
        ]
      }
    },
    "5": {
      "type": "intermediate",
      "in_degree": 1,
      "out_degree": 2,
      "betweenness": 0.009523809523809525,
      "closeness": 0.07142857142857142,
      "pagerank": 0.05178882025611268,
      "degree_centrality": 0.14285714285714285,
      "cpd": {
        "values": [
          0.6973298496943836,
          0.1930361645044433,
          0.30267015030561645,
          0.8069638354955567
        ],
        "evidence": [
          3
        ],
        "evidence_card": [
          2
        ]
      }
    },
    "6": {
      "type": "leaf",
      "in_degree": 1,
      "out_degree": 0,
      "betweenness": 0.0,
      "closeness": 0.0761904761904762,
      "pagerank": 0.05145026152041764,
      "degree_centrality": 0.047619047619047616,
      "cpd": {
        "values": [
          0.915698283304288,
          0.5628624893158555,
          0.08430171669571193,
          0.4371375106841445
        ],
        "evidence": [
          5
        ],
        "evidence_card": [
          2
        ]
      }
    },
    "7": {
      "type": "leaf",
      "in_degree": 2,
      "out_degree": 0,
      "betweenness": 0.0,
      "closeness": 0.13227513227513227,
      "pagerank": 0.06262474222615101,
      "degree_centrality": 0.09523809523809523,
      "cpd": {
        "values": [
          0.8228799578917694,
          0.8361676689426857,
          0.5824047497097832,
          0.3400206538789376
        ],
        "evidence": [
          2,
          5
        ],
        "evidence_card": [
          2,
          2
        ]
      }
    },
    "8": {
      "type": "leaf",
      "in_degree": 1,
      "out_degree": 0,
      "betweenness": 0.0,
      "closeness": 0.0761904761904762,
      "pagerank": 0.05145026152041764,
      "degree_centrality": 0.047619047619047616,
      "cpd": {
        "values": [
          0.5572938487503946,
          0.43425703748002176,
          0.4427061512496055,
          0.5657429625199782
        ],
        "evidence": [
          4
        ],
        "evidence_card": [
          2
        ]
      }
    },
    "9": {
      "type": "leaf",
      "in_degree": 1,
      "out_degree": 0,
      "betweenness": 0.0,
      "closeness": 0.0761904761904762,
      "pagerank": 0.05145026152041764,
      "degree_centrality": 0.047619047619047616,
      "cpd": {
        "values": [
          0.5410097310450814,
          0.8085875004942638,
          0.45899026895491857,
          0.19141249950573624
        ],
        "evidence": [
          4
        ],
        "evidence_card": [
          2
        ]
      }
    },
    "10": {
      "type": "intermediate",
      "in_degree": 1,
      "out_degree": 3,
      "betweenness": 0.02142857142857143,
      "closeness": 0.07142857142857142,
      "pagerank": 0.040614339550379304,
      "degree_centrality": 0.19047619047619047,
      "cpd": {
        "values": [
          0.713864944617332,
          0.018411646854044738,
          0.28613505538266804,
          0.9815883531459553
        ],
        "evidence": [
          2
        ],
        "evidence_card": [
          2
        ]
      }
    },
    "11": {
      "type": "intermediate",
      "in_degree": 1,
      "out_degree": 3,
      "betweenness": 0.02142857142857143,
      "closeness": 0.07142857142857142,
      "pagerank": 0.040614339550379304,
      "degree_centrality": 0.19047619047619047,
      "cpd": {
        "values": [
          0.49963041721821994,
          0.5384280993895555,
          0.5003695827817801,
          0.4615719006104445
        ],
        "evidence": [
          2
        ],
        "evidence_card": [
          2
        ]
      }
    },
    "12": {
      "type": "intermediate",
      "in_degree": 1,
      "out_degree": 3,
      "betweenness": 0.02142857142857143,
      "closeness": 0.07142857142857142,
      "pagerank": 0.040614339550379304,
      "degree_centrality": 0.19047619047619047,
      "cpd": {
        "values": [
          0.017536820580150998,
          0.6018868881411562,
          0.982463179419849,
          0.3981131118588438
        ],
        "evidence": [
          2
        ],
        "evidence_card": [
          2
        ]
      }
    },
    "13": {
      "type": "leaf",
      "in_degree": 1,
      "out_degree": 0,
      "betweenness": 0.0,
      "closeness": 0.0761904761904762,
      "pagerank": 0.04094741044485911,
      "degree_centrality": 0.047619047619047616,
      "cpd": {
        "values": [
          0.7388431074974349,
          0.2360453486401392,
          0.26115689250256513,
          0.7639546513598607
        ],
        "evidence": [
          12
        ],
        "evidence_card": [
          2
        ]
      }
    },
    "14": {
      "type": "leaf",
      "in_degree": 1,
      "out_degree": 0,
      "betweenness": 0.0,
      "closeness": 0.0761904761904762,
      "pagerank": 0.04094741044485911,
      "degree_centrality": 0.047619047619047616,
      "cpd": {
        "values": [
          0.728273388661073,
          0.6084637575036671,
          0.2717266113389269,
          0.39153624249633295
        ],
        "evidence": [
          12
        ],
        "evidence_card": [
          2
        ]
      }
    },
    "15": {
      "type": "leaf",
      "in_degree": 1,
      "out_degree": 0,
      "betweenness": 0.0,
      "closeness": 0.0761904761904762,
      "pagerank": 0.04094741044485911,
      "degree_centrality": 0.047619047619047616,