{
  "graph_index": 4069,
  "nodes": {
    "0": {
      "type": "root",
      "in_degree": 0,
      "out_degree": 1,
      "betweenness": 0.0,
      "closeness": 0.0,
      "pagerank": 0.02892005060334328,
      "degree_centrality": 0.047619047619047616,
      "cpd": {
        "values": [
          0.5,
          0.5,
          0.0,
          0.0
        ],
        "evidence": [],
        "evidence_card": []
      }
    },
    "1": {
      "type": "intermediate",
      "in_degree": 1,
      "out_degree": 3,
      "betweenness": 0.04761904761904762,
      "closeness": 0.047619047619047616,
      "pagerank": 0.05350250477632276,
      "degree_centrality": 0.19047619047619047,
      "cpd": {
        "values": [
          0.36382526898197903,
          0.746887507757673,
          0.636174731018021,
          0.25311249224232696
        ],
        "evidence": [
          0
        ],
        "evidence_card": [
          2
        ]
      }
    },
    "2": {
      "type": "intermediate",
      "in_degree": 1,
      "out_degree": 2,
      "betweenness": 0.01904761904761905,
      "closeness": 0.06349206349206349,
      "pagerank": 0.04407902819124509,
      "degree_centrality": 0.14285714285714285,
      "cpd": {
        "values": [
          0.6584546041695882,
          0.6947526983898153,
          0.34154539583041177,
          0.3052473016101847
        ],
        "evidence": [
          1
        ],
        "evidence_card": [
          2
        ]
      }
    },
    "3": {
      "type": "intermediate",
      "in_degree": 1,
      "out_degree": 3,
      "betweenness": 0.03333333333333334,
      "closeness": 0.06349206349206349,
      "pagerank": 0.04407902819124509,
      "degree_centrality": 0.19047619047619047,
      "cpd": {
        "values": [
          0.46974625122938424,
          0.48317124389689703,
          0.5302537487706157,
          0.516828756103103
        ],
        "evidence": [
          1
        ],
        "evidence_card": [
          2
        ]
      }
    },
    "4": {
      "type": "intermediate",
      "in_degree": 1,
      "out_degree": 3,
      "betweenness": 0.028571428571428574,
      "closeness": 0.06349206349206349,
      "pagerank": 0.04407902819124509,
      "degree_centrality": 0.19047619047619047,
      "cpd": {
        "values": [
          0.5707301518567931,
          0.5841588903099397,
          0.42926984814320696,
          0.4158411096900603
        ],
        "evidence": [
          1
        ],
        "evidence_card": [
          2
        ]
      }
    },
    "5": {
      "type": "intermediate",
      "in_degree": 1,
      "out_degree": 4,
      "betweenness": 0.02380952380952381,
      "closeness": 0.07142857142857142,
      "pagerank": 0.041409110637659105,
      "degree_centrality": 0.23809523809523808,
      "cpd": {
        "values": [
          0.8440029123316571,
          0.6481366958044461,
          0.15599708766834292,
          0.35186330419555395
        ],
        "evidence": [
          4
        ],
        "evidence_card": [
          2
        ]
      }
    },
    "6": {
      "type": "intermediate",
      "in_degree": 1,
      "out_degree": 1,
      "betweenness": 0.002380952380952381,
      "closeness": 0.07142857142857142,
      "pagerank": 0.041409110637659105,
      "degree_centrality": 0.09523809523809523,
      "cpd": {
        "values": [
          0.3678116703729432,
          0.5709899327870109,
          0.6321883296270567,
          0.4290100672129892
        ],
        "evidence": [
          4
        ],
        "evidence_card": [
          2
        ]
      }
    },
    "7": {
      "type": "leaf",
      "in_degree": 2,
      "out_degree": 0,
      "betweenness": 0.0,
      "closeness": 0.13227513227513227,
      "pagerank": 0.08285167457616435,
      "degree_centrality": 0.09523809523809523,
      "cpd": {
        "values": [
          0.5556128087151447,
          0.39066653755810804,
          0.07018728598153343,
          0.7690817326337139
        ],
        "evidence": [
          2,
          6
        ],
        "evidence_card": [
          2,
          2
        ]
      }
    },
    "8": {
      "type": "leaf",
      "in_degree": 1,
      "out_degree": 0,
      "betweenness": 0.0,
      "closeness": 0.0761904761904762,
      "pagerank": 0.03771955908368011,
      "degree_centrality": 0.047619047619047616,
      "cpd": {
        "values": [
          0.7763355099855657,
          0.4390969720697596,
          0.22366449001443434,
          0.5609030279302405
        ],
        "evidence": [
          5
        ],
        "evidence_card": [
          2
        ]
      }
    },
    "9": {
      "type": "leaf",
      "in_degree": 1,
      "out_degree": 0,
      "betweenness": 0.0,
      "closeness": 0.0761904761904762,
      "pagerank": 0.03771955908368011,
      "degree_centrality": 0.047619047619047616,
      "cpd": {
        "values": [
          0.10530318995736197,
          0.23123793327780737,
          0.894696810042638,
          0.7687620667221926
        ],
        "evidence": [
          5
        ],
        "evidence_card": [
          2
        ]
      }
    },
    "10": {
      "type": "leaf",
      "in_degree": 1,
      "out_degree": 0,
      "betweenness": 0.0,
      "closeness": 0.0761904761904762,
      "pagerank": 0.03771955908368011,
      "degree_centrality": 0.047619047619047616,
      "cpd": {
        "values": [
          0.5931585621585095,
          0.3528339553887239,
          0.40684143784149057,
          0.6471660446112761
        ],
        "evidence": [
          5
        ],
        "evidence_card": [
          2
        ]
      }
    },
    "11": {
      "type": "leaf",
      "in_degree": 2,
      "out_degree": 0,
      "betweenness": 0.0,
      "closeness": 0.13227513227513227,
      "pagerank": 0.05020861911799595,
      "degree_centrality": 0.09523809523809523,
      "cpd": {
        "values": [
          0.8749299979962909,
          0.3700454526875246,
          0.6260765518529441,
          0.5081622987426333
        ],
        "evidence": [
          3,
          5
        ],
        "evidence_card": [
          2,
          2
        ]
      }
    },
    "12": {
      "type": "intermediate",
      "in_degree": 1,
      "out_degree": 3,
      "betweenness": 0.01666666666666667,
      "closeness": 0.07142857142857142,
      "pagerank": 0.041409110637659105,
      "degree_centrality": 0.19047619047619047,
      "cpd": {
        "values": [
          0.7393549742475987,
          0.32241756979305625,
          0.26064502575240134,
          0.6775824302069439
        ],
        "evidence": [
          3
        ],
        "evidence_card": [
          2
        ]
      }
    },
    "13": {
      "type": "intermediate",
      "in_degree": 1,
      "out_degree": 2,
      "betweenness": 0.014285714285714287,
      "closeness": 0.07142857142857142,
      "pagerank": 0.041409110637659105,
      "degree_centrality": 0.14285714285714285,
      "cpd": {
        "values": [
          0.29906454149932105,
          0.7322885293948965,
          0.700935458500679,
          0.2677114706051035
        ],
        "evidence": [
          3
        ],
        "evidence_card": [
          2
        ]
      }
    },
    "14": {
      "type": "leaf",
      "in_degree": 1,
      "out_degree": 0,
      "betweenness": 0.0,
      "closeness": 0.0761904761904762,
      "pagerank": 0.04651906756401695,
      "degree_centrality": 0.047619047619047616,
      "cpd": {
        "values": [
          0.760221934264942,
          0.36295841603360257,
          0.239778065735058,
          0.6370415839663974
        ],
        "evidence": [
          13
        ],
        "evidence_card": [
          2
        ]
      }
    },
    "15": {
      "type": "leaf",
      "in_degree": 1,
      "out_degree": 0,
      "betweenness": 0.0,
      "closeness": 0.0761904761904762,
      "pagerank": 0.04651906756401695,
      "degree_centrality": 0.047619047619047616,