{
  "graph_index": 5825,
  "nodes": {
    "0": {
      "type": "root",
      "in_degree": 0,
      "out_degree": 1,
      "betweenness": 0.0,
      "closeness": 0.0,
      "pagerank": 0.03393017085806923,
      "degree_centrality": 0.05555555555555555,
      "cpd": {
        "values": [
          0.5,
          0.5,
          0.0,
          0.0
        ],
        "evidence": [],
        "evidence_card": []
      }
    },
    "1": {
      "type": "intermediate",
      "in_degree": 1,
      "out_degree": 2,
      "betweenness": 0.05555555555555556,
      "closeness": 0.05555555555555555,
      "pagerank": 0.06277133946445325,
      "degree_centrality": 0.16666666666666666,
      "cpd": {
        "values": [
          0.25235418160241596,
          0.4391819130695463,
          0.747645818397584,
          0.5608180869304538
        ],
        "evidence": [
          0
        ],
        "evidence_card": [
          2
        ]
      }
    },
    "2": {
      "type": "intermediate",
      "in_degree": 1,
      "out_degree": 2,
      "betweenness": 0.032679738562091505,
      "closeness": 0.07407407407407407,
      "pagerank": 0.060607684912723295,
      "degree_centrality": 0.16666666666666666,
      "cpd": {
        "values": [
          0.299561864814953,
          0.35050118087031723,
          0.700438135185047,
          0.6494988191296828
        ],
        "evidence": [
          1
        ],
        "evidence_card": [
          2
        ]
      }
    },
    "3": {
      "type": "intermediate",
      "in_degree": 1,
      "out_degree": 4,
      "betweenness": 0.06535947712418301,
      "closeness": 0.07407407407407407,
      "pagerank": 0.060607684912723295,
      "degree_centrality": 0.2777777777777778,
      "cpd": {
        "values": [
          0.5969874295668615,
          0.3057970588834605,
          0.40301257043313854,
          0.6942029411165395
        ],
        "evidence": [
          1
        ],
        "evidence_card": [
          2
        ]
      }
    },
    "4": {
      "type": "intermediate",
      "in_degree": 1,
      "out_degree": 3,
      "betweenness": 0.022875816993464054,
      "closeness": 0.08333333333333333,
      "pagerank": 0.046809072435137725,
      "degree_centrality": 0.2222222222222222,
      "cpd": {
        "values": [
          0.5880067467613804,
          0.49025504633941686,
          0.4119932532386196,
          0.5097449536605831
        ],
        "evidence": [
          3
        ],
        "evidence_card": [
          2
        ]
      }
    },
    "5": {
      "type": "intermediate",
      "in_degree": 1,
      "out_degree": 3,
      "betweenness": 0.029411764705882353,
      "closeness": 0.08333333333333333,
      "pagerank": 0.046809072435137725,
      "degree_centrality": 0.2222222222222222,
      "cpd": {
        "values": [
          0.7313546098939845,
          0.32812683676560134,
          0.2686453901060155,
          0.6718731632343986
        ],
        "evidence": [
          3
        ],
        "evidence_card": [
          2
        ]
      }
    },
    "6": {
      "type": "intermediate",
      "in_degree": 1,
      "out_degree": 1,
      "betweenness": 0.00980392156862745,
      "closeness": 0.08333333333333333,
      "pagerank": 0.046809072435137725,
      "degree_centrality": 0.1111111111111111,
      "cpd": {
        "values": [
          0.9098040148147268,
          0.35752819201689373,
          0.09019598518527314,
          0.6424718079831063
        ],
        "evidence": [
          3
        ],
        "evidence_card": [
          2
        ]
      }
    },
    "7": {
      "type": "leaf",
      "in_degree": 1,
      "out_degree": 0,
      "betweenness": 0.0,
      "closeness": 0.08888888888888889,
      "pagerank": 0.07371827345223485,
      "degree_centrality": 0.05555555555555555,
      "cpd": {
        "values": [
          0.36134403682711086,
          0.38957917544648313,
          0.6386559631728892,
          0.6104208245535169
        ],
        "evidence": [
          6
        ],
        "evidence_card": [
          2
        ]
      }
    },
    "8": {
      "type": "leaf",
      "in_degree": 1,
      "out_degree": 0,
      "betweenness": 0.0,
      "closeness": 0.08888888888888889,
      "pagerank": 0.0471928717227911,
      "degree_centrality": 0.05555555555555555,
      "cpd": {
        "values": [
          0.16483458393048486,
          0.8153567869470517,
          0.8351654160695151,
          0.1846432130529483
        ],
        "evidence": [
          5
        ],
        "evidence_card": [
          2
        ]
      }
    },
    "9": {
      "type": "leaf",
      "in_degree": 1,
      "out_degree": 0,
      "betweenness": 0.0,
      "closeness": 0.08888888888888889,
      "pagerank": 0.0471928717227911,
      "degree_centrality": 0.05555555555555555,
      "cpd": {
        "values": [
          0.27263810490493945,
          0.22890173287969737,
          0.7273618950950606,
          0.7710982671203026
        ],
        "evidence": [
          5
        ],
        "evidence_card": [
          2
        ]
      }
    },
    "10": {
      "type": "leaf",
      "in_degree": 1,
      "out_degree": 0,
      "betweenness": 0.0,
      "closeness": 0.08888888888888889,
      "pagerank": 0.0471928717227911,
      "degree_centrality": 0.05555555555555555,
      "cpd": {
        "values": [
          0.18268126474211038,
          0.9418109859870419,
          0.8173187352578897,
          0.05818901401295802
        ],
        "evidence": [
          5
        ],
        "evidence_card": [
          2
        ]
      }
    },
    "11": {
      "type": "leaf",
      "in_degree": 1,
      "out_degree": 0,
      "betweenness": 0.0,
      "closeness": 0.08888888888888889,
      "pagerank": 0.0471928717227911,
      "degree_centrality": 0.05555555555555555,
      "cpd": {
        "values": [
          0.7663294674677057,
          0.3335011143132219,
          0.23367053253229433,
          0.6664988856867782
        ],
        "evidence": [
          4
        ],
        "evidence_card": [
          2
        ]
      }
    },
    "12": {
      "type": "leaf",
      "in_degree": 1,
      "out_degree": 0,
      "betweenness": 0.0,
      "closeness": 0.08888888888888889,
      "pagerank": 0.0471928717227911,
      "degree_centrality": 0.05555555555555555,
      "cpd": {
        "values": [
          0.8852198889104967,
          0.4163356575664199,
          0.11478011108950326,
          0.5836643424335801
        ],
        "evidence": [
          4
        ],
        "evidence_card": [
          2
        ]
      }
    },
    "13": {
      "type": "leaf",
      "in_degree": 2,
      "out_degree": 0,
      "betweenness": 0.0,
      "closeness": 0.154320987654321,
      "pagerank": 0.07295067487692808,
      "degree_centrality": 0.1111111111111111,
      "cpd": {
        "values": [
          0.4248556699256559,
          0.21251252115298563,
          0.5519241850512495,
          0.44041967703965484
        ],
        "evidence": [
          2,
          4
        ],
        "evidence_card": [
          2,
          2
        ]
      }
    },
    "14": {
      "type": "intermediate",
      "in_degree": 1,
      "out_degree": 4,
      "betweenness": 0.032679738562091505,
      "closeness": 0.08333333333333333,
      "pagerank": 0.05968797401220621,
      "degree_centrality": 0.2777777777777778,
      "cpd": {
        "values": [
          0.4596814123077174,
          0.6551977883515194,
          0.5403185876922825,
          0.34480221164848057
        ],
        "evidence": [
          2
        ],
        "evidence_card": [
          2
        ]
      }
    },
    "15": {
      "type": "leaf",
      "in_degree": 1,
      "out_degree": 0,
      "betweenness": 0.0,
      "closeness": 0.08888888888888889,
      "pagerank": 0.04661393000355604,
      "degree_centrality": 0.05555555555555555,