{
  "graph_index": 1657,
  "nodes": {
    "0": {
      "type": "root",
      "in_degree": 0,
      "out_degree": 1,
      "betweenness": 0.0,
      "closeness": 0.0,
      "pagerank": 0.032746600284571034,
      "degree_centrality": 0.05555555555555555,
      "cpd": {
        "values": [
          0.5,
          0.5,
          0.0,
          0.0
        ],
        "evidence": [],
        "evidence_card": []
      }
    },
    "1": {
      "type": "intermediate",
      "in_degree": 1,
      "out_degree": 2,
      "betweenness": 0.05555555555555556,
      "closeness": 0.05555555555555555,
      "pagerank": 0.060582025081702004,
      "degree_centrality": 0.16666666666666666,
      "cpd": {
        "values": [
          0.8685713002647805,
          0.5735148538386536,
          0.13142869973521956,
          0.4264851461613464
        ],
        "evidence": [
          0
        ],
        "evidence_card": [
          2
        ]
      }
    },
    "2": {
      "type": "intermediate",
      "in_degree": 1,
      "out_degree": 4,
      "betweenness": 0.06535947712418301,
      "closeness": 0.07407407407407407,
      "pagerank": 0.058493764271633136,
      "degree_centrality": 0.2777777777777778,
      "cpd": {
        "values": [
          0.9602232103952405,
          0.2599976498465626,
          0.039776789604759465,
          0.7400023501534374
        ],
        "evidence": [
          1
        ],
        "evidence_card": [
          2
        ]
      }
    },
    "3": {
      "type": "intermediate",
      "in_degree": 1,
      "out_degree": 3,
      "betweenness": 0.032679738562091505,
      "closeness": 0.07407407407407407,
      "pagerank": 0.058493764271633136,
      "degree_centrality": 0.2222222222222222,
      "cpd": {
        "values": [
          0.6233331776190958,
          0.5235746699285397,
          0.3766668223809042,
          0.47642533007146026
        ],
        "evidence": [
          1
        ],
        "evidence_card": [
          2
        ]
      }
    },
    "4": {
      "type": "intermediate",
      "in_degree": 1,
      "out_degree": 2,
      "betweenness": 0.013071895424836602,
      "closeness": 0.08333333333333333,
      "pagerank": 0.04931948978030125,
      "degree_centrality": 0.16666666666666666,
      "cpd": {
        "values": [
          0.9893180352946429,
          0.5019478758468513,
          0.01068196470535712,
          0.4980521241531487
        ],
        "evidence": [
          3
        ],
        "evidence_card": [
          2
        ]
      }
    },
    "5": {
      "type": "intermediate",
      "in_degree": 1,
      "out_degree": 1,
      "betweenness": 0.00980392156862745,
      "closeness": 0.08333333333333333,
      "pagerank": 0.04931948978030125,
      "degree_centrality": 0.1111111111111111,
      "cpd": {
        "values": [
          0.2604524325026487,
          0.4436625962817021,
          0.7395475674973513,
          0.5563374037182979
        ],
        "evidence": [
          3
        ],
        "evidence_card": [
          2
        ]
      }
    },
    "6": {
      "type": "leaf",
      "in_degree": 1,
      "out_degree": 0,
      "betweenness": 0.0,
      "closeness": 0.08888888888888889,
      "pagerank": 0.07466917351978644,
      "degree_centrality": 0.05555555555555555,
      "cpd": {
        "values": [
          0.501513424626679,
          0.8909336806756751,
          0.4984865753733211,
          0.10906631932432487
        ],
        "evidence": [
          5
        ],
        "evidence_card": [
          2
        ]
      }
    },
    "7": {
      "type": "leaf",
      "in_degree": 2,
      "out_degree": 0,
      "betweenness": 0.0,
      "closeness": 0.154320987654321,
      "pagerank": 0.0661375540239764,
      "degree_centrality": 0.1111111111111111,
      "cpd": {
        "values": [
          0.6321525795333612,
          0.2797708356905757,
          0.5904974673384839,
          0.4969976289698853
        ],
        "evidence": [
          2,
          4
        ],
        "evidence_card": [
          2,
          2
        ]
      }
    },
    "8": {
      "type": "leaf",
      "in_degree": 1,
      "out_degree": 0,
      "betweenness": 0.0,
      "closeness": 0.08888888888888889,
      "pagerank": 0.053707886902178745,
      "degree_centrality": 0.05555555555555555,
      "cpd": {
        "values": [
          0.40698333482699933,
          0.737624898667745,
          0.5930166651730007,
          0.26237510133225495
        ],
        "evidence": [
          4
        ],
        "evidence_card": [
          2
        ]
      }
    },
    "9": {
      "type": "intermediate",
      "in_degree": 1,
      "out_degree": 3,
      "betweenness": 0.029411764705882353,
      "closeness": 0.08333333333333333,
      "pagerank": 0.045176267406368695,
      "degree_centrality": 0.2222222222222222,
      "cpd": {
        "values": [
          0.5800001556915791,
          0.4990649607528419,
          0.4199998443084208,
          0.5009350392471581
        ],
        "evidence": [
          2
        ],
        "evidence_card": [
          2
        ]
      }
    },
    "10": {
      "type": "intermediate",
      "in_degree": 1,
      "out_degree": 2,
      "betweenness": 0.0196078431372549,
      "closeness": 0.08333333333333333,
      "pagerank": 0.045176267406368695,
      "degree_centrality": 0.16666666666666666,
      "cpd": {
        "values": [
          0.5157916042402684,
          0.31356310821053757,
          0.48420839575973157,
          0.6864368917894624
        ],
        "evidence": [
          2
        ],
        "evidence_card": [
          2
        ]
      }
    },
    "11": {
      "type": "intermediate",
      "in_degree": 1,
      "out_degree": 2,
      "betweenness": 0.013071895424836602,
      "closeness": 0.08333333333333333,
      "pagerank": 0.045176267406368695,
      "degree_centrality": 0.16666666666666666,
      "cpd": {
        "values": [
          0.9679385216512724,
          0.2278307485337716,
          0.03206147834872764,
          0.7721692514662284
        ],
        "evidence": [
          2
        ],
        "evidence_card": [
          2
        ]
      }
    },
    "12": {
      "type": "leaf",
      "in_degree": 1,
      "out_degree": 0,
      "betweenness": 0.0,
      "closeness": 0.08888888888888889,
      "pagerank": 0.05194699334741819,
      "degree_centrality": 0.05555555555555555,
      "cpd": {
        "values": [
          0.4968332354940651,
          0.2566292109548919,
          0.5031667645059349,
          0.7433707890451081
        ],
        "evidence": [
          11
        ],
        "evidence_card": [
          2
        ]
      }
    },
    "13": {
      "type": "leaf",
      "in_degree": 2,
      "out_degree": 0,
      "betweenness": 0.0,
      "closeness": 0.154320987654321,
      "pagerank": 0.0685198828431484,
      "degree_centrality": 0.1111111111111111,
      "cpd": {
        "values": [
          0.2944715666663444,
          0.42611338842050334,
          0.6351703915942375,
          0.5210303291439213
        ],
        "evidence": [
          3,
          11
        ],
        "evidence_card": [
          2,
          2
        ]
      }
    },
    "14": {
      "type": "leaf",
      "in_degree": 1,
      "out_degree": 0,
      "betweenness": 0.0,
      "closeness": 0.08888888888888889,
      "pagerank": 0.05194699334741819,
      "degree_centrality": 0.05555555555555555,
      "cpd": {
        "values": [
          0.4965701233244392,
          0.5025467992471618,
          0.5034298766755608,
          0.4974532007528381
        ],
        "evidence": [
          10
        ],
        "evidence_card": [
          2
        ]
      }
    },
    "15": {
      "type": "leaf",
      "in_degree": 1,
      "out_degree": 0,
      "betweenness": 0.0,
      "closeness": 0.08888888888888889,
      "pagerank": 0.05194699334741819,
      "degree_centrality": 0.05555555555555555,