{
  "graph_index": 393,
  "nodes": {
    "0": {
      "type": "root",
      "in_degree": 0,
      "out_degree": 1,
      "betweenness": 0.0,
      "closeness": 0.0,
      "pagerank": 0.03240443150256317,
      "degree_centrality": 0.05555555555555555,
      "cpd": {
        "values": [
          0.5,
          0.5,
          0.0,
          0.0
        ],
        "evidence": [],
        "evidence_card": []
      }
    },
    "1": {
      "type": "intermediate",
      "in_degree": 1,
      "out_degree": 2,
      "betweenness": 0.05555555555555556,
      "closeness": 0.05555555555555555,
      "pagerank": 0.05994798833876197,
      "degree_centrality": 0.16666666666666666,
      "cpd": {
        "values": [
          0.7220452144231606,
          0.19680451741466878,
          0.2779547855768392,
          0.8031954825853312
        ],
        "evidence": [
          0
        ],
        "evidence_card": [
          2
        ]
      }
    },
    "2": {
      "type": "intermediate",
      "in_degree": 1,
      "out_degree": 3,
      "betweenness": 0.05228758169934641,
      "closeness": 0.07407407407407407,
      "pagerank": 0.057882807819788246,
      "degree_centrality": 0.2222222222222222,
      "cpd": {
        "values": [
          0.9670928189515756,
          0.151802746843762,
          0.03290718104842439,
          0.8481972531562381
        ],
        "evidence": [
          1
        ],
        "evidence_card": [
          2
        ]
      }
    },
    "3": {
      "type": "intermediate",
      "in_degree": 1,
      "out_degree": 3,
      "betweenness": 0.04575163398692811,
      "closeness": 0.07407407407407407,
      "pagerank": 0.057882807819788246,
      "degree_centrality": 0.2222222222222222,
      "cpd": {
        "values": [
          0.38636614474922404,
          0.3432856829884518,
          0.6136338552507761,
          0.6567143170115481
        ],
        "evidence": [
          1
        ],
        "evidence_card": [
          2
        ]
      }
    },
    "4": {
      "type": "intermediate",
      "in_degree": 1,
      "out_degree": 3,
      "betweenness": 0.029411764705882353,
      "closeness": 0.08333333333333333,
      "pagerank": 0.04880431633727644,
      "degree_centrality": 0.2222222222222222,
      "cpd": {
        "values": [
          0.28542495307724236,
          0.3720445657307017,
          0.7145750469227576,
          0.6279554342692982
        ],
        "evidence": [
          3
        ],
        "evidence_card": [
          2
        ]
      }
    },
    "5": {
      "type": "intermediate",
      "in_degree": 1,
      "out_degree": 1,
      "betweenness": 0.00980392156862745,
      "closeness": 0.08333333333333333,
      "pagerank": 0.04880431633727644,
      "degree_centrality": 0.1111111111111111,
      "cpd": {
        "values": [
          0.4462341206748746,
          0.9381432463286123,
          0.5537658793251254,
          0.0618567536713877
        ],
        "evidence": [
          3
        ],
        "evidence_card": [
          2
        ]
      }
    },
    "6": {
      "type": "leaf",
      "in_degree": 1,
      "out_degree": 0,
      "betweenness": 0.0,
      "closeness": 0.08888888888888889,
      "pagerank": 0.07388766809703734,
      "degree_centrality": 0.05555555555555555,
      "cpd": {
        "values": [
          0.7735025127045906,
          0.7104386277828559,
          0.2264974872954093,
          0.289561372217144
        ],
        "evidence": [
          5
        ],
        "evidence_card": [
          2
        ]
      }
    },
    "7": {
      "type": "leaf",
      "in_degree": 1,
      "out_degree": 0,
      "betweenness": 0.0,
      "closeness": 0.08888888888888889,
      "pagerank": 0.046232177034054564,
      "degree_centrality": 0.05555555555555555,
      "cpd": {
        "values": [
          0.963893312941728,
          0.724551364967894,
          0.03610668705827211,
          0.2754486350321061
        ],
        "evidence": [
          4
        ],
        "evidence_card": [
          2
        ]
      }
    },
    "8": {
      "type": "leaf",
      "in_degree": 1,
      "out_degree": 0,
      "betweenness": 0.0,
      "closeness": 0.08888888888888889,
      "pagerank": 0.046232177034054564,
      "degree_centrality": 0.05555555555555555,
      "cpd": {
        "values": [
          0.8276413664354302,
          0.9393239133774548,
          0.17235863356456982,
          0.06067608662254517
        ],
        "evidence": [
          4
        ],
        "evidence_card": [
          2
        ]
      }
    },
    "9": {
      "type": "leaf",
      "in_degree": 1,
      "out_degree": 0,
      "betweenness": 0.0,
      "closeness": 0.08888888888888889,
      "pagerank": 0.046232177034054564,
      "degree_centrality": 0.05555555555555555,
      "cpd": {
        "values": [
          0.5349039929566483,
          0.9919121387631202,
          0.4650960070433517,
          0.00808786123687981
        ],
        "evidence": [
          4
        ],
        "evidence_card": [
          2
        ]
      }
    },
    "10": {
      "type": "intermediate",
      "in_degree": 1,
      "out_degree": 2,
      "betweenness": 0.0196078431372549,
      "closeness": 0.08333333333333333,
      "pagerank": 0.04880431633727644,
      "degree_centrality": 0.16666666666666666,
      "cpd": {
        "values": [
          0.5510746205789436,
          0.8169601381916248,
          0.44892537942105637,
          0.18303986180837514
        ],
        "evidence": [
          2
        ],
        "evidence_card": [
          2
        ]
      }
    },
    "11": {
      "type": "intermediate",
      "in_degree": 1,
      "out_degree": 3,
      "betweenness": 0.022875816993464054,
      "closeness": 0.08333333333333333,
      "pagerank": 0.04880431633727644,
      "degree_centrality": 0.2222222222222222,
      "cpd": {
        "values": [
          0.2890411393434685,
          0.5469781585390754,
          0.7109588606565315,
          0.4530218414609247
        ],
        "evidence": [
          2
        ],
        "evidence_card": [
          2
        ]
      }
    },
    "12": {
      "type": "intermediate",
      "in_degree": 1,
      "out_degree": 1,
      "betweenness": 0.00980392156862745,
      "closeness": 0.08333333333333333,
      "pagerank": 0.04880431633727644,
      "degree_centrality": 0.1111111111111111,
      "cpd": {
        "values": [
          0.2319332043991405,
          0.3920941353844835,
          0.7680667956008596,
          0.6079058646155165
        ],
        "evidence": [
          2
        ],
        "evidence_card": [
          2
        ]
      }
    },
    "13": {
      "type": "leaf",
      "in_degree": 1,
      "out_degree": 0,
      "betweenness": 0.0,
      "closeness": 0.08888888888888889,
      "pagerank": 0.07388766809703734,
      "degree_centrality": 0.05555555555555555,
      "cpd": {
        "values": [
          0.008790323083875017,
          0.34818271640339027,
          0.9912096769161249,
          0.6518172835966097
        ],
        "evidence": [
          12
        ],
        "evidence_card": [
          2
        ]
      }
    },
    "14": {
      "type": "leaf",
      "in_degree": 2,
      "out_degree": 0,
      "betweenness": 0.0,
      "closeness": 0.154320987654321,
      "pagerank": 0.06263206186876784,
      "degree_centrality": 0.1111111111111111,
      "cpd": {
        "values": [
          0.520176619496792,
          0.47831671638154377,
          0.8551321658324762,
          0.5560652176773028
        ],
        "evidence": [
          3,
          11
        ],
        "evidence_card": [
          2,
          2
        ]
      }
    },
    "15": {
      "type": "leaf",
      "in_degree": 1,
      "out_degree": 0,
      "betweenness": 0.0,
      "closeness": 0.08888888888888889,
      "pagerank": 0.046232177034054564,
      "degree_centrality": 0.05555555555555555,