{
  "graph_index": 7120,
  "nodes": {
    "0": {
      "type": "root",
      "in_degree": 0,
      "out_degree": 1,
      "betweenness": 0.0,
      "closeness": 0.0,
      "pagerank": 0.08118382772690558,
      "degree_centrality": 0.25,
      "cpd": {
        "values": [
          0.5,
          0.5,
          0.0,
          0.0
        ],
        "evidence": [],
        "evidence_card": []
      }
    },
    "1": {
      "type": "intermediate",
      "in_degree": 1,
      "out_degree": 1,
      "betweenness": 0.25,
      "closeness": 0.25,
      "pagerank": 0.15018906609846971,
      "degree_centrality": 0.5,
      "cpd": {
        "values": [
          0.8132435248446096,
          0.491202206573021,
          0.18675647515539034,
          0.508797793426979
        ],
        "evidence": [
          0
        ],
        "evidence_card": [
          2
        ]
      }
    },
    "2": {
      "type": "intermediate",
      "in_degree": 1,
      "out_degree": 1,
      "betweenness": 0.3333333333333333,
      "closeness": 0.3333333333333333,
      "pagerank": 0.20884381674937905,
      "degree_centrality": 0.5,
      "cpd": {
        "values": [
          0.6146067434269539,
          0.61190584074628,
          0.3853932565730461,
          0.38809415925372015
        ],
        "evidence": [
          1
        ],
        "evidence_card": [
          2
        ]
      }
    },
    "3": {
      "type": "intermediate",
      "in_degree": 1,
      "out_degree": 1,
      "betweenness": 0.25,
      "closeness": 0.375,
      "pagerank": 0.25870166328541455,
      "degree_centrality": 0.5,
      "cpd": {
        "values": [
          0.5005794971435343,
          0.5751536971706903,
          0.49942050285646566,
          0.42484630282930974
        ],
        "evidence": [
          2
        ],
        "evidence_card": [
          2
        ]
      }
    },
    "4": {
      "type": "leaf",
      "in_degree": 1,
      "out_degree": 0,
      "betweenness": 0.0,
      "closeness": 0.4,
      "pagerank": 0.30108162613983136,
      "degree_centrality": 0.25,
      "cpd": {
        "values": [
          0.5889776491690156,
          0.4226226188313421,
          0.4110223508309843,
          0.5773773811686579
        ],
        "evidence": [
          3
        ],
        "evidence_card": [
          2
        ]
      }
    }
  },
  "edges": [
    [
      0,
      1
    ],
    [
      1,
      2
    ],
    [
      2,
      3
    ],
    [
      3,
      4
    ]
  ]
}