{
  "graph_index": 5219,
  "nodes": {
    "0": {
      "type": "root",
      "in_degree": 0,
      "out_degree": 1,
      "betweenness": 0.0,
      "closeness": 0.0,
      "pagerank": 0.04163558661080729,
      "degree_centrality": 0.07142857142857142,
      "cpd": {
        "values": [
          0.5,
          0.5,
          0.0,
          0.0
        ],
        "evidence": [],
        "evidence_card": []
      }
    },
    "1": {
      "type": "intermediate",
      "in_degree": 1,
      "out_degree": 1,
      "betweenness": 0.07142857142857144,
      "closeness": 0.07142857142857142,
      "pagerank": 0.07702584082244959,
      "degree_centrality": 0.14285714285714285,
      "cpd": {
        "values": [
          0.8389237371989923,
          0.403335258784002,
          0.16107626280100762,
          0.596664741215998
        ],
        "evidence": [
          0
        ],
        "evidence_card": [
          2
        ]
      }
    },
    "2": {
      "type": "intermediate",
      "in_degree": 1,
      "out_degree": 3,
      "betweenness": 0.13186813186813187,
      "closeness": 0.09523809523809523,
      "pagerank": 0.10710838982752094,
      "degree_centrality": 0.2857142857142857,
      "cpd": {
        "values": [
          0.3752533757741426,
          0.6292935724210306,
          0.6247466242258574,
          0.3707064275789695
        ],
        "evidence": [
          1
        ],
        "evidence_card": [
          2
        ]
      }
    },
    "3": {
      "type": "intermediate",
      "in_degree": 1,
      "out_degree": 4,
      "betweenness": 0.06593406593406594,
      "closeness": 0.10714285714285714,
      "pagerank": 0.07198343961074066,
      "degree_centrality": 0.3571428571428571,
      "cpd": {
        "values": [
          0.28892934669596243,
          0.34663603148718447,
          0.7110706533040375,
          0.6533639685128155
        ],
        "evidence": [
          2
        ],
        "evidence_card": [
          2
        ]
      }
    },
    "4": {
      "type": "intermediate",
      "in_degree": 1,
      "out_degree": 1,
      "betweenness": 0.016483516483516484,
      "closeness": 0.10714285714285714,
      "pagerank": 0.07198343961074066,
      "degree_centrality": 0.14285714285714285,
      "cpd": {
        "values": [
          0.5661419492222638,
          0.028196020035397503,
          0.43385805077773626,
          0.9718039799646025
        ],
        "evidence": [
          2
        ],
        "evidence_card": [
          2
        ]
      }
    },
    "5": {
      "type": "intermediate",
      "in_degree": 1,
      "out_degree": 4,
      "betweenness": 0.06593406593406594,
      "closeness": 0.10714285714285714,
      "pagerank": 0.07198343961074066,
      "degree_centrality": 0.3571428571428571,
      "cpd": {
        "values": [
          0.41263050082407965,
          0.7106656545562997,
          0.5873694991759203,
          0.2893343454437003
        ],
        "evidence": [
          2
        ],
        "evidence_card": [
          2
        ]
      }
    },
    "6": {
      "type": "leaf",
      "in_degree": 1,
      "out_degree": 0,
      "betweenness": 0.0,
      "closeness": 0.11428571428571428,
      "pagerank": 0.05693221864495183,
      "degree_centrality": 0.07142857142857142,
      "cpd": {
        "values": [
          0.45170246894690175,
          0.00590670381619811,
          0.5482975310530982,
          0.9940932961838019
        ],
        "evidence": [
          5
        ],
        "evidence_card": [
          2
        ]
      }
    },
    "7": {
      "type": "leaf",
      "in_degree": 1,
      "out_degree": 0,
      "betweenness": 0.0,
      "closeness": 0.11428571428571428,
      "pagerank": 0.05693221864495183,
      "degree_centrality": 0.07142857142857142,
      "cpd": {
        "values": [
          0.22997059740928225,
          0.7955469005154199,
          0.7700294025907177,
          0.20445309948458015
        ],
        "evidence": [
          5
        ],
        "evidence_card": [
          2
        ]
      }
    },
    "8": {
      "type": "leaf",
      "in_degree": 1,
      "out_degree": 0,
      "betweenness": 0.0,
      "closeness": 0.11428571428571428,
      "pagerank": 0.05693221864495183,
      "degree_centrality": 0.07142857142857142,
      "cpd": {
        "values": [
          0.4493731893709487,
          0.08514637273988655,
          0.5506268106290514,
          0.9148536272601134
        ],
        "evidence": [
          5
        ],
        "evidence_card": [
          2
        ]
      }
    },
    "9": {
      "type": "leaf",
      "in_degree": 1,
      "out_degree": 0,
      "betweenness": 0.0,
      "closeness": 0.11428571428571428,
      "pagerank": 0.05693221864495183,
      "degree_centrality": 0.07142857142857142,
      "cpd": {
        "values": [
          0.563464233475668,
          0.6294163902211931,
          0.43653576652433207,
          0.37058360977880683
        ],
        "evidence": [
          5
        ],
        "evidence_card": [
          2
        ]
      }
    },
    "10": {
      "type": "leaf",
      "in_degree": 1,
      "out_degree": 0,
      "betweenness": 0.0,
      "closeness": 0.11428571428571428,
      "pagerank": 0.10282211474738545,
      "degree_centrality": 0.07142857142857142,
      "cpd": {
        "values": [
          0.9818472180962228,
          0.17878939971219526,
          0.018152781903777223,
          0.8212106002878048
        ],
        "evidence": [
          4
        ],
        "evidence_card": [
          2
        ]
      }
    },
    "11": {
      "type": "leaf",
      "in_degree": 1,
      "out_degree": 0,
      "betweenness": 0.0,
      "closeness": 0.11428571428571428,
      "pagerank": 0.05693221864495183,
      "degree_centrality": 0.07142857142857142,
      "cpd": {
        "values": [
          0.8477930265707548,
          0.6958376629339471,
          0.1522069734292451,
          0.30416233706605295
        ],
        "evidence": [
          3
        ],
        "evidence_card": [
          2
        ]
      }
    },
    "12": {
      "type": "leaf",
      "in_degree": 1,
      "out_degree": 0,
      "betweenness": 0.0,
      "closeness": 0.11428571428571428,
      "pagerank": 0.05693221864495183,
      "degree_centrality": 0.07142857142857142,
      "cpd": {
        "values": [
          0.19194836524982267,
          0.2689287264316763,
          0.8080516347501774,
          0.7310712735683237
        ],
        "evidence": [
          3
        ],
        "evidence_card": [
          2
        ]
      }
    },
    "13": {
      "type": "leaf",
      "in_degree": 1,
      "out_degree": 0,
      "betweenness": 0.0,
      "closeness": 0.11428571428571428,
      "pagerank": 0.05693221864495183,
      "degree_centrality": 0.07142857142857142,
      "cpd": {
        "values": [
          0.8209999301357528,
          0.7267681036076334,
          0.17900006986424724,
          0.2732318963923665
        ],
        "evidence": [
          3
        ],
        "evidence_card": [
          2
        ]
      }
    },
    "14": {
      "type": "leaf",
      "in_degree": 1,
      "out_degree": 0,
      "betweenness": 0.0,
      "closeness": 0.11428571428571428,
      "pagerank": 0.05693221864495183,
      "degree_centrality": 0.07142857142857142,
      "cpd": {
        "values": [
          0.633585453193161,
          0.3285793005277733,
          0.3664145468068391,
          0.6714206994722268
        ],
        "evidence": [
          3
        ],
        "evidence_card": [
          2
        ]
      }
    }
  },