{
  "graph_index": 2000,
  "nodes": {
    "0": {
      "type": "root",
      "in_degree": 0,
      "out_degree": 1,
      "betweenness": 0.0,
      "closeness": 0.0,
      "pagerank": 0.03588370182712512,
      "degree_centrality": 0.058823529411764705,
      "cpd": {
        "values": [
          0.5,
          0.5,
          0.0,
          0.0
        ],
        "evidence": [],
        "evidence_card": []
      }
    },
    "1": {
      "type": "intermediate",
      "in_degree": 1,
      "out_degree": 1,
      "betweenness": 0.058823529411764705,
      "closeness": 0.058823529411764705,
      "pagerank": 0.066385308926957,
      "degree_centrality": 0.11764705882352941,
      "cpd": {
        "values": [
          0.9894513571555434,
          0.599086651556049,
          0.01054864284445653,
          0.40091334844395093
        ],
        "evidence": [
          0
        ],
        "evidence_card": [
          2
        ]
      }
    },
    "2": {
      "type": "intermediate",
      "in_degree": 1,
      "out_degree": 4,
      "betweenness": 0.11029411764705882,
      "closeness": 0.0784313725490196,
      "pagerank": 0.09231168018430645,
      "degree_centrality": 0.29411764705882354,
      "cpd": {
        "values": [
          0.5076747583826428,
          0.5318146743714841,
          0.4923252416173573,
          0.46818532562851595
        ],
        "evidence": [
          1
        ],
        "evidence_card": [
          2
        ]
      }
    },
    "3": {
      "type": "intermediate",
      "in_degree": 1,
      "out_degree": 2,
      "betweenness": 0.022058823529411763,
      "closeness": 0.08823529411764706,
      "pagerank": 0.055500100706609504,
      "degree_centrality": 0.1764705882352941,
      "cpd": {
        "values": [
          0.2441877435564645,
          0.4623403153229141,
          0.7558122564435354,
          0.5376596846770859
        ],
        "evidence": [
          2
        ],
        "evidence_card": [
          2
        ]
      }
    },
    "4": {
      "type": "intermediate",
      "in_degree": 1,
      "out_degree": 4,
      "betweenness": 0.044117647058823525,
      "closeness": 0.08823529411764706,
      "pagerank": 0.055500100706609504,
      "degree_centrality": 0.29411764705882354,
      "cpd": {
        "values": [
          0.7435541929689975,
          0.569304403715094,
          0.25644580703100256,
          0.43069559628490595
        ],
        "evidence": [
          2
        ],
        "evidence_card": [
          2
        ]
      }
    },
    "5": {
      "type": "intermediate",
      "in_degree": 1,
      "out_degree": 1,
      "betweenness": 0.011029411764705881,
      "closeness": 0.08823529411764706,
      "pagerank": 0.055500100706609504,
      "degree_centrality": 0.11764705882352941,
      "cpd": {
        "values": [
          0.5097336168052817,
          0.12192688679988134,
          0.4902663831947183,
          0.8780731132001186
        ],
        "evidence": [
          2
        ],
        "evidence_card": [
          2
        ]
      }
    },
    "6": {
      "type": "intermediate",
      "in_degree": 1,
      "out_degree": 4,
      "betweenness": 0.044117647058823525,
      "closeness": 0.08823529411764706,
      "pagerank": 0.055500100706609504,
      "degree_centrality": 0.29411764705882354,
      "cpd": {
        "values": [
          0.8235440434333859,
          0.40494185896762697,
          0.17645595656661403,
          0.595058141032373
        ],
        "evidence": [
          2
        ],
        "evidence_card": [
          2
        ]
      }
    },
    "7": {
      "type": "leaf",
      "in_degree": 1,
      "out_degree": 0,
      "betweenness": 0.0,
      "closeness": 0.09411764705882353,
      "pagerank": 0.04767733846067493,
      "degree_centrality": 0.058823529411764705,
      "cpd": {
        "values": [
          0.19803991534000198,
          0.4265913519032433,
          0.801960084659998,
          0.5734086480967567
        ],
        "evidence": [
          6
        ],
        "evidence_card": [
          2
        ]
      }
    },
    "8": {
      "type": "leaf",
      "in_degree": 1,
      "out_degree": 0,
      "betweenness": 0.0,
      "closeness": 0.09411764705882353,
      "pagerank": 0.04767733846067493,
      "degree_centrality": 0.058823529411764705,
      "cpd": {
        "values": [
          0.7217243291420464,
          0.8079542124763921,
          0.27827567085795357,
          0.19204578752360785
        ],
        "evidence": [
          6
        ],
        "evidence_card": [
          2
        ]
      }
    },
    "9": {
      "type": "leaf",
      "in_degree": 1,
      "out_degree": 0,
      "betweenness": 0.0,
      "closeness": 0.09411764705882353,
      "pagerank": 0.04767733846067493,
      "degree_centrality": 0.058823529411764705,
      "cpd": {
        "values": [
          0.5004433107215674,
          0.47525633631630526,
          0.49955668927843255,
          0.5247436636836947
        ],
        "evidence": [
          6
        ],
        "evidence_card": [
          2
        ]
      }
    },
    "10": {
      "type": "leaf",
      "in_degree": 1,
      "out_degree": 0,
      "betweenness": 0.0,
      "closeness": 0.09411764705882353,
      "pagerank": 0.04767733846067493,
      "degree_centrality": 0.058823529411764705,
      "cpd": {
        "values": [
          0.10259296751647826,
          0.927842788502405,
          0.8974070324835217,
          0.07215721149759508
        ],
        "evidence": [
          6
        ],
        "evidence_card": [
          2
        ]
      }
    },
    "11": {
      "type": "leaf",
      "in_degree": 1,
      "out_degree": 0,
      "betweenness": 0.0,
      "closeness": 0.09411764705882353,
      "pagerank": 0.08305824836132435,
      "degree_centrality": 0.058823529411764705,
      "cpd": {
        "values": [
          0.3383965587418851,
          0.1723557946299559,
          0.6616034412581149,
          0.8276442053700441
        ],
        "evidence": [
          5
        ],
        "evidence_card": [
          2
        ]
      }
    },
    "12": {
      "type": "leaf",
      "in_degree": 1,
      "out_degree": 0,
      "betweenness": 0.0,
      "closeness": 0.09411764705882353,
      "pagerank": 0.04767733846067493,
      "degree_centrality": 0.058823529411764705,
      "cpd": {
        "values": [
          0.4445881144551927,
          0.4646274977330621,
          0.5554118855448072,
          0.5353725022669379
        ],
        "evidence": [
          4
        ],
        "evidence_card": [
          2
        ]
      }
    },
    "13": {
      "type": "leaf",
      "in_degree": 1,
      "out_degree": 0,
      "betweenness": 0.0,
      "closeness": 0.09411764705882353,
      "pagerank": 0.04767733846067493,
      "degree_centrality": 0.058823529411764705,
      "cpd": {
        "values": [
          0.444188830165989,
          0.3896933178171917,
          0.555811169834011,
          0.6103066821828084
        ],
        "evidence": [
          4
        ],
        "evidence_card": [
          2
        ]
      }
    },
    "14": {
      "type": "leaf",
      "in_degree": 1,
      "out_degree": 0,
      "betweenness": 0.0,
      "closeness": 0.09411764705882353,
      "pagerank": 0.04767733846067493,
      "degree_centrality": 0.058823529411764705,
      "cpd": {
        "values": [
          0.5583678253017819,
          0.5432090242045511,
          0.4416321746982181,
          0.4567909757954489
        ],
        "evidence": [
          4
        ],
        "evidence_card": [
          2
        ]
      }
    },
    "15": {
      "type": "leaf",
      "in_degree": 1,
      "out_degree": 0,
      "betweenness": 0.0,
      "closeness": 0.09411764705882353,
      "pagerank": 0.04767733846067493,
      "degree_centrality": 0.058823529411764705,