{
  "graph_index": 4364,
  "nodes": {
    "0": {
      "type": "root",
      "in_degree": 0,
      "out_degree": 1,
      "betweenness": 0.0,
      "closeness": 0.0,
      "pagerank": 0.01957727487969437,
      "degree_centrality": 0.03125,
      "cpd": {
        "values": [
          0.5,
          0.5,
          0.0,
          0.0
        ],
        "evidence": [],
        "evidence_card": []
      }
    },
    "1": {
      "type": "intermediate",
      "in_degree": 1,
      "out_degree": 4,
      "betweenness": 0.03125,
      "closeness": 0.03125,
      "pagerank": 0.03621724336310806,
      "degree_centrality": 0.15625,
      "cpd": {
        "values": [
          0.6283275972299357,
          0.1394936441587001,
          0.37167240277006436,
          0.8605063558412999
        ],
        "evidence": [
          0
        ],
        "evidence_card": [
          2
        ]
      }
    },
    "2": {
      "type": "intermediate",
      "in_degree": 1,
      "out_degree": 2,
      "betweenness": 0.006048387096774193,
      "closeness": 0.041666666666666664,
      "pagerank": 0.02727338960995413,
      "degree_centrality": 0.09375,
      "cpd": {
        "values": [
          0.17031427141139846,
          0.7421569402116562,
          0.8296857285886016,
          0.2578430597883437
        ],
        "evidence": [
          1
        ],
        "evidence_card": [
          2
        ]
      }
    },
    "3": {
      "type": "intermediate",
      "in_degree": 1,
      "out_degree": 3,
      "betweenness": 0.024193548387096774,
      "closeness": 0.041666666666666664,
      "pagerank": 0.02727338960995413,
      "degree_centrality": 0.125,
      "cpd": {
        "values": [
          0.1700661112755997,
          0.6001896592514215,
          0.8299338887244003,
          0.3998103407485785
        ],
        "evidence": [
          1
        ],
        "evidence_card": [
          2
        ]
      }
    },
    "4": {
      "type": "intermediate",
      "in_degree": 1,
      "out_degree": 2,
      "betweenness": 0.008064516129032258,
      "closeness": 0.041666666666666664,
      "pagerank": 0.02727338960995413,
      "degree_centrality": 0.09375,
      "cpd": {
        "values": [
          0.23600892541867952,
          0.3764764346823251,
          0.7639910745813204,
          0.6235235653176748
        ],
        "evidence": [
          1
        ],
        "evidence_card": [
          2
        ]
      }
    },
    "5": {
      "type": "intermediate",
      "in_degree": 1,
      "out_degree": 4,
      "betweenness": 0.016129032258064516,
      "closeness": 0.041666666666666664,
      "pagerank": 0.02727338960995413,
      "degree_centrality": 0.15625,
      "cpd": {
        "values": [
          0.5904236976974638,
          0.31676112002586665,
          0.40957630230253617,
          0.6832388799741332
        ],
        "evidence": [
          1
        ],
        "evidence_card": [
          2
        ]
      }
    },
    "6": {
      "type": "intermediate",
      "in_degree": 1,
      "out_degree": 1,
      "betweenness": 0.0030241935483870967,
      "closeness": 0.046875,
      "pagerank": 0.02537275621710312,
      "degree_centrality": 0.0625,
      "cpd": {
        "values": [
          0.7527035202338864,
          0.6438598092999287,
          0.24729647976611363,
          0.35614019070007125
        ],
        "evidence": [
          5
        ],
        "evidence_card": [
          2
        ]
      }
    },
    "7": {
      "type": "intermediate",
      "in_degree": 1,
      "out_degree": 3,
      "betweenness": 0.007056451612903226,
      "closeness": 0.046875,
      "pagerank": 0.02537275621710312,
      "degree_centrality": 0.125,
      "cpd": {
        "values": [
          0.5831870442450863,
          0.548028153807322,
          0.4168129557549136,
          0.45197184619267794
        ],
        "evidence": [
          5
        ],
        "evidence_card": [
          2
        ]
      }
    },
    "8": {
      "type": "intermediate",
      "in_degree": 1,
      "out_degree": 1,
      "betweenness": 0.0030241935483870967,
      "closeness": 0.046875,
      "pagerank": 0.02537275621710312,
      "degree_centrality": 0.0625,
      "cpd": {
        "values": [
          0.30988601508072067,
          0.48661238050831096,
          0.6901139849192793,
          0.5133876194916891
        ],
        "evidence": [
          5
        ],
        "evidence_card": [
          2
        ]
      }
    },
    "9": {
      "type": "leaf",
      "in_degree": 1,
      "out_degree": 0,
      "betweenness": 0.0,
      "closeness": 0.05,
      "pagerank": 0.041143249810521164,
      "degree_centrality": 0.03125,
      "cpd": {
        "values": [
          0.2095033042751596,
          0.5825095031829282,
          0.7904966957248404,
          0.41749049681707184
        ],
        "evidence": [
          8
        ],
        "evidence_card": [
          2
        ]
      }
    },
    "10": {
      "type": "leaf",
      "in_degree": 2,
      "out_degree": 0,
      "betweenness": 0.0,
      "closeness": 0.08680555555555555,
      "pagerank": 0.038356895864787466,
      "degree_centrality": 0.0625,
      "cpd": {
        "values": [
          0.7998948167154584,
          0.8226016515325468,
          0.09691088843426553,
          0.3013495829812479
        ],
        "evidence": [
          2,
          7
        ],
        "evidence_card": [
          2,
          2
        ]
      }
    },
    "11": {
      "type": "leaf",
      "in_degree": 1,
      "out_degree": 0,
      "betweenness": 0.0,
      "closeness": 0.05,
      "pagerank": 0.02676593318996997,
      "degree_centrality": 0.03125,
      "cpd": {
        "values": [
          0.6378286623314519,
          0.16022128097112562,
          0.3621713376685481,
          0.8397787190288744
        ],
        "evidence": [
          7
        ],
        "evidence_card": [
          2
        ]
      }
    },
    "12": {
      "type": "leaf",
      "in_degree": 1,
      "out_degree": 0,
      "betweenness": 0.0,
      "closeness": 0.05,
      "pagerank": 0.02676593318996997,
      "degree_centrality": 0.03125,
      "cpd": {
        "values": [
          0.16305897622127666,
          0.4774430922668404,
          0.8369410237787234,
          0.5225569077331594
        ],
        "evidence": [
          7
        ],
        "evidence_card": [
          2
        ]
      }
    },
    "13": {
      "type": "leaf",
      "in_degree": 1,
      "out_degree": 0,
      "betweenness": 0.0,
      "closeness": 0.05,
      "pagerank": 0.041143249810521164,
      "degree_centrality": 0.03125,
      "cpd": {
        "values": [
          0.5438307660816172,
          0.5133829513154242,
          0.45616923391838277,
          0.48661704868457567
        ],
        "evidence": [
          6
        ],
        "evidence_card": [
          2
        ]
      }
    },
    "14": {
      "type": "intermediate",
      "in_degree": 1,
      "out_degree": 1,
      "betweenness": 0.0030241935483870967,
      "closeness": 0.046875,
      "pagerank": 0.03116823755451187,
      "degree_centrality": 0.0625,
      "cpd": {
        "values": [
          0.008446412924669872,
          0.5928230131125453,
          0.9915535870753301,
          0.4071769868874547
        ],
        "evidence": [
          4
        ],
        "evidence_card": [
          2
        ]
      }
    },
    "15": {
      "type": "intermediate",
      "in_degree": 1,
      "out_degree": 2,
      "betweenness": 0.004032258064516129,
      "closeness": 0.046875,
      "pagerank": 0.03116823755451187,
      "degree_centrality": 0.09375,
      "cpd": {
        "values": [
          0.5692547764864027,
          0.9798201417425694,
          0.43074522351359745,
          0.02017985825743058
        ],
        "evidence": [
          4
        ],
        "evidence_card": [
          2
        ]
      }
    },