{
  "graph_index": 898,
  "nodes": {
    "0": {
      "type": "root",
      "in_degree": 0,
      "out_degree": 2,
      "betweenness": 0.0,
      "closeness": 0.0,
      "pagerank": 0.019475770697071033,
      "degree_centrality": 0.0625,
      "cpd": {
        "values": [
          0.5,
          0.5,
          0.0,
          0.0
        ],
        "evidence": [],
        "evidence_card": []
      }
    },
    "1": {
      "type": "intermediate",
      "in_degree": 1,
      "out_degree": 2,
      "betweenness": 0.013104838709677418,
      "closeness": 0.03125,
      "pagerank": 0.02775278806670892,
      "degree_centrality": 0.09375,
      "cpd": {
        "values": [
          0.061471700625217944,
          0.15111749466674076,
          0.9385282993747821,
          0.8488825053332594
        ],
        "evidence": [
          0
        ],
        "evidence_card": [
          2
        ]
      }
    },
    "2": {
      "type": "intermediate",
      "in_degree": 1,
      "out_degree": 3,
      "betweenness": 0.017137096774193547,
      "closeness": 0.03125,
      "pagerank": 0.02775278806670892,
      "degree_centrality": 0.125,
      "cpd": {
        "values": [
          0.8254614493788951,
          0.4391259361817585,
          0.1745385506211049,
          0.5608740638182416
        ],
        "evidence": [
          0
        ],
        "evidence_card": [
          2
        ]
      }
    },
    "3": {
      "type": "intermediate",
      "in_degree": 1,
      "out_degree": 2,
      "betweenness": 0.006048387096774193,
      "closeness": 0.041666666666666664,
      "pagerank": 0.027338939849447817,
      "degree_centrality": 0.09375,
      "cpd": {
        "values": [
          0.8385634721748061,
          0.48533029804750655,
          0.16143652782519394,
          0.5146697019524935
        ],
        "evidence": [
          2
        ],
        "evidence_card": [
          2
        ]
      }
    },
    "4": {
      "type": "intermediate",
      "in_degree": 1,
      "out_degree": 4,
      "betweenness": 0.019153225806451613,
      "closeness": 0.041666666666666664,
      "pagerank": 0.027338939849447817,
      "degree_centrality": 0.15625,
      "cpd": {
        "values": [
          0.36469215923658577,
          0.3152446906290449,
          0.6353078407634143,
          0.6847553093709551
        ],
        "evidence": [
          2
        ],
        "evidence_card": [
          2
        ]
      }
    },
    "5": {
      "type": "intermediate",
      "in_degree": 1,
      "out_degree": 2,
      "betweenness": 0.006048387096774193,
      "closeness": 0.046875,
      "pagerank": 0.025285098078942744,
      "degree_centrality": 0.09375,
      "cpd": {
        "values": [
          0.5898375110382746,
          0.8835035256451809,
          0.4101624889617253,
          0.11649647435481911
        ],
        "evidence": [
          4
        ],
        "evidence_card": [
          2
        ]
      }
    },
    "6": {
      "type": "intermediate",
      "in_degree": 1,
      "out_degree": 1,
      "betweenness": 0.0020161290322580645,
      "closeness": 0.046875,
      "pagerank": 0.025285098078942744,
      "degree_centrality": 0.0625,
      "cpd": {
        "values": [
          0.4256958989814158,
          0.8462683637708629,
          0.5743041010185842,
          0.15373163622913713
        ],
        "evidence": [
          4
        ],
        "evidence_card": [
          2
        ]
      }
    },
    "7": {
      "type": "intermediate",
      "in_degree": 1,
      "out_degree": 4,
      "betweenness": 0.010080645161290322,
      "closeness": 0.046875,
      "pagerank": 0.025285098078942744,
      "degree_centrality": 0.15625,
      "cpd": {
        "values": [
          0.29872419464437494,
          0.6735115112935717,
          0.7012758053556251,
          0.3264884887064284
        ],
        "evidence": [
          4
        ],
        "evidence_card": [
          2
        ]
      }
    },
    "8": {
      "type": "leaf",
      "in_degree": 1,
      "out_degree": 0,
      "betweenness": 0.0,
      "closeness": 0.05,
      "pagerank": 0.02484887711329415,
      "degree_centrality": 0.03125,
      "cpd": {
        "values": [
          0.7673353760789738,
          0.5027611755485856,
          0.2326646239210262,
          0.4972388244514143
        ],
        "evidence": [
          7
        ],
        "evidence_card": [
          2
        ]
      }
    },
    "9": {
      "type": "leaf",
      "in_degree": 1,
      "out_degree": 0,
      "betweenness": 0.0,
      "closeness": 0.05,
      "pagerank": 0.02484887711329415,
      "degree_centrality": 0.03125,
      "cpd": {
        "values": [
          0.6793456548581154,
          0.45268995888784913,
          0.3206543451418845,
          0.547310041112151
        ],
        "evidence": [
          7
        ],
        "evidence_card": [
          2
        ]
      }
    },
    "10": {
      "type": "leaf",
      "in_degree": 2,
      "out_degree": 0,
      "betweenness": 0.0,
      "closeness": 0.08680555555555555,
      "pagerank": 0.036467531877037565,
      "degree_centrality": 0.0625,
      "cpd": {
        "values": [
          0.5029295550662853,
          0.7293259605428102,
          0.4019246190307593,
          0.40785027032704696
        ],
        "evidence": [
          3,
          7
        ],
        "evidence_card": [
          2,
          2
        ]
      }
    },
    "11": {
      "type": "leaf",
      "in_degree": 1,
      "out_degree": 0,
      "betweenness": 0.0,
      "closeness": 0.05,
      "pagerank": 0.02484887711329415,
      "degree_centrality": 0.03125,
      "cpd": {
        "values": [
          0.3586289893349771,
          0.3204880254242765,
          0.6413710106650229,
          0.6795119745757234
        ],
        "evidence": [
          7
        ],
        "evidence_card": [
          2
        ]
      }
    },
    "12": {
      "type": "leaf",
      "in_degree": 2,
      "out_degree": 0,
      "betweenness": 0.0,
      "closeness": 0.09375,
      "pagerank": 0.04982784533582763,
      "degree_centrality": 0.0625,
      "cpd": {
        "values": [
          0.45577143367415474,
          0.8253405862467085,
          0.563820748999639,
          0.34452162665871466
        ],
        "evidence": [
          17,
          6
        ],
        "evidence_card": [
          2,
          2
        ]
      }
    },
    "13": {
      "type": "leaf",
      "in_degree": 1,
      "out_degree": 0,
      "betweenness": 0.0,
      "closeness": 0.05,
      "pagerank": 0.030221983529517268,
      "degree_centrality": 0.03125,
      "cpd": {
        "values": [
          0.8212125716411386,
          0.5735662251792916,
          0.17878742835886138,
          0.4264337748207085
        ],
        "evidence": [
          5
        ],
        "evidence_card": [
          2
        ]
      }
    },
    "14": {
      "type": "leaf",
      "in_degree": 1,
      "out_degree": 0,
      "betweenness": 0.0,
      "closeness": 0.05,
      "pagerank": 0.030221983529517268,
      "degree_centrality": 0.03125,
      "cpd": {
        "values": [
          0.46147274478023537,
          0.6282087642449241,
          0.5385272552197646,
          0.37179123575507594
        ],
        "evidence": [
          5
        ],
        "evidence_card": [
          2
        ]
      }
    },
    "15": {
      "type": "intermediate",
      "in_degree": 1,
      "out_degree": 1,
      "betweenness": 0.0030241935483870967,
      "closeness": 0.046875,
      "pagerank": 0.031094425460814454,
      "degree_centrality": 0.0625,
      "cpd": {
        "values": [
          0.11333420711161553,
          0.5255326065334776,
          0.8866657928883844,
          0.4744673934665224
        ],
        "evidence": [
          3
        ],
        "evidence_card": [
          2
        ]
      }
    },
    "16": {
      "type": "leaf",
      "in_degree": 1,