{
  "graph_index": 3350,
  "nodes": {
    "0": {
      "type": "root",
      "in_degree": 0,
      "out_degree": 1,
      "betweenness": 0.0,
      "closeness": 0.0,
      "pagerank": 0.027433346632591143,
      "degree_centrality": 0.043478260869565216,
      "cpd": {
        "values": [
          0.5,
          0.5,
          0.0,
          0.0
        ],
        "evidence": [],
        "evidence_card": []
      }
    },
    "1": {
      "type": "intermediate",
      "in_degree": 1,
      "out_degree": 2,
      "betweenness": 0.043478260869565216,
      "closeness": 0.043478260869565216,
      "pagerank": 0.05075199363407196,
      "degree_centrality": 0.13043478260869565,
      "cpd": {
        "values": [
          0.4632221793364831,
          0.9347118318668665,
          0.536777820663517,
          0.0652881681331335
        ],
        "evidence": [
          0
        ],
        "evidence_card": [
          2
        ]
      }
    },
    "2": {
      "type": "intermediate",
      "in_degree": 1,
      "out_degree": 3,
      "betweenness": 0.023715415019762844,
      "closeness": 0.05797101449275362,
      "pagerank": 0.049002715809720855,
      "degree_centrality": 0.17391304347826086,
      "cpd": {
        "values": [
          0.3812661755294133,
          0.8220604979422856,
          0.6187338244705866,
          0.1779395020577144
        ],
        "evidence": [
          1
        ],
        "evidence_card": [
          2
        ]
      }
    },
    "3": {
      "type": "intermediate",
      "in_degree": 1,
      "out_degree": 5,
      "betweenness": 0.05533596837944664,
      "closeness": 0.05797101449275362,
      "pagerank": 0.049002715809720855,
      "degree_centrality": 0.2608695652173913,
      "cpd": {
        "values": [
          0.7330775681331402,
          0.4782954307211138,
          0.2669224318668599,
          0.5217045692788862
        ],
        "evidence": [
          1
        ],
        "evidence_card": [
          2
        ]
      }
    },
    "4": {
      "type": "intermediate",
      "in_degree": 1,
      "out_degree": 4,
      "betweenness": 0.023715415019762844,
      "closeness": 0.06521739130434782,
      "pagerank": 0.035763709208063064,
      "degree_centrality": 0.21739130434782608,
      "cpd": {
        "values": [
          0.47884360084502053,
          0.2647549117496568,
          0.5211563991549794,
          0.7352450882503432
        ],
        "evidence": [
          3
        ],
        "evidence_card": [
          2
        ]
      }
    },
    "5": {
      "type": "intermediate",
      "in_degree": 1,
      "out_degree": 1,
      "betweenness": 0.001976284584980237,
      "closeness": 0.06521739130434782,
      "pagerank": 0.035763709208063064,
      "degree_centrality": 0.08695652173913043,
      "cpd": {
        "values": [
          0.775562001061341,
          0.5208668448258481,
          0.22443799893865915,
          0.4791331551741519
        ],
        "evidence": [
          3
        ],
        "evidence_card": [
          2
        ]
      }
    },
    "6": {
      "type": "intermediate",
      "in_degree": 1,
      "out_degree": 3,
      "betweenness": 0.017786561264822132,
      "closeness": 0.06521739130434782,
      "pagerank": 0.035763709208063064,
      "degree_centrality": 0.17391304347826086,
      "cpd": {
        "values": [
          0.5730282526620402,
          0.6682692167679751,
          0.4269717473379598,
          0.3317307832320249
        ],
        "evidence": [
          3
        ],
        "evidence_card": [
          2
        ]
      }
    },
    "7": {
      "type": "intermediate",
      "in_degree": 1,
      "out_degree": 2,
      "betweenness": 0.011857707509881422,
      "closeness": 0.06521739130434782,
      "pagerank": 0.035763709208063064,
      "degree_centrality": 0.13043478260869565,
      "cpd": {
        "values": [
          0.20082937460765804,
          0.9007000807994782,
          0.7991706253923421,
          0.09929991920052181
        ],
        "evidence": [
          3
        ],
        "evidence_card": [
          2
        ]
      }
    },
    "8": {
      "type": "leaf",
      "in_degree": 1,
      "out_degree": 0,
      "betweenness": 0.0,
      "closeness": 0.06956521739130435,
      "pagerank": 0.04263313293095435,
      "degree_centrality": 0.043478260869565216,
      "cpd": {
        "values": [
          0.5106534018868036,
          0.6888810448100822,
          0.48934659811319636,
          0.3111189551899177
        ],
        "evidence": [
          7
        ],
        "evidence_card": [
          2
        ]
      }
    },
    "9": {
      "type": "leaf",
      "in_degree": 1,
      "out_degree": 0,
      "betweenness": 0.0,
      "closeness": 0.06956521739130435,
      "pagerank": 0.04263313293095435,
      "degree_centrality": 0.043478260869565216,
      "cpd": {
        "values": [
          0.35297855802161177,
          0.3571942167198974,
          0.6470214419783883,
          0.6428057832801026
        ],
        "evidence": [
          7
        ],
        "evidence_card": [
          2
        ]
      }
    },
    "10": {
      "type": "leaf",
      "in_degree": 1,
      "out_degree": 0,
      "betweenness": 0.0,
      "closeness": 0.06956521739130435,
      "pagerank": 0.037566537498166616,
      "degree_centrality": 0.043478260869565216,
      "cpd": {
        "values": [
          0.8780628960900071,
          0.18003566217835226,
          0.12193710390999282,
          0.8199643378216478
        ],
        "evidence": [
          6
        ],
        "evidence_card": [
          2
        ]
      }
    },
    "11": {
      "type": "leaf",
      "in_degree": 1,
      "out_degree": 0,
      "betweenness": 0.0,
      "closeness": 0.06956521739130435,
      "pagerank": 0.037566537498166616,
      "degree_centrality": 0.043478260869565216,
      "cpd": {
        "values": [
          0.7247666820261007,
          0.23864999620155064,
          0.2752333179738994,
          0.7613500037984493
        ],
        "evidence": [
          6
        ],
        "evidence_card": [
          2
        ]
      }
    },
    "12": {
      "type": "leaf",
      "in_degree": 1,
      "out_degree": 0,
      "betweenness": 0.0,
      "closeness": 0.06956521739130435,
      "pagerank": 0.037566537498166616,
      "degree_centrality": 0.043478260869565216,
      "cpd": {
        "values": [
          0.5831258062193508,
          0.6319083124009474,
          0.4168741937806491,
          0.3680916875990527
        ],
        "evidence": [
          6
        ],
        "evidence_card": [
          2
        ]
      }
    },
    "13": {
      "type": "leaf",
      "in_degree": 2,
      "out_degree": 0,
      "betweenness": 0.0,
      "closeness": 0.12077294685990338,
      "pagerank": 0.07171685685510411,
      "degree_centrality": 0.08695652173913043,
      "cpd": {
        "values": [
          0.5776583750819513,
          0.9556379367988532,
          0.6653407539040039,
          0.5167181045531826
        ],
        "evidence": [
          2,
          5
        ],
        "evidence_card": [
          2,
          2
        ]
      }
    },
    "14": {
      "type": "leaf",
      "in_degree": 1,
      "out_degree": 0,
      "betweenness": 0.0,
      "closeness": 0.06956521739130435,
      "pagerank": 0.03503323978177275,
      "degree_centrality": 0.043478260869565216,
      "cpd": {
        "values": [
          0.42225860624360373,
          0.700635681505239,
          0.5777413937563962,
          0.299364318494761
        ],
        "evidence": [
          4
        ],
        "evidence_card": [
          2
        ]
      }
    },
    "15": {
      "type": "leaf",
      "in_degree": 1,
      "out_degree": 0,
      "betweenness": 0.0,
      "closeness": 0.06956521739130435,
      "pagerank": 0.03503323978177275,
      "degree_centrality": 0.043478260869565216,