{
  "graph_index": 9091,
  "nodes": {
    "0": {
      "type": "root",
      "in_degree": 0,
      "out_degree": 3,
      "betweenness": 0.0,
      "closeness": 0.0,
      "pagerank": 0.022115078638213236,
      "degree_centrality": 0.10714285714285714,
      "cpd": {
        "values": [
          0.5,
          0.5,
          0.0,
          0.0
        ],
        "evidence": [],
        "evidence_card": []
      }
    },
    "1": {
      "type": "intermediate",
      "in_degree": 1,
      "out_degree": 2,
      "betweenness": 0.011904761904761904,
      "closeness": 0.03571428571428571,
      "pagerank": 0.028381089001591146,
      "degree_centrality": 0.10714285714285714,
      "cpd": {
        "values": [
          0.5603687460612884,
          0.4389439958306165,
          0.43963125393871166,
          0.5610560041693835
        ],
        "evidence": [
          0
        ],
        "evidence_card": [
          2
        ]
      }
    },
    "2": {
      "type": "intermediate",
      "in_degree": 1,
      "out_degree": 3,
      "betweenness": 0.009259259259259259,
      "closeness": 0.03571428571428571,
      "pagerank": 0.028381089001591146,
      "degree_centrality": 0.14285714285714285,
      "cpd": {
        "values": [
          0.46462718563784294,
          0.6217002929853943,
          0.5353728143621571,
          0.3782997070146057
        ],
        "evidence": [
          0
        ],
        "evidence_card": [
          2
        ]
      }
    },
    "3": {
      "type": "intermediate",
      "in_degree": 1,
      "out_degree": 2,
      "betweenness": 0.011904761904761904,
      "closeness": 0.03571428571428571,
      "pagerank": 0.028381089001591146,
      "degree_centrality": 0.10714285714285714,
      "cpd": {
        "values": [
          0.7228518779543921,
          0.4643868014920013,
          0.2771481220456079,
          0.5356131985079987
        ],
        "evidence": [
          0
        ],
        "evidence_card": [
          2
        ]
      }
    },
    "4": {
      "type": "intermediate",
      "in_degree": 1,
      "out_degree": 5,
      "betweenness": 0.0291005291005291,
      "closeness": 0.047619047619047616,
      "pagerank": 0.03417702406910768,
      "degree_centrality": 0.21428571428571427,
      "cpd": {
        "values": [
          0.5489568716273454,
          0.4115026870699796,
          0.4510431283726547,
          0.5884973129300204
        ],
        "evidence": [
          3
        ],
        "evidence_card": [
          2
        ]
      }
    },
    "5": {
      "type": "intermediate",
      "in_degree": 1,
      "out_degree": 2,
      "betweenness": 0.007936507936507936,
      "closeness": 0.05357142857142857,
      "pagerank": 0.027925039683815912,
      "degree_centrality": 0.10714285714285714,
      "cpd": {
        "values": [
          0.370543118021166,
          0.5802110353115105,
          0.6294568819788341,
          0.41978896468848936
        ],
        "evidence": [
          4
        ],
        "evidence_card": [
          2
        ]
      }
    },
    "6": {
      "type": "intermediate",
      "in_degree": 2,
      "out_degree": 1,
      "betweenness": 0.005291005291005291,
      "closeness": 0.09523809523809523,
      "pagerank": 0.03596633663774554,
      "degree_centrality": 0.10714285714285714,
      "cpd": {
        "values": [
          0.45631876603289506,
          0.030849568241972436,
          0.47296144897685694,
          0.8176124106945739
        ],
        "evidence": [
          2,
          4
        ],
        "evidence_card": [
          2,
          2
        ]
      }
    },
    "7": {
      "type": "intermediate",
      "in_degree": 1,
      "out_degree": 4,
      "betweenness": 0.013227513227513227,
      "closeness": 0.05357142857142857,
      "pagerank": 0.027925039683815912,
      "degree_centrality": 0.17857142857142855,
      "cpd": {
        "values": [
          0.5313691862461715,
          0.47296234896759837,
          0.4686308137538285,
          0.5270376510324016
        ],
        "evidence": [
          4
        ],
        "evidence_card": [
          2
        ]
      }
    },
    "8": {
      "type": "intermediate",
      "in_degree": 2,
      "out_degree": 3,
      "betweenness": 0.015873015873015872,
      "closeness": 0.09523809523809523,
      "pagerank": 0.039986985114710355,
      "degree_centrality": 0.17857142857142855,
      "cpd": {
        "values": [
          0.6036481347447021,
          0.49607236731415,
          0.7321138044391547,
          0.6936191936147602
        ],
        "evidence": [
          1,
          4
        ],
        "evidence_card": [
          2,
          2
        ]
      }
    },
    "9": {
      "type": "leaf",
      "in_degree": 1,
      "out_degree": 0,
      "betweenness": 0.0,
      "closeness": 0.08116883116883117,
      "pagerank": 0.03344446642504183,
      "degree_centrality": 0.03571428571428571,
      "cpd": {
        "values": [
          0.7872249808766528,
          0.6940134359630746,
          0.2127750191233471,
          0.3059865640369254
        ],
        "evidence": [
          8
        ],
        "evidence_card": [
          2
        ]
      }
    },
    "10": {
      "type": "leaf",
      "in_degree": 1,
      "out_degree": 0,
      "betweenness": 0.0,
      "closeness": 0.08116883116883117,
      "pagerank": 0.03344446642504183,
      "degree_centrality": 0.03571428571428571,
      "cpd": {
        "values": [
          0.24833335091527037,
          0.4836800515927199,
          0.7516666490847296,
          0.5163199484072801
        ],
        "evidence": [
          8
        ],
        "evidence_card": [
          2
        ]
      }
    },
    "11": {
      "type": "leaf",
      "in_degree": 1,
      "out_degree": 0,
      "betweenness": 0.0,
      "closeness": 0.08116883116883117,
      "pagerank": 0.03344446642504183,
      "degree_centrality": 0.03571428571428571,
      "cpd": {
        "values": [
          0.7323842982801589,
          0.36626966333034877,
          0.26761570171984106,
          0.6337303366696512
        ],
        "evidence": [
          8
        ],
        "evidence_card": [
          2
        ]
      }
    },
    "12": {
      "type": "leaf",
      "in_degree": 1,
      "out_degree": 0,
      "betweenness": 0.0,
      "closeness": 0.05714285714285714,
      "pagerank": 0.028049175943864763,
      "degree_centrality": 0.03571428571428571,
      "cpd": {
        "values": [
          0.2275472297582653,
          0.7081794384248778,
          0.7724527702417348,
          0.2918205615751222
        ],
        "evidence": [
          7
        ],
        "evidence_card": [
          2
        ]
      }
    },
    "13": {
      "type": "leaf",
      "in_degree": 2,
      "out_degree": 0,
      "betweenness": 0.0,
      "closeness": 0.09920634920634921,
      "pagerank": 0.03609047289779439,
      "degree_centrality": 0.07142857142857142,
      "cpd": {
        "values": [
          0.31204835151178284,
          0.39983480224592965,
          0.6413840576818208,
          0.7390239339796993
        ],
        "evidence": [
          2,
          7
        ],
        "evidence_card": [
          2,
          2
        ]
      }
    },
    "14": {
      "type": "leaf",
      "in_degree": 1,
      "out_degree": 0,
      "betweenness": 0.0,
      "closeness": 0.05714285714285714,
      "pagerank": 0.028049175943864763,
      "degree_centrality": 0.03571428571428571,
      "cpd": {
        "values": [
          0.7720856077253092,
          0.7479574742219485,
          0.2279143922746907,
          0.2520425257780515
        ],
        "evidence": [
          7
        ],
        "evidence_card": [
          2
        ]
      }
    },
    "15": {
      "type": "leaf",
      "in_degree": 2,
      "out_degree": 0,
      "betweenness": 0.0,
      "closeness": 0.10714285714285714,
      "pagerank": 0.04257407855787146,