{
  "graph_index": 138,
  "nodes": {
    "0": {
      "type": "root",
      "in_degree": 0,
      "out_degree": 1,
      "betweenness": 0.0,
      "closeness": 0.0,
      "pagerank": 0.032851238763902155,
      "degree_centrality": 0.05555555555555555,
      "cpd": {
        "values": [
          0.5,
          0.5,
          0.0,
          0.0
        ],
        "evidence": [],
        "evidence_card": []
      }
    },
    "1": {
      "type": "intermediate",
      "in_degree": 1,
      "out_degree": 2,
      "betweenness": 0.05555555555555556,
      "closeness": 0.05555555555555555,
      "pagerank": 0.060775148891746816,
      "degree_centrality": 0.16666666666666666,
      "cpd": {
        "values": [
          0.30221320157682013,
          0.8745744034946462,
          0.6977867984231799,
          0.1254255965053538
        ],
        "evidence": [
          0
        ],
        "evidence_card": [
          2
        ]
      }
    },
    "2": {
      "type": "intermediate",
      "in_degree": 1,
      "out_degree": 2,
      "betweenness": 0.04575163398692811,
      "closeness": 0.07407407407407407,
      "pagerank": 0.058681436105256085,
      "degree_centrality": 0.16666666666666666,
      "cpd": {
        "values": [
          0.6621125499082442,
          0.13077350655226705,
          0.33788745009175575,
          0.869226493447733
        ],
        "evidence": [
          1
        ],
        "evidence_card": [
          2
        ]
      }
    },
    "3": {
      "type": "intermediate",
      "in_degree": 1,
      "out_degree": 2,
      "betweenness": 0.05228758169934641,
      "closeness": 0.07407407407407407,
      "pagerank": 0.058681436105256085,
      "degree_centrality": 0.16666666666666666,
      "cpd": {
        "values": [
          0.7133992784582238,
          0.7297636921969932,
          0.2866007215417762,
          0.2702363078030067
        ],
        "evidence": [
          1
        ],
        "evidence_card": [
          2
        ]
      }
    },
    "4": {
      "type": "intermediate",
      "in_degree": 1,
      "out_degree": 2,
      "betweenness": 0.0196078431372549,
      "closeness": 0.08333333333333333,
      "pagerank": 0.057790219525098704,
      "degree_centrality": 0.16666666666666666,
      "cpd": {
        "values": [
          0.634759465119368,
          0.9420935597257794,
          0.3652405348806321,
          0.0579064402742207
        ],
        "evidence": [
          3
        ],
        "evidence_card": [
          2
        ]
      }
    },
    "5": {
      "type": "intermediate",
      "in_degree": 1,
      "out_degree": 4,
      "betweenness": 0.0392156862745098,
      "closeness": 0.08333333333333333,
      "pagerank": 0.057790219525098704,
      "degree_centrality": 0.2777777777777778,
      "cpd": {
        "values": [
          0.6959320518236539,
          0.1556904746385355,
          0.3040679481763461,
          0.8443095253614645
        ],
        "evidence": [
          3
        ],
        "evidence_card": [
          2
        ]
      }
    },
    "6": {
      "type": "leaf",
      "in_degree": 1,
      "out_degree": 0,
      "betweenness": 0.0,
      "closeness": 0.08888888888888889,
      "pagerank": 0.045131628490809664,
      "degree_centrality": 0.05555555555555555,
      "cpd": {
        "values": [
          0.6246991192909053,
          0.8872721741479492,
          0.3753008807090946,
          0.11272782585205081
        ],
        "evidence": [
          5
        ],
        "evidence_card": [
          2
        ]
      }
    },
    "7": {
      "type": "leaf",
      "in_degree": 1,
      "out_degree": 0,
      "betweenness": 0.0,
      "closeness": 0.08888888888888889,
      "pagerank": 0.045131628490809664,
      "degree_centrality": 0.05555555555555555,
      "cpd": {
        "values": [
          0.06338569183301321,
          0.5428697761895805,
          0.9366143081669868,
          0.4571302238104195
        ],
        "evidence": [
          5
        ],
        "evidence_card": [
          2
        ]
      }
    },
    "8": {
      "type": "leaf",
      "in_degree": 1,
      "out_degree": 0,
      "betweenness": 0.0,
      "closeness": 0.08888888888888889,
      "pagerank": 0.045131628490809664,
      "degree_centrality": 0.05555555555555555,
      "cpd": {
        "values": [
          0.6837268532028885,
          0.9090747548965747,
          0.31627314679711144,
          0.09092524510342524
        ],
        "evidence": [
          5
        ],
        "evidence_card": [
          2
        ]
      }
    },
    "9": {
      "type": "leaf",
      "in_degree": 1,
      "out_degree": 0,
      "betweenness": 0.0,
      "closeness": 0.08888888888888889,
      "pagerank": 0.045131628490809664,
      "degree_centrality": 0.05555555555555555,
      "cpd": {
        "values": [
          0.40379965488532366,
          0.7233412936822652,
          0.5962003451146762,
          0.27665870631773487
        ],
        "evidence": [
          5
        ],
        "evidence_card": [
          2
        ]
      }
    },
    "10": {
      "type": "leaf",
      "in_degree": 1,
      "out_degree": 0,
      "betweenness": 0.0,
      "closeness": 0.08888888888888889,
      "pagerank": 0.05741201821771716,
      "degree_centrality": 0.05555555555555555,
      "cpd": {
        "values": [
          0.5904901824974482,
          0.4020145566646305,
          0.4095098175025518,
          0.5979854433353696
        ],
        "evidence": [
          4
        ],
        "evidence_card": [
          2
        ]
      }
    },
    "11": {
      "type": "leaf",
      "in_degree": 1,
      "out_degree": 0,
      "betweenness": 0.0,
      "closeness": 0.08888888888888889,
      "pagerank": 0.05741201821771716,
      "degree_centrality": 0.05555555555555555,
      "cpd": {
        "values": [
          0.32044857724669157,
          0.6243335155451253,
          0.6795514227533085,
          0.37566648445487466
        ],
        "evidence": [
          4
        ],
        "evidence_card": [
          2
        ]
      }
    },
    "12": {
      "type": "intermediate",
      "in_degree": 1,
      "out_degree": 2,
      "betweenness": 0.0196078431372549,
      "closeness": 0.08333333333333333,
      "pagerank": 0.057790219525098704,
      "degree_centrality": 0.16666666666666666,
      "cpd": {
        "values": [
          0.7207201408026996,
          0.8194367163315422,
          0.27927985919730025,
          0.1805632836684578
        ],
        "evidence": [
          2
        ],
        "evidence_card": [
          2
        ]
      }
    },
    "13": {
      "type": "intermediate",
      "in_degree": 1,
      "out_degree": 3,
      "betweenness": 0.029411764705882353,
      "closeness": 0.08333333333333333,
      "pagerank": 0.057790219525098704,
      "degree_centrality": 0.2222222222222222,
      "cpd": {
        "values": [
          0.7644633289204293,
          0.5043990314125509,
          0.23553667107957066,
          0.4956009685874491
        ],
        "evidence": [
          2
        ],
        "evidence_card": [
          2
        ]
      }
    },
    "14": {
      "type": "leaf",
      "in_degree": 1,
      "out_degree": 0,
      "betweenness": 0.0,
      "closeness": 0.08888888888888889,
      "pagerank": 0.04922509173311215,
      "degree_centrality": 0.05555555555555555,
      "cpd": {
        "values": [
          0.7845099008911713,
          0.7143409522090918,
          0.21549009910882863,
          0.28565904779090806
        ],
        "evidence": [
          13
        ],
        "evidence_card": [
          2
        ]
      }
    },
    "15": {
      "type": "leaf",
      "in_degree": 1,
      "out_degree": 0,
      "betweenness": 0.0,
      "closeness": 0.08888888888888889,
      "pagerank": 0.04922509173311215,
      "degree_centrality": 0.05555555555555555,