{
  "graph_index": 1612,
  "nodes": {
    "0": {
      "type": "root",
      "in_degree": 0,
      "out_degree": 1,
      "betweenness": 0.0,
      "closeness": 0.0,
      "pagerank": 0.023579776188438067,
      "degree_centrality": 0.03571428571428571,
      "cpd": {
        "values": [
          0.5,
          0.5,
          0.0,
          0.0
        ],
        "evidence": [],
        "evidence_card": []
      }
    },
    "1": {
      "type": "intermediate",
      "in_degree": 1,
      "out_degree": 2,
      "betweenness": 0.03571428571428571,
      "closeness": 0.03571428571428571,
      "pagerank": 0.04362199155308231,
      "degree_centrality": 0.10714285714285714,
      "cpd": {
        "values": [
          0.760373748754686,
          0.3898089212407128,
          0.23962625124531403,
          0.6101910787592872
        ],
        "evidence": [
          0
        ],
        "evidence_card": [
          2
        ]
      }
    },
    "2": {
      "type": "intermediate",
      "in_degree": 1,
      "out_degree": 4,
      "betweenness": 0.0291005291005291,
      "closeness": 0.047619047619047616,
      "pagerank": 0.04211867787649154,
      "degree_centrality": 0.17857142857142855,
      "cpd": {
        "values": [
          0.8104280964339196,
          0.5208132334572242,
          0.18957190356608047,
          0.4791867665427758
        ],
        "evidence": [
          1
        ],
        "evidence_card": [
          2
        ]
      }
    },
    "3": {
      "type": "intermediate",
      "in_degree": 1,
      "out_degree": 5,
      "betweenness": 0.037037037037037035,
      "closeness": 0.047619047619047616,
      "pagerank": 0.04211867787649154,
      "degree_centrality": 0.21428571428571427,
      "cpd": {
        "values": [
          0.9094300946663395,
          0.5241996402183944,
          0.09056990533366052,
          0.4758003597816057
        ],
        "evidence": [
          1
        ],
        "evidence_card": [
          2
        ]
      }
    },
    "4": {
      "type": "intermediate",
      "in_degree": 1,
      "out_degree": 4,
      "betweenness": 0.013227513227513227,
      "closeness": 0.05357142857142857,
      "pagerank": 0.030740076802510573,
      "degree_centrality": 0.17857142857142855,
      "cpd": {
        "values": [
          0.20548723711710382,
          0.4464246818117157,
          0.7945127628828962,
          0.5535753181882843
        ],
        "evidence": [
          3
        ],
        "evidence_card": [
          2
        ]
      }
    },
    "5": {
      "type": "intermediate",
      "in_degree": 1,
      "out_degree": 1,
      "betweenness": 0.003968253968253968,
      "closeness": 0.05357142857142857,
      "pagerank": 0.030740076802510573,
      "degree_centrality": 0.07142857142857142,
      "cpd": {
        "values": [
          0.3603778738721048,
          0.07331856420122056,
          0.6396221261278952,
          0.9266814357987795
        ],
        "evidence": [
          3
        ],
        "evidence_card": [
          2
        ]
      }
    },
    "6": {
      "type": "intermediate",
      "in_degree": 1,
      "out_degree": 3,
      "betweenness": 0.011904761904761904,
      "closeness": 0.05357142857142857,
      "pagerank": 0.030740076802510573,
      "degree_centrality": 0.14285714285714285,
      "cpd": {
        "values": [
          0.5679852575262158,
          0.5468301601485777,
          0.4320147424737843,
          0.45316983985142234
        ],
        "evidence": [
          3
        ],
        "evidence_card": [
          2
        ]
      }
    },
    "7": {
      "type": "intermediate",
      "in_degree": 1,
      "out_degree": 2,
      "betweenness": 0.007936507936507936,
      "closeness": 0.05357142857142857,
      "pagerank": 0.030740076802510573,
      "degree_centrality": 0.10714285714285714,
      "cpd": {
        "values": [
          0.4649940020892366,
          0.3112704277718989,
          0.5350059979107634,
          0.688729572228101
        ],
        "evidence": [
          3
        ],
        "evidence_card": [
          2
        ]
      }
    },
    "8": {
      "type": "leaf",
      "in_degree": 1,
      "out_degree": 0,
      "betweenness": 0.0,
      "closeness": 0.05714285714285714,
      "pagerank": 0.03664397794181247,
      "degree_centrality": 0.03571428571428571,
      "cpd": {
        "values": [
          0.5479249494291243,
          0.5193284495865387,
          0.45207505057087566,
          0.4806715504134613
        ],
        "evidence": [
          7
        ],
        "evidence_card": [
          2
        ]
      }
    },
    "9": {
      "type": "leaf",
      "in_degree": 1,
      "out_degree": 0,
      "betweenness": 0.0,
      "closeness": 0.05714285714285714,
      "pagerank": 0.03664397794181247,
      "degree_centrality": 0.03571428571428571,
      "cpd": {
        "values": [
          0.4667379419077237,
          0.39745186077841965,
          0.5332620580922762,
          0.6025481392215803
        ],
        "evidence": [
          7
        ],
        "evidence_card": [
          2
        ]
      }
    },
    "10": {
      "type": "leaf",
      "in_degree": 1,
      "out_degree": 0,
      "betweenness": 0.0,
      "closeness": 0.05714285714285714,
      "pagerank": 0.032289244024020995,
      "degree_centrality": 0.03571428571428571,
      "cpd": {
        "values": [
          0.9024103053481005,
          0.4693994108521272,
          0.09758969465189953,
          0.5306005891478728
        ],
        "evidence": [
          6
        ],
        "evidence_card": [
          2
        ]
      }
    },
    "11": {
      "type": "leaf",
      "in_degree": 1,
      "out_degree": 0,
      "betweenness": 0.0,
      "closeness": 0.05714285714285714,
      "pagerank": 0.032289244024020995,
      "degree_centrality": 0.03571428571428571,
      "cpd": {
        "values": [
          0.5670283205937225,
          0.2026537922840164,
          0.4329716794062775,
          0.7973462077159835
        ],
        "evidence": [
          6
        ],
        "evidence_card": [
          2
        ]
      }
    },
    "12": {
      "type": "leaf",
      "in_degree": 1,
      "out_degree": 0,
      "betweenness": 0.0,
      "closeness": 0.05714285714285714,
      "pagerank": 0.032289244024020995,
      "degree_centrality": 0.03571428571428571,
      "cpd": {
        "values": [
          0.1973972151894932,
          0.6530447855549258,
          0.8026027848105067,
          0.3469552144450742
        ],
        "evidence": [
          6
        ],
        "evidence_card": [
          2
        ]
      }
    },
    "13": {
      "type": "leaf",
      "in_degree": 1,
      "out_degree": 0,
      "betweenness": 0.0,
      "closeness": 0.05714285714285714,
      "pagerank": 0.049708179695186865,
      "degree_centrality": 0.03571428571428571,
      "cpd": {
        "values": [
          0.15248021587764535,
          0.6916160642129106,
          0.8475197841223546,
          0.3083839357870896
        ],
        "evidence": [
          5
        ],
        "evidence_card": [
          2
        ]
      }
    },
    "14": {
      "type": "leaf",
      "in_degree": 1,
      "out_degree": 0,
      "betweenness": 0.0,
      "closeness": 0.05714285714285714,
      "pagerank": 0.030111877065125265,
      "degree_centrality": 0.03571428571428571,
      "cpd": {
        "values": [
          0.7307436072255437,
          0.4712359167928528,
          0.26925639277445634,
          0.5287640832071472
        ],
        "evidence": [
          4
        ],
        "evidence_card": [
          2
        ]
      }
    },
    "15": {
      "type": "leaf",
      "in_degree": 1,
      "out_degree": 0,
      "betweenness": 0.0,
      "closeness": 0.05714285714285714,
      "pagerank": 0.030111877065125265,
      "degree_centrality": 0.03571428571428571,