{
  "graph_index": 4554,
  "nodes": {
    "0": {
      "type": "root",
      "in_degree": 0,
      "out_degree": 1,
      "betweenness": 0.0,
      "closeness": 0.0,
      "pagerank": 0.018947598417005027,
      "degree_centrality": 0.02857142857142857,
      "cpd": {
        "values": [
          0.5,
          0.5,
          0.0,
          0.0
        ],
        "evidence": [],
        "evidence_card": []
      }
    },
    "1": {
      "type": "intermediate",
      "in_degree": 1,
      "out_degree": 4,
      "betweenness": 0.028571428571428574,
      "closeness": 0.02857142857142857,
      "pagerank": 0.03505275675276207,
      "degree_centrality": 0.14285714285714285,
      "cpd": {
        "values": [
          0.4429966445431607,
          0.42185507724542254,
          0.5570033554568393,
          0.5781449227545775
        ],
        "evidence": [
          0
        ],
        "evidence_card": [
          2
        ]
      }
    },
    "2": {
      "type": "intermediate",
      "in_degree": 1,
      "out_degree": 2,
      "betweenness": 0.0067226890756302525,
      "closeness": 0.03809523809523809,
      "pagerank": 0.026396277337143684,
      "degree_centrality": 0.08571428571428572,
      "cpd": {
        "values": [
          0.4770316810956162,
          0.4108864669694852,
          0.5229683189043839,
          0.5891135330305147
        ],
        "evidence": [
          1
        ],
        "evidence_card": [
          2
        ]
      }
    },
    "3": {
      "type": "intermediate",
      "in_degree": 1,
      "out_degree": 2,
      "betweenness": 0.0067226890756302525,
      "closeness": 0.03809523809523809,
      "pagerank": 0.026396277337143684,
      "degree_centrality": 0.08571428571428572,
      "cpd": {
        "values": [
          0.7872843048124901,
          0.0906419596329317,
          0.21271569518750985,
          0.9093580403670684
        ],
        "evidence": [
          1
        ],
        "evidence_card": [
          2
        ]
      }
    },
    "4": {
      "type": "intermediate",
      "in_degree": 1,
      "out_degree": 5,
      "betweenness": 0.025210084033613446,
      "closeness": 0.03809523809523809,
      "pagerank": 0.026396277337143684,
      "degree_centrality": 0.17142857142857143,
      "cpd": {
        "values": [
          0.5345396349942556,
          0.5469769912155829,
          0.46546036500574445,
          0.4530230087844171
        ],
        "evidence": [
          1
        ],
        "evidence_card": [
          2
        ]
      }
    },
    "5": {
      "type": "intermediate",
      "in_degree": 1,
      "out_degree": 2,
      "betweenness": 0.011764705882352941,
      "closeness": 0.03809523809523809,
      "pagerank": 0.026396277337143684,
      "degree_centrality": 0.08571428571428572,
      "cpd": {
        "values": [
          0.46933875055607926,
          0.39915571105600595,
          0.5306612494439208,
          0.6008442889439941
        ],
        "evidence": [
          1
        ],
        "evidence_card": [
          2
        ]
      }
    },
    "6": {
      "type": "intermediate",
      "in_degree": 1,
      "out_degree": 4,
      "betweenness": 0.008403361344537816,
      "closeness": 0.04285714285714286,
      "pagerank": 0.03016590615548026,
      "degree_centrality": 0.14285714285714285,
      "cpd": {
        "values": [
          0.31297745937840077,
          0.26091361731128526,
          0.6870225406215993,
          0.7390863826887147
        ],
        "evidence": [
          5
        ],
        "evidence_card": [
          2
        ]
      }
    },
    "7": {
      "type": "intermediate",
      "in_degree": 1,
      "out_degree": 2,
      "betweenness": 0.005042016806722689,
      "closeness": 0.04285714285714286,
      "pagerank": 0.03016590615548026,
      "degree_centrality": 0.08571428571428572,
      "cpd": {
        "values": [
          0.5763506287503215,
          0.8895895441619504,
          0.4236493712496785,
          0.11041045583804965
        ],
        "evidence": [
          5
        ],
        "evidence_card": [
          2
        ]
      }
    },
    "8": {
      "type": "leaf",
      "in_degree": 1,
      "out_degree": 0,
      "betweenness": 0.0,
      "closeness": 0.045714285714285714,
      "pagerank": 0.03176793244003077,
      "degree_centrality": 0.02857142857142857,
      "cpd": {
        "values": [
          0.7387532078389928,
          0.4956544796340233,
          0.26124679216100716,
          0.5043455203659767
        ],
        "evidence": [
          7
        ],
        "evidence_card": [
          2
        ]
      }
    },
    "9": {
      "type": "leaf",
      "in_degree": 1,
      "out_degree": 0,
      "betweenness": 0.0,
      "closeness": 0.045714285714285714,
      "pagerank": 0.03176793244003077,
      "degree_centrality": 0.02857142857142857,
      "cpd": {
        "values": [
          0.47806490043152045,
          0.19523245808740183,
          0.5219350995684796,
          0.8047675419125981
        ],
        "evidence": [
          7
        ],
        "evidence_card": [
          2
        ]
      }
    },
    "10": {
      "type": "leaf",
      "in_degree": 1,
      "out_degree": 0,
      "betweenness": 0.0,
      "closeness": 0.045714285714285714,
      "pagerank": 0.0253577654285179,
      "degree_centrality": 0.02857142857142857,
      "cpd": {
        "values": [
          0.6697595203846413,
          0.5902251083458133,
          0.33024047961535874,
          0.4097748916541867
        ],
        "evidence": [
          6
        ],
        "evidence_card": [
          2
        ]
      }
    },
    "11": {
      "type": "leaf",
      "in_degree": 1,
      "out_degree": 0,
      "betweenness": 0.0,
      "closeness": 0.045714285714285714,
      "pagerank": 0.0253577654285179,
      "degree_centrality": 0.02857142857142857,
      "cpd": {
        "values": [
          0.5570016345796251,
          0.46852355169960835,
          0.4429983654203749,
          0.5314764483003915
        ],
        "evidence": [
          6
        ],
        "evidence_card": [
          2
        ]
      }
    },
    "12": {
      "type": "leaf",
      "in_degree": 2,
      "out_degree": 0,
      "betweenness": 0.0,
      "closeness": 0.07936507936507936,
      "pagerank": 0.03657607316699313,
      "degree_centrality": 0.05714285714285714,
      "cpd": {
        "values": [
          0.05104348544188118,
          0.051679118605546276,
          0.7983619754034811,
          0.35763085814457296
        ],
        "evidence": [
          2,
          6
        ],
        "evidence_card": [
          2,
          2
        ]
      }
    },
    "13": {
      "type": "leaf",
      "in_degree": 1,
      "out_degree": 0,
      "betweenness": 0.0,
      "closeness": 0.045714285714285714,
      "pagerank": 0.0253577654285179,
      "degree_centrality": 0.02857142857142857,
      "cpd": {
        "values": [
          0.5427438171417042,
          0.1517084604300521,
          0.45725618285829583,
          0.8482915395699479
        ],
        "evidence": [
          6
        ],
        "evidence_card": [
          2
        ]
      }
    },
    "14": {
      "type": "intermediate",
      "in_degree": 1,
      "out_degree": 3,
      "betweenness": 0.0075630252100840345,
      "closeness": 0.04285714285714286,
      "pagerank": 0.023434921512395117,
      "degree_centrality": 0.11428571428571428,
      "cpd": {
        "values": [
          0.5202110815349923,
          0.612475340390507,
          0.4797889184650077,
          0.38752465960949295
        ],
        "evidence": [
          4
        ],
        "evidence_card": [
          2
        ]
      }
    },
    "15": {
      "type": "intermediate",
      "in_degree": 1,
      "out_degree": 2,
      "betweenness": 0.005042016806722689,
      "closeness": 0.04285714285714286,
      "pagerank": 0.023434921512395117,