{
  "graph_index": 8848,
  "nodes": {
    "0": {
      "type": "root",
      "in_degree": 0,
      "out_degree": 1,
      "betweenness": 0.0,
      "closeness": 0.0,
      "pagerank": 0.021914434987028403,
      "degree_centrality": 0.03571428571428571,
      "cpd": {
        "values": [
          0.5,
          0.5,
          0.0,
          0.0
        ],
        "evidence": [],
        "evidence_card": []
      }
    },
    "1": {
      "type": "intermediate",
      "in_degree": 1,
      "out_degree": 4,
      "betweenness": 0.03571428571428571,
      "closeness": 0.03571428571428571,
      "pagerank": 0.040542065865828245,
      "degree_centrality": 0.17857142857142855,
      "cpd": {
        "values": [
          0.22300900447668257,
          0.6243936710059848,
          0.7769909955233174,
          0.3756063289940152
        ],
        "evidence": [
          0
        ],
        "evidence_card": [
          2
        ]
      }
    },
    "2": {
      "type": "intermediate",
      "in_degree": 1,
      "out_degree": 4,
      "betweenness": 0.031746031746031744,
      "closeness": 0.047619047619047616,
      "pagerank": 0.030529457395320952,
      "degree_centrality": 0.17857142857142855,
      "cpd": {
        "values": [
          0.6175111041027491,
          0.3861634943982337,
          0.3824888958972508,
          0.6138365056017664
        ],
        "evidence": [
          1
        ],
        "evidence_card": [
          2
        ]
      }
    },
    "3": {
      "type": "intermediate",
      "in_degree": 1,
      "out_degree": 2,
      "betweenness": 0.013227513227513227,
      "closeness": 0.047619047619047616,
      "pagerank": 0.030529457395320952,
      "degree_centrality": 0.10714285714285714,
      "cpd": {
        "values": [
          0.6178868874557978,
          0.15068585805073023,
          0.3821131125442022,
          0.8493141419492698
        ],
        "evidence": [
          1
        ],
        "evidence_card": [
          2
        ]
      }
    },
    "4": {
      "type": "intermediate",
      "in_degree": 1,
      "out_degree": 1,
      "betweenness": 0.010582010582010581,
      "closeness": 0.047619047619047616,
      "pagerank": 0.030529457395320952,
      "degree_centrality": 0.07142857142857142,
      "cpd": {
        "values": [
          0.29607929047280296,
          0.6385568552121349,
          0.7039207095271971,
          0.3614431447878651
        ],
        "evidence": [
          1
        ],
        "evidence_card": [
          2
        ]
      }
    },
    "5": {
      "type": "intermediate",
      "in_degree": 1,
      "out_degree": 1,
      "betweenness": 0.005291005291005291,
      "closeness": 0.047619047619047616,
      "pagerank": 0.030529457395320952,
      "degree_centrality": 0.07142857142857142,
      "cpd": {
        "values": [
          0.3083038520923899,
          0.8617747727071005,
          0.69169614790761,
          0.13822522729289954
        ],
        "evidence": [
          1
        ],
        "evidence_card": [
          2
        ]
      }
    },
    "6": {
      "type": "intermediate",
      "in_degree": 1,
      "out_degree": 1,
      "betweenness": 0.003968253968253968,
      "closeness": 0.05357142857142857,
      "pagerank": 0.0478649136927308,
      "degree_centrality": 0.07142857142857142,
      "cpd": {
        "values": [
          0.8070035292945532,
          0.843578782958313,
          0.19299647070544684,
          0.15642121704168696
        ],
        "evidence": [
          5
        ],
        "evidence_card": [
          2
        ]
      }
    },
    "7": {
      "type": "leaf",
      "in_degree": 1,
      "out_degree": 0,
      "betweenness": 0.0,
      "closeness": 0.05714285714285714,
      "pagerank": 0.0625987326914848,
      "degree_centrality": 0.03571428571428571,
      "cpd": {
        "values": [
          0.762553398484027,
          0.5990820321431176,
          0.237446601515973,
          0.4009179678568825
        ],
        "evidence": [
          6
        ],
        "evidence_card": [
          2
        ]
      }
    },
    "8": {
      "type": "intermediate",
      "in_degree": 1,
      "out_degree": 3,
      "betweenness": 0.011904761904761904,
      "closeness": 0.05357142857142857,
      "pagerank": 0.0478649136927308,
      "degree_centrality": 0.14285714285714285,
      "cpd": {
        "values": [
          0.39485182175114786,
          0.9654403466506362,
          0.6051481782488521,
          0.03455965334936379
        ],
        "evidence": [
          4
        ],
        "evidence_card": [
          2
        ]
      }
    },
    "9": {
      "type": "leaf",
      "in_degree": 1,
      "out_degree": 0,
      "betweenness": 0.0,
      "closeness": 0.05714285714285714,
      "pagerank": 0.035475867555180535,
      "degree_centrality": 0.03571428571428571,
      "cpd": {
        "values": [
          0.9731490263270575,
          0.06827437750870852,
          0.02685097367294254,
          0.9317256224912914
        ],
        "evidence": [
          8
        ],
        "evidence_card": [
          2
        ]
      }
    },
    "10": {
      "type": "leaf",
      "in_degree": 1,
      "out_degree": 0,
      "betweenness": 0.0,
      "closeness": 0.05714285714285714,
      "pagerank": 0.035475867555180535,
      "degree_centrality": 0.03571428571428571,
      "cpd": {
        "values": [
          0.6830764459813881,
          0.46919142631706107,
          0.316923554018612,
          0.530808573682939
        ],
        "evidence": [
          8
        ],
        "evidence_card": [
          2
        ]
      }
    },
    "11": {
      "type": "leaf",
      "in_degree": 1,
      "out_degree": 0,
      "betweenness": 0.0,
      "closeness": 0.05714285714285714,
      "pagerank": 0.035475867555180535,
      "degree_centrality": 0.03571428571428571,
      "cpd": {
        "values": [
          0.5362745171333451,
          0.5069417438313124,
          0.4637254828666549,
          0.49305825616868765
        ],
        "evidence": [
          8
        ],
        "evidence_card": [
          2
        ]
      }
    },
    "12": {
      "type": "intermediate",
      "in_degree": 1,
      "out_degree": 3,
      "betweenness": 0.011904761904761904,
      "closeness": 0.05357142857142857,
      "pagerank": 0.0348896743398796,
      "degree_centrality": 0.14285714285714285,
      "cpd": {
        "values": [
          0.6713637090879535,
          0.2056477933408251,
          0.32863629091204644,
          0.7943522066591748
        ],
        "evidence": [
          3
        ],
        "evidence_card": [
          2
        ]
      }
    },
    "13": {
      "type": "leaf",
      "in_degree": 1,
      "out_degree": 0,
      "betweenness": 0.0,
      "closeness": 0.05714285714285714,
      "pagerank": 0.03179975641757111,
      "degree_centrality": 0.03571428571428571,
      "cpd": {
        "values": [
          0.3024496200125938,
          0.8510158787711064,
          0.6975503799874061,
          0.14898412122889365
        ],
        "evidence": [
          12
        ],
        "evidence_card": [
          2
        ]
      }
    },
    "14": {
      "type": "leaf",
      "in_degree": 1,
      "out_degree": 0,
      "betweenness": 0.0,
      "closeness": 0.05714285714285714,
      "pagerank": 0.03179975641757111,
      "degree_centrality": 0.03571428571428571,
      "cpd": {
        "values": [
          0.4986498226532059,
          0.9437663718066375,
          0.5013501773467941,
          0.05623362819336248
        ],
        "evidence": [
          12
        ],
        "evidence_card": [
          2
        ]
      }
    },
    "15": {
      "type": "leaf",
      "in_degree": 1,
      "out_degree": 0,
      "betweenness": 0.0,
      "closeness": 0.05714285714285714,
      "pagerank": 0.03179975641757111,
      "degree_centrality": 0.03571428571428571,