{
  "graph_index": 253,
  "nodes": {
    "0": {
      "type": "root",
      "in_degree": 0,
      "out_degree": 1,
      "betweenness": 0.0,
      "closeness": 0.0,
      "pagerank": 0.037219210895869964,
      "degree_centrality": 0.0625,
      "cpd": {
        "values": [
          0.5,
          0.5,
          0.0,
          0.0
        ],
        "evidence": [],
        "evidence_card": []
      }
    },
    "1": {
      "type": "intermediate",
      "in_degree": 1,
      "out_degree": 1,
      "betweenness": 0.0625,
      "closeness": 0.0625,
      "pagerank": 0.06885612076501693,
      "degree_centrality": 0.125,
      "cpd": {
        "values": [
          0.6040116364395798,
          0.2855557026097139,
          0.3959883635604203,
          0.714444297390286
        ],
        "evidence": [
          0
        ],
        "evidence_card": [
          2
        ]
      }
    },
    "2": {
      "type": "intermediate",
      "in_degree": 1,
      "out_degree": 4,
      "betweenness": 0.11666666666666667,
      "closeness": 0.08333333333333333,
      "pagerank": 0.09574749529936151,
      "degree_centrality": 0.3125,
      "cpd": {
        "values": [
          0.6116633663605848,
          0.07848470362014166,
          0.3883366336394152,
          0.9215152963798583
        ],
        "evidence": [
          1
        ],
        "evidence_card": [
          2
        ]
      }
    },
    "3": {
      "type": "intermediate",
      "in_degree": 1,
      "out_degree": 3,
      "betweenness": 0.0375,
      "closeness": 0.09375,
      "pagerank": 0.05756583191982901,
      "degree_centrality": 0.25,
      "cpd": {
        "values": [
          0.4193033045359771,
          0.5099632578069431,
          0.5806966954640229,
          0.49003674219305693
        ],
        "evidence": [
          2
        ],
        "evidence_card": [
          2
        ]
      }
    },
    "4": {
      "type": "intermediate",
      "in_degree": 1,
      "out_degree": 2,
      "betweenness": 0.025,
      "closeness": 0.09375,
      "pagerank": 0.05756583191982901,
      "degree_centrality": 0.1875,
      "cpd": {
        "values": [
          0.7794896514943314,
          0.24030673124869795,
          0.22051034850566867,
          0.759693268751302
        ],
        "evidence": [
          2
        ],
        "evidence_card": [
          2
        ]
      }
    },
    "5": {
      "type": "intermediate",
      "in_degree": 1,
      "out_degree": 2,
      "betweenness": 0.025,
      "closeness": 0.09375,
      "pagerank": 0.05756583191982901,
      "degree_centrality": 0.1875,
      "cpd": {
        "values": [
          0.7984950697888549,
          0.41461152342321717,
          0.20150493021114518,
          0.5853884765767827
        ],
        "evidence": [
          2
        ],
        "evidence_card": [
          2
        ]
      }
    },
    "6": {
      "type": "intermediate",
      "in_degree": 1,
      "out_degree": 3,
      "betweenness": 0.0375,
      "closeness": 0.09375,
      "pagerank": 0.05756583191982901,
      "degree_centrality": 0.25,
      "cpd": {
        "values": [
          0.07257441487681773,
          0.3214082050786724,
          0.9274255851231823,
          0.6785917949213276
        ],
        "evidence": [
          2
        ],
        "evidence_card": [
          2
        ]
      }
    },
    "7": {
      "type": "leaf",
      "in_degree": 1,
      "out_degree": 0,
      "betweenness": 0.0,
      "closeness": 0.1,
      "pagerank": 0.05352935559601462,
      "degree_centrality": 0.0625,
      "cpd": {
        "values": [
          0.21882202995834316,
          0.3402533579118455,
          0.7811779700416568,
          0.6597466420881544
        ],
        "evidence": [
          6
        ],
        "evidence_card": [
          2
        ]
      }
    },
    "8": {
      "type": "leaf",
      "in_degree": 1,
      "out_degree": 0,
      "betweenness": 0.0,
      "closeness": 0.1,
      "pagerank": 0.05352935559601462,
      "degree_centrality": 0.0625,
      "cpd": {
        "values": [
          0.5559915798280535,
          0.45903848513128687,
          0.44400842017194647,
          0.540961514868713
        ],
        "evidence": [
          6
        ],
        "evidence_card": [
          2
        ]
      }
    },
    "9": {
      "type": "leaf",
      "in_degree": 1,
      "out_degree": 0,
      "betweenness": 0.0,
      "closeness": 0.1,
      "pagerank": 0.05352935559601462,
      "degree_centrality": 0.0625,
      "cpd": {
        "values": [
          0.8279187129464226,
          0.3611797336272282,
          0.17208128705357742,
          0.6388202663727719
        ],
        "evidence": [
          6
        ],
        "evidence_card": [
          2
        ]
      }
    },
    "10": {
      "type": "leaf",
      "in_degree": 1,
      "out_degree": 0,
      "betweenness": 0.0,
      "closeness": 0.1,
      "pagerank": 0.06168442794608695,
      "degree_centrality": 0.0625,
      "cpd": {
        "values": [
          0.41736513545803783,
          0.5868894969618885,
          0.5826348645419622,
          0.4131105030381114
        ],
        "evidence": [
          5
        ],
        "evidence_card": [
          2
        ]
      }
    },
    "11": {
      "type": "leaf",
      "in_degree": 1,
      "out_degree": 0,
      "betweenness": 0.0,
      "closeness": 0.1,
      "pagerank": 0.06168442794608695,
      "degree_centrality": 0.0625,
      "cpd": {
        "values": [
          0.2311958679097856,
          0.0010258858180667112,
          0.7688041320902144,
          0.9989741141819333
        ],
        "evidence": [
          5
        ],
        "evidence_card": [
          2
        ]
      }
    },
    "12": {
      "type": "leaf",
      "in_degree": 1,
      "out_degree": 0,
      "betweenness": 0.0,
      "closeness": 0.1,
      "pagerank": 0.06168442794608695,
      "degree_centrality": 0.0625,
      "cpd": {
        "values": [
          0.6519380570225051,
          0.47724389820426333,
          0.3480619429774948,
          0.5227561017957366
        ],
        "evidence": [
          4
        ],
        "evidence_card": [
          2
        ]
      }
    },
    "13": {
      "type": "leaf",
      "in_degree": 1,
      "out_degree": 0,
      "betweenness": 0.0,
      "closeness": 0.1,
      "pagerank": 0.06168442794608695,
      "degree_centrality": 0.0625,
      "cpd": {
        "values": [
          0.8256841845549778,
          0.5667691698270804,
          0.1743158154450222,
          0.4332308301729195
        ],
        "evidence": [
          4
        ],
        "evidence_card": [
          2
        ]
      }
    },
    "14": {
      "type": "leaf",
      "in_degree": 1,
      "out_degree": 0,
      "betweenness": 0.0,
      "closeness": 0.1,
      "pagerank": 0.05352935559601462,
      "degree_centrality": 0.0625,
      "cpd": {
        "values": [
          0.5393442173555048,
          0.2763791619516276,
          0.4606557826444952,
          0.7236208380483724
        ],
        "evidence": [
          3
        ],
        "evidence_card": [
          2
        ]
      }
    },
    "15": {
      "type": "leaf",
      "in_degree": 1,
      "out_degree": 0,
      "betweenness": 0.0,
      "closeness": 0.1,
      "pagerank": 0.05352935559601462,
      "degree_centrality": 0.0625,
      "cpd": {
        "values": [
          0.7084795391299545,
          0.00658849881403095,
          0.29152046087004546,
          0.9934115011859691
        ],
        "evidence": [
          3
        ],
        "evidence_card": [
          2
        ]
      }
    },
    "16": {
      "type": "leaf",
      "in_degree": 1,
      "out_degree": 0,
      "betweenness": 0.0,
      "closeness": 0.1,
      "pagerank": 0.05352935559601462,
      "degree_centrality": 0.0625,