{
  "graph_index": 5076,
  "nodes": {
    "0": {
      "type": "root",
      "in_degree": 0,
      "out_degree": 1,
      "betweenness": 0.0,
      "closeness": 0.0,
      "pagerank": 0.03043207576488973,
      "degree_centrality": 0.05,
      "cpd": {
        "values": [
          0.5,
          0.5,
          0.0,
          0.0
        ],
        "evidence": [],
        "evidence_card": []
      }
    },
    "1": {
      "type": "intermediate",
      "in_degree": 1,
      "out_degree": 2,
      "betweenness": 0.049999999999999996,
      "closeness": 0.05,
      "pagerank": 0.0563001055151584,
      "degree_centrality": 0.15000000000000002,
      "cpd": {
        "values": [
          0.3115806387683895,
          0.12370702931705149,
          0.6884193612316106,
          0.8762929706829485
        ],
        "evidence": [
          0
        ],
        "evidence_card": [
          2
        ]
      }
    },
    "2": {
      "type": "intermediate",
      "in_degree": 1,
      "out_degree": 3,
      "betweenness": 0.05263157894736842,
      "closeness": 0.06666666666666667,
      "pagerank": 0.054358959215776846,
      "degree_centrality": 0.2,
      "cpd": {
        "values": [
          0.6136726081456244,
          0.5827487812785067,
          0.3863273918543756,
          0.4172512187214932
        ],
        "evidence": [
          1
        ],
        "evidence_card": [
          2
        ]
      }
    },
    "3": {
      "type": "intermediate",
      "in_degree": 1,
      "out_degree": 3,
      "betweenness": 0.03684210526315789,
      "closeness": 0.06666666666666667,
      "pagerank": 0.054358959215776846,
      "degree_centrality": 0.2,
      "cpd": {
        "values": [
          0.39703324046919536,
          0.5348820317155372,
          0.6029667595308047,
          0.46511796828446295
        ],
        "evidence": [
          1
        ],
        "evidence_card": [
          2
        ]
      }
    },
    "4": {
      "type": "intermediate",
      "in_degree": 1,
      "out_degree": 2,
      "betweenness": 0.015789473684210527,
      "closeness": 0.075,
      "pagerank": 0.04583356982693731,
      "degree_centrality": 0.15000000000000002,
      "cpd": {
        "values": [
          0.7320343956093129,
          0.14634260036433944,
          0.26796560439068706,
          0.8536573996356606
        ],
        "evidence": [
          3
        ],
        "evidence_card": [
          2
        ]
      }
    },
    "5": {
      "type": "intermediate",
      "in_degree": 1,
      "out_degree": 2,
      "betweenness": 0.015789473684210527,
      "closeness": 0.075,
      "pagerank": 0.04583356982693731,
      "degree_centrality": 0.15000000000000002,
      "cpd": {
        "values": [
          0.40169639664125034,
          0.14733034653745633,
          0.5983036033587497,
          0.8526696534625435
        ],
        "evidence": [
          3
        ],
        "evidence_card": [
          2
        ]
      }
    },
    "6": {
      "type": "leaf",
      "in_degree": 1,
      "out_degree": 0,
      "betweenness": 0.0,
      "closeness": 0.08000000000000002,
      "pagerank": 0.049911640556188436,
      "degree_centrality": 0.05,
      "cpd": {
        "values": [
          0.9506485214385647,
          0.33685078077121483,
          0.049351478561435194,
          0.6631492192287852
        ],
        "evidence": [
          5
        ],
        "evidence_card": [
          2
        ]
      }
    },
    "7": {
      "type": "leaf",
      "in_degree": 1,
      "out_degree": 0,
      "betweenness": 0.0,
      "closeness": 0.08000000000000002,
      "pagerank": 0.049911640556188436,
      "degree_centrality": 0.05,
      "cpd": {
        "values": [
          0.5222393662681208,
          0.2787219119062411,
          0.4777606337318791,
          0.7212780880937588
        ],
        "evidence": [
          5
        ],
        "evidence_card": [
          2
        ]
      }
    },
    "8": {
      "type": "leaf",
      "in_degree": 1,
      "out_degree": 0,
      "betweenness": 0.0,
      "closeness": 0.08000000000000002,
      "pagerank": 0.049911640556188436,
      "degree_centrality": 0.05,
      "cpd": {
        "values": [
          0.27732295689679065,
          0.49924572102130466,
          0.7226770431032093,
          0.5007542789786954
        ],
        "evidence": [
          4
        ],
        "evidence_card": [
          2
        ]
      }
    },
    "9": {
      "type": "leaf",
      "in_degree": 1,
      "out_degree": 0,
      "betweenness": 0.0,
      "closeness": 0.08000000000000002,
      "pagerank": 0.049911640556188436,
      "degree_centrality": 0.05,
      "cpd": {
        "values": [
          0.20482629879066738,
          0.7362115468307487,
          0.7951737012093326,
          0.26378845316925126
        ],
        "evidence": [
          4
        ],
        "evidence_card": [
          2
        ]
      }
    },
    "10": {
      "type": "intermediate",
      "in_degree": 1,
      "out_degree": 2,
      "betweenness": 0.015789473684210527,
      "closeness": 0.075,
      "pagerank": 0.04583356982693731,
      "degree_centrality": 0.15000000000000002,
      "cpd": {
        "values": [
          0.9465009826643952,
          0.41999818755986684,
          0.05349901733560477,
          0.580001812440133
        ],
        "evidence": [
          2
        ],
        "evidence_card": [
          2
        ]
      }
    },
    "11": {
      "type": "intermediate",
      "in_degree": 1,
      "out_degree": 4,
      "betweenness": 0.031578947368421054,
      "closeness": 0.075,
      "pagerank": 0.04583356982693731,
      "degree_centrality": 0.25,
      "cpd": {
        "values": [
          0.5589299391856966,
          0.35495044227591244,
          0.44107006081430344,
          0.6450495577240876
        ],
        "evidence": [
          2
        ],
        "evidence_card": [
          2
        ]
      }
    },
    "12": {
      "type": "intermediate",
      "in_degree": 1,
      "out_degree": 2,
      "betweenness": 0.010526315789473684,
      "closeness": 0.075,
      "pagerank": 0.04583356982693731,
      "degree_centrality": 0.15000000000000002,
      "cpd": {
        "values": [
          0.9813297082938889,
          0.026654017766056214,
          0.01867029170611111,
          0.9733459822339438
        ],
        "evidence": [
          2
        ],
        "evidence_card": [
          2
        ]
      }
    },
    "13": {
      "type": "leaf",
      "in_degree": 2,
      "out_degree": 0,
      "betweenness": 0.0,
      "closeness": 0.1388888888888889,
      "pagerank": 0.06531313461823601,
      "degree_centrality": 0.1,
      "cpd": {
        "values": [
          0.5946043103311422,
          0.8082505616509341,
          0.9674752273835897,
          0.5846272866259583
        ],
        "evidence": [
          3,
          12
        ],
        "evidence_card": [
          2,
          2
        ]
      }
    },
    "14": {
      "type": "leaf",
      "in_degree": 1,
      "out_degree": 0,
      "betweenness": 0.0,
      "closeness": 0.08000000000000002,
      "pagerank": 0.049911640556188436,
      "degree_centrality": 0.05,
      "cpd": {
        "values": [
          0.5991868941273383,
          0.32298867552867616,
          0.40081310587266167,
          0.6770113244713238
        ],
        "evidence": [
          12
        ],
        "evidence_card": [
          2
        ]
      }
    },
    "15": {
      "type": "leaf",
      "in_degree": 1,
      "out_degree": 0,
      "betweenness": 0.0,
      "closeness": 0.08000000000000002,
      "pagerank": 0.04017185816053909,
      "degree_centrality": 0.05,
      "cpd": {
        "values": [
          0.8656516205019288,
          0.5853936459462592,
          0.13434837949807116,
          0.41460635405374074
        ],
        "evidence": [
          11
        ],