{
  "graph_index": 1546,
  "nodes": {
    "0": {
      "type": "root",
      "in_degree": 0,
      "out_degree": 2,
      "betweenness": 0.0,
      "closeness": 0.0,
      "pagerank": 0.019079914631833117,
      "degree_centrality": 0.06060606060606061,
      "cpd": {
        "values": [
          0.5,
          0.5,
          0.0,
          0.0
        ],
        "evidence": [],
        "evidence_card": []
      }
    },
    "1": {
      "type": "intermediate",
      "in_degree": 1,
      "out_degree": 4,
      "betweenness": 0.01231060606060606,
      "closeness": 0.030303030303030304,
      "pagerank": 0.027188471571969425,
      "degree_centrality": 0.15151515151515152,
      "cpd": {
        "values": [
          0.11402753764923627,
          0.15648229651863182,
          0.8859724623507638,
          0.8435177034813682
        ],
        "evidence": [
          0
        ],
        "evidence_card": [
          2
        ]
      }
    },
    "2": {
      "type": "intermediate",
      "in_degree": 1,
      "out_degree": 4,
      "betweenness": 0.017045454545454544,
      "closeness": 0.030303030303030304,
      "pagerank": 0.027188471571969425,
      "degree_centrality": 0.15151515151515152,
      "cpd": {
        "values": [
          0.9183482608440356,
          0.2612663324143207,
          0.08165173915596437,
          0.7387336675856794
        ],
        "evidence": [
          0
        ],
        "evidence_card": [
          2
        ]
      }
    },
    "3": {
      "type": "intermediate",
      "in_degree": 1,
      "out_degree": 2,
      "betweenness": 0.007575757575757576,
      "closeness": 0.0404040404040404,
      "pagerank": 0.02485704206230178,
      "degree_centrality": 0.09090909090909091,
      "cpd": {
        "values": [
          0.48726987388176135,
          0.7306729622452798,
          0.5127301261182386,
          0.2693270377547202
        ],
        "evidence": [
          2
        ],
        "evidence_card": [
          2
        ]
      }
    },
    "4": {
      "type": "intermediate",
      "in_degree": 1,
      "out_degree": 3,
      "betweenness": 0.013257575757575758,
      "closeness": 0.0404040404040404,
      "pagerank": 0.02485704206230178,
      "degree_centrality": 0.12121212121212122,
      "cpd": {
        "values": [
          0.9155455517068255,
          0.9956952324126097,
          0.08445444829317453,
          0.004304767587390261
        ],
        "evidence": [
          2
        ],
        "evidence_card": [
          2
        ]
      }
    },
    "5": {
      "type": "intermediate",
      "in_degree": 1,
      "out_degree": 2,
      "betweenness": 0.004734848484848485,
      "closeness": 0.0404040404040404,
      "pagerank": 0.02485704206230178,
      "degree_centrality": 0.09090909090909091,
      "cpd": {
        "values": [
          0.5143935337263486,
          0.47480213316815995,
          0.4856064662736514,
          0.5251978668318401
        ],
        "evidence": [
          2
        ],
        "evidence_card": [
          2
        ]
      }
    },
    "6": {
      "type": "intermediate",
      "in_degree": 2,
      "out_degree": 2,
      "betweenness": 0.007575757575757576,
      "closeness": 0.0808080808080808,
      "pagerank": 0.0354213589451899,
      "degree_centrality": 0.12121212121212122,
      "cpd": {
        "values": [
          0.0959468269118772,
          0.530523866145811,
          0.5215401660429883,
          0.5419812909489305
        ],
        "evidence": [
          1,
          5
        ],
        "evidence_card": [
          2,
          2
        ]
      }
    },
    "7": {
      "type": "leaf",
      "in_degree": 1,
      "out_degree": 0,
      "betweenness": 0.0,
      "closeness": 0.06887052341597796,
      "pagerank": 0.03413393877211038,
      "degree_centrality": 0.030303030303030304,
      "cpd": {
        "values": [
          0.1833021199380349,
          0.6223683107054631,
          0.8166978800619651,
          0.37763168929453694
        ],
        "evidence": [
          6
        ],
        "evidence_card": [
          2
        ]
      }
    },
    "8": {
      "type": "leaf",
      "in_degree": 1,
      "out_degree": 0,
      "betweenness": 0.0,
      "closeness": 0.06887052341597796,
      "pagerank": 0.03413393877211038,
      "degree_centrality": 0.030303030303030304,
      "cpd": {
        "values": [
          0.5677588897885579,
          0.599771271767107,
          0.432241110211442,
          0.400228728232893
        ],
        "evidence": [
          6
        ],
        "evidence_card": [
          2
        ]
      }
    },
    "9": {
      "type": "intermediate",
      "in_degree": 1,
      "out_degree": 2,
      "betweenness": 0.005681818181818182,
      "closeness": 0.045454545454545456,
      "pagerank": 0.02612279255375853,
      "degree_centrality": 0.09090909090909091,
      "cpd": {
        "values": [
          0.43249243104678814,
          0.2610378127653076,
          0.5675075689532119,
          0.7389621872346924
        ],
        "evidence": [
          4
        ],
        "evidence_card": [
          2
        ]
      }
    },
    "10": {
      "type": "intermediate",
      "in_degree": 1,
      "out_degree": 3,
      "betweenness": 0.007575757575757576,
      "closeness": 0.045454545454545456,
      "pagerank": 0.02612279255375853,
      "degree_centrality": 0.12121212121212122,
      "cpd": {
        "values": [
          0.4602925585651148,
          0.3642467110857513,
          0.5397074414348852,
          0.6357532889142488
        ],
        "evidence": [
          4
        ],
        "evidence_card": [
          2
        ]
      }
    },
    "11": {
      "type": "leaf",
      "in_degree": 2,
      "out_degree": 0,
      "betweenness": 0.0,
      "closeness": 0.08417508417508418,
      "pagerank": 0.032258172136787826,
      "degree_centrality": 0.06060606060606061,
      "cpd": {
        "values": [
          0.37749016128375595,
          0.5866946841122752,
          0.46172563666061334,
          0.6125592141940506
        ],
        "evidence": [
          1,
          10
        ],
        "evidence_card": [
          2,
          2
        ]
      }
    },
    "12": {
      "type": "leaf",
      "in_degree": 1,
      "out_degree": 0,
      "betweenness": 0.0,
      "closeness": 0.04848484848484849,
      "pagerank": 0.026481044706319165,
      "degree_centrality": 0.030303030303030304,
      "cpd": {
        "values": [
          0.21895417468980938,
          0.9254809955353283,
          0.7810458253101906,
          0.07451900446467176
        ],
        "evidence": [
          10
        ],
        "evidence_card": [
          2
        ]
      }
    },
    "13": {
      "type": "leaf",
      "in_degree": 1,
      "out_degree": 0,
      "betweenness": 0.0,
      "closeness": 0.04848484848484849,
      "pagerank": 0.026481044706319165,
      "degree_centrality": 0.030303030303030304,
      "cpd": {
        "values": [
          0.09757254717401785,
          0.2876031019069436,
          0.9024274528259821,
          0.7123968980930564
        ],
        "evidence": [
          10
        ],
        "evidence_card": [
          2
        ]
      }
    },
    "14": {
      "type": "leaf",
      "in_degree": 1,
      "out_degree": 0,
      "betweenness": 0.0,
      "closeness": 0.04848484848484849,
      "pagerank": 0.03018160974356219,
      "degree_centrality": 0.030303030303030304,
      "cpd": {
        "values": [
          0.7781882841402811,
          0.40165853239083443,
          0.22181171585971887,
          0.5983414676091656
        ],
        "evidence": [
          9
        ],
        "evidence_card": [
          2
        ]
      }
    },
    "15": {
      "type": "leaf",
      "in_degree": 1,
      "out_degree": 0,
      "betweenness": 0.0,
      "closeness": 0.04848484848484849,
      "pagerank": 0.03018160974356219,