{
  "graph_index": 667,
  "nodes": {
    "0": {
      "type": "root",
      "in_degree": 0,
      "out_degree": 2,
      "betweenness": 0.0,
      "closeness": 0.0,
      "pagerank": 0.020546000792422518,
      "degree_centrality": 0.06451612903225806,
      "cpd": {
        "values": [
          0.5,
          0.5,
          0.0,
          0.0
        ],
        "evidence": [],
        "evidence_card": []
      }
    },
    "1": {
      "type": "intermediate",
      "in_degree": 1,
      "out_degree": 3,
      "betweenness": 0.021505376344086023,
      "closeness": 0.03225806451612903,
      "pagerank": 0.02927801782062301,
      "degree_centrality": 0.12903225806451613,
      "cpd": {
        "values": [
          0.30682071252436827,
          0.63989590971004,
          0.6931792874756316,
          0.36010409028996004
        ],
        "evidence": [
          0
        ],
        "evidence_card": [
          2
        ]
      }
    },
    "2": {
      "type": "intermediate",
      "in_degree": 1,
      "out_degree": 3,
      "betweenness": 0.00967741935483871,
      "closeness": 0.03225806451612903,
      "pagerank": 0.02927801782062301,
      "degree_centrality": 0.12903225806451613,
      "cpd": {
        "values": [
          0.5961598222006881,
          0.48753083245164885,
          0.4038401777993119,
          0.5124691675483511
        ],
        "evidence": [
          0
        ],
        "evidence_card": [
          2
        ]
      }
    },
    "3": {
      "type": "intermediate",
      "in_degree": 1,
      "out_degree": 2,
      "betweenness": 0.005376344086021506,
      "closeness": 0.04301075268817204,
      "pagerank": 0.028841019216999893,
      "degree_centrality": 0.0967741935483871,
      "cpd": {
        "values": [
          0.510526632171234,
          0.9802908201666218,
          0.489473367828766,
          0.019709179833378165
        ],
        "evidence": [
          2
        ],
        "evidence_card": [
          2
        ]
      }
    },
    "4": {
      "type": "intermediate",
      "in_degree": 1,
      "out_degree": 1,
      "betweenness": 0.002150537634408602,
      "closeness": 0.04838709677419355,
      "pagerank": 0.032804073865059374,
      "degree_centrality": 0.06451612903225806,
      "cpd": {
        "values": [
          0.866697604503181,
          0.4284718056882874,
          0.13330239549681902,
          0.5715281943117125
        ],
        "evidence": [
          3
        ],
        "evidence_card": [
          2
        ]
      }
    },
    "5": {
      "type": "leaf",
      "in_degree": 2,
      "out_degree": 0,
      "betweenness": 0.0,
      "closeness": 0.0967741935483871,
      "pagerank": 0.06068743291577332,
      "degree_centrality": 0.06451612903225806,
      "cpd": {
        "values": [
          0.2124601222349449,
          0.21479405956948033,
          0.5660910457603631,
          0.4355589026917535
        ],
        "evidence": [
          6,
          4
        ],
        "evidence_card": [
          2,
          2
        ]
      }
    },
    "6": {
      "type": "intermediate",
      "in_degree": 1,
      "out_degree": 2,
      "betweenness": 0.008602150537634409,
      "closeness": 0.04301075268817204,
      "pagerank": 0.028841019216999893,
      "degree_centrality": 0.0967741935483871,
      "cpd": {
        "values": [
          0.48531693484012756,
          0.5721418958928522,
          0.5146830651598724,
          0.4278581041071477
        ],
        "evidence": [
          1
        ],
        "evidence_card": [
          2
        ]
      }
    },
    "7": {
      "type": "intermediate",
      "in_degree": 1,
      "out_degree": 5,
      "betweenness": 0.026881720430107527,
      "closeness": 0.04301075268817204,
      "pagerank": 0.028841019216999893,
      "degree_centrality": 0.1935483870967742,
      "cpd": {
        "values": [
          0.9311716898153638,
          0.25744476937367217,
          0.06882831018463617,
          0.7425552306263279
        ],
        "evidence": [
          1
        ],
        "evidence_card": [
          2
        ]
      }
    },
    "8": {
      "type": "intermediate",
      "in_degree": 1,
      "out_degree": 2,
      "betweenness": 0.008602150537634409,
      "closeness": 0.04301075268817204,
      "pagerank": 0.028841019216999893,
      "degree_centrality": 0.0967741935483871,
      "cpd": {
        "values": [
          0.5252781241242978,
          0.12665165425061,
          0.4747218758757022,
          0.87334834574939
        ],
        "evidence": [
          1
        ],
        "evidence_card": [
          2
        ]
      }
    },
    "9": {
      "type": "intermediate",
      "in_degree": 1,
      "out_degree": 3,
      "betweenness": 0.007526881720430107,
      "closeness": 0.04838709677419355,
      "pagerank": 0.032804073865059374,
      "degree_centrality": 0.12903225806451613,
      "cpd": {
        "values": [
          0.491494200453037,
          0.6897605717666174,
          0.508505799546963,
          0.31023942823338263
        ],
        "evidence": [
          8
        ],
        "evidence_card": [
          2
        ]
      }
    },
    "10": {
      "type": "leaf",
      "in_degree": 1,
      "out_degree": 0,
      "betweenness": 0.0,
      "closeness": 0.05161290322580645,
      "pagerank": 0.029840453809327164,
      "degree_centrality": 0.03225806451612903,
      "cpd": {
        "values": [
          0.37599583523609886,
          0.5124066535606129,
          0.6240041647639011,
          0.4875933464393871
        ],
        "evidence": [
          9
        ],
        "evidence_card": [
          2
        ]
      }
    },
    "11": {
      "type": "leaf",
      "in_degree": 1,
      "out_degree": 0,
      "betweenness": 0.0,
      "closeness": 0.05161290322580645,
      "pagerank": 0.029840453809327164,
      "degree_centrality": 0.03225806451612903,
      "cpd": {
        "values": [
          0.10754652063192005,
          0.9764586098562189,
          0.89245347936808,
          0.023541390143781052
        ],
        "evidence": [
          9
        ],
        "evidence_card": [
          2
        ]
      }
    },
    "12": {
      "type": "leaf",
      "in_degree": 2,
      "out_degree": 0,
      "betweenness": 0.0,
      "closeness": 0.08960573476702509,
      "pagerank": 0.034743683038381906,
      "degree_centrality": 0.06451612903225806,
      "cpd": {
        "values": [
          0.7221902254682376,
          0.6667960867636039,
          0.6406330837742553,
          0.6246102199916537
        ],
        "evidence": [
          7,
          9
        ],
        "evidence_card": [
          2,
          2
        ]
      }
    },
    "13": {
      "type": "intermediate",
      "in_degree": 2,
      "out_degree": 4,
      "betweenness": 0.017204301075268817,
      "closeness": 0.08602150537634408,
      "pagerank": 0.03374424844605463,
      "degree_centrality": 0.1935483870967742,
      "cpd": {
        "values": [
          0.342079286801124,
          0.6707803670689939,
          0.33519345127812916,
          0.45628219699705785
        ],
        "evidence": [
          2,
          7
        ],
        "evidence_card": [
          2,
          2
        ]
      }
    },
    "14": {
      "type": "intermediate",
      "in_degree": 1,
      "out_degree": 3,
      "betweenness": 0.008602150537634409,
      "closeness": 0.04838709677419355,
      "pagerank": 0.02544923002147726,
      "degree_centrality": 0.12903225806451613,
      "cpd": {
        "values": [
          0.4927376930287091,
          0.5359747801706122,
          0.5072623069712909,
          0.46402521982938777
        ],
        "evidence": [
          7
        ],
        "evidence_card": [
          2
        ]
      }
    },
    "15": {
      "type": "intermediate",
      "in_degree": 1,
      "out_degree": 2,
      "betweenness": 0.005376344086021506,