{
  "graph_index": 3501,
  "nodes": {
    "0": {
      "type": "root",
      "in_degree": 0,
      "out_degree": 1,
      "betweenness": 0.0,
      "closeness": 0.0,
      "pagerank": 0.061851230786172044,
      "degree_centrality": 0.14285714285714285,
      "cpd": {
        "values": [
          0.5,
          0.5,
          0.0,
          0.0
        ],
        "evidence": [],
        "evidence_card": []
      }
    },
    "1": {
      "type": "intermediate",
      "in_degree": 1,
      "out_degree": 1,
      "betweenness": 0.14285714285714285,
      "closeness": 0.14285714285714285,
      "pagerank": 0.1144248816987948,
      "degree_centrality": 0.2857142857142857,
      "cpd": {
        "values": [
          0.0986833823615006,
          0.40300887706640287,
          0.9013166176384995,
          0.5969911229335971
        ],
        "evidence": [
          0
        ],
        "evidence_card": [
          2
        ]
      }
    },
    "2": {
      "type": "intermediate",
      "in_degree": 1,
      "out_degree": 2,
      "betweenness": 0.23809523809523808,
      "closeness": 0.19047619047619047,
      "pagerank": 0.15911428244223497,
      "degree_centrality": 0.42857142857142855,
      "cpd": {
        "values": [
          0.35767451020600843,
          0.23050209081716944,
          0.6423254897939916,
          0.7694979091828306
        ],
        "evidence": [
          1
        ],
        "evidence_card": [
          2
        ]
      }
    },
    "3": {
      "type": "intermediate",
      "in_degree": 1,
      "out_degree": 1,
      "betweenness": 0.07142857142857142,
      "closeness": 0.21428571428571427,
      "pagerank": 0.12947533931547328,
      "degree_centrality": 0.2857142857142857,
      "cpd": {
        "values": [
          0.5355617926677816,
          0.8240491431503412,
          0.46443820733221847,
          0.17595085684965883
        ],
        "evidence": [
          2
        ],
        "evidence_card": [
          2
        ]
      }
    },
    "4": {
      "type": "intermediate",
      "in_degree": 1,
      "out_degree": 2,
      "betweenness": 0.14285714285714285,
      "closeness": 0.21428571428571427,
      "pagerank": 0.12947533931547328,
      "degree_centrality": 0.42857142857142855,
      "cpd": {
        "values": [
          0.9609367451159619,
          0.3660146956605937,
          0.03906325488403811,
          0.6339853043394063
        ],
        "evidence": [
          2
        ],
        "evidence_card": [
          2
        ]
      }
    },
    "5": {
      "type": "leaf",
      "in_degree": 1,
      "out_degree": 0,
      "betweenness": 0.0,
      "closeness": 0.22857142857142856,
      "pagerank": 0.11687753930700592,
      "degree_centrality": 0.14285714285714285,
      "cpd": {
        "values": [
          0.34815046073968353,
          0.8009985142127912,
          0.6518495392603165,
          0.19900148578720867
        ],
        "evidence": [
          4
        ],
        "evidence_card": [
          2
        ]
      }
    },
    "6": {
      "type": "leaf",
      "in_degree": 1,
      "out_degree": 0,
      "betweenness": 0.0,
      "closeness": 0.22857142857142856,
      "pagerank": 0.11687753930700592,
      "degree_centrality": 0.14285714285714285,
      "cpd": {
        "values": [
          0.6206249280693832,
          0.7172530547690827,
          0.37937507193061676,
          0.28274694523091726
        ],
        "evidence": [
          4
        ],
        "evidence_card": [
          2
        ]
      }
    },
    "7": {
      "type": "leaf",
      "in_degree": 1,
      "out_degree": 0,
      "betweenness": 0.0,
      "closeness": 0.22857142857142856,
      "pagerank": 0.1719038478278398,
      "degree_centrality": 0.14285714285714285,
      "cpd": {
        "values": [
          0.4493167099899741,
          0.6445964254297751,
          0.5506832900100259,
          0.35540357457022487
        ],
        "evidence": [
          3
        ],
        "evidence_card": [
          2
        ]
      }
    }
  },
  "edges": [
    [
      0,
      1
    ],
    [
      1,
      2
    ],
    [
      2,
      3
    ],
    [
      2,
      4
    ],
    [
      3,
      7
    ],
    [
      4,
      5
    ],
    [
      4,
      6
    ]
  ]
}