{
  "graph_index": 8305,
  "nodes": {
    "0": {
      "type": "root",
      "in_degree": 0,
      "out_degree": 1,
      "betweenness": 0.0,
      "closeness": 0.0,
      "pagerank": 0.03115739664944224,
      "degree_centrality": 0.05263157894736842,
      "cpd": {
        "values": [
          0.5,
          0.5,
          0.0,
          0.0
        ],
        "evidence": [],
        "evidence_card": []
      }
    },
    "1": {
      "type": "intermediate",
      "in_degree": 1,
      "out_degree": 3,
      "betweenness": 0.05263157894736842,
      "closeness": 0.05263157894736842,
      "pagerank": 0.057642005547202,
      "degree_centrality": 0.21052631578947367,
      "cpd": {
        "values": [
          0.44265113800482647,
          0.6064585166527027,
          0.5573488619951735,
          0.3935414833472974
        ],
        "evidence": [
          0
        ],
        "evidence_card": [
          2
        ]
      }
    },
    "2": {
      "type": "intermediate",
      "in_degree": 1,
      "out_degree": 1,
      "betweenness": 0.017543859649122806,
      "closeness": 0.07017543859649122,
      "pagerank": 0.047489048574865,
      "degree_centrality": 0.10526315789473684,
      "cpd": {
        "values": [
          0.7586550570379719,
          0.5301664606383919,
          0.2413449429620281,
          0.4698335393616081
        ],
        "evidence": [
          1
        ],
        "evidence_card": [
          2
        ]
      }
    },
    "3": {
      "type": "intermediate",
      "in_degree": 1,
      "out_degree": 3,
      "betweenness": 0.04093567251461988,
      "closeness": 0.07017543859649122,
      "pagerank": 0.047489048574865,
      "degree_centrality": 0.21052631578947367,
      "cpd": {
        "values": [
          0.3460788820106303,
          0.31196412732498596,
          0.6539211179893697,
          0.6880358726750141
        ],
        "evidence": [
          1
        ],
        "evidence_card": [
          2
        ]
      }
    },
    "4": {
      "type": "intermediate",
      "in_degree": 1,
      "out_degree": 2,
      "betweenness": 0.029239766081871343,
      "closeness": 0.07017543859649122,
      "pagerank": 0.047489048574865,
      "degree_centrality": 0.15789473684210525,
      "cpd": {
        "values": [
          0.3113079674182266,
          0.5671604754082612,
          0.6886920325817735,
          0.43283952459173886
        ],
        "evidence": [
          1
        ],
        "evidence_card": [
          2
        ]
      }
    },
    "5": {
      "type": "intermediate",
      "in_degree": 1,
      "out_degree": 4,
      "betweenness": 0.029239766081871343,
      "closeness": 0.07894736842105263,
      "pagerank": 0.05134042381432509,
      "degree_centrality": 0.2631578947368421,
      "cpd": {
        "values": [
          0.2794917213248643,
          0.9928977383948099,
          0.7205082786751358,
          0.007102261605190116
        ],
        "evidence": [
          4
        ],
        "evidence_card": [
          2
        ]
      }
    },
    "6": {
      "type": "leaf",
      "in_degree": 1,
      "out_degree": 0,
      "betweenness": 0.0,
      "closeness": 0.08421052631578947,
      "pagerank": 0.04206715870600474,
      "degree_centrality": 0.05263157894736842,
      "cpd": {
        "values": [
          0.5028070655044348,
          0.7454529344849021,
          0.4971929344955653,
          0.25454706551509787
        ],
        "evidence": [
          5
        ],
        "evidence_card": [
          2
        ]
      }
    },
    "7": {
      "type": "leaf",
      "in_degree": 1,
      "out_degree": 0,
      "betweenness": 0.0,
      "closeness": 0.08421052631578947,
      "pagerank": 0.04206715870600474,
      "degree_centrality": 0.05263157894736842,
      "cpd": {
        "values": [
          0.9590713144873525,
          0.4142833379865505,
          0.04092868551264748,
          0.5857166620134495
        ],
        "evidence": [
          5
        ],
        "evidence_card": [
          2
        ]
      }
    },
    "8": {
      "type": "leaf",
      "in_degree": 1,
      "out_degree": 0,
      "betweenness": 0.0,
      "closeness": 0.08421052631578947,
      "pagerank": 0.04206715870600474,
      "degree_centrality": 0.05263157894736842,
      "cpd": {
        "values": [
          0.8814416823386665,
          0.6263621953586823,
          0.11855831766133355,
          0.37363780464131785
        ],
        "evidence": [
          5
        ],
        "evidence_card": [
          2
        ]
      }
    },
    "9": {
      "type": "leaf",
      "in_degree": 2,
      "out_degree": 0,
      "betweenness": 0.0,
      "closeness": 0.14619883040935672,
      "pagerank": 0.05552251014925996,
      "degree_centrality": 0.10526315789473684,
      "cpd": {
        "values": [
          0.7098936003188108,
          0.6948590641833204,
          0.4668387889289646,
          0.2713078892656026
        ],
        "evidence": [
          3,
          5
        ],
        "evidence_card": [
          2,
          2
        ]
      }
    },
    "10": {
      "type": "intermediate",
      "in_degree": 1,
      "out_degree": 4,
      "betweenness": 0.03508771929824561,
      "closeness": 0.07894736842105263,
      "pagerank": 0.044612748092697475,
      "degree_centrality": 0.2631578947368421,
      "cpd": {
        "values": [
          0.5768906212838413,
          0.8029779099143823,
          0.42310937871615867,
          0.1970220900856176
        ],
        "evidence": [
          3
        ],
        "evidence_card": [
          2
        ]
      }
    },
    "11": {
      "type": "intermediate",
      "in_degree": 1,
      "out_degree": 1,
      "betweenness": 0.0029239766081871343,
      "closeness": 0.07894736842105263,
      "pagerank": 0.044612748092697475,
      "degree_centrality": 0.10526315789473684,
      "cpd": {
        "values": [
          0.4283043491123146,
          0.7779367105415778,
          0.5716956508876854,
          0.22206328945842221
        ],
        "evidence": [
          3
        ],
        "evidence_card": [
          2
        ]
      }
    },
    "12": {
      "type": "leaf",
      "in_degree": 2,
      "out_degree": 0,
      "betweenness": 0.0,
      "closeness": 0.14619883040935672,
      "pagerank": 0.08926132559774502,
      "degree_centrality": 0.10526315789473684,
      "cpd": {
        "values": [
          0.7577538370437256,
          0.25827138174856035,
          0.2390228137921982,
          0.3399706013246899
        ],
        "evidence": [
          4,
          11
        ],
        "evidence_card": [
          2,
          2
        ]
      }
    },
    "13": {
      "type": "leaf",
      "in_degree": 1,
      "out_degree": 0,
      "betweenness": 0.0,
      "closeness": 0.08421052631578947,
      "pagerank": 0.04063762209529722,
      "degree_centrality": 0.05263157894736842,
      "cpd": {
        "values": [
          0.39938160302746306,
          0.49113033319313587,
          0.6006183969725368,
          0.5088696668068642
        ],
        "evidence": [
          10
        ],
        "evidence_card": [
          2
        ]
      }
    },
    "14": {
      "type": "leaf",
      "in_degree": 1,
      "out_degree": 0,
      "betweenness": 0.0,
      "closeness": 0.08421052631578947,
      "pagerank": 0.04063762209529722,
      "degree_centrality": 0.05263157894736842,
      "cpd": {
        "values": [
          0.26590405174984644,
          0.22404729476553997,
          0.7340959482501537,
          0.77595270523446
        ],
        "evidence": [
          10
        ],
        "evidence_card": [
          2
        ]
      }
    },
    "15": {
      "type": "leaf",
      "in_degree": 1,
      "out_degree": 0,
      "betweenness": 0.0,
      "closeness": 0.08421052631578947,
      "pagerank": 0.04063762209529722,
      "degree_centrality": 0.05263157894736842,