{
  "graph_index": 3720,
  "nodes": {
    "0": {
      "type": "root",
      "in_degree": 0,
      "out_degree": 1,
      "betweenness": 0.0,
      "closeness": 0.0,
      "pagerank": 0.02015035033323727,
      "degree_centrality": 0.03225806451612903,
      "cpd": {
        "values": [
          0.5,
          0.5,
          0.0,
          0.0
        ],
        "evidence": [],
        "evidence_card": []
      }
    },
    "1": {
      "type": "intermediate",
      "in_degree": 1,
      "out_degree": 4,
      "betweenness": 0.03225806451612903,
      "closeness": 0.03225806451612903,
      "pagerank": 0.03727775523162104,
      "degree_centrality": 0.16129032258064516,
      "cpd": {
        "values": [
          0.5514863978717236,
          0.7740968549774956,
          0.4485136021282764,
          0.22590314502250447
        ],
        "evidence": [
          0
        ],
        "evidence_card": [
          2
        ]
      }
    },
    "2": {
      "type": "intermediate",
      "in_degree": 1,
      "out_degree": 5,
      "betweenness": 0.02795698924731183,
      "closeness": 0.04301075268817204,
      "pagerank": 0.028071733878022774,
      "degree_centrality": 0.1935483870967742,
      "cpd": {
        "values": [
          0.6471310323945948,
          0.5242096895049428,
          0.35286896760540526,
          0.47579031049505716
        ],
        "evidence": [
          1
        ],
        "evidence_card": [
          2
        ]
      }
    },
    "3": {
      "type": "intermediate",
      "in_degree": 1,
      "out_degree": 2,
      "betweenness": 0.0064516129032258064,
      "closeness": 0.04301075268817204,
      "pagerank": 0.028071733878022774,
      "degree_centrality": 0.0967741935483871,
      "cpd": {
        "values": [
          0.050837633605669064,
          0.9810168864834746,
          0.9491623663943309,
          0.01898311351652539
        ],
        "evidence": [
          1
        ],
        "evidence_card": [
          2
        ]
      }
    },
    "4": {
      "type": "intermediate",
      "in_degree": 1,
      "out_degree": 3,
      "betweenness": 0.015053763440860214,
      "closeness": 0.04301075268817204,
      "pagerank": 0.028071733878022774,
      "degree_centrality": 0.12903225806451613,
      "cpd": {
        "values": [
          0.5902501027564506,
          0.49007941805729227,
          0.4097498972435494,
          0.5099205819427077
        ],
        "evidence": [
          1
        ],
        "evidence_card": [
          2
        ]
      }
    },
    "5": {
      "type": "intermediate",
      "in_degree": 1,
      "out_degree": 2,
      "betweenness": 0.0064516129032258064,
      "closeness": 0.04301075268817204,
      "pagerank": 0.028071733878022774,
      "degree_centrality": 0.0967741935483871,
      "cpd": {
        "values": [
          0.154999645629875,
          0.659601537769889,
          0.845000354370125,
          0.340398462230111
        ],
        "evidence": [
          1
        ],
        "evidence_card": [
          2
        ]
      }
    },
    "6": {
      "type": "intermediate",
      "in_degree": 1,
      "out_degree": 2,
      "betweenness": 0.004301075268817204,
      "closeness": 0.04838709677419355,
      "pagerank": 0.03208084592529721,
      "degree_centrality": 0.0967741935483871,
      "cpd": {
        "values": [
          0.15413863000012376,
          0.5188826733414333,
          0.8458613699998763,
          0.4811173266585667
        ],
        "evidence": [
          5
        ],
        "evidence_card": [
          2
        ]
      }
    },
    "7": {
      "type": "leaf",
      "in_degree": 2,
      "out_degree": 0,
      "betweenness": 0.0,
      "closeness": 0.08960573476702509,
      "pagerank": 0.04571465921707378,
      "degree_centrality": 0.06451612903225806,
      "cpd": {
        "values": [
          0.7043029227960192,
          0.21046932594379303,
          0.05383282226156831,
          0.35857301653506807
        ],
        "evidence": [
          3,
          6
        ],
        "evidence_card": [
          2,
          2
        ]
      }
    },
    "8": {
      "type": "leaf",
      "in_degree": 1,
      "out_degree": 0,
      "betweenness": 0.0,
      "closeness": 0.05161290322580645,
      "pagerank": 0.03378416362501384,
      "degree_centrality": 0.03225806451612903,
      "cpd": {
        "values": [
          0.5086444974340214,
          0.2907233182125305,
          0.49135550256597865,
          0.7092766817874694
        ],
        "evidence": [
          6
        ],
        "evidence_card": [
          2
        ]
      }
    },
    "9": {
      "type": "intermediate",
      "in_degree": 1,
      "out_degree": 1,
      "betweenness": 0.0032258064516129032,
      "closeness": 0.04838709677419355,
      "pagerank": 0.02810401406127723,
      "degree_centrality": 0.06451612903225806,
      "cpd": {
        "values": [
          0.906564445013205,
          0.09144580767320014,
          0.09343555498679507,
          0.9085541923267999
        ],
        "evidence": [
          4
        ],
        "evidence_card": [
          2
        ]
      }
    },
    "10": {
      "type": "intermediate",
      "in_degree": 1,
      "out_degree": 2,
      "betweenness": 0.0064516129032258064,
      "closeness": 0.04838709677419355,
      "pagerank": 0.02810401406127723,
      "degree_centrality": 0.0967741935483871,
      "cpd": {
        "values": [
          0.4198673925842545,
          0.6021054865436615,
          0.5801326074157455,
          0.3978945134563386
        ],
        "evidence": [
          4
        ],
        "evidence_card": [
          2
        ]
      }
    },
    "11": {
      "type": "intermediate",
      "in_degree": 1,
      "out_degree": 1,
      "betweenness": 0.0032258064516129032,
      "closeness": 0.04838709677419355,
      "pagerank": 0.02810401406127723,
      "degree_centrality": 0.06451612903225806,
      "cpd": {
        "values": [
          0.8851199261499791,
          0.4694068878747931,
          0.1148800738500209,
          0.530593112125207
        ],
        "evidence": [
          4
        ],
        "evidence_card": [
          2
        ]
      }
    },
    "12": {
      "type": "leaf",
      "in_degree": 1,
      "out_degree": 0,
      "betweenness": 0.0,
      "closeness": 0.05161290322580645,
      "pagerank": 0.04403790302173395,
      "degree_centrality": 0.03225806451612903,
      "cpd": {
        "values": [
          0.10136770597452985,
          0.4509742663103036,
          0.8986322940254702,
          0.5490257336896964
        ],
        "evidence": [
          11
        ],
        "evidence_card": [
          2
        ]
      }
    },
    "13": {
      "type": "leaf",
      "in_degree": 1,
      "out_degree": 0,
      "betweenness": 0.0,
      "closeness": 0.05161290322580645,
      "pagerank": 0.03209412667748561,
      "degree_centrality": 0.03225806451612903,
      "cpd": {
        "values": [
          0.6246455092742104,
          0.4165541841827817,
          0.37535449072578947,
          0.5834458158172182
        ],
        "evidence": [
          10
        ],
        "evidence_card": [
          2
        ]
      }
    },
    "14": {
      "type": "leaf",
      "in_degree": 1,
      "out_degree": 0,
      "betweenness": 0.0,
      "closeness": 0.05161290322580645,
      "pagerank": 0.03209412667748561,
      "degree_centrality": 0.03225806451612903,
      "cpd": {
        "values": [
          0.42386038582329727,
          0.4425420706664289,
          0.5761396141767027,
          0.5574579293335711
        ],
        "evidence": [
          10
        ],
        "evidence_card": [
          2
        ]
      }
    },
    "15": {
      "type": "leaf",
      "in_degree": 1,
      "out_degree": 0,
      "betweenness": 0.0,
      "closeness": 0.05161290322580645,
      "pagerank": 0.04403790302173395,
      "degree_centrality": 0.03225806451612903,