{
  "graph_index": 586,
  "nodes": {
    "0": {
      "type": "root",
      "in_degree": 0,
      "out_degree": 2,
      "betweenness": 0.0,
      "closeness": 0.0,
      "pagerank": 0.020838681267335284,
      "degree_centrality": 0.06896551724137931,
      "cpd": {
        "values": [
          0.5,
          0.5,
          0.0,
          0.0
        ],
        "evidence": [],
        "evidence_card": []
      }
    },
    "1": {
      "type": "intermediate",
      "in_degree": 1,
      "out_degree": 1,
      "betweenness": 0.011083743842364532,
      "closeness": 0.034482758620689655,
      "pagerank": 0.02969513316797869,
      "degree_centrality": 0.06896551724137931,
      "cpd": {
        "values": [
          0.30486935708436214,
          0.4260870190574237,
          0.6951306429156379,
          0.5739129809425763
        ],
        "evidence": [
          0
        ],
        "evidence_card": [
          2
        ]
      }
    },
    "2": {
      "type": "intermediate",
      "in_degree": 1,
      "out_degree": 3,
      "betweenness": 0.022167487684729065,
      "closeness": 0.034482758620689655,
      "pagerank": 0.02969513316797869,
      "degree_centrality": 0.13793103448275862,
      "cpd": {
        "values": [
          0.4123930324292317,
          0.14794670380188849,
          0.5876069675707684,
          0.8520532961981115
        ],
        "evidence": [
          0
        ],
        "evidence_card": [
          2
        ]
      }
    },
    "3": {
      "type": "intermediate",
      "in_degree": 1,
      "out_degree": 3,
      "betweenness": 0.023399014778325122,
      "closeness": 0.04597701149425287,
      "pagerank": 0.029252156429092353,
      "degree_centrality": 0.13793103448275862,
      "cpd": {
        "values": [
          0.6349953643841921,
          0.5098038147980261,
          0.36500463561580787,
          0.490196185201974
        ],
        "evidence": [
          2
        ],
        "evidence_card": [
          2
        ]
      }
    },
    "4": {
      "type": "intermediate",
      "in_degree": 1,
      "out_degree": 1,
      "betweenness": 0.007389162561576354,
      "closeness": 0.04597701149425287,
      "pagerank": 0.029252156429092353,
      "degree_centrality": 0.06896551724137931,
      "cpd": {
        "values": [
          0.595925521772601,
          0.4462542090033547,
          0.40407447822739895,
          0.5537457909966453
        ],
        "evidence": [
          2
        ],
        "evidence_card": [
          2
        ]
      }
    },
    "5": {
      "type": "intermediate",
      "in_degree": 1,
      "out_degree": 2,
      "betweenness": 0.007389162561576354,
      "closeness": 0.05172413793103448,
      "pagerank": 0.04570269763360571,
      "degree_centrality": 0.10344827586206896,
      "cpd": {
        "values": [
          0.5755410986459354,
          0.4589392747405494,
          0.4244589013540646,
          0.5410607252594506
        ],
        "evidence": [
          4
        ],
        "evidence_card": [
          2
        ]
      }
    },
    "6": {
      "type": "leaf",
      "in_degree": 1,
      "out_degree": 0,
      "betweenness": 0.0,
      "closeness": 0.05517241379310345,
      "pagerank": 0.04026163991716114,
      "degree_centrality": 0.034482758620689655,
      "cpd": {
        "values": [
          0.6812130245142335,
          0.6747626607291777,
          0.3187869754857665,
          0.3252373392708224
        ],
        "evidence": [
          5
        ],
        "evidence_card": [
          2
        ]
      }
    },
    "7": {
      "type": "leaf",
      "in_degree": 1,
      "out_degree": 0,
      "betweenness": 0.0,
      "closeness": 0.05517241379310345,
      "pagerank": 0.04026163991716114,
      "degree_centrality": 0.034482758620689655,
      "cpd": {
        "values": [
          0.7902142268373041,
          0.3249478515901994,
          0.20978577316269595,
          0.6750521484098005
        ],
        "evidence": [
          5
        ],
        "evidence_card": [
          2
        ]
      }
    },
    "8": {
      "type": "intermediate",
      "in_degree": 1,
      "out_degree": 1,
      "betweenness": 0.003694581280788177,
      "closeness": 0.05172413793103448,
      "pagerank": 0.02912668672275876,
      "degree_centrality": 0.06896551724137931,
      "cpd": {
        "values": [
          0.4912463505294478,
          0.9443552868276932,
          0.5087536494705521,
          0.05564471317230675
        ],
        "evidence": [
          3
        ],
        "evidence_card": [
          2
        ]
      }
    },
    "9": {
      "type": "intermediate",
      "in_degree": 1,
      "out_degree": 4,
      "betweenness": 0.013546798029556651,
      "closeness": 0.05172413793103448,
      "pagerank": 0.02912668672275876,
      "degree_centrality": 0.1724137931034483,
      "cpd": {
        "values": [
          0.7673846238557053,
          0.5407992596347755,
          0.23261537614429467,
          0.4592007403652247
        ],
        "evidence": [
          3
        ],
        "evidence_card": [
          2
        ]
      }
    },
    "10": {
      "type": "intermediate",
      "in_degree": 1,
      "out_degree": 2,
      "betweenness": 0.007389162561576354,
      "closeness": 0.05172413793103448,
      "pagerank": 0.02912668672275876,
      "degree_centrality": 0.10344827586206896,
      "cpd": {
        "values": [
          0.7441445477691621,
          0.04759677164075406,
          0.255855452230838,
          0.952403228359246
        ],
        "evidence": [
          3
        ],
        "evidence_card": [
          2
        ]
      }
    },
    "11": {
      "type": "leaf",
      "in_degree": 1,
      "out_degree": 0,
      "betweenness": 0.0,
      "closeness": 0.05517241379310345,
      "pagerank": 0.033217302084372846,
      "degree_centrality": 0.034482758620689655,
      "cpd": {
        "values": [
          0.08564379715000622,
          0.31017601933033706,
          0.9143562028499937,
          0.6898239806696629
        ],
        "evidence": [
          10
        ],
        "evidence_card": [
          2
        ]
      }
    },
    "12": {
      "type": "leaf",
      "in_degree": 1,
      "out_degree": 0,
      "betweenness": 0.0,
      "closeness": 0.05517241379310345,
      "pagerank": 0.033217302084372846,
      "degree_centrality": 0.034482758620689655,
      "cpd": {
        "values": [
          0.2932260475444208,
          0.45387170620192085,
          0.7067739524555793,
          0.546128293798079
        ],
        "evidence": [
          10
        ],
        "evidence_card": [
          2
        ]
      }
    },
    "13": {
      "type": "leaf",
      "in_degree": 1,
      "out_degree": 0,
      "betweenness": 0.0,
      "closeness": 0.05517241379310345,
      "pagerank": 0.02702799167585406,
      "degree_centrality": 0.034482758620689655,
      "cpd": {
        "values": [
          0.7700222509948691,
          0.6870781643247442,
          0.22997774900513088,
          0.31292183567525583
        ],
        "evidence": [
          9
        ],
        "evidence_card": [
          2
        ]
      }
    },
    "14": {
      "type": "leaf",
      "in_degree": 2,
      "out_degree": 0,
      "betweenness": 0.0,
      "closeness": 0.10344827586206896,
      "pagerank": 0.0348612399751016,
      "degree_centrality": 0.06896551724137931,
      "cpd": {
        "values": [
          0.3434678693986576,
          0.44309794388252133,
          0.1765360756190817,
          0.28959005748263855
        ],
        "evidence": [
          18,
          9
        ],
        "evidence_card": [
          2,
          2
        ]
      }
    },
    "15": {
      "type": "leaf",
      "in_degree": 1,
      "out_degree": 0,
      "betweenness": 0.0,
      "closeness": 0.05517241379310345,
      "pagerank": 0.02702799167585406,
      "degree_centrality": 0.034482758620689655,