{
  "graph_index": 2737,
  "nodes": {
    "0": {
      "type": "root",
      "in_degree": 0,
      "out_degree": 2,
      "betweenness": 0.0,
      "closeness": 0.0,
      "pagerank": 0.027283159521718964,
      "degree_centrality": 0.09090909090909091,
      "cpd": {
        "values": [
          0.5,
          0.5,
          0.0,
          0.0
        ],
        "evidence": [],
        "evidence_card": []
      }
    },
    "1": {
      "type": "intermediate",
      "in_degree": 1,
      "out_degree": 1,
      "betweenness": 0.012987012987012988,
      "closeness": 0.045454545454545456,
      "pagerank": 0.03887879051167707,
      "degree_centrality": 0.09090909090909091,
      "cpd": {
        "values": [
          0.4840757524470731,
          0.6484019057545531,
          0.5159242475529268,
          0.3515980942454468
        ],
        "evidence": [
          0
        ],
        "evidence_card": [
          2
        ]
      }
    },
    "2": {
      "type": "intermediate",
      "in_degree": 1,
      "out_degree": 2,
      "betweenness": 0.030303030303030304,
      "closeness": 0.045454545454545456,
      "pagerank": 0.03887879051167707,
      "degree_centrality": 0.13636363636363635,
      "cpd": {
        "values": [
          0.4240511127767499,
          0.7028860600690331,
          0.57594888722325,
          0.2971139399309669
        ],
        "evidence": [
          0
        ],
        "evidence_card": [
          2
        ]
      }
    },
    "3": {
      "type": "intermediate",
      "in_degree": 1,
      "out_degree": 3,
      "betweenness": 0.0367965367965368,
      "closeness": 0.06060606060606061,
      "pagerank": 0.043806939884293655,
      "degree_centrality": 0.18181818181818182,
      "cpd": {
        "values": [
          0.7239616429751068,
          0.750958696318323,
          0.2760383570248932,
          0.24904130368167707
        ],
        "evidence": [
          2
        ],
        "evidence_card": [
          2
        ]
      }
    },
    "4": {
      "type": "intermediate",
      "in_degree": 1,
      "out_degree": 2,
      "betweenness": 0.012987012987012988,
      "closeness": 0.06818181818181818,
      "pagerank": 0.03969509128460216,
      "degree_centrality": 0.13636363636363635,
      "cpd": {
        "values": [
          0.37425312423925244,
          0.9524280033741004,
          0.6257468757607476,
          0.04757199662589957
        ],
        "evidence": [
          3
        ],
        "evidence_card": [
          2
        ]
      }
    },
    "5": {
      "type": "intermediate",
      "in_degree": 1,
      "out_degree": 4,
      "betweenness": 0.025974025974025976,
      "closeness": 0.06818181818181818,
      "pagerank": 0.03969509128460216,
      "degree_centrality": 0.2272727272727273,
      "cpd": {
        "values": [
          0.2109393232635809,
          0.4313022103063928,
          0.7890606767364191,
          0.5686977896936071
        ],
        "evidence": [
          3
        ],
        "evidence_card": [
          2
        ]
      }
    },
    "6": {
      "type": "leaf",
      "in_degree": 1,
      "out_degree": 0,
      "betweenness": 0.0,
      "closeness": 0.07272727272727274,
      "pagerank": 0.03571836807814702,
      "degree_centrality": 0.045454545454545456,
      "cpd": {
        "values": [
          0.49619759504412086,
          0.7160428277315833,
          0.5038024049558791,
          0.2839571722684167
        ],
        "evidence": [
          5
        ],
        "evidence_card": [
          2
        ]
      }
    },
    "7": {
      "type": "leaf",
      "in_degree": 1,
      "out_degree": 0,
      "betweenness": 0.0,
      "closeness": 0.07272727272727274,
      "pagerank": 0.03571836807814702,
      "degree_centrality": 0.045454545454545456,
      "cpd": {
        "values": [
          0.5204740322434804,
          0.49458888847037547,
          0.47952596775651957,
          0.5054111115296246
        ],
        "evidence": [
          5
        ],
        "evidence_card": [
          2
        ]
      }
    },
    "8": {
      "type": "leaf",
      "in_degree": 1,
      "out_degree": 0,
      "betweenness": 0.0,
      "closeness": 0.07272727272727274,
      "pagerank": 0.03571836807814702,
      "degree_centrality": 0.045454545454545456,
      "cpd": {
        "values": [
          0.8121065512977131,
          0.36459778512210406,
          0.18789344870228683,
          0.6354022148778959
        ],
        "evidence": [
          5
        ],
        "evidence_card": [
          2
        ]
      }
    },
    "9": {
      "type": "leaf",
      "in_degree": 1,
      "out_degree": 0,
      "betweenness": 0.0,
      "closeness": 0.07272727272727274,
      "pagerank": 0.03571836807814702,
      "degree_centrality": 0.045454545454545456,
      "cpd": {
        "values": [
          0.4777573315368308,
          0.21447123152456732,
          0.5222426684631692,
          0.7855287684754327
        ],
        "evidence": [
          5
        ],
        "evidence_card": [
          2
        ]
      }
    },
    "10": {
      "type": "leaf",
      "in_degree": 1,
      "out_degree": 0,
      "betweenness": 0.0,
      "closeness": 0.07272727272727274,
      "pagerank": 0.04415357663457507,
      "degree_centrality": 0.045454545454545456,
      "cpd": {
        "values": [
          0.571745342018806,
          0.22381382551069573,
          0.4282546579811941,
          0.7761861744893043
        ],
        "evidence": [
          4
        ],
        "evidence_card": [
          2
        ]
      }
    },
    "11": {
      "type": "leaf",
      "in_degree": 1,
      "out_degree": 0,
      "betweenness": 0.0,
      "closeness": 0.07272727272727274,
      "pagerank": 0.04415357663457507,
      "degree_centrality": 0.045454545454545456,
      "cpd": {
        "values": [
          0.4208808042202396,
          0.9428275554492597,
          0.5791191957797603,
          0.057172444550740414
        ],
        "evidence": [
          4
        ],
        "evidence_card": [
          2
        ]
      }
    },
    "12": {
      "type": "intermediate",
      "in_degree": 1,
      "out_degree": 3,
      "betweenness": 0.032467532467532464,
      "closeness": 0.06060606060606061,
      "pagerank": 0.06033072024686836,
      "degree_centrality": 0.18181818181818182,
      "cpd": {
        "values": [
          0.6175709778609453,
          0.43498295024215017,
          0.38242902213905466,
          0.5650170497578499
        ],
        "evidence": [
          1
        ],
        "evidence_card": [
          2
        ]
      }
    },
    "13": {
      "type": "intermediate",
      "in_degree": 1,
      "out_degree": 1,
      "betweenness": 0.006493506493506494,
      "closeness": 0.06818181818181818,
      "pagerank": 0.0443766023875133,
      "degree_centrality": 0.09090909090909091,
      "cpd": {
        "values": [
          0.3999932720148774,
          0.6917663713663588,
          0.6000067279851226,
          0.30823362863364123
        ],
        "evidence": [
          12
        ],
        "evidence_card": [
          2
        ]
      }
    },
    "14": {
      "type": "intermediate",
      "in_degree": 2,
      "out_degree": 4,
      "betweenness": 0.032467532467532464,
      "closeness": 0.12121212121212122,
      "pagerank": 0.06090038275008801,
      "degree_centrality": 0.2727272727272727,
      "cpd": {
        "values": [
          0.7931313608284111,
          0.5346015278842459,
          0.6564583983457224,
          0.7348627790921332
        ],
        "evidence": [
          2,
          12
        ],
        "evidence_card": [
          2,
          2
        ]
      }
    },
    "15": {
      "type": "intermediate",
      "in_degree": 1,
      "out_degree": 2,
      "betweenness": 0.012987012987012988,
      "closeness": 0.06818181818181818,
      "pagerank": 0.0443766023875133,
      "degree_centrality": 0.13636363636363635,