{
  "graph_index": 2278,
  "nodes": {
    "0": {
      "type": "root",
      "in_degree": 0,
      "out_degree": 2,
      "betweenness": 0.0,
      "closeness": 0.0,
      "pagerank": 0.02169191584088133,
      "degree_centrality": 0.06896551724137931,
      "cpd": {
        "values": [
          0.5,
          0.5,
          0.0,
          0.0
        ],
        "evidence": [],
        "evidence_card": []
      }
    },
    "1": {
      "type": "intermediate",
      "in_degree": 1,
      "out_degree": 1,
      "betweenness": 0.013546798029556651,
      "closeness": 0.034482758620689655,
      "pagerank": 0.030910368553326857,
      "degree_centrality": 0.06896551724137931,
      "cpd": {
        "values": [
          0.1572429223348892,
          0.3703480592171426,
          0.8427570776651108,
          0.6296519407828575
        ],
        "evidence": [
          0
        ],
        "evidence_card": [
          2
        ]
      }
    },
    "2": {
      "type": "intermediate",
      "in_degree": 1,
      "out_degree": 3,
      "betweenness": 0.019704433497536946,
      "closeness": 0.034482758620689655,
      "pagerank": 0.030910368553326857,
      "degree_centrality": 0.13793103448275862,
      "cpd": {
        "values": [
          0.5885967629247296,
          0.7234229608551365,
          0.4114032370752704,
          0.2765770391448635
        ],
        "evidence": [
          0
        ],
        "evidence_card": [
          2
        ]
      }
    },
    "3": {
      "type": "intermediate",
      "in_degree": 1,
      "out_degree": 4,
      "betweenness": 0.022167487684729065,
      "closeness": 0.04597701149425287,
      "pagerank": 0.03044966834287014,
      "degree_centrality": 0.1724137931034483,
      "cpd": {
        "values": [
          0.31365123659676375,
          0.8433561357943217,
          0.6863487634032363,
          0.1566438642056783
        ],
        "evidence": [
          2
        ],
        "evidence_card": [
          2
        ]
      }
    },
    "4": {
      "type": "intermediate",
      "in_degree": 1,
      "out_degree": 2,
      "betweenness": 0.007389162561576354,
      "closeness": 0.05172413793103448,
      "pagerank": 0.02816221012212989,
      "degree_centrality": 0.10344827586206896,
      "cpd": {
        "values": [
          0.5835670970739173,
          0.1083046118966598,
          0.4164329029260827,
          0.8916953881033403
        ],
        "evidence": [
          3
        ],
        "evidence_card": [
          2
        ]
      }
    },
    "5": {
      "type": "intermediate",
      "in_degree": 1,
      "out_degree": 1,
      "betweenness": 0.003694581280788177,
      "closeness": 0.05172413793103448,
      "pagerank": 0.02816221012212989,
      "degree_centrality": 0.06896551724137931,
      "cpd": {
        "values": [
          0.4874958716828318,
          0.14777333203111961,
          0.5125041283171681,
          0.8522266679688804
        ],
        "evidence": [
          3
        ],
        "evidence_card": [
          2
        ]
      }
    },
    "6": {
      "type": "intermediate",
      "in_degree": 1,
      "out_degree": 1,
      "betweenness": 0.003694581280788177,
      "closeness": 0.05172413793103448,
      "pagerank": 0.02816221012212989,
      "degree_centrality": 0.06896551724137931,
      "cpd": {
        "values": [
          0.22429103105380963,
          0.17138735204368877,
          0.7757089689461903,
          0.8286126479563112
        ],
        "evidence": [
          3
        ],
        "evidence_card": [
          2
        ]
      }
    },
    "7": {
      "type": "intermediate",
      "in_degree": 1,
      "out_degree": 1,
      "betweenness": 0.003694581280788177,
      "closeness": 0.05172413793103448,
      "pagerank": 0.02816221012212989,
      "degree_centrality": 0.06896551724137931,
      "cpd": {
        "values": [
          0.45349469777475454,
          0.8938686106514336,
          0.5465053022252455,
          0.10613138934856636
        ],
        "evidence": [
          3
        ],
        "evidence_card": [
          2
        ]
      }
    },
    "8": {
      "type": "leaf",
      "in_degree": 1,
      "out_degree": 0,
      "betweenness": 0.0,
      "closeness": 0.05517241379310345,
      "pagerank": 0.045629702510248074,
      "degree_centrality": 0.034482758620689655,
      "cpd": {
        "values": [
          0.6930209727982062,
          0.6366238866289289,
          0.30697902720179376,
          0.3633761133710711
        ],
        "evidence": [
          7
        ],
        "evidence_card": [
          2
        ]
      }
    },
    "9": {
      "type": "leaf",
      "in_degree": 1,
      "out_degree": 0,
      "betweenness": 0.0,
      "closeness": 0.05517241379310345,
      "pagerank": 0.045629702510248074,
      "degree_centrality": 0.034482758620689655,
      "cpd": {
        "values": [
          0.8310356267105113,
          0.4954394446193362,
          0.16896437328948868,
          0.5045605553806638
        ],
        "evidence": [
          6
        ],
        "evidence_card": [
          2
        ]
      }
    },
    "10": {
      "type": "leaf",
      "in_degree": 1,
      "out_degree": 0,
      "betweenness": 0.0,
      "closeness": 0.05517241379310345,
      "pagerank": 0.045629702510248074,
      "degree_centrality": 0.034482758620689655,
      "cpd": {
        "values": [
          0.8794508986451136,
          0.5049978523774207,
          0.12054910135488636,
          0.4950021476225793
        ],
        "evidence": [
          5
        ],
        "evidence_card": [
          2
        ]
      }
    },
    "11": {
      "type": "leaf",
      "in_degree": 1,
      "out_degree": 0,
      "betweenness": 0.0,
      "closeness": 0.05517241379310345,
      "pagerank": 0.0336608091755647,
      "degree_centrality": 0.034482758620689655,
      "cpd": {
        "values": [
          0.46232693833147936,
          0.4598920183224947,
          0.5376730616685207,
          0.5401079816775053
        ],
        "evidence": [
          4
        ],
        "evidence_card": [
          2
        ]
      }
    },
    "12": {
      "type": "leaf",
      "in_degree": 1,
      "out_degree": 0,
      "betweenness": 0.0,
      "closeness": 0.05517241379310345,
      "pagerank": 0.0336608091755647,
      "degree_centrality": 0.034482758620689655,
      "cpd": {
        "values": [
          0.10803280417019344,
          0.9645061140545617,
          0.8919671958298065,
          0.03549388594543819
        ],
        "evidence": [
          4
        ],
        "evidence_card": [
          2
        ]
      }
    },
    "13": {
      "type": "intermediate",
      "in_degree": 1,
      "out_degree": 4,
      "betweenness": 0.03201970443349754,
      "closeness": 0.04597701149425287,
      "pagerank": 0.04796517334684777,
      "degree_centrality": 0.1724137931034483,
      "cpd": {
        "values": [
          0.7112703959275652,
          0.5808845854945095,
          0.2887296040724347,
          0.41911541450549056
        ],
        "evidence": [
          1
        ],
        "evidence_card": [
          2
        ]
      }
    },
    "14": {
      "type": "intermediate",
      "in_degree": 1,
      "out_degree": 3,
      "betweenness": 0.011083743842364532,
      "closeness": 0.05172413793103448,
      "pagerank": 0.03188434597218148,
      "degree_centrality": 0.13793103448275862,
      "cpd": {
        "values": [
          0.36616069195231854,
          0.8311982128361929,
          0.6338393080476815,
          0.16880178716380712
        ],
        "evidence": [
          13
        ],
        "evidence_card": [
          2
        ]
      }
    },
    "15": {
      "type": "intermediate",
      "in_degree": 1,
      "out_degree": 1,
      "betweenness": 0.003694581280788177,
      "closeness": 0.05172413793103448,
      "pagerank": 0.03188434597218148,