{
  "graph_index": 9798,
  "nodes": {
    "0": {
      "type": "root",
      "in_degree": 0,
      "out_degree": 1,
      "betweenness": 0.0,
      "closeness": 0.0,
      "pagerank": 0.04163559319016741,
      "degree_centrality": 0.07142857142857142,
      "cpd": {
        "values": [
          0.5,
          0.5,
          0.0,
          0.0
        ],
        "evidence": [],
        "evidence_card": []
      }
    },
    "1": {
      "type": "intermediate",
      "in_degree": 1,
      "out_degree": 1,
      "betweenness": 0.07142857142857144,
      "closeness": 0.07142857142857142,
      "pagerank": 0.07702682731378077,
      "degree_centrality": 0.14285714285714285,
      "cpd": {
        "values": [
          0.49550354795507706,
          0.4913519541458506,
          0.504496452044923,
          0.5086480458541494
        ],
        "evidence": [
          0
        ],
        "evidence_card": [
          2
        ]
      }
    },
    "2": {
      "type": "intermediate",
      "in_degree": 1,
      "out_degree": 3,
      "betweenness": 0.13186813186813187,
      "closeness": 0.09523809523809523,
      "pagerank": 0.10711006941152953,
      "degree_centrality": 0.2857142857142857,
      "cpd": {
        "values": [
          0.6584150916519876,
          0.21911538908505843,
          0.34158490834801236,
          0.7808846109149415
        ],
        "evidence": [
          1
        ],
        "evidence_card": [
          2
        ]
      }
    },
    "3": {
      "type": "intermediate",
      "in_degree": 1,
      "out_degree": 4,
      "betweenness": 0.06593406593406594,
      "closeness": 0.10714285714285714,
      "pagerank": 0.07198415074891551,
      "degree_centrality": 0.3571428571428571,
      "cpd": {
        "values": [
          0.8144115178402404,
          0.11520401498245948,
          0.18558848215975962,
          0.8847959850175405
        ],
        "evidence": [
          2
        ],
        "evidence_card": [
          2
        ]
      }
    },
    "4": {
      "type": "intermediate",
      "in_degree": 1,
      "out_degree": 2,
      "betweenness": 0.03296703296703297,
      "closeness": 0.10714285714285714,
      "pagerank": 0.07198415074891551,
      "degree_centrality": 0.21428571428571427,
      "cpd": {
        "values": [
          0.619979325602745,
          0.469230869163277,
          0.3800206743972549,
          0.530769130836723
        ],
        "evidence": [
          2
        ],
        "evidence_card": [
          2
        ]
      }
    },
    "5": {
      "type": "intermediate",
      "in_degree": 1,
      "out_degree": 3,
      "betweenness": 0.049450549450549455,
      "closeness": 0.10714285714285714,
      "pagerank": 0.07198415074891551,
      "degree_centrality": 0.2857142857142857,
      "cpd": {
        "values": [
          0.5156498391018008,
          0.7676096625737677,
          0.4843501608981991,
          0.23239033742623225
        ],
        "evidence": [
          2
        ],
        "evidence_card": [
          2
        ]
      }
    },
    "6": {
      "type": "leaf",
      "in_degree": 1,
      "out_degree": 0,
      "betweenness": 0.0,
      "closeness": 0.11428571428571428,
      "pagerank": 0.062030561981975096,
      "degree_centrality": 0.07142857142857142,
      "cpd": {
        "values": [
          0.12756856153349566,
          0.3986090892688717,
          0.8724314384665043,
          0.6013909107311284
        ],
        "evidence": [
          5
        ],
        "evidence_card": [
          2
        ]
      }
    },
    "7": {
      "type": "leaf",
      "in_degree": 1,
      "out_degree": 0,
      "betweenness": 0.0,
      "closeness": 0.11428571428571428,
      "pagerank": 0.062030561981975096,
      "degree_centrality": 0.07142857142857142,
      "cpd": {
        "values": [
          0.49118148782153426,
          0.5689492018001706,
          0.5088185121784657,
          0.4310507981998295
        ],
        "evidence": [
          5
        ],
        "evidence_card": [
          2
        ]
      }
    },
    "8": {
      "type": "leaf",
      "in_degree": 1,
      "out_degree": 0,
      "betweenness": 0.0,
      "closeness": 0.11428571428571428,
      "pagerank": 0.062030561981975096,
      "degree_centrality": 0.07142857142857142,
      "cpd": {
        "values": [
          0.6353349104174598,
          0.7302028542898902,
          0.3646650895825402,
          0.2697971457101099
        ],
        "evidence": [
          5
        ],
        "evidence_card": [
          2
        ]
      }
    },
    "9": {
      "type": "leaf",
      "in_degree": 1,
      "out_degree": 0,
      "betweenness": 0.0,
      "closeness": 0.11428571428571428,
      "pagerank": 0.07222804637787893,
      "degree_centrality": 0.07142857142857142,
      "cpd": {
        "values": [
          0.630984422751775,
          0.8054799375497752,
          0.3690155772482249,
          0.1945200624502248
        ],
        "evidence": [
          4
        ],
        "evidence_card": [
          2
        ]
      }
    },
    "10": {
      "type": "leaf",
      "in_degree": 1,
      "out_degree": 0,
      "betweenness": 0.0,
      "closeness": 0.11428571428571428,
      "pagerank": 0.07222804637787893,
      "degree_centrality": 0.07142857142857142,
      "cpd": {
        "values": [
          0.5214233131679866,
          0.7003377170641522,
          0.4785766868320133,
          0.29966228293584785
        ],
        "evidence": [
          4
        ],
        "evidence_card": [
          2
        ]
      }
    },
    "11": {
      "type": "leaf",
      "in_degree": 1,
      "out_degree": 0,
      "betweenness": 0.0,
      "closeness": 0.11428571428571428,
      "pagerank": 0.056931819784023174,
      "degree_centrality": 0.07142857142857142,
      "cpd": {
        "values": [
          0.8246818020505217,
          0.46314151165843254,
          0.17531819794947837,
          0.5368584883415675
        ],
        "evidence": [
          3
        ],
        "evidence_card": [
          2
        ]
      }
    },
    "12": {
      "type": "leaf",
      "in_degree": 1,
      "out_degree": 0,
      "betweenness": 0.0,
      "closeness": 0.11428571428571428,
      "pagerank": 0.056931819784023174,
      "degree_centrality": 0.07142857142857142,
      "cpd": {
        "values": [
          0.3812308385548503,
          0.6479198717161552,
          0.6187691614451496,
          0.3520801282838449
        ],
        "evidence": [
          3
        ],
        "evidence_card": [
          2
        ]
      }
    },
    "13": {
      "type": "leaf",
      "in_degree": 1,
      "out_degree": 0,
      "betweenness": 0.0,
      "closeness": 0.11428571428571428,
      "pagerank": 0.056931819784023174,
      "degree_centrality": 0.07142857142857142,
      "cpd": {
        "values": [
          0.1822108914178182,
          0.7049443443648318,
          0.8177891085821818,
          0.29505565563516817
        ],
        "evidence": [
          3
        ],
        "evidence_card": [
          2
        ]
      }
    },
    "14": {
      "type": "leaf",
      "in_degree": 1,
      "out_degree": 0,
      "betweenness": 0.0,
      "closeness": 0.11428571428571428,
      "pagerank": 0.056931819784023174,
      "degree_centrality": 0.07142857142857142,
      "cpd": {
        "values": [
          0.3835272163785033,
          0.1374617269454264,
          0.6164727836214967,
          0.8625382730545735
        ],
        "evidence": [
          3
        ],
        "evidence_card": [
          2
        ]
      }
    }
  },