{
  "graph_index": 5940,
  "nodes": {
    "0": {
      "type": "root",
      "in_degree": 0,
      "out_degree": 2,
      "betweenness": 0.0,
      "closeness": 0.0,
      "pagerank": 0.021849824661428402,
      "degree_centrality": 0.06896551724137931,
      "cpd": {
        "values": [
          0.5,
          0.5,
          0.0,
          0.0
        ],
        "evidence": [],
        "evidence_card": []
      }
    },
    "1": {
      "type": "intermediate",
      "in_degree": 1,
      "out_degree": 5,
      "betweenness": 0.027093596059113302,
      "closeness": 0.034482758620689655,
      "pagerank": 0.031136085820616034,
      "degree_centrality": 0.20689655172413793,
      "cpd": {
        "values": [
          0.5302075754736042,
          0.4424002591051323,
          0.4697924245263959,
          0.5575997408948677
        ],
        "evidence": [
          0
        ],
        "evidence_card": [
          2
        ]
      }
    },
    "2": {
      "type": "intermediate",
      "in_degree": 1,
      "out_degree": 2,
      "betweenness": 0.006157635467980296,
      "closeness": 0.034482758620689655,
      "pagerank": 0.031136085820616034,
      "degree_centrality": 0.10344827586206896,
      "cpd": {
        "values": [
          0.7401870784815378,
          0.3241415555286501,
          0.2598129215184623,
          0.6758584444713498
        ],
        "evidence": [
          0
        ],
        "evidence_card": [
          2
        ]
      }
    },
    "3": {
      "type": "intermediate",
      "in_degree": 1,
      "out_degree": 2,
      "betweenness": 0.01600985221674877,
      "closeness": 0.04597701149425287,
      "pagerank": 0.03508259280452214,
      "degree_centrality": 0.10344827586206896,
      "cpd": {
        "values": [
          0.45722452446932116,
          0.3499272501099734,
          0.5427754755306788,
          0.6500727498900266
        ],
        "evidence": [
          2
        ],
        "evidence_card": [
          2
        ]
      }
    },
    "4": {
      "type": "intermediate",
      "in_degree": 2,
      "out_degree": 4,
      "betweenness": 0.01847290640394089,
      "closeness": 0.09195402298850575,
      "pagerank": 0.042052742993427386,
      "degree_centrality": 0.20689655172413793,
      "cpd": {
        "values": [
          0.35210800197858877,
          0.33661649373097285,
          0.00963292809811244,
          0.5753448617902671
        ],
        "evidence": [
          1,
          3
        ],
        "evidence_card": [
          2,
          2
        ]
      }
    },
    "5": {
      "type": "intermediate",
      "in_degree": 1,
      "out_degree": 4,
      "betweenness": 0.012315270935960592,
      "closeness": 0.05172413793103448,
      "pagerank": 0.0367596357361899,
      "degree_centrality": 0.1724137931034483,
      "cpd": {
        "values": [
          0.9996766195332341,
          0.6008017189384331,
          0.0003233804667659238,
          0.3991982810615669
        ],
        "evidence": [
          3
        ],
        "evidence_card": [
          2
        ]
      }
    },
    "6": {
      "type": "leaf",
      "in_degree": 1,
      "out_degree": 0,
      "betweenness": 0.0,
      "closeness": 0.05517241379310345,
      "pagerank": 0.029661551834974962,
      "degree_centrality": 0.034482758620689655,
      "cpd": {
        "values": [
          0.538118662808442,
          0.5590562709454416,
          0.46188133719155794,
          0.4409437290545583
        ],
        "evidence": [
          5
        ],
        "evidence_card": [
          2
        ]
      }
    },
    "7": {
      "type": "leaf",
      "in_degree": 1,
      "out_degree": 0,
      "betweenness": 0.0,
      "closeness": 0.05517241379310345,
      "pagerank": 0.029661551834974962,
      "degree_centrality": 0.034482758620689655,
      "cpd": {
        "values": [
          0.3680037361234701,
          0.26303034663671476,
          0.63199626387653,
          0.7369696533632853
        ],
        "evidence": [
          5
        ],
        "evidence_card": [
          2
        ]
      }
    },
    "8": {
      "type": "leaf",
      "in_degree": 2,
      "out_degree": 0,
      "betweenness": 0.0,
      "closeness": 0.10344827586206896,
      "pagerank": 0.04119723296039214,
      "degree_centrality": 0.06896551724137931,
      "cpd": {
        "values": [
          0.4235987647602721,
          0.6356966994414984,
          0.48345322216085573,
          0.7175172576782101
        ],
        "evidence": [
          16,
          5
        ],
        "evidence_card": [
          2,
          2
        ]
      }
    },
    "9": {
      "type": "leaf",
      "in_degree": 2,
      "out_degree": 0,
      "betweenness": 0.0,
      "closeness": 0.09578544061302684,
      "pagerank": 0.03495465909221246,
      "degree_centrality": 0.06896551724137931,
      "cpd": {
        "values": [
          0.5858925330183422,
          0.3200435815196803,
          0.5322883403609211,
          0.7335521424682953
        ],
        "evidence": [
          1,
          5
        ],
        "evidence_card": [
          2,
          2
        ]
      }
    },
    "10": {
      "type": "leaf",
      "in_degree": 1,
      "out_degree": 0,
      "betweenness": 0.0,
      "closeness": 0.07836990595611286,
      "pagerank": 0.030786261818089737,
      "degree_centrality": 0.034482758620689655,
      "cpd": {
        "values": [
          0.6820435804867959,
          0.5545983442559506,
          0.317956419513204,
          0.4454016557440495
        ],
        "evidence": [
          4
        ],
        "evidence_card": [
          2
        ]
      }
    },
    "11": {
      "type": "leaf",
      "in_degree": 2,
      "out_degree": 0,
      "betweenness": 0.0,
      "closeness": 0.10344827586206896,
      "pagerank": 0.038476715901701194,
      "degree_centrality": 0.06896551724137931,
      "cpd": {
        "values": [
          0.19858314212600212,
          0.6726634053658659,
          0.264495047587082,
          0.4286289874072692
        ],
        "evidence": [
          15,
          4
        ],
        "evidence_card": [
          2,
          2
        ]
      }
    },
    "12": {
      "type": "leaf",
      "in_degree": 1,
      "out_degree": 0,
      "betweenness": 0.0,
      "closeness": 0.07836990595611286,
      "pagerank": 0.030786261818089737,
      "degree_centrality": 0.034482758620689655,
      "cpd": {
        "values": [
          0.552253377625541,
          0.43604299154070547,
          0.44774662237445895,
          0.5639570084592944
        ],
        "evidence": [
          4
        ],
        "evidence_card": [
          2
        ]
      }
    },
    "13": {
      "type": "leaf",
      "in_degree": 1,
      "out_degree": 0,
      "betweenness": 0.0,
      "closeness": 0.07836990595611286,
      "pagerank": 0.030786261818089737,
      "degree_centrality": 0.034482758620689655,
      "cpd": {
        "values": [
          0.5945371075226753,
          0.835224670501409,
          0.40546289247732464,
          0.16477532949859103
        ],
        "evidence": [
          4
        ],
        "evidence_card": [
          2
        ]
      }
    },
    "14": {
      "type": "intermediate",
      "in_degree": 1,
      "out_degree": 2,
      "betweenness": 0.006157635467980296,
      "closeness": 0.04597701149425287,
      "pagerank": 0.027142931918665895,
      "degree_centrality": 0.10344827586206896,
      "cpd": {
        "values": [
          0.40542495690787295,
          0.41120451204915065,
          0.594575043092127,
          0.5887954879508493
        ],
        "evidence": [
          1
        ],
        "evidence_card": [
          2
        ]
      }
    },
    "15": {
      "type": "intermediate",
      "in_degree": 1,
      "out_degree": 3,
      "betweenness": 0.01600985221674877,
      "closeness": 0.04597701149425287,
      "pagerank": 0.027142931918665895,