{
  "graph_index": 7324,
  "nodes": {
    "0": {
      "type": "root",
      "in_degree": 0,
      "out_degree": 3,
      "betweenness": 0.0,
      "closeness": 0.0,
      "pagerank": 0.019761046621988836,
      "degree_centrality": 0.09090909090909091,
      "cpd": {
        "values": [
          0.5,
          0.5,
          0.0,
          0.0
        ],
        "evidence": [],
        "evidence_card": []
      }
    },
    "1": {
      "type": "intermediate",
      "in_degree": 1,
      "out_degree": 3,
      "betweenness": 0.013257575757575758,
      "closeness": 0.030303030303030304,
      "pagerank": 0.025359925596283615,
      "degree_centrality": 0.12121212121212122,
      "cpd": {
        "values": [
          0.8039846467080359,
          0.01576115837920644,
          0.1960153532919641,
          0.9842388416207936
        ],
        "evidence": [
          0
        ],
        "evidence_card": [
          2
        ]
      }
    },
    "2": {
      "type": "intermediate",
      "in_degree": 1,
      "out_degree": 2,
      "betweenness": 0.004734848484848485,
      "closeness": 0.030303030303030304,
      "pagerank": 0.025359925596283615,
      "degree_centrality": 0.09090909090909091,
      "cpd": {
        "values": [
          0.18704692493247718,
          0.608537148412427,
          0.8129530750675228,
          0.391462851587573
        ],
        "evidence": [
          0
        ],
        "evidence_card": [
          2
        ]
      }
    },
    "3": {
      "type": "intermediate",
      "in_degree": 1,
      "out_degree": 3,
      "betweenness": 0.010416666666666668,
      "closeness": 0.030303030303030304,
      "pagerank": 0.025359925596283615,
      "degree_centrality": 0.12121212121212122,
      "cpd": {
        "values": [
          0.6423905706645214,
          0.9226331165033974,
          0.3576094293354786,
          0.07736688349660255
        ],
        "evidence": [
          0
        ],
        "evidence_card": [
          2
        ]
      }
    },
    "4": {
      "type": "intermediate",
      "in_degree": 1,
      "out_degree": 3,
      "betweenness": 0.017992424242424244,
      "closeness": 0.0404040404040404,
      "pagerank": 0.026946118325846185,
      "degree_centrality": 0.12121212121212122,
      "cpd": {
        "values": [
          0.08349888270473808,
          0.27688039866407016,
          0.916501117295262,
          0.7231196013359298
        ],
        "evidence": [
          3
        ],
        "evidence_card": [
          2
        ]
      }
    },
    "5": {
      "type": "intermediate",
      "in_degree": 1,
      "out_degree": 4,
      "betweenness": 0.010416666666666668,
      "closeness": 0.045454545454545456,
      "pagerank": 0.0273957803857555,
      "degree_centrality": 0.15151515151515152,
      "cpd": {
        "values": [
          0.36654316268446113,
          0.673671880068395,
          0.6334568373155388,
          0.3263281199316051
        ],
        "evidence": [
          4
        ],
        "evidence_card": [
          2
        ]
      }
    },
    "6": {
      "type": "intermediate",
      "in_degree": 1,
      "out_degree": 2,
      "betweenness": 0.004734848484848485,
      "closeness": 0.045454545454545456,
      "pagerank": 0.0273957803857555,
      "degree_centrality": 0.09090909090909091,
      "cpd": {
        "values": [
          0.1848713141989718,
          0.47768739167302954,
          0.8151286858010283,
          0.5223126083269706
        ],
        "evidence": [
          4
        ],
        "evidence_card": [
          2
        ]
      }
    },
    "7": {
      "type": "intermediate",
      "in_degree": 2,
      "out_degree": 4,
      "betweenness": 0.015151515151515152,
      "closeness": 0.0808080808080808,
      "pagerank": 0.03458085208961285,
      "degree_centrality": 0.18181818181818182,
      "cpd": {
        "values": [
          0.4818349693044282,
          0.6972759628410697,
          0.03412838933844818,
          0.16840388739428247
        ],
        "evidence": [
          1,
          4
        ],
        "evidence_card": [
          2,
          2
        ]
      }
    },
    "8": {
      "type": "leaf",
      "in_degree": 1,
      "out_degree": 0,
      "betweenness": 0.0,
      "closeness": 0.06887052341597796,
      "pagerank": 0.027109533377519347,
      "degree_centrality": 0.030303030303030304,
      "cpd": {
        "values": [
          0.7710940686725132,
          0.7064932393095876,
          0.2289059313274868,
          0.2935067606904124
        ],
        "evidence": [
          7
        ],
        "evidence_card": [
          2
        ]
      }
    },
    "9": {
      "type": "leaf",
      "in_degree": 1,
      "out_degree": 0,
      "betweenness": 0.0,
      "closeness": 0.06887052341597796,
      "pagerank": 0.027109533377519347,
      "degree_centrality": 0.030303030303030304,
      "cpd": {
        "values": [
          0.5189299543240282,
          0.31367807333158604,
          0.4810700456759718,
          0.6863219266684141
        ],
        "evidence": [
          7
        ],
        "evidence_card": [
          2
        ]
      }
    },
    "10": {
      "type": "leaf",
      "in_degree": 1,
      "out_degree": 0,
      "betweenness": 0.0,
      "closeness": 0.06887052341597796,
      "pagerank": 0.027109533377519347,
      "degree_centrality": 0.030303030303030304,
      "cpd": {
        "values": [
          0.34396013887987054,
          0.6506756388176055,
          0.6560398611201295,
          0.34932436118239457
        ],
        "evidence": [
          7
        ],
        "evidence_card": [
          2
        ]
      }
    },
    "11": {
      "type": "leaf",
      "in_degree": 1,
      "out_degree": 0,
      "betweenness": 0.0,
      "closeness": 0.06887052341597796,
      "pagerank": 0.027109533377519347,
      "degree_centrality": 0.030303030303030304,
      "cpd": {
        "values": [
          0.4384366310137488,
          0.5432983925541587,
          0.5615633689862513,
          0.45670160744584126
        ],
        "evidence": [
          7
        ],
        "evidence_card": [
          2
        ]
      }
    },
    "12": {
      "type": "leaf",
      "in_degree": 1,
      "out_degree": 0,
      "betweenness": 0.0,
      "closeness": 0.04848484848484849,
      "pagerank": 0.031404237948842034,
      "degree_centrality": 0.030303030303030304,
      "cpd": {
        "values": [
          0.64860076169141,
          0.39653193468046877,
          0.35139923830859,
          0.6034680653195312
        ],
        "evidence": [
          6
        ],
        "evidence_card": [
          2
        ]
      }
    },
    "13": {
      "type": "leaf",
      "in_degree": 2,
      "out_degree": 0,
      "betweenness": 0.0,
      "closeness": 0.08417508417508418,
      "pagerank": 0.038589309652699376,
      "degree_centrality": 0.06060606060606061,
      "cpd": {
        "values": [
          0.190637226693657,
          0.4023512123860421,
          0.12699597881817748,
          0.37076464670940035
        ],
        "evidence": [
          1,
          6
        ],
        "evidence_card": [
          2,
          2
        ]
      }
    },
    "14": {
      "type": "leaf",
      "in_degree": 1,
      "out_degree": 0,
      "betweenness": 0.0,
      "closeness": 0.04848484848484849,
      "pagerank": 0.025582642285415437,
      "degree_centrality": 0.030303030303030304,
      "cpd": {
        "values": [
          0.2529107825784064,
          0.24871960451087935,
          0.7470892174215936,
          0.7512803954891206
        ],
        "evidence": [
          5
        ],
        "evidence_card": [
          2
        ]
      }
    },
    "15": {
      "type": "leaf",
      "in_degree": 2,
      "out_degree": 0,
      "betweenness": 0.0,
      "closeness": 0.09090909090909091,
      "pagerank": 0.03130869260824043,
      "degree_centrality": 0.06060606060606061,