{
  "graph_index": 9882,
  "nodes": {
    "0": {
      "type": "root",
      "in_degree": 0,
      "out_degree": 2,
      "betweenness": 0.0,
      "closeness": 0.0,
      "pagerank": 0.01879270421141435,
      "degree_centrality": 0.05714285714285714,
      "cpd": {
        "values": [
          0.5,
          0.5,
          0.0,
          0.0
        ],
        "evidence": [],
        "evidence_card": []
      }
    },
    "1": {
      "type": "intermediate",
      "in_degree": 1,
      "out_degree": 3,
      "betweenness": 0.011764705882352941,
      "closeness": 0.02857142857142857,
      "pagerank": 0.026779289617257694,
      "degree_centrality": 0.11428571428571428,
      "cpd": {
        "values": [
          0.4734346967513519,
          0.6889236281616604,
          0.5265653032486481,
          0.3110763718383395
        ],
        "evidence": [
          0
        ],
        "evidence_card": [
          2
        ]
      }
    },
    "2": {
      "type": "intermediate",
      "in_degree": 1,
      "out_degree": 3,
      "betweenness": 0.01596638655462185,
      "closeness": 0.02857142857142857,
      "pagerank": 0.026779289617257694,
      "degree_centrality": 0.11428571428571428,
      "cpd": {
        "values": [
          0.48360267151559944,
          0.9572480307907563,
          0.5163973284844006,
          0.04275196920924376
        ],
        "evidence": [
          0
        ],
        "evidence_card": [
          2
        ]
      }
    },
    "3": {
      "type": "intermediate",
      "in_degree": 1,
      "out_degree": 2,
      "betweenness": 0.011764705882352941,
      "closeness": 0.03809523809523809,
      "pagerank": 0.02637988032813867,
      "degree_centrality": 0.08571428571428572,
      "cpd": {
        "values": [
          0.002756792384224367,
          0.23216293455130466,
          0.9972432076157757,
          0.7678370654486955
        ],
        "evidence": [
          2
        ],
        "evidence_card": [
          2
        ]
      }
    },
    "4": {
      "type": "intermediate",
      "in_degree": 1,
      "out_degree": 3,
      "betweenness": 0.014285714285714287,
      "closeness": 0.03809523809523809,
      "pagerank": 0.02637988032813867,
      "degree_centrality": 0.11428571428571428,
      "cpd": {
        "values": [
          0.6428991277074476,
          0.27070636903312156,
          0.3571008722925524,
          0.7292936309668785
        ],
        "evidence": [
          2
        ],
        "evidence_card": [
          2
        ]
      }
    },
    "5": {
      "type": "intermediate",
      "in_degree": 1,
      "out_degree": 2,
      "betweenness": 0.005042016806722689,
      "closeness": 0.03809523809523809,
      "pagerank": 0.02637988032813867,
      "degree_centrality": 0.08571428571428572,
      "cpd": {
        "values": [
          0.33727268540859223,
          0.4960913826125501,
          0.6627273145914078,
          0.5039086173874499
        ],
        "evidence": [
          2
        ],
        "evidence_card": [
          2
        ]
      }
    },
    "6": {
      "type": "intermediate",
      "in_degree": 2,
      "out_degree": 3,
      "betweenness": 0.009243697478991597,
      "closeness": 0.07619047619047618,
      "pagerank": 0.037591948845894584,
      "degree_centrality": 0.14285714285714285,
      "cpd": {
        "values": [
          0.7791925272411139,
          0.48976765055834454,
          0.43614573652776817,
          0.596165143978107
        ],
        "evidence": [
          1,
          5
        ],
        "evidence_card": [
          2,
          2
        ]
      }
    },
    "7": {
      "type": "leaf",
      "in_degree": 1,
      "out_degree": 0,
      "betweenness": 0.0,
      "closeness": 0.06493506493506493,
      "pagerank": 0.029444281899489153,
      "degree_centrality": 0.02857142857142857,
      "cpd": {
        "values": [
          0.7149880406462609,
          0.615372076176558,
          0.2850119593537392,
          0.3846279238234419
        ],
        "evidence": [
          6
        ],
        "evidence_card": [
          2
        ]
      }
    },
    "8": {
      "type": "leaf",
      "in_degree": 1,
      "out_degree": 0,
      "betweenness": 0.0,
      "closeness": 0.06493506493506493,
      "pagerank": 0.029444281899489153,
      "degree_centrality": 0.02857142857142857,
      "cpd": {
        "values": [
          0.5163045866444103,
          0.9660663282693704,
          0.4836954133555896,
          0.03393367173062952
        ],
        "evidence": [
          6
        ],
        "evidence_card": [
          2
        ]
      }
    },
    "9": {
      "type": "leaf",
      "in_degree": 2,
      "out_degree": 0,
      "betweenness": 0.0,
      "closeness": 0.08571428571428572,
      "pagerank": 0.03691899424465976,
      "degree_centrality": 0.05714285714285714,
      "cpd": {
        "values": [
          0.5699123181092642,
          0.6628082470933817,
          0.5589155465789752,
          0.05837892296913676
        ],
        "evidence": [
          26,
          6
        ],
        "evidence_card": [
          2,
          2
        ]
      }
    },
    "10": {
      "type": "intermediate",
      "in_degree": 1,
      "out_degree": 2,
      "betweenness": 0.004201680672268908,
      "closeness": 0.04285714285714286,
      "pagerank": 0.02626741655658496,
      "degree_centrality": 0.08571428571428572,
      "cpd": {
        "values": [
          0.7420289209006455,
          0.4649494997922434,
          0.25797107909935446,
          0.5350505002077566
        ],
        "evidence": [
          4
        ],
        "evidence_card": [
          2
        ]
      }
    },
    "11": {
      "type": "intermediate",
      "in_degree": 1,
      "out_degree": 4,
      "betweenness": 0.010084033613445379,
      "closeness": 0.04285714285714286,
      "pagerank": 0.02626741655658496,
      "degree_centrality": 0.14285714285714285,
      "cpd": {
        "values": [
          0.7924737534189139,
          0.1854319463687144,
          0.2075262465810861,
          0.8145680536312856
        ],
        "evidence": [
          4
        ],
        "evidence_card": [
          2
        ]
      }
    },
    "12": {
      "type": "leaf",
      "in_degree": 1,
      "out_degree": 0,
      "betweenness": 0.0,
      "closeness": 0.045714285714285714,
      "pagerank": 0.024374429585788122,
      "degree_centrality": 0.02857142857142857,
      "cpd": {
        "values": [
          0.8003871153128027,
          0.9679888240206288,
          0.1996128846871973,
          0.03201117597937119
        ],
        "evidence": [
          11
        ],
        "evidence_card": [
          2
        ]
      }
    },
    "13": {
      "type": "leaf",
      "in_degree": 1,
      "out_degree": 0,
      "betweenness": 0.0,
      "closeness": 0.045714285714285714,
      "pagerank": 0.024374429585788122,
      "degree_centrality": 0.02857142857142857,
      "cpd": {
        "values": [
          0.5388252326161459,
          0.7205717231927321,
          0.46117476738385416,
          0.27942827680726784
        ],
        "evidence": [
          11
        ],
        "evidence_card": [
          2
        ]
      }
    },
    "14": {
      "type": "leaf",
      "in_degree": 1,
      "out_degree": 0,
      "betweenness": 0.0,
      "closeness": 0.045714285714285714,
      "pagerank": 0.024374429585788122,
      "degree_centrality": 0.02857142857142857,
      "cpd": {
        "values": [
          0.2194072584216925,
          0.9542511665072083,
          0.7805927415783075,
          0.045748833492791574
        ],
        "evidence": [
          11
        ],
        "evidence_card": [
          2
        ]
      }
    },
    "15": {
      "type": "leaf",
      "in_degree": 1,
      "out_degree": 0,
      "betweenness": 0.0,
      "closeness": 0.045714285714285714,
      "pagerank": 0.024374429585788122,