{
  "graph_index": 1946,
  "nodes": {
    "0": {
      "type": "root",
      "in_degree": 0,
      "out_degree": 1,
      "betweenness": 0.0,
      "closeness": 0.0,
      "pagerank": 0.02597765078594119,
      "degree_centrality": 0.04,
      "cpd": {
        "values": [
          0.5,
          0.5,
          0.0,
          0.0
        ],
        "evidence": [],
        "evidence_card": []
      }
    },
    "1": {
      "type": "intermediate",
      "in_degree": 1,
      "out_degree": 2,
      "betweenness": 0.04,
      "closeness": 0.04,
      "pagerank": 0.04805781189860043,
      "degree_centrality": 0.12,
      "cpd": {
        "values": [
          0.279761908277966,
          0.18727977939050555,
          0.720238091722034,
          0.8127202206094943
        ],
        "evidence": [
          0
        ],
        "evidence_card": [
          2
        ]
      }
    },
    "2": {
      "type": "intermediate",
      "in_degree": 1,
      "out_degree": 4,
      "betweenness": 0.04,
      "closeness": 0.05333333333333333,
      "pagerank": 0.046401587069728384,
      "degree_centrality": 0.2,
      "cpd": {
        "values": [
          0.22508606901780986,
          0.5331149923943149,
          0.7749139309821901,
          0.4668850076056851
        ],
        "evidence": [
          1
        ],
        "evidence_card": [
          2
        ]
      }
    },
    "3": {
      "type": "intermediate",
      "in_degree": 1,
      "out_degree": 4,
      "betweenness": 0.03333333333333333,
      "closeness": 0.05333333333333333,
      "pagerank": 0.046401587069728384,
      "degree_centrality": 0.2,
      "cpd": {
        "values": [
          0.04110227858325038,
          0.08887127599712945,
          0.9588977214167497,
          0.9111287240028706
        ],
        "evidence": [
          1
        ],
        "evidence_card": [
          2
        ]
      }
    },
    "4": {
      "type": "intermediate",
      "in_degree": 1,
      "out_degree": 1,
      "betweenness": 0.0016666666666666668,
      "closeness": 0.06,
      "pagerank": 0.035838105370141295,
      "degree_centrality": 0.08,
      "cpd": {
        "values": [
          0.33872000991124734,
          0.9132939564720339,
          0.6612799900887527,
          0.08670604352796613
        ],
        "evidence": [
          3
        ],
        "evidence_card": [
          2
        ]
      }
    },
    "5": {
      "type": "intermediate",
      "in_degree": 1,
      "out_degree": 2,
      "betweenness": 0.01,
      "closeness": 0.06,
      "pagerank": 0.035838105370141295,
      "degree_centrality": 0.12,
      "cpd": {
        "values": [
          0.4974112403013091,
          0.786963961933496,
          0.5025887596986909,
          0.21303603806650398
        ],
        "evidence": [
          3
        ],
        "evidence_card": [
          2
        ]
      }
    },
    "6": {
      "type": "intermediate",
      "in_degree": 1,
      "out_degree": 4,
      "betweenness": 0.02,
      "closeness": 0.06,
      "pagerank": 0.035838105370141295,
      "degree_centrality": 0.2,
      "cpd": {
        "values": [
          0.29877928814921506,
          0.5107014388203933,
          0.7012207118507849,
          0.48929856117960674
        ],
        "evidence": [
          3
        ],
        "evidence_card": [
          2
        ]
      }
    },
    "7": {
      "type": "leaf",
      "in_degree": 1,
      "out_degree": 0,
      "betweenness": 0.0,
      "closeness": 0.064,
      "pagerank": 0.033593042836428465,
      "degree_centrality": 0.04,
      "cpd": {
        "values": [
          0.07175511005052754,
          0.446258094432735,
          0.9282448899494724,
          0.553741905567265
        ],
        "evidence": [
          6
        ],
        "evidence_card": [
          2
        ]
      }
    },
    "8": {
      "type": "leaf",
      "in_degree": 1,
      "out_degree": 0,
      "betweenness": 0.0,
      "closeness": 0.064,
      "pagerank": 0.033593042836428465,
      "degree_centrality": 0.04,
      "cpd": {
        "values": [
          0.5702417039170105,
          0.564691119301073,
          0.4297582960829896,
          0.43530888069892704
        ],
        "evidence": [
          6
        ],
        "evidence_card": [
          2
        ]
      }
    },
    "9": {
      "type": "leaf",
      "in_degree": 1,
      "out_degree": 0,
      "betweenness": 0.0,
      "closeness": 0.064,
      "pagerank": 0.033593042836428465,
      "degree_centrality": 0.04,
      "cpd": {
        "values": [
          0.3383905675023921,
          0.7486948365284852,
          0.6616094324976078,
          0.25130516347151477
        ],
        "evidence": [
          6
        ],
        "evidence_card": [
          2
        ]
      }
    },
    "10": {
      "type": "leaf",
      "in_degree": 1,
      "out_degree": 0,
      "betweenness": 0.0,
      "closeness": 0.064,
      "pagerank": 0.033593042836428465,
      "degree_centrality": 0.04,
      "cpd": {
        "values": [
          0.4315051670552481,
          0.34986054996222704,
          0.568494832944752,
          0.650139450037773
        ],
        "evidence": [
          6
        ],
        "evidence_card": [
          2
        ]
      }
    },
    "11": {
      "type": "leaf",
      "in_degree": 1,
      "out_degree": 0,
      "betweenness": 0.0,
      "closeness": 0.064,
      "pagerank": 0.041208434886915744,
      "degree_centrality": 0.04,
      "cpd": {
        "values": [
          0.42583967122326527,
          0.49622983535737014,
          0.5741603287767348,
          0.5037701646426298
        ],
        "evidence": [
          5
        ],
        "evidence_card": [
          2
        ]
      }
    },
    "12": {
      "type": "leaf",
      "in_degree": 1,
      "out_degree": 0,
      "betweenness": 0.0,
      "closeness": 0.064,
      "pagerank": 0.041208434886915744,
      "degree_centrality": 0.04,
      "cpd": {
        "values": [
          0.7678419477095234,
          0.5895565141810217,
          0.23215805229047662,
          0.4104434858189782
        ],
        "evidence": [
          5
        ],
        "evidence_card": [
          2
        ]
      }
    },
    "13": {
      "type": "leaf",
      "in_degree": 2,
      "out_degree": 0,
      "betweenness": 0.0,
      "closeness": 0.11111111111111112,
      "pagerank": 0.06629967357209039,
      "degree_centrality": 0.08,
      "cpd": {
        "values": [
          0.39224893637287045,
          0.2897943540894863,
          0.25598683342136774,
          0.17573946882402183
        ],
        "evidence": [
          2,
          4
        ],
        "evidence_card": [
          2,
          2
        ]
      }
    },
    "14": {
      "type": "intermediate",
      "in_degree": 1,
      "out_degree": 4,
      "betweenness": 0.02,
      "closeness": 0.06,
      "pagerank": 0.035838105370141295,
      "degree_centrality": 0.2,
      "cpd": {
        "values": [
          0.46211088553825064,
          0.6874935738292398,
          0.5378891144617494,
          0.3125064261707602
        ],
        "evidence": [
          2
        ],
        "evidence_card": [
          2
        ]
      }
    },
    "15": {
      "type": "intermediate",
      "in_degree": 1,
      "out_degree": 3,
      "betweenness": 0.011666666666666667,
      "closeness": 0.06,
      "pagerank": 0.035838105370141295,
      "degree_centrality": 0.16,
      "cpd": {
        "values": [
          0.11311887578092475,
          0.6610460181743388,
          0.8868811242190753,
          0.33895398182566117
        ],
        "evidence": [
          2
        ],
        "evidence_card": [
          2
        ]
      }
    },
    "16": {
      "type": "intermediate",
      "in_degree": 1,
      "out_degree": 2,
      "betweenness": 0.01,
      "closeness": 0.06,
      "pagerank": 0.035838105370141295,
      "degree_centrality": 0.12,