{
  "graph_index": 5646,
  "nodes": {
    "0": {
      "type": "root",
      "in_degree": 0,
      "out_degree": 1,
      "betweenness": 0.0,
      "closeness": 0.0,
      "pagerank": 0.06528370643235423,
      "degree_centrality": 0.14285714285714285,
      "cpd": {
        "values": [
          0.5,
          0.5,
          0.0,
          0.0
        ],
        "evidence": [],
        "evidence_card": []
      }
    },
    "1": {
      "type": "intermediate",
      "in_degree": 1,
      "out_degree": 1,
      "betweenness": 0.14285714285714285,
      "closeness": 0.14285714285714285,
      "pagerank": 0.12077429175541829,
      "degree_centrality": 0.2857142857142857,
      "cpd": {
        "values": [
          0.411451864168287,
          0.44987903189111617,
          0.588548135831713,
          0.5501209681088839
        ],
        "evidence": [
          0
        ],
        "evidence_card": [
          2
        ]
      }
    },
    "2": {
      "type": "intermediate",
      "in_degree": 1,
      "out_degree": 1,
      "betweenness": 0.23809523809523808,
      "closeness": 0.19047619047619047,
      "pagerank": 0.1679412113452476,
      "degree_centrality": 0.2857142857142857,
      "cpd": {
        "values": [
          0.8644828007542956,
          0.10054826800513776,
          0.13551719924570438,
          0.8994517319948623
        ],
        "evidence": [
          1
        ],
        "evidence_card": [
          2
        ]
      }
    },
    "3": {
      "type": "intermediate",
      "in_degree": 1,
      "out_degree": 4,
      "betweenness": 0.2857142857142857,
      "closeness": 0.21428571428571427,
      "pagerank": 0.20803441460289585,
      "degree_centrality": 0.7142857142857142,
      "cpd": {
        "values": [
          0.38537696797360116,
          0.3587605650362647,
          0.6146230320263988,
          0.6412394349637353
        ],
        "evidence": [
          2
        ],
        "evidence_card": [
          2
        ]
      }
    },
    "4": {
      "type": "leaf",
      "in_degree": 1,
      "out_degree": 0,
      "betweenness": 0.0,
      "closeness": 0.22857142857142856,
      "pagerank": 0.10949159396602103,
      "degree_centrality": 0.14285714285714285,
      "cpd": {
        "values": [
          0.06344340824077671,
          0.659908453313194,
          0.9365565917592232,
          0.3400915466868061
        ],
        "evidence": [
          3
        ],
        "evidence_card": [
          2
        ]
      }
    },
    "5": {
      "type": "leaf",
      "in_degree": 1,
      "out_degree": 0,
      "betweenness": 0.0,
      "closeness": 0.22857142857142856,
      "pagerank": 0.10949159396602103,
      "degree_centrality": 0.14285714285714285,
      "cpd": {
        "values": [
          0.5537241804339942,
          0.4752149573147901,
          0.44627581956600587,
          0.5247850426852099
        ],
        "evidence": [
          3
        ],
        "evidence_card": [
          2
        ]
      }
    },
    "6": {
      "type": "leaf",
      "in_degree": 1,
      "out_degree": 0,
      "betweenness": 0.0,
      "closeness": 0.22857142857142856,
      "pagerank": 0.10949159396602103,
      "degree_centrality": 0.14285714285714285,
      "cpd": {
        "values": [
          0.5062827926715018,
          0.6848237926560009,
          0.4937172073284982,
          0.3151762073439992
        ],
        "evidence": [
          3
        ],
        "evidence_card": [
          2
        ]
      }
    },
    "7": {
      "type": "leaf",
      "in_degree": 1,
      "out_degree": 0,
      "betweenness": 0.0,
      "closeness": 0.22857142857142856,
      "pagerank": 0.10949159396602103,
      "degree_centrality": 0.14285714285714285,
      "cpd": {
        "values": [
          0.9343345151553557,
          0.5071061731832005,
          0.0656654848446443,
          0.4928938268167995
        ],
        "evidence": [
          3
        ],
        "evidence_card": [
          2
        ]
      }
    }
  },
  "edges": [
    [
      0,
      1
    ],
    [
      1,
      2
    ],
    [
      2,
      3
    ],
    [
      3,
      4
    ],
    [
      3,
      5
    ],
    [
      3,
      6
    ],
    [
      3,
      7
    ]
  ]
}