{
  "graph_index": 2648,
  "nodes": {
    "0": {
      "type": "root",
      "in_degree": 0,
      "out_degree": 2,
      "betweenness": 0.0,
      "closeness": 0.0,
      "pagerank": 0.034084015450991524,
      "degree_centrality": 0.125,
      "cpd": {
        "values": [
          0.5,
          0.5,
          0.0,
          0.0
        ],
        "evidence": [],
        "evidence_card": []
      }
    },
    "1": {
      "type": "intermediate",
      "in_degree": 1,
      "out_degree": 2,
      "betweenness": 0.04583333333333333,
      "closeness": 0.0625,
      "pagerank": 0.04856937852955519,
      "degree_centrality": 0.1875,
      "cpd": {
        "values": [
          0.584080688996399,
          0.6997337308643801,
          0.415919311003601,
          0.3002662691356199
        ],
        "evidence": [
          0
        ],
        "evidence_card": [
          2
        ]
      }
    },
    "2": {
      "type": "intermediate",
      "in_degree": 1,
      "out_degree": 1,
      "betweenness": 0.0125,
      "closeness": 0.0625,
      "pagerank": 0.04856937852955519,
      "degree_centrality": 0.125,
      "cpd": {
        "values": [
          0.5001916727474017,
          0.48690084200449907,
          0.4998083272525983,
          0.513099157995501
        ],
        "evidence": [
          0
        ],
        "evidence_card": [
          2
        ]
      }
    },
    "3": {
      "type": "intermediate",
      "in_degree": 1,
      "out_degree": 2,
      "betweenness": 0.0375,
      "closeness": 0.08333333333333333,
      "pagerank": 0.07536718121778196,
      "degree_centrality": 0.1875,
      "cpd": {
        "values": [
          0.29563016552626187,
          0.3931781394356963,
          0.7043698344737381,
          0.6068218605643037
        ],
        "evidence": [
          2
        ],
        "evidence_card": [
          2
        ]
      }
    },
    "4": {
      "type": "intermediate",
      "in_degree": 1,
      "out_degree": 1,
      "betweenness": 0.0125,
      "closeness": 0.09375,
      "pagerank": 0.06611527780415943,
      "degree_centrality": 0.125,
      "cpd": {
        "values": [
          0.43426696912132784,
          0.8928529006217412,
          0.5657330308786721,
          0.10714709937825888
        ],
        "evidence": [
          3
        ],
        "evidence_card": [
          2
        ]
      }
    },
    "5": {
      "type": "intermediate",
      "in_degree": 2,
      "out_degree": 4,
      "betweenness": 0.06666666666666667,
      "closeness": 0.16666666666666666,
      "pagerank": 0.08675686068755464,
      "degree_centrality": 0.375,
      "cpd": {
        "values": [
          0.29938811161551565,
          0.5122898559422495,
          0.9026975253979254,
          0.6730781683301855
        ],
        "evidence": [
          1,
          3
        ],
        "evidence_card": [
          2,
          2
        ]
      }
    },
    "6": {
      "type": "leaf",
      "in_degree": 1,
      "out_degree": 0,
      "betweenness": 0.0,
      "closeness": 0.14204545454545453,
      "pagerank": 0.052520256154651015,
      "degree_centrality": 0.0625,
      "cpd": {
        "values": [
          0.0005023570671096999,
          0.7948066405699538,
          0.9994976429328903,
          0.2051933594300463
        ],
        "evidence": [
          5
        ],
        "evidence_card": [
          2
        ]
      }
    },
    "7": {
      "type": "leaf",
      "in_degree": 1,
      "out_degree": 0,
      "betweenness": 0.0,
      "closeness": 0.14204545454545453,
      "pagerank": 0.052520256154651015,
      "degree_centrality": 0.0625,
      "cpd": {
        "values": [
          0.9544709550887222,
          0.9588559410206243,
          0.04552904491127782,
          0.041144058979375696
        ],
        "evidence": [
          5
        ],
        "evidence_card": [
          2
        ]
      }
    },
    "8": {
      "type": "leaf",
      "in_degree": 1,
      "out_degree": 0,
      "betweenness": 0.0,
      "closeness": 0.14204545454545453,
      "pagerank": 0.052520256154651015,
      "degree_centrality": 0.0625,
      "cpd": {
        "values": [
          0.47877165316601783,
          0.16236487189513643,
          0.5212283468339822,
          0.8376351281048636
        ],
        "evidence": [
          5
        ],
        "evidence_card": [
          2
        ]
      }
    },
    "9": {
      "type": "leaf",
      "in_degree": 1,
      "out_degree": 0,
      "betweenness": 0.0,
      "closeness": 0.14204545454545453,
      "pagerank": 0.052520256154651015,
      "degree_centrality": 0.0625,
      "cpd": {
        "values": [
          0.7676407574685037,
          0.8142959585325531,
          0.23235924253149629,
          0.18570404146744693
        ],
        "evidence": [
          5
        ],
        "evidence_card": [
          2
        ]
      }
    },
    "10": {
      "type": "leaf",
      "in_degree": 1,
      "out_degree": 0,
      "betweenness": 0.0,
      "closeness": 0.1,
      "pagerank": 0.09028307899102524,
      "degree_centrality": 0.0625,
      "cpd": {
        "values": [
          0.5974652738698408,
          0.5881804952620591,
          0.40253472613015917,
          0.4118195047379409
        ],
        "evidence": [
          4
        ],
        "evidence_card": [
          2
        ]
      }
    },
    "11": {
      "type": "intermediate",
      "in_degree": 1,
      "out_degree": 1,
      "betweenness": 0.041666666666666664,
      "closeness": 0.08333333333333333,
      "pagerank": 0.054725598334386755,
      "degree_centrality": 0.125,
      "cpd": {
        "values": [
          0.5955342982387157,
          0.43596364372226276,
          0.4044657017612844,
          0.5640363562777372
        ],
        "evidence": [
          1
        ],
        "evidence_card": [
          2
        ]
      }
    },
    "12": {
      "type": "intermediate",
      "in_degree": 1,
      "out_degree": 4,
      "betweenness": 0.05,
      "closeness": 0.09375,
      "pagerank": 0.08060064088272308,
      "degree_centrality": 0.3125,
      "cpd": {
        "values": [
          0.142515283958942,
          0.27611713790074927,
          0.857484716041058,
          0.7238828620992507
        ],
        "evidence": [
          11
        ],
        "evidence_card": [
          2
        ]
      }
    },
    "13": {
      "type": "leaf",
      "in_degree": 1,
      "out_degree": 0,
      "betweenness": 0.0,
      "closeness": 0.1,
      "pagerank": 0.05121189123841574,
      "degree_centrality": 0.0625,
      "cpd": {
        "values": [
          0.4747322877183234,
          0.21210050848966158,
          0.5252677122816767,
          0.7878994915103384
        ],
        "evidence": [
          12
        ],
        "evidence_card": [
          2
        ]
      }
    },
    "14": {
      "type": "leaf",
      "in_degree": 1,
      "out_degree": 0,
      "betweenness": 0.0,
      "closeness": 0.1,
      "pagerank": 0.05121189123841574,
      "degree_centrality": 0.0625,
      "cpd": {
        "values": [
          0.019283338286212242,
          0.6416454535480827,
          0.9807166617137878,
          0.3583545464519174
        ],
        "evidence": [
          12
        ],
        "evidence_card": [
          2
        ]
      }
    },
    "15": {
      "type": "leaf",
      "in_degree": 1,
      "out_degree": 0,
      "betweenness": 0.0,
      "closeness": 0.1,
      "pagerank": 0.05121189123841574,
      "degree_centrality": 0.0625,
      "cpd": {
        "values": [
          0.37713487504763343,
          0.603988254405191,
          0.6228651249523666,
          0.39601174559480906
        ],
        "evidence": [
          12
        ],
        "evidence_card": [
          2
        ]
      }
    },
    "16": {
      "type": "leaf",
      "in_degree": 1,
      "out_degree": 0,
      "betweenness": 0.0,
      "closeness": 0.1,