{
  "graph_index": 7701,
  "nodes": {
    "0": {
      "type": "root",
      "in_degree": 0,
      "out_degree": 1,
      "betweenness": 0.0,
      "closeness": 0.0,
      "pagerank": 0.023082053057653526,
      "degree_centrality": 0.03571428571428571,
      "cpd": {
        "values": [
          0.5,
          0.5,
          0.0,
          0.0
        ],
        "evidence": [],
        "evidence_card": []
      }
    },
    "1": {
      "type": "intermediate",
      "in_degree": 1,
      "out_degree": 2,
      "betweenness": 0.03571428571428571,
      "closeness": 0.03571428571428571,
      "pagerank": 0.04270131840842903,
      "degree_centrality": 0.10714285714285714,
      "cpd": {
        "values": [
          0.5091801335791534,
          0.24998135036670616,
          0.4908198664208467,
          0.7500186496332938
        ],
        "evidence": [
          0
        ],
        "evidence_card": [
          2
        ]
      }
    },
    "2": {
      "type": "intermediate",
      "in_degree": 1,
      "out_degree": 5,
      "betweenness": 0.03439153439153439,
      "closeness": 0.047619047619047616,
      "pagerank": 0.04122950230265083,
      "degree_centrality": 0.21428571428571427,
      "cpd": {
        "values": [
          0.5228003394535865,
          0.9454457879990953,
          0.4771996605464135,
          0.0545542120009047
        ],
        "evidence": [
          1
        ],
        "evidence_card": [
          2
        ]
      }
    },
    "3": {
      "type": "intermediate",
      "in_degree": 1,
      "out_degree": 5,
      "betweenness": 0.031746031746031744,
      "closeness": 0.047619047619047616,
      "pagerank": 0.04122950230265083,
      "degree_centrality": 0.21428571428571427,
      "cpd": {
        "values": [
          0.3813415152968314,
          0.577465804507064,
          0.6186584847031685,
          0.4225341954929361
        ],
        "evidence": [
          1
        ],
        "evidence_card": [
          2
        ]
      }
    },
    "4": {
      "type": "intermediate",
      "in_degree": 1,
      "out_degree": 1,
      "betweenness": 0.003968253968253968,
      "closeness": 0.05357142857142857,
      "pagerank": 0.030091281691527288,
      "degree_centrality": 0.07142857142857142,
      "cpd": {
        "values": [
          0.5419204027615317,
          0.4592928419444238,
          0.45807959723846814,
          0.5407071580555761
        ],
        "evidence": [
          3
        ],
        "evidence_card": [
          2
        ]
      }
    },
    "5": {
      "type": "intermediate",
      "in_degree": 1,
      "out_degree": 4,
      "betweenness": 0.013227513227513227,
      "closeness": 0.05357142857142857,
      "pagerank": 0.030091281691527288,
      "degree_centrality": 0.17857142857142855,
      "cpd": {
        "values": [
          0.5640129999482508,
          0.42245817049446294,
          0.4359870000517492,
          0.5775418295055371
        ],
        "evidence": [
          3
        ],
        "evidence_card": [
          2
        ]
      }
    },
    "6": {
      "type": "intermediate",
      "in_degree": 1,
      "out_degree": 2,
      "betweenness": 0.007936507936507936,
      "closeness": 0.05357142857142857,
      "pagerank": 0.030091281691527288,
      "degree_centrality": 0.10714285714285714,
      "cpd": {
        "values": [
          0.34501964608258995,
          0.46099532704790913,
          0.65498035391741,
          0.5390046729520909
        ],
        "evidence": [
          3
        ],
        "evidence_card": [
          2
        ]
      }
    },
    "7": {
      "type": "intermediate",
      "in_degree": 1,
      "out_degree": 1,
      "betweenness": 0.003968253968253968,
      "closeness": 0.05357142857142857,
      "pagerank": 0.030091281691527288,
      "degree_centrality": 0.07142857142857142,
      "cpd": {
        "values": [
          0.1544212146746128,
          0.6853924184592461,
          0.8455787853253872,
          0.3146075815407538
        ],
        "evidence": [
          3
        ],
        "evidence_card": [
          2
        ]
      }
    },
    "8": {
      "type": "leaf",
      "in_degree": 1,
      "out_degree": 0,
      "betweenness": 0.0,
      "closeness": 0.05714285714285714,
      "pagerank": 0.04865880445122105,
      "degree_centrality": 0.03571428571428571,
      "cpd": {
        "values": [
          0.37550409119032224,
          0.4849614877149859,
          0.6244959088096776,
          0.5150385122850141
        ],
        "evidence": [
          7
        ],
        "evidence_card": [
          2
        ]
      }
    },
    "9": {
      "type": "leaf",
      "in_degree": 1,
      "out_degree": 0,
      "betweenness": 0.0,
      "closeness": 0.05714285714285714,
      "pagerank": 0.035870428754437286,
      "degree_centrality": 0.03571428571428571,
      "cpd": {
        "values": [
          0.829953494438834,
          0.11728156860822625,
          0.17004650556116582,
          0.8827184313917738
        ],
        "evidence": [
          6
        ],
        "evidence_card": [
          2
        ]
      }
    },
    "10": {
      "type": "leaf",
      "in_degree": 1,
      "out_degree": 0,
      "betweenness": 0.0,
      "closeness": 0.05714285714285714,
      "pagerank": 0.035870428754437286,
      "degree_centrality": 0.03571428571428571,
      "cpd": {
        "values": [
          0.34187923527190717,
          0.5817910521519101,
          0.6581207647280929,
          0.41820894784809
        ],
        "evidence": [
          6
        ],
        "evidence_card": [
          2
        ]
      }
    },
    "11": {
      "type": "leaf",
      "in_degree": 2,
      "out_degree": 0,
      "betweenness": 0.0,
      "closeness": 0.09920634920634921,
      "pagerank": 0.03648546953991917,
      "degree_centrality": 0.07142857142857142,
      "cpd": {
        "values": [
          0.7450900271416651,
          0.06177427117015116,
          0.5988789753314022,
          0.7659386842236113
        ],
        "evidence": [
          2,
          5
        ],
        "evidence_card": [
          2,
          2
        ]
      }
    },
    "12": {
      "type": "leaf",
      "in_degree": 1,
      "out_degree": 0,
      "betweenness": 0.0,
      "closeness": 0.05714285714285714,
      "pagerank": 0.029476240906045406,
      "degree_centrality": 0.03571428571428571,
      "cpd": {
        "values": [
          0.38594922155664124,
          0.5765466390680141,
          0.6140507784433586,
          0.4234533609319859
        ],
        "evidence": [
          5
        ],
        "evidence_card": [
          2
        ]
      }
    },
    "13": {
      "type": "leaf",
      "in_degree": 1,
      "out_degree": 0,
      "betweenness": 0.0,
      "closeness": 0.05714285714285714,
      "pagerank": 0.029476240906045406,
      "degree_centrality": 0.03571428571428571,
      "cpd": {
        "values": [
          0.0493599623587479,
          0.834224741134464,
          0.9506400376412522,
          0.16577525886553618
        ],
        "evidence": [
          5
        ],
        "evidence_card": [
          2
        ]
      }
    },
    "14": {
      "type": "leaf",
      "in_degree": 1,
      "out_degree": 0,
      "betweenness": 0.0,
      "closeness": 0.05714285714285714,
      "pagerank": 0.029476240906045406,
      "degree_centrality": 0.03571428571428571,
      "cpd": {
        "values": [
          0.9176842530900056,
          0.5482514448404824,
          0.0823157469099944,
          0.4517485551595176
        ],
        "evidence": [
          5
        ],
        "evidence_card": [
          2
        ]
      }
    },
    "15": {
      "type": "leaf",
      "in_degree": 1,
      "out_degree": 0,
      "betweenness": 0.0,
      "closeness": 0.05714285714285714,
      "pagerank": 0.04865880445122105,
      "degree_centrality": 0.03571428571428571,