{
  "graph_index": 8540,
  "nodes": {
    "0": {
      "type": "root",
      "in_degree": 0,
      "out_degree": 1,
      "betweenness": 0.0,
      "closeness": 0.0,
      "pagerank": 0.05217132638510396,
      "degree_centrality": 0.1,
      "cpd": {
        "values": [
          0.5,
          0.5,
          0.0,
          0.0
        ],
        "evidence": [],
        "evidence_card": []
      }
    },
    "1": {
      "type": "intermediate",
      "in_degree": 1,
      "out_degree": 1,
      "betweenness": 0.1,
      "closeness": 0.1,
      "pagerank": 0.09651577488743113,
      "degree_centrality": 0.2,
      "cpd": {
        "values": [
          0.3251838970218776,
          0.6762958331656265,
          0.6748161029781223,
          0.3237041668343736
        ],
        "evidence": [
          0
        ],
        "evidence_card": [
          2
        ]
      }
    },
    "2": {
      "type": "intermediate",
      "in_degree": 1,
      "out_degree": 2,
      "betweenness": 0.17777777777777778,
      "closeness": 0.13333333333333333,
      "pagerank": 0.1342076409892595,
      "degree_centrality": 0.30000000000000004,
      "cpd": {
        "values": [
          0.3116375077939677,
          0.37227011947102145,
          0.6883624922060323,
          0.6277298805289785
        ],
        "evidence": [
          1
        ],
        "evidence_card": [
          2
        ]
      }
    },
    "3": {
      "type": "intermediate",
      "in_degree": 1,
      "out_degree": 4,
      "betweenness": 0.13333333333333333,
      "closeness": 0.15,
      "pagerank": 0.10920942678773488,
      "degree_centrality": 0.5,
      "cpd": {
        "values": [
          0.4052491334812558,
          0.4209914578780826,
          0.5947508665187442,
          0.5790085421219174
        ],
        "evidence": [
          2
        ],
        "evidence_card": [
          2
        ]
      }
    },
    "4": {
      "type": "intermediate",
      "in_degree": 1,
      "out_degree": 2,
      "betweenness": 0.06666666666666667,
      "closeness": 0.15,
      "pagerank": 0.10920942678773488,
      "degree_centrality": 0.30000000000000004,
      "cpd": {
        "values": [
          0.5938927388536737,
          0.6951509768551674,
          0.4061072611463262,
          0.3048490231448327
        ],
        "evidence": [
          2
        ],
        "evidence_card": [
          2
        ]
      }
    },
    "5": {
      "type": "leaf",
      "in_degree": 1,
      "out_degree": 0,
      "betweenness": 0.0,
      "closeness": 0.16000000000000003,
      "pagerank": 0.09858593784813195,
      "degree_centrality": 0.1,
      "cpd": {
        "values": [
          0.8573368706879371,
          0.3401952606733222,
          0.14266312931206296,
          0.6598047393266778
        ],
        "evidence": [
          4
        ],
        "evidence_card": [
          2
        ]
      }
    },
    "6": {
      "type": "leaf",
      "in_degree": 1,
      "out_degree": 0,
      "betweenness": 0.0,
      "closeness": 0.16000000000000003,
      "pagerank": 0.09858593784813195,
      "degree_centrality": 0.1,
      "cpd": {
        "values": [
          0.8375121775439098,
          0.8887239170100604,
          0.16248782245609014,
          0.11127608298993967
        ],
        "evidence": [
          4
        ],
        "evidence_card": [
          2
        ]
      }
    },
    "7": {
      "type": "leaf",
      "in_degree": 1,
      "out_degree": 0,
      "betweenness": 0.0,
      "closeness": 0.16000000000000003,
      "pagerank": 0.07537863211661795,
      "degree_centrality": 0.1,
      "cpd": {
        "values": [
          0.12803244865936836,
          0.026461855673569644,
          0.8719675513406316,
          0.9735381443264304
        ],
        "evidence": [
          3
        ],
        "evidence_card": [
          2
        ]
      }
    },
    "8": {
      "type": "leaf",
      "in_degree": 1,
      "out_degree": 0,
      "betweenness": 0.0,
      "closeness": 0.16000000000000003,
      "pagerank": 0.07537863211661795,
      "degree_centrality": 0.1,
      "cpd": {
        "values": [
          0.5174833367838024,
          0.3225414809290705,
          0.4825166632161975,
          0.6774585190709296
        ],
        "evidence": [
          3
        ],
        "evidence_card": [
          2
        ]
      }
    },
    "9": {
      "type": "leaf",
      "in_degree": 1,
      "out_degree": 0,
      "betweenness": 0.0,
      "closeness": 0.16000000000000003,
      "pagerank": 0.07537863211661795,
      "degree_centrality": 0.1,
      "cpd": {
        "values": [
          0.21586170003328542,
          0.9535913692806708,
          0.7841382999667146,
          0.04640863071932919
        ],
        "evidence": [
          3
        ],
        "evidence_card": [
          2
        ]
      }
    },
    "10": {
      "type": "leaf",
      "in_degree": 1,
      "out_degree": 0,
      "betweenness": 0.0,
      "closeness": 0.16000000000000003,
      "pagerank": 0.07537863211661795,
      "degree_centrality": 0.1,
      "cpd": {
        "values": [
          0.5293419559805169,
          0.5011828555730466,
          0.4706580440194831,
          0.4988171444269533
        ],
        "evidence": [
          3
        ],
        "evidence_card": [
          2
        ]
      }
    }
  },
  "edges": [
    [
      0,
      1
    ],
    [
      1,
      2
    ],
    [
      2,
      3
    ],
    [
      2,
      4
    ],
    [
      3,
      7
    ],
    [
      3,
      8
    ],
    [
      3,
      9
    ],
    [
      3,
      10
    ],
    [
      4,
      5
    ],
    [
      4,
      6
    ]
  ]
}