{
  "graph_index": 2142,
  "nodes": {
    "0": {
      "type": "root",
      "in_degree": 0,
      "out_degree": 1,
      "betweenness": 0.0,
      "closeness": 0.0,
      "pagerank": 0.02943985884464594,
      "degree_centrality": 0.047619047619047616,
      "cpd": {
        "values": [
          0.5,
          0.5,
          0.0,
          0.0
        ],
        "evidence": [],
        "evidence_card": []
      }
    },
    "1": {
      "type": "intermediate",
      "in_degree": 1,
      "out_degree": 2,
      "betweenness": 0.04761904761904762,
      "closeness": 0.047619047619047616,
      "pagerank": 0.05446436309438158,
      "degree_centrality": 0.14285714285714285,
      "cpd": {
        "values": [
          0.26458790445749414,
          0.5578620790713231,
          0.7354120955425059,
          0.4421379209286769
        ],
        "evidence": [
          0
        ],
        "evidence_card": [
          2
        ]
      }
    },
    "2": {
      "type": "intermediate",
      "in_degree": 1,
      "out_degree": 4,
      "betweenness": 0.06190476190476191,
      "closeness": 0.06349206349206349,
      "pagerank": 0.05258644905323672,
      "degree_centrality": 0.23809523809523808,
      "cpd": {
        "values": [
          0.23256160303992235,
          0.44056378673696966,
          0.7674383969600777,
          0.5594362132630304
        ],
        "evidence": [
          1
        ],
        "evidence_card": [
          2
        ]
      }
    },
    "3": {
      "type": "intermediate",
      "in_degree": 1,
      "out_degree": 2,
      "betweenness": 0.02380952380952381,
      "closeness": 0.06349206349206349,
      "pagerank": 0.05258644905323672,
      "degree_centrality": 0.14285714285714285,
      "cpd": {
        "values": [
          0.4582348333800833,
          0.3348358626936887,
          0.5417651666199167,
          0.6651641373063113
        ],
        "evidence": [
          1
        ],
        "evidence_card": [
          2
        ]
      }
    },
    "4": {
      "type": "intermediate",
      "in_degree": 1,
      "out_degree": 2,
      "betweenness": 0.014285714285714287,
      "closeness": 0.07142857142857142,
      "pagerank": 0.051788820256112665,
      "degree_centrality": 0.14285714285714285,
      "cpd": {
        "values": [
          0.24768434707038053,
          0.28238569500067046,
          0.7523156529296193,
          0.7176143049993295
        ],
        "evidence": [
          3
        ],
        "evidence_card": [
          2
        ]
      }
    },
    "5": {
      "type": "intermediate",
      "in_degree": 1,
      "out_degree": 2,
      "betweenness": 0.009523809523809525,
      "closeness": 0.07142857142857142,
      "pagerank": 0.051788820256112665,
      "degree_centrality": 0.14285714285714285,
      "cpd": {
        "values": [
          0.3794174143840788,
          0.2120076475770403,
          0.6205825856159212,
          0.7879923524229597
        ],
        "evidence": [
          3
        ],
        "evidence_card": [
          2
        ]
      }
    },
    "6": {
      "type": "leaf",
      "in_degree": 2,
      "out_degree": 0,
      "betweenness": 0.0,
      "closeness": 0.13227513227513227,
      "pagerank": 0.06262474222615098,
      "degree_centrality": 0.09523809523809523,
      "cpd": {
        "values": [
          0.5464039557601538,
          0.6287638118815319,
          0.4008014850811552,
          0.5241280722875967
        ],
        "evidence": [
          2,
          5
        ],
        "evidence_card": [
          2,
          2
        ]
      }
    },
    "7": {
      "type": "leaf",
      "in_degree": 1,
      "out_degree": 0,
      "betweenness": 0.0,
      "closeness": 0.0761904761904762,
      "pagerank": 0.05145026152041762,
      "degree_centrality": 0.047619047619047616,
      "cpd": {
        "values": [
          0.3773676745813186,
          0.9575840803929693,
          0.6226323254186814,
          0.042415919607030735
        ],
        "evidence": [
          5
        ],
        "evidence_card": [
          2
        ]
      }
    },
    "8": {
      "type": "leaf",
      "in_degree": 1,
      "out_degree": 0,
      "betweenness": 0.0,
      "closeness": 0.0761904761904762,
      "pagerank": 0.05145026152041762,
      "degree_centrality": 0.047619047619047616,
      "cpd": {
        "values": [
          0.5790021812980628,
          0.3403602166172014,
          0.4209978187019373,
          0.6596397833827986
        ],
        "evidence": [
          4
        ],
        "evidence_card": [
          2
        ]
      }
    },
    "9": {
      "type": "leaf",
      "in_degree": 1,
      "out_degree": 0,
      "betweenness": 0.0,
      "closeness": 0.0761904761904762,
      "pagerank": 0.05145026152041762,
      "degree_centrality": 0.047619047619047616,
      "cpd": {
        "values": [
          0.5226357176655891,
          0.4976963832733372,
          0.4773642823344109,
          0.5023036167266629
        ],
        "evidence": [
          4
        ],
        "evidence_card": [
          2
        ]
      }
    },
    "10": {
      "type": "intermediate",
      "in_degree": 1,
      "out_degree": 4,
      "betweenness": 0.028571428571428574,
      "closeness": 0.07142857142857142,
      "pagerank": 0.040614339550379304,
      "degree_centrality": 0.23809523809523808,
      "cpd": {
        "values": [
          0.35235216479108666,
          0.24767897057481836,
          0.6476478352089133,
          0.7523210294251818
        ],
        "evidence": [
          2
        ],
        "evidence_card": [
          2
        ]
      }
    },
    "11": {
      "type": "intermediate",
      "in_degree": 1,
      "out_degree": 3,
      "betweenness": 0.02142857142857143,
      "closeness": 0.07142857142857142,
      "pagerank": 0.040614339550379304,
      "degree_centrality": 0.19047619047619047,
      "cpd": {
        "values": [
          0.26875732909465,
          0.4837542561375689,
          0.73124267090535,
          0.516245743862431
        ],
        "evidence": [
          2
        ],
        "evidence_card": [
          2
        ]
      }
    },
    "12": {
      "type": "intermediate",
      "in_degree": 1,
      "out_degree": 2,
      "betweenness": 0.014285714285714287,
      "closeness": 0.07142857142857142,
      "pagerank": 0.040614339550379304,
      "degree_centrality": 0.14285714285714285,
      "cpd": {
        "values": [
          0.49709221493058453,
          0.5019189134065958,
          0.5029077850694156,
          0.4980810865934043
        ],
        "evidence": [
          2
        ],
        "evidence_card": [
          2
        ]
      }
    },
    "13": {
      "type": "leaf",
      "in_degree": 1,
      "out_degree": 0,
      "betweenness": 0.0,
      "closeness": 0.0761904761904762,
      "pagerank": 0.04670118624496569,
      "degree_centrality": 0.047619047619047616,
      "cpd": {
        "values": [
          0.7618183937620224,
          0.016252062567677764,
          0.23818160623797757,
          0.9837479374323223
        ],
        "evidence": [
          12
        ],
        "evidence_card": [
          2
        ]
      }
    },
    "14": {
      "type": "leaf",
      "in_degree": 1,
      "out_degree": 0,
      "betweenness": 0.0,
      "closeness": 0.0761904761904762,
      "pagerank": 0.04670118624496569,
      "degree_centrality": 0.047619047619047616,
      "cpd": {
        "values": [
          0.5553011804378278,
          0.8469099113715598,
          0.4446988195621721,
          0.15309008862844006
        ],
        "evidence": [
          12
        ],
        "evidence_card": [
          2
        ]
      }
    },
    "15": {
      "type": "leaf",
      "in_degree": 1,
      "out_degree": 0,
      "betweenness": 0.0,
      "closeness": 0.0761904761904762,
      "pagerank": 0.040947410444859104,
      "degree_centrality": 0.047619047619047616,