{
  "graph_index": 2077,
  "nodes": {
    "0": {
      "type": "root",
      "in_degree": 0,
      "out_degree": 1,
      "betweenness": 0.0,
      "closeness": 0.0,
      "pagerank": 0.019616188466640157,
      "degree_centrality": 0.030303030303030304,
      "cpd": {
        "values": [
          0.5,
          0.5,
          0.0,
          0.0
        ],
        "evidence": [],
        "evidence_card": []
      }
    },
    "1": {
      "type": "intermediate",
      "in_degree": 1,
      "out_degree": 4,
      "betweenness": 0.030303030303030304,
      "closeness": 0.030303030303030304,
      "pagerank": 0.036289483837827846,
      "degree_centrality": 0.15151515151515152,
      "cpd": {
        "values": [
          0.1347545710711384,
          0.546974039574676,
          0.8652454289288616,
          0.45302596042532395
        ],
        "evidence": [
          0
        ],
        "evidence_card": [
          2
        ]
      }
    },
    "2": {
      "type": "intermediate",
      "in_degree": 1,
      "out_degree": 1,
      "betweenness": 0.00946969696969697,
      "closeness": 0.0404040404040404,
      "pagerank": 0.027327676090097234,
      "degree_centrality": 0.06060606060606061,
      "cpd": {
        "values": [
          0.5646879785770931,
          0.26162763554653706,
          0.435312021422907,
          0.738372364453463
        ],
        "evidence": [
          1
        ],
        "evidence_card": [
          2
        ]
      }
    },
    "3": {
      "type": "intermediate",
      "in_degree": 1,
      "out_degree": 4,
      "betweenness": 0.01893939393939394,
      "closeness": 0.0404040404040404,
      "pagerank": 0.027327676090097234,
      "degree_centrality": 0.15151515151515152,
      "cpd": {
        "values": [
          0.5148998811581169,
          0.4315085173928394,
          0.48510011884188303,
          0.5684914826071606
        ],
        "evidence": [
          1
        ],
        "evidence_card": [
          2
        ]
      }
    },
    "4": {
      "type": "intermediate",
      "in_degree": 1,
      "out_degree": 2,
      "betweenness": 0.007575757575757576,
      "closeness": 0.0404040404040404,
      "pagerank": 0.027327676090097234,
      "degree_centrality": 0.09090909090909091,
      "cpd": {
        "values": [
          0.1936365866255574,
          0.917716043580831,
          0.8063634133744426,
          0.08228395641916897
        ],
        "evidence": [
          1
        ],
        "evidence_card": [
          2
        ]
      }
    },
    "5": {
      "type": "intermediate",
      "in_degree": 1,
      "out_degree": 4,
      "betweenness": 0.017045454545454544,
      "closeness": 0.0404040404040404,
      "pagerank": 0.027327676090097234,
      "degree_centrality": 0.15151515151515152,
      "cpd": {
        "values": [
          0.5305145300883658,
          0.4087246131558706,
          0.4694854699116342,
          0.5912753868441294
        ],
        "evidence": [
          1
        ],
        "evidence_card": [
          2
        ]
      }
    },
    "6": {
      "type": "intermediate",
      "in_degree": 1,
      "out_degree": 1,
      "betweenness": 0.002840909090909091,
      "closeness": 0.045454545454545456,
      "pagerank": 0.025423224691243,
      "degree_centrality": 0.06060606060606061,
      "cpd": {
        "values": [
          0.6895183185950419,
          0.43538637595542606,
          0.3104816814049582,
          0.5646136240445739
        ],
        "evidence": [
          5
        ],
        "evidence_card": [
          2
        ]
      }
    },
    "7": {
      "type": "intermediate",
      "in_degree": 1,
      "out_degree": 4,
      "betweenness": 0.00946969696969697,
      "closeness": 0.045454545454545456,
      "pagerank": 0.025423224691243,
      "degree_centrality": 0.15151515151515152,
      "cpd": {
        "values": [
          0.2590396631534071,
          0.5021345258470622,
          0.7409603368465928,
          0.4978654741529378
        ],
        "evidence": [
          5
        ],
        "evidence_card": [
          2
        ]
      }
    },
    "8": {
      "type": "intermediate",
      "in_degree": 1,
      "out_degree": 1,
      "betweenness": 0.002840909090909091,
      "closeness": 0.045454545454545456,
      "pagerank": 0.025423224691243,
      "degree_centrality": 0.06060606060606061,
      "cpd": {
        "values": [
          0.28822626988730654,
          0.5700150081158603,
          0.7117737301126934,
          0.4299849918841397
        ],
        "evidence": [
          5
        ],
        "evidence_card": [
          2
        ]
      }
    },
    "9": {
      "type": "leaf",
      "in_degree": 1,
      "out_degree": 0,
      "betweenness": 0.0,
      "closeness": 0.04848484848484849,
      "pagerank": 0.04122543414666717,
      "degree_centrality": 0.030303030303030304,
      "cpd": {
        "values": [
          0.2579979115892722,
          0.040680617727141447,
          0.7420020884107278,
          0.9593193822728585
        ],
        "evidence": [
          8
        ],
        "evidence_card": [
          2
        ]
      }
    },
    "10": {
      "type": "leaf",
      "in_degree": 1,
      "out_degree": 0,
      "betweenness": 0.0,
      "closeness": 0.04848484848484849,
      "pagerank": 0.025018499886646912,
      "degree_centrality": 0.030303030303030304,
      "cpd": {
        "values": [
          0.5833690968600017,
          0.4927402300082576,
          0.41663090313999823,
          0.5072597699917424
        ],
        "evidence": [
          7
        ],
        "evidence_card": [
          2
        ]
      }
    },
    "11": {
      "type": "leaf",
      "in_degree": 1,
      "out_degree": 0,
      "betweenness": 0.0,
      "closeness": 0.04848484848484849,
      "pagerank": 0.025018499886646912,
      "degree_centrality": 0.030303030303030304,
      "cpd": {
        "values": [
          0.5227376819783732,
          0.4310117388186929,
          0.47726231802162666,
          0.5689882611813071
        ],
        "evidence": [
          7
        ],
        "evidence_card": [
          2
        ]
      }
    },
    "12": {
      "type": "leaf",
      "in_degree": 1,
      "out_degree": 0,
      "betweenness": 0.0,
      "closeness": 0.04848484848484849,
      "pagerank": 0.025018499886646912,
      "degree_centrality": 0.030303030303030304,
      "cpd": {
        "values": [
          0.7228786480855786,
          0.7404496673649765,
          0.2771213519144215,
          0.25955033263502353
        ],
        "evidence": [
          7
        ],
        "evidence_card": [
          2
        ]
      }
    },
    "13": {
      "type": "leaf",
      "in_degree": 2,
      "out_degree": 0,
      "betweenness": 0.0,
      "closeness": 0.08417508417508418,
      "pagerank": 0.0366325723358526,
      "degree_centrality": 0.06060606060606061,
      "cpd": {
        "values": [
          0.3026017238220407,
          0.4361321053411336,
          0.15639340556730916,
          0.3891492101059692
        ],
        "evidence": [
          4,
          7
        ],
        "evidence_card": [
          2,
          2
        ]
      }
    },
    "14": {
      "type": "leaf",
      "in_degree": 1,
      "out_degree": 0,
      "betweenness": 0.0,
      "closeness": 0.04848484848484849,
      "pagerank": 0.04122543414666717,
      "degree_centrality": 0.030303030303030304,
      "cpd": {
        "values": [
          0.7099929921068312,
          0.6187445064332823,
          0.29000700789316874,
          0.3812554935667178
        ],
        "evidence": [
          6
        ],
        "evidence_card": [
          2
        ]
      }
    },
    "15": {
      "type": "intermediate",
      "in_degree": 1,
      "out_degree": 3,
      "betweenness": 0.006628787878787879,
      "closeness": 0.045454545454545456,
      "pagerank": 0.031230260915845843,
      "degree_centrality": 0.12121212121212122,