{
  "graph_index": 1371,
  "nodes": {
    "0": {
      "type": "root",
      "in_degree": 0,
      "out_degree": 1,
      "betweenness": 0.0,
      "closeness": 0.0,
      "pagerank": 0.06528370643235423,
      "degree_centrality": 0.14285714285714285,
      "cpd": {
        "values": [
          0.5,
          0.5,
          0.0,
          0.0
        ],
        "evidence": [],
        "evidence_card": []
      }
    },
    "1": {
      "type": "intermediate",
      "in_degree": 1,
      "out_degree": 1,
      "betweenness": 0.14285714285714285,
      "closeness": 0.14285714285714285,
      "pagerank": 0.12077429175541829,
      "degree_centrality": 0.2857142857142857,
      "cpd": {
        "values": [
          0.44482676978870317,
          0.4252023969843624,
          0.5551732302112969,
          0.5747976030156376
        ],
        "evidence": [
          0
        ],
        "evidence_card": [
          2
        ]
      }
    },
    "2": {
      "type": "intermediate",
      "in_degree": 1,
      "out_degree": 1,
      "betweenness": 0.23809523809523808,
      "closeness": 0.19047619047619047,
      "pagerank": 0.1679412113452476,
      "degree_centrality": 0.2857142857142857,
      "cpd": {
        "values": [
          0.6672795592583443,
          0.08601074218883673,
          0.33272044074165574,
          0.9139892578111632
        ],
        "evidence": [
          1
        ],
        "evidence_card": [
          2
        ]
      }
    },
    "3": {
      "type": "intermediate",
      "in_degree": 1,
      "out_degree": 4,
      "betweenness": 0.2857142857142857,
      "closeness": 0.21428571428571427,
      "pagerank": 0.20803441460289585,
      "degree_centrality": 0.7142857142857142,
      "cpd": {
        "values": [
          0.7354261726237419,
          0.11888934690134798,
          0.2645738273762582,
          0.881110653098652
        ],
        "evidence": [
          2
        ],
        "evidence_card": [
          2
        ]
      }
    },
    "4": {
      "type": "leaf",
      "in_degree": 1,
      "out_degree": 0,
      "betweenness": 0.0,
      "closeness": 0.22857142857142856,
      "pagerank": 0.10949159396602103,
      "degree_centrality": 0.14285714285714285,
      "cpd": {
        "values": [
          0.6781833574216067,
          0.458402099938054,
          0.32181664257839326,
          0.5415979000619461
        ],
        "evidence": [
          3
        ],
        "evidence_card": [
          2
        ]
      }
    },
    "5": {
      "type": "leaf",
      "in_degree": 1,
      "out_degree": 0,
      "betweenness": 0.0,
      "closeness": 0.22857142857142856,
      "pagerank": 0.10949159396602103,
      "degree_centrality": 0.14285714285714285,
      "cpd": {
        "values": [
          0.16148473492537244,
          0.5188416749207938,
          0.8385152650746275,
          0.4811583250792063
        ],
        "evidence": [
          3
        ],
        "evidence_card": [
          2
        ]
      }
    },
    "6": {
      "type": "leaf",
      "in_degree": 1,
      "out_degree": 0,
      "betweenness": 0.0,
      "closeness": 0.22857142857142856,
      "pagerank": 0.10949159396602103,
      "degree_centrality": 0.14285714285714285,
      "cpd": {
        "values": [
          0.5896092290421366,
          0.1740703563320226,
          0.41039077095786336,
          0.8259296436679773
        ],
        "evidence": [
          3
        ],
        "evidence_card": [
          2
        ]
      }
    },
    "7": {
      "type": "leaf",
      "in_degree": 1,
      "out_degree": 0,
      "betweenness": 0.0,
      "closeness": 0.22857142857142856,
      "pagerank": 0.10949159396602103,
      "degree_centrality": 0.14285714285714285,
      "cpd": {
        "values": [
          0.3617725875752169,
          0.9537187270908009,
          0.6382274124247831,
          0.046281272909199055
        ],
        "evidence": [
          3
        ],
        "evidence_card": [
          2
        ]
      }
    }
  },
  "edges": [
    [
      0,
      1
    ],
    [
      1,
      2
    ],
    [
      2,
      3
    ],
    [
      3,
      4
    ],
    [
      3,
      5
    ],
    [
      3,
      6
    ],
    [
      3,
      7
    ]
  ]
}