{
  "graph_index": 858,
  "nodes": {
    "0": {
      "type": "root",
      "in_degree": 0,
      "out_degree": 1,
      "betweenness": 0.0,
      "closeness": 0.0,
      "pagerank": 0.039971472858778286,
      "degree_centrality": 0.06666666666666667,
      "cpd": {
        "values": [
          0.5,
          0.5,
          0.0,
          0.0
        ],
        "evidence": [],
        "evidence_card": []
      }
    },
    "1": {
      "type": "intermediate",
      "in_degree": 1,
      "out_degree": 1,
      "betweenness": 0.06666666666666668,
      "closeness": 0.06666666666666667,
      "pagerank": 0.07394802213370863,
      "degree_centrality": 0.13333333333333333,
      "cpd": {
        "values": [
          0.7257393458971847,
          0.45771812854146643,
          0.2742606541028153,
          0.5422818714585336
        ],
        "evidence": [
          0
        ],
        "evidence_card": [
          2
        ]
      }
    },
    "2": {
      "type": "intermediate",
      "in_degree": 1,
      "out_degree": 3,
      "betweenness": 0.12380952380952381,
      "closeness": 0.08888888888888888,
      "pagerank": 0.1028285899339039,
      "degree_centrality": 0.26666666666666666,
      "cpd": {
        "values": [
          0.49741152062136096,
          0.3365344096959937,
          0.5025884793786389,
          0.6634655903040063
        ],
        "evidence": [
          1
        ],
        "evidence_card": [
          2
        ]
      }
    },
    "3": {
      "type": "intermediate",
      "in_degree": 1,
      "out_degree": 3,
      "betweenness": 0.04285714285714286,
      "closeness": 0.1,
      "pagerank": 0.06910662436705492,
      "degree_centrality": 0.26666666666666666,
      "cpd": {
        "values": [
          0.5826431221872498,
          0.48958600755528936,
          0.41735687781275016,
          0.5104139924447106
        ],
        "evidence": [
          2
        ],
        "evidence_card": [
          2
        ]
      }
    },
    "4": {
      "type": "intermediate",
      "in_degree": 1,
      "out_degree": 3,
      "betweenness": 0.04285714285714286,
      "closeness": 0.1,
      "pagerank": 0.06910662436705492,
      "degree_centrality": 0.26666666666666666,
      "cpd": {
        "values": [
          0.43798491490928537,
          0.0807828710264729,
          0.5620150850907147,
          0.9192171289735271
        ],
        "evidence": [
          2
        ],
        "evidence_card": [
          2
        ]
      }
    },
    "5": {
      "type": "intermediate",
      "in_degree": 1,
      "out_degree": 4,
      "betweenness": 0.05714285714285715,
      "closeness": 0.1,
      "pagerank": 0.06910662436705492,
      "degree_centrality": 0.3333333333333333,
      "cpd": {
        "values": [
          0.5195578540215285,
          0.6938281943956225,
          0.48044214597847146,
          0.30617180560437746
        ],
        "evidence": [
          2
        ],
        "evidence_card": [
          2
        ]
      }
    },
    "6": {
      "type": "leaf",
      "in_degree": 1,
      "out_degree": 0,
      "betweenness": 0.0,
      "closeness": 0.10666666666666667,
      "pagerank": 0.054656248974166745,
      "degree_centrality": 0.06666666666666667,
      "cpd": {
        "values": [
          0.5033386126108921,
          0.9112592044575744,
          0.4966613873891079,
          0.08874079554242562
        ],
        "evidence": [
          5
        ],
        "evidence_card": [
          2
        ]
      }
    },
    "7": {
      "type": "leaf",
      "in_degree": 1,
      "out_degree": 0,
      "betweenness": 0.0,
      "closeness": 0.10666666666666667,
      "pagerank": 0.054656248974166745,
      "degree_centrality": 0.06666666666666667,
      "cpd": {
        "values": [
          0.5241739981753272,
          0.9422348239623106,
          0.47582600182467283,
          0.05776517603768939
        ],
        "evidence": [
          5
        ],
        "evidence_card": [
          2
        ]
      }
    },
    "8": {
      "type": "leaf",
      "in_degree": 1,
      "out_degree": 0,
      "betweenness": 0.0,
      "closeness": 0.10666666666666667,
      "pagerank": 0.054656248974166745,
      "degree_centrality": 0.06666666666666667,
      "cpd": {
        "values": [
          0.44782170798174725,
          0.6642139341243172,
          0.5521782920182527,
          0.3357860658756828
        ],
        "evidence": [
          5
        ],
        "evidence_card": [
          2
        ]
      }
    },
    "9": {
      "type": "leaf",
      "in_degree": 1,
      "out_degree": 0,
      "betweenness": 0.0,
      "closeness": 0.10666666666666667,
      "pagerank": 0.054656248974166745,
      "degree_centrality": 0.06666666666666667,
      "cpd": {
        "values": [
          0.8655952641915039,
          0.4637541527642279,
          0.13440473580849616,
          0.5362458472357721
        ],
        "evidence": [
          5
        ],
        "evidence_card": [
          2
        ]
      }
    },
    "10": {
      "type": "leaf",
      "in_degree": 1,
      "out_degree": 0,
      "betweenness": 0.0,
      "closeness": 0.10666666666666667,
      "pagerank": 0.059551174345962896,
      "degree_centrality": 0.06666666666666667,
      "cpd": {
        "values": [
          0.6313059431850634,
          0.491977565433259,
          0.3686940568149367,
          0.508022434566741
        ],
        "evidence": [
          4
        ],
        "evidence_card": [
          2
        ]
      }
    },
    "11": {
      "type": "leaf",
      "in_degree": 1,
      "out_degree": 0,
      "betweenness": 0.0,
      "closeness": 0.10666666666666667,
      "pagerank": 0.059551174345962896,
      "degree_centrality": 0.06666666666666667,
      "cpd": {
        "values": [
          0.9937058839502857,
          0.6338142603677012,
          0.0062941160497143435,
          0.3661857396322988
        ],
        "evidence": [
          4
        ],
        "evidence_card": [
          2
        ]
      }
    },
    "12": {
      "type": "leaf",
      "in_degree": 1,
      "out_degree": 0,
      "betweenness": 0.0,
      "closeness": 0.10666666666666667,
      "pagerank": 0.059551174345962896,
      "degree_centrality": 0.06666666666666667,
      "cpd": {
        "values": [
          0.029157512032681944,
          0.7729337193512792,
          0.9708424879673182,
          0.2270662806487208
        ],
        "evidence": [
          4
        ],
        "evidence_card": [
          2
        ]
      }
    },
    "13": {
      "type": "leaf",
      "in_degree": 1,
      "out_degree": 0,
      "betweenness": 0.0,
      "closeness": 0.10666666666666667,
      "pagerank": 0.059551174345962896,
      "degree_centrality": 0.06666666666666667,
      "cpd": {
        "values": [
          0.9879849384924088,
          0.5841601222713841,
          0.012015061507591277,
          0.4158398777286159
        ],
        "evidence": [
          3
        ],
        "evidence_card": [
          2
        ]
      }
    },
    "14": {
      "type": "leaf",
      "in_degree": 1,
      "out_degree": 0,
      "betweenness": 0.0,
      "closeness": 0.10666666666666667,
      "pagerank": 0.059551174345962896,
      "degree_centrality": 0.06666666666666667,
      "cpd": {
        "values": [
          0.598619953391016,
          0.5454559235287744,
          0.401380046608984,
          0.4545440764712257
        ],
        "evidence": [
          3
        ],
        "evidence_card": [
          2
        ]
      }
    },
    "15": {
      "type": "leaf",
      "in_degree": 1,
      "out_degree": 0,
      "betweenness": 0.0,
      "closeness": 0.10666666666666667,
      "pagerank": 0.059551174345962896,
      "degree_centrality": 0.06666666666666667,
      "cpd": {
        "values": [
          0.6203480559203213,
          0.36509711326530975,
          0.3796519440796788,
          0.6349028867346903
        ],