{
  "graph_index": 2940,
  "nodes": {
    "0": {
      "type": "root",
      "in_degree": 0,
      "out_degree": 2,
      "betweenness": 0.0,
      "closeness": 0.0,
      "pagerank": 0.025972236053527588,
      "degree_centrality": 0.08695652173913043,
      "cpd": {
        "values": [
          0.5,
          0.5,
          0.0,
          0.0
        ],
        "evidence": [],
        "evidence_card": []
      }
    },
    "1": {
      "type": "intermediate",
      "in_degree": 1,
      "out_degree": 2,
      "betweenness": 0.015810276679841896,
      "closeness": 0.043478260869565216,
      "pagerank": 0.037010620502870836,
      "degree_centrality": 0.13043478260869565,
      "cpd": {
        "values": [
          0.4422723224659392,
          0.3305705333726753,
          0.5577276775340608,
          0.6694294666273248
        ],
        "evidence": [
          0
        ],
        "evidence_card": [
          2
        ]
      }
    },
    "2": {
      "type": "intermediate",
      "in_degree": 1,
      "out_degree": 1,
      "betweenness": 0.02569169960474308,
      "closeness": 0.043478260869565216,
      "pagerank": 0.037010620502870836,
      "degree_centrality": 0.08695652173913043,
      "cpd": {
        "values": [
          0.5505946837573649,
          0.5620481907416992,
          0.44940531624263513,
          0.4379518092583008
        ],
        "evidence": [
          0
        ],
        "evidence_card": [
          2
        ]
      }
    },
    "3": {
      "type": "intermediate",
      "in_degree": 1,
      "out_degree": 4,
      "betweenness": 0.0533596837944664,
      "closeness": 0.05797101449275362,
      "pagerank": 0.05743170495862996,
      "degree_centrality": 0.21739130434782608,
      "cpd": {
        "values": [
          0.04926086848730581,
          0.685545761538249,
          0.9507391315126942,
          0.314454238461751
        ],
        "evidence": [
          2
        ],
        "evidence_card": [
          2
        ]
      }
    },
    "4": {
      "type": "intermediate",
      "in_degree": 1,
      "out_degree": 4,
      "betweenness": 0.023715415019762844,
      "closeness": 0.06521739130434782,
      "pagerank": 0.038176319294310944,
      "degree_centrality": 0.21739130434782608,
      "cpd": {
        "values": [
          0.8224784268758007,
          0.6447857408069069,
          0.1775215731241992,
          0.3552142591930932
        ],
        "evidence": [
          3
        ],
        "evidence_card": [
          2
        ]
      }
    },
    "5": {
      "type": "intermediate",
      "in_degree": 2,
      "out_degree": 1,
      "betweenness": 0.007905138339920948,
      "closeness": 0.11594202898550723,
      "pagerank": 0.05390605374686213,
      "degree_centrality": 0.13043478260869565,
      "cpd": {
        "values": [
          0.19143515453977417,
          0.6083030465462128,
          0.7282423030261859,
          0.8086147012083064
        ],
        "evidence": [
          1,
          3
        ],
        "evidence_card": [
          2,
          2
        ]
      }
    },
    "6": {
      "type": "intermediate",
      "in_degree": 1,
      "out_degree": 2,
      "betweenness": 0.009881422924901184,
      "closeness": 0.06521739130434782,
      "pagerank": 0.038176319294310944,
      "degree_centrality": 0.13043478260869565,
      "cpd": {
        "values": [
          0.3154937615660014,
          0.23947525194782168,
          0.6845062384339986,
          0.7605247480521784
        ],
        "evidence": [
          3
        ],
        "evidence_card": [
          2
        ]
      }
    },
    "7": {
      "type": "intermediate",
      "in_degree": 1,
      "out_degree": 4,
      "betweenness": 0.023715415019762844,
      "closeness": 0.06521739130434782,
      "pagerank": 0.038176319294310944,
      "degree_centrality": 0.21739130434782608,
      "cpd": {
        "values": [
          0.3657086918381781,
          0.7730444808824591,
          0.6342913081618219,
          0.22695551911754083
        ],
        "evidence": [
          3
        ],
        "evidence_card": [
          2
        ]
      }
    },
    "8": {
      "type": "leaf",
      "in_degree": 1,
      "out_degree": 0,
      "betweenness": 0.0,
      "closeness": 0.06956521739130435,
      "pagerank": 0.03408465712275155,
      "degree_centrality": 0.043478260869565216,
      "cpd": {
        "values": [
          0.7912921446527174,
          0.7765388077776776,
          0.2087078553472825,
          0.22346119222232239
        ],
        "evidence": [
          7
        ],
        "evidence_card": [
          2
        ]
      }
    },
    "9": {
      "type": "leaf",
      "in_degree": 1,
      "out_degree": 0,
      "betweenness": 0.0,
      "closeness": 0.06956521739130435,
      "pagerank": 0.03408465712275155,
      "degree_centrality": 0.043478260869565216,
      "cpd": {
        "values": [
          0.6027823732959231,
          0.4202748337625884,
          0.3972176267040769,
          0.5797251662374115
        ],
        "evidence": [
          7
        ],
        "evidence_card": [
          2
        ]
      }
    },
    "10": {
      "type": "leaf",
      "in_degree": 1,
      "out_degree": 0,
      "betweenness": 0.0,
      "closeness": 0.06956521739130435,
      "pagerank": 0.03408465712275155,
      "degree_centrality": 0.043478260869565216,
      "cpd": {
        "values": [
          0.2907950915420445,
          0.9453568009543535,
          0.7092049084579556,
          0.05464319904564654
        ],
        "evidence": [
          7
        ],
        "evidence_card": [
          2
        ]
      }
    },
    "11": {
      "type": "leaf",
      "in_degree": 1,
      "out_degree": 0,
      "betweenness": 0.0,
      "closeness": 0.06956521739130435,
      "pagerank": 0.03408465712275155,
      "degree_centrality": 0.043478260869565216,
      "cpd": {
        "values": [
          0.8513877168690309,
          0.45566275576206877,
          0.148612283130969,
          0.5443372442379313
        ],
        "evidence": [
          7
        ],
        "evidence_card": [
          2
        ]
      }
    },
    "12": {
      "type": "leaf",
      "in_degree": 2,
      "out_degree": 0,
      "betweenness": 0.0,
      "closeness": 0.13043478260869565,
      "pagerank": 0.054012595168945486,
      "degree_centrality": 0.08695652173913043,
      "cpd": {
        "values": [
          0.03530446585894888,
          0.6129098365010991,
          0.6905128587920752,
          0.6278690404100459
        ],
        "evidence": [
          19,
          6
        ],
        "evidence_card": [
          2,
          2
        ]
      }
    },
    "13": {
      "type": "leaf",
      "in_degree": 1,
      "out_degree": 0,
      "betweenness": 0.0,
      "closeness": 0.06956521739130435,
      "pagerank": 0.042197078191975504,
      "degree_centrality": 0.043478260869565216,
      "cpd": {
        "values": [
          0.07165289285841014,
          0.09133957356809431,
          0.9283471071415899,
          0.9086604264319057
        ],
        "evidence": [
          6
        ],
        "evidence_card": [
          2
        ]
      }
    },
    "14": {
      "type": "leaf",
      "in_degree": 1,
      "out_degree": 0,
      "betweenness": 0.0,
      "closeness": 0.09881422924901186,
      "pagerank": 0.07179170236264688,
      "degree_centrality": 0.043478260869565216,
      "cpd": {
        "values": [
          0.4594072876255635,
          0.40512267070284425,
          0.5405927123744365,
          0.5948773292971558
        ],
        "evidence": [
          5
        ],
        "evidence_card": [
          2
        ]
      }
    },
    "15": {
      "type": "leaf",
      "in_degree": 1,
      "out_degree": 0,
      "betweenness": 0.0,
      "closeness": 0.06956521739130435,
      "pagerank": 0.03408465712275155,
      "degree_centrality": 0.043478260869565216,