{
  "graph_index": 1525,
  "nodes": {
    "0": {
      "type": "root",
      "in_degree": 0,
      "out_degree": 2,
      "betweenness": 0.0,
      "closeness": 0.0,
      "pagerank": 0.019996473175717802,
      "degree_centrality": 0.0625,
      "cpd": {
        "values": [
          0.5,
          0.5,
          0.0,
          0.0
        ],
        "evidence": [],
        "evidence_card": []
      }
    },
    "1": {
      "type": "intermediate",
      "in_degree": 1,
      "out_degree": 2,
      "betweenness": 0.015120967741935484,
      "closeness": 0.03125,
      "pagerank": 0.028494867551897254,
      "degree_centrality": 0.09375,
      "cpd": {
        "values": [
          0.5658586341475923,
          0.29822049403094386,
          0.43414136585240765,
          0.7017795059690561
        ],
        "evidence": [
          0
        ],
        "evidence_card": [
          2
        ]
      }
    },
    "2": {
      "type": "intermediate",
      "in_degree": 1,
      "out_degree": 4,
      "betweenness": 0.015120967741935484,
      "closeness": 0.03125,
      "pagerank": 0.028494867551897254,
      "degree_centrality": 0.15625,
      "cpd": {
        "values": [
          0.5689741917499649,
          0.7284114413136181,
          0.43102580825003506,
          0.2715885586863818
        ],
        "evidence": [
          0
        ],
        "evidence_card": [
          2
        ]
      }
    },
    "3": {
      "type": "intermediate",
      "in_degree": 1,
      "out_degree": 2,
      "betweenness": 0.010080645161290322,
      "closeness": 0.041666666666666664,
      "pagerank": 0.026051559903366633,
      "degree_centrality": 0.09375,
      "cpd": {
        "values": [
          0.5668634635864562,
          0.00017733342076643464,
          0.4331365364135439,
          0.9998226665792336
        ],
        "evidence": [
          2
        ],
        "evidence_card": [
          2
        ]
      }
    },
    "4": {
      "type": "intermediate",
      "in_degree": 1,
      "out_degree": 2,
      "betweenness": 0.005544354838709678,
      "closeness": 0.041666666666666664,
      "pagerank": 0.026051559903366633,
      "degree_centrality": 0.09375,
      "cpd": {
        "values": [
          0.4857013251312998,
          0.19232838198729144,
          0.5142986748687002,
          0.8076716180127086
        ],
        "evidence": [
          2
        ],
        "evidence_card": [
          2
        ]
      }
    },
    "5": {
      "type": "intermediate",
      "in_degree": 1,
      "out_degree": 1,
      "betweenness": 0.0030241935483870967,
      "closeness": 0.046875,
      "pagerank": 0.031068160331197508,
      "degree_centrality": 0.0625,
      "cpd": {
        "values": [
          0.1852331515092529,
          0.6704734308273661,
          0.8147668484907472,
          0.32952656917263395
        ],
        "evidence": [
          4
        ],
        "evidence_card": [
          2
        ]
      }
    },
    "6": {
      "type": "leaf",
      "in_degree": 1,
      "out_degree": 0,
      "betweenness": 0.0,
      "closeness": 0.05,
      "pagerank": 0.04640476743546122,
      "degree_centrality": 0.03125,
      "cpd": {
        "values": [
          0.5567357912850674,
          0.7019783515267014,
          0.4432642087149326,
          0.2980216484732987
        ],
        "evidence": [
          5
        ],
        "evidence_card": [
          2
        ]
      }
    },
    "7": {
      "type": "intermediate",
      "in_degree": 1,
      "out_degree": 3,
      "betweenness": 0.00907258064516129,
      "closeness": 0.046875,
      "pagerank": 0.031068160331197508,
      "degree_centrality": 0.125,
      "cpd": {
        "values": [
          0.789551178660185,
          0.6882638555490733,
          0.21044882133981505,
          0.3117361444509267
        ],
        "evidence": [
          3
        ],
        "evidence_card": [
          2
        ]
      }
    },
    "8": {
      "type": "leaf",
      "in_degree": 1,
      "out_degree": 0,
      "betweenness": 0.0,
      "closeness": 0.05,
      "pagerank": 0.028799237928965608,
      "degree_centrality": 0.03125,
      "cpd": {
        "values": [
          0.7229202027058854,
          0.1123601748000187,
          0.27707979729411464,
          0.8876398251999813
        ],
        "evidence": [
          7
        ],
        "evidence_card": [
          2
        ]
      }
    },
    "9": {
      "type": "leaf",
      "in_degree": 1,
      "out_degree": 0,
      "betweenness": 0.0,
      "closeness": 0.05,
      "pagerank": 0.028799237928965608,
      "degree_centrality": 0.03125,
      "cpd": {
        "values": [
          0.19537036221849882,
          0.6492626278931417,
          0.8046296377815012,
          0.35073737210685824
        ],
        "evidence": [
          7
        ],
        "evidence_card": [
          2
        ]
      }
    },
    "10": {
      "type": "leaf",
      "in_degree": 1,
      "out_degree": 0,
      "betweenness": 0.0,
      "closeness": 0.05,
      "pagerank": 0.028799237928965608,
      "degree_centrality": 0.03125,
      "cpd": {
        "values": [
          0.9370747037031336,
          0.616840212691305,
          0.06292529629686638,
          0.38315978730869504
        ],
        "evidence": [
          7
        ],
        "evidence_card": [
          2
        ]
      }
    },
    "11": {
      "type": "intermediate",
      "in_degree": 1,
      "out_degree": 3,
      "betweenness": 0.012600806451612902,
      "closeness": 0.041666666666666664,
      "pagerank": 0.032106646631015465,
      "degree_centrality": 0.125,
      "cpd": {
        "values": [
          0.7753522846017911,
          0.37754324512561316,
          0.22464771539820896,
          0.6224567548743869
        ],
        "evidence": [
          1
        ],
        "evidence_card": [
          2
        ]
      }
    },
    "12": {
      "type": "intermediate",
      "in_degree": 1,
      "out_degree": 4,
      "betweenness": 0.02066532258064516,
      "closeness": 0.041666666666666664,
      "pagerank": 0.032106646631015465,
      "degree_centrality": 0.15625,
      "cpd": {
        "values": [
          0.5620895287221308,
          0.08598491946783601,
          0.43791047127786925,
          0.914015080532164
        ],
        "evidence": [
          1
        ],
        "evidence_card": [
          2
        ]
      }
    },
    "13": {
      "type": "intermediate",
      "in_degree": 1,
      "out_degree": 4,
      "betweenness": 0.012096774193548387,
      "closeness": 0.046875,
      "pagerank": 0.026818963143107784,
      "degree_centrality": 0.15625,
      "cpd": {
        "values": [
          0.020228583688516516,
          0.9704823706891396,
          0.9797714163114835,
          0.029517629310860483
        ],
        "evidence": [
          12
        ],
        "evidence_card": [
          2
        ]
      }
    },
    "14": {
      "type": "intermediate",
      "in_degree": 2,
      "out_degree": 4,
      "betweenness": 0.014616935483870967,
      "closeness": 0.08333333333333333,
      "pagerank": 0.032874049870756615,
      "degree_centrality": 0.1875,
      "cpd": {
        "values": [
          0.4241510845285558,
          0.2838865815692245,
          0.6183002679322684,
          0.9805088217296813
        ],
        "evidence": [
          2,
          12
        ],
        "evidence_card": [
          2,
          2
        ]
      }
    },
    "15": {
      "type": "intermediate",
      "in_degree": 1,
      "out_degree": 2,
      "betweenness": 0.005040322580645161,
      "closeness": 0.046875,
      "pagerank": 0.026818963143107784,
      "degree_centrality": 0.09375,
      "cpd": {
        "values": [
          0.5373531596798097,
          0.6391577713155555,
          0.4626468403201903,
          0.36084222868444454
        ],
        "evidence": [
          12
        ],