{
  "graph_index": 6815,
  "nodes": {
    "0": {
      "type": "root",
      "in_degree": 0,
      "out_degree": 2,
      "betweenness": 0.0,
      "closeness": 0.0,
      "pagerank": 0.024890823317908334,
      "degree_centrality": 0.08333333333333333,
      "cpd": {
        "values": [
          0.5,
          0.5,
          0.0,
          0.0
        ],
        "evidence": [],
        "evidence_card": []
      }
    },
    "1": {
      "type": "intermediate",
      "in_degree": 1,
      "out_degree": 2,
      "betweenness": 0.02717391304347826,
      "closeness": 0.041666666666666664,
      "pagerank": 0.03546945969294204,
      "degree_centrality": 0.125,
      "cpd": {
        "values": [
          0.27199502947555926,
          0.5322330544938036,
          0.7280049705244407,
          0.4677669455061964
        ],
        "evidence": [
          0
        ],
        "evidence_card": [
          2
        ]
      }
    },
    "2": {
      "type": "intermediate",
      "in_degree": 1,
      "out_degree": 3,
      "betweenness": 0.012681159420289856,
      "closeness": 0.041666666666666664,
      "pagerank": 0.03546945969294204,
      "degree_centrality": 0.16666666666666666,
      "cpd": {
        "values": [
          0.6674201601264041,
          0.3283605345535028,
          0.33257983987359585,
          0.6716394654464971
        ],
        "evidence": [
          0
        ],
        "evidence_card": [
          2
        ]
      }
    },
    "3": {
      "type": "intermediate",
      "in_degree": 1,
      "out_degree": 2,
      "betweenness": 0.012681159420289856,
      "closeness": 0.05555555555555555,
      "pagerank": 0.03494045324473339,
      "degree_centrality": 0.125,
      "cpd": {
        "values": [
          0.3599536017437131,
          0.5936343132158506,
          0.640046398256287,
          0.4063656867841494
        ],
        "evidence": [
          2
        ],
        "evidence_card": [
          2
        ]
      }
    },
    "4": {
      "type": "intermediate",
      "in_degree": 1,
      "out_degree": 2,
      "betweenness": 0.010869565217391304,
      "closeness": 0.0625,
      "pagerank": 0.039740438125913026,
      "degree_centrality": 0.125,
      "cpd": {
        "values": [
          0.8199472033741413,
          0.9715942162214573,
          0.18005279662585874,
          0.028405783778542696
        ],
        "evidence": [
          3
        ],
        "evidence_card": [
          2
        ]
      }
    },
    "5": {
      "type": "leaf",
      "in_degree": 1,
      "out_degree": 0,
      "betweenness": 0.0,
      "closeness": 0.06666666666666667,
      "pagerank": 0.041780216130075695,
      "degree_centrality": 0.041666666666666664,
      "cpd": {
        "values": [
          0.8604801508743322,
          0.9975292148221121,
          0.13951984912566778,
          0.002470785177887939
        ],
        "evidence": [
          4
        ],
        "evidence_card": [
          2
        ]
      }
    },
    "6": {
      "type": "leaf",
      "in_degree": 1,
      "out_degree": 0,
      "betweenness": 0.0,
      "closeness": 0.06666666666666667,
      "pagerank": 0.041780216130075695,
      "degree_centrality": 0.041666666666666664,
      "cpd": {
        "values": [
          0.32736755824758756,
          0.10330365320829232,
          0.6726324417524125,
          0.8966963467917077
        ],
        "evidence": [
          4
        ],
        "evidence_card": [
          2
        ]
      }
    },
    "7": {
      "type": "intermediate",
      "in_degree": 1,
      "out_degree": 4,
      "betweenness": 0.02717391304347826,
      "closeness": 0.05555555555555555,
      "pagerank": 0.039965268208145915,
      "degree_centrality": 0.20833333333333331,
      "cpd": {
        "values": [
          0.25168677367761233,
          0.356106673392999,
          0.7483132263223876,
          0.643893326607001
        ],
        "evidence": [
          1
        ],
        "evidence_card": [
          2
        ]
      }
    },
    "8": {
      "type": "intermediate",
      "in_degree": 1,
      "out_degree": 2,
      "betweenness": 0.025362318840579712,
      "closeness": 0.05555555555555555,
      "pagerank": 0.039965268208145915,
      "degree_centrality": 0.125,
      "cpd": {
        "values": [
          0.4626651853821635,
          0.7535985456680241,
          0.5373348146178365,
          0.24640145433197577
        ],
        "evidence": [
          1
        ],
        "evidence_card": [
          2
        ]
      }
    },
    "9": {
      "type": "intermediate",
      "in_degree": 1,
      "out_degree": 4,
      "betweenness": 0.018115942028985508,
      "closeness": 0.0625,
      "pagerank": 0.041875927342398526,
      "degree_centrality": 0.20833333333333331,
      "cpd": {
        "values": [
          0.4356783409518238,
          0.5570637894461176,
          0.5643216590481763,
          0.4429362105538825
        ],
        "evidence": [
          8
        ],
        "evidence_card": [
          2
        ]
      }
    },
    "10": {
      "type": "intermediate",
      "in_degree": 1,
      "out_degree": 2,
      "betweenness": 0.010869565217391304,
      "closeness": 0.0625,
      "pagerank": 0.041875927342398526,
      "degree_centrality": 0.125,
      "cpd": {
        "values": [
          0.6102950051777101,
          0.5988370448430032,
          0.38970499482228993,
          0.40116295515699685
        ],
        "evidence": [
          8
        ],
        "evidence_card": [
          2
        ]
      }
    },
    "11": {
      "type": "leaf",
      "in_degree": 1,
      "out_degree": 0,
      "betweenness": 0.0,
      "closeness": 0.06666666666666667,
      "pagerank": 0.042687690091040585,
      "degree_centrality": 0.041666666666666664,
      "cpd": {
        "values": [
          0.35474952721177416,
          0.3998872205985031,
          0.6452504727882259,
          0.6001127794014968
        ],
        "evidence": [
          10
        ],
        "evidence_card": [
          2
        ]
      }
    },
    "12": {
      "type": "leaf",
      "in_degree": 1,
      "out_degree": 0,
      "betweenness": 0.0,
      "closeness": 0.06666666666666667,
      "pagerank": 0.042687690091040585,
      "degree_centrality": 0.041666666666666664,
      "cpd": {
        "values": [
          0.5856517788422386,
          0.8776875153733851,
          0.4143482211577613,
          0.12231248462661491
        ],
        "evidence": [
          10
        ],
        "evidence_card": [
          2
        ]
      }
    },
    "13": {
      "type": "leaf",
      "in_degree": 2,
      "out_degree": 0,
      "betweenness": 0.0,
      "closeness": 0.11574074074074076,
      "pagerank": 0.042281808716719556,
      "degree_centrality": 0.08333333333333333,
      "cpd": {
        "values": [
          0.3770295169085778,
          0.6125247377084162,
          0.5324623603855383,
          0.7992313822801261
        ],
        "evidence": [
          7,
          9
        ],
        "evidence_card": [
          2,
          2
        ]
      }
    },
    "14": {
      "type": "leaf",
      "in_degree": 1,
      "out_degree": 0,
      "betweenness": 0.0,
      "closeness": 0.06666666666666667,
      "pagerank": 0.03378925670447446,
      "degree_centrality": 0.041666666666666664,
      "cpd": {
        "values": [
          0.2160858193218197,
          0.3786406664238319,
          0.7839141806781802,
          0.6213593335761681
        ],
        "evidence": [
          9
        ],
        "evidence_card": [
          2
        ]
      }
    },
    "15": {
      "type": "leaf",
      "in_degree": 1,
      "out_degree": 0,
      "betweenness": 0.0,
      "closeness": 0.06666666666666667,
      "pagerank": 0.03378925670447446,
      "degree_centrality": 0.041666666666666664,