{
  "graph_index": 9428,
  "nodes": {
    "0": {
      "type": "root",
      "in_degree": 0,
      "out_degree": 2,
      "betweenness": 0.0,
      "closeness": 0.0,
      "pagerank": 0.021122285273790738,
      "degree_centrality": 0.06451612903225806,
      "cpd": {
        "values": [
          0.5,
          0.5,
          0.0,
          0.0
        ],
        "evidence": [],
        "evidence_card": []
      }
    },
    "1": {
      "type": "intermediate",
      "in_degree": 1,
      "out_degree": 4,
      "betweenness": 0.012903225806451613,
      "closeness": 0.03225806451612903,
      "pagerank": 0.030099131064503487,
      "degree_centrality": 0.16129032258064516,
      "cpd": {
        "values": [
          0.8962839998165801,
          0.5085413177502216,
          0.10371600018341984,
          0.4914586822497783
        ],
        "evidence": [
          0
        ],
        "evidence_card": [
          2
        ]
      }
    },
    "2": {
      "type": "intermediate",
      "in_degree": 1,
      "out_degree": 3,
      "betweenness": 0.01827956989247312,
      "closeness": 0.03225806451612903,
      "pagerank": 0.030099131064503487,
      "degree_centrality": 0.12903225806451613,
      "cpd": {
        "values": [
          0.359134157826688,
          0.49228132472156383,
          0.6408658421733121,
          0.5077186752784362
        ],
        "evidence": [
          0
        ],
        "evidence_card": [
          2
        ]
      }
    },
    "3": {
      "type": "intermediate",
      "in_degree": 1,
      "out_degree": 4,
      "betweenness": 0.02903225806451613,
      "closeness": 0.04301075268817204,
      "pagerank": 0.0296500580602396,
      "degree_centrality": 0.16129032258064516,
      "cpd": {
        "values": [
          0.2966799896459545,
          0.08661787955253537,
          0.7033200103540455,
          0.9133821204474646
        ],
        "evidence": [
          2
        ],
        "evidence_card": [
          2
        ]
      }
    },
    "4": {
      "type": "intermediate",
      "in_degree": 1,
      "out_degree": 2,
      "betweenness": 0.0064516129032258064,
      "closeness": 0.04838709677419355,
      "pagerank": 0.027423139237975794,
      "degree_centrality": 0.0967741935483871,
      "cpd": {
        "values": [
          0.3213874440296075,
          0.3220183098427036,
          0.6786125559703925,
          0.6779816901572964
        ],
        "evidence": [
          3
        ],
        "evidence_card": [
          2
        ]
      }
    },
    "5": {
      "type": "intermediate",
      "in_degree": 1,
      "out_degree": 4,
      "betweenness": 0.011827956989247311,
      "closeness": 0.04838709677419355,
      "pagerank": 0.027423139237975794,
      "degree_centrality": 0.16129032258064516,
      "cpd": {
        "values": [
          0.9486294861705038,
          0.4950263832895568,
          0.05137051382949619,
          0.5049736167104433
        ],
        "evidence": [
          3
        ],
        "evidence_card": [
          2
        ]
      }
    },
    "6": {
      "type": "intermediate",
      "in_degree": 2,
      "out_degree": 2,
      "betweenness": 0.008602150537634409,
      "closeness": 0.08602150537634408,
      "pagerank": 0.03381896882781245,
      "degree_centrality": 0.12903225806451613,
      "cpd": {
        "values": [
          0.05106537103058551,
          0.10101593947577976,
          0.6146537194559469,
          0.7418589311423276
        ],
        "evidence": [
          1,
          3
        ],
        "evidence_card": [
          2,
          2
        ]
      }
    },
    "7": {
      "type": "intermediate",
      "in_degree": 1,
      "out_degree": 4,
      "betweenness": 0.011827956989247311,
      "closeness": 0.04838709677419355,
      "pagerank": 0.027423139237975794,
      "degree_centrality": 0.16129032258064516,
      "cpd": {
        "values": [
          0.5659477182186927,
          0.28948156782695883,
          0.43405228178130717,
          0.7105184321730412
        ],
        "evidence": [
          3
        ],
        "evidence_card": [
          2
        ]
      }
    },
    "8": {
      "type": "leaf",
      "in_degree": 2,
      "out_degree": 0,
      "betweenness": 0.0,
      "closeness": 0.08960573476702509,
      "pagerank": 0.03334546053677647,
      "degree_centrality": 0.06451612903225806,
      "cpd": {
        "values": [
          0.5499573477923994,
          0.17080586105724146,
          0.8601632750804393,
          0.7334060067378707
        ],
        "evidence": [
          1,
          7
        ],
        "evidence_card": [
          2,
          2
        ]
      }
    },
    "9": {
      "type": "leaf",
      "in_degree": 1,
      "out_degree": 0,
      "betweenness": 0.0,
      "closeness": 0.05161290322580645,
      "pagerank": 0.02694963094693982,
      "degree_centrality": 0.03225806451612903,
      "cpd": {
        "values": [
          0.3907281154862833,
          0.6056428940373917,
          0.6092718845137167,
          0.39435710596260826
        ],
        "evidence": [
          7
        ],
        "evidence_card": [
          2
        ]
      }
    },
    "10": {
      "type": "leaf",
      "in_degree": 1,
      "out_degree": 0,
      "betweenness": 0.0,
      "closeness": 0.05161290322580645,
      "pagerank": 0.02694963094693982,
      "degree_centrality": 0.03225806451612903,
      "cpd": {
        "values": [
          0.6346057883430216,
          0.3412517844463306,
          0.36539421165697844,
          0.6587482155536692
        ],
        "evidence": [
          7
        ],
        "evidence_card": [
          2
        ]
      }
    },
    "11": {
      "type": "leaf",
      "in_degree": 1,
      "out_degree": 0,
      "betweenness": 0.0,
      "closeness": 0.05161290322580645,
      "pagerank": 0.02694963094693982,
      "degree_centrality": 0.03225806451612903,
      "cpd": {
        "values": [
          0.22134640438831168,
          0.7339378548260892,
          0.7786535956116883,
          0.2660621451739109
        ],
        "evidence": [
          7
        ],
        "evidence_card": [
          2
        ]
      }
    },
    "12": {
      "type": "leaf",
      "in_degree": 1,
      "out_degree": 0,
      "betweenness": 0.0,
      "closeness": 0.07331378299120234,
      "pagerank": 0.035495623223331926,
      "degree_centrality": 0.03225806451612903,
      "cpd": {
        "values": [
          0.5900095433077515,
          0.49194263408687394,
          0.4099904566922485,
          0.5080573659131261
        ],
        "evidence": [
          6
        ],
        "evidence_card": [
          2
        ]
      }
    },
    "13": {
      "type": "leaf",
      "in_degree": 1,
      "out_degree": 0,
      "betweenness": 0.0,
      "closeness": 0.07331378299120234,
      "pagerank": 0.035495623223331926,
      "degree_centrality": 0.03225806451612903,
      "cpd": {
        "values": [
          0.8856087277889204,
          0.6332014686551748,
          0.11439127221107957,
          0.3667985313448251
        ],
        "evidence": [
          6
        ],
        "evidence_card": [
          2
        ]
      }
    },
    "14": {
      "type": "leaf",
      "in_degree": 1,
      "out_degree": 0,
      "betweenness": 0.0,
      "closeness": 0.05161290322580645,
      "pagerank": 0.02694963094693982,
      "degree_centrality": 0.03225806451612903,
      "cpd": {
        "values": [
          0.6085132697472266,
          0.2370417406177005,
          0.3914867302527733,
          0.7629582593822996
        ],
        "evidence": [
          5
        ],
        "evidence_card": [
          2
        ]
      }
    },
    "15": {
      "type": "leaf",
      "in_degree": 2,
      "out_degree": 0,
      "betweenness": 0.0,
      "closeness": 0.0967741935483871,
      "pagerank": 0.03474662587624368,
      "degree_centrality": 0.06451612903225806,