{
  "graph_index": 3478,
  "nodes": {
    "0": {
      "type": "root",
      "in_degree": 0,
      "out_degree": 3,
      "betweenness": 0.0,
      "closeness": 0.0,
      "pagerank": 0.018120387264648454,
      "degree_centrality": 0.08823529411764705,
      "cpd": {
        "values": [
          0.5,
          0.5,
          0.0,
          0.0
        ],
        "evidence": [],
        "evidence_card": []
      }
    },
    "1": {
      "type": "intermediate",
      "in_degree": 1,
      "out_degree": 2,
      "betweenness": 0.00445632798573975,
      "closeness": 0.029411764705882353,
      "pagerank": 0.023254358882451674,
      "degree_centrality": 0.08823529411764705,
      "cpd": {
        "values": [
          0.06550888326815295,
          0.7923024103884718,
          0.934491116731847,
          0.20769758961152818
        ],
        "evidence": [
          0
        ],
        "evidence_card": [
          2
        ]
      }
    },
    "2": {
      "type": "intermediate",
      "in_degree": 1,
      "out_degree": 1,
      "betweenness": 0.00980392156862745,
      "closeness": 0.029411764705882353,
      "pagerank": 0.023254358882451674,
      "degree_centrality": 0.058823529411764705,
      "cpd": {
        "values": [
          0.35873332508230976,
          0.6040947975207956,
          0.6412666749176902,
          0.39590520247920424
        ],
        "evidence": [
          0
        ],
        "evidence_card": [
          2
        ]
      }
    },
    "3": {
      "type": "intermediate",
      "in_degree": 1,
      "out_degree": 3,
      "betweenness": 0.013368983957219251,
      "closeness": 0.029411764705882353,
      "pagerank": 0.023254358882451674,
      "degree_centrality": 0.11764705882352941,
      "cpd": {
        "values": [
          0.6408479842311426,
          0.5295975815490198,
          0.3591520157688573,
          0.4704024184509801
        ],
        "evidence": [
          0
        ],
        "evidence_card": [
          2
        ]
      }
    },
    "4": {
      "type": "intermediate",
      "in_degree": 1,
      "out_degree": 2,
      "betweenness": 0.0106951871657754,
      "closeness": 0.0392156862745098,
      "pagerank": 0.024708888101937262,
      "degree_centrality": 0.08823529411764705,
      "cpd": {
        "values": [
          0.7675895539176211,
          0.3637720796817185,
          0.2324104460823789,
          0.6362279203182816
        ],
        "evidence": [
          3
        ],
        "evidence_card": [
          2
        ]
      }
    },
    "5": {
      "type": "intermediate",
      "in_degree": 1,
      "out_degree": 2,
      "betweenness": 0.00980392156862745,
      "closeness": 0.0392156862745098,
      "pagerank": 0.024708888101937262,
      "degree_centrality": 0.08823529411764705,
      "cpd": {
        "values": [
          0.42390478033603674,
          0.5187669062799617,
          0.5760952196639633,
          0.48123309372003836
        ],
        "evidence": [
          3
        ],
        "evidence_card": [
          2
        ]
      }
    },
    "6": {
      "type": "intermediate",
      "in_degree": 1,
      "out_degree": 4,
      "betweenness": 0.00980392156862745,
      "closeness": 0.04411764705882353,
      "pagerank": 0.02862121155609918,
      "degree_centrality": 0.14705882352941177,
      "cpd": {
        "values": [
          0.5172965389074928,
          0.24851384820832054,
          0.4827034610925072,
          0.7514861517916794
        ],
        "evidence": [
          5
        ],
        "evidence_card": [
          2
        ]
      }
    },
    "7": {
      "type": "leaf",
      "in_degree": 2,
      "out_degree": 0,
      "betweenness": 0.0,
      "closeness": 0.08169934640522876,
      "pagerank": 0.03408507577752393,
      "degree_centrality": 0.058823529411764705,
      "cpd": {
        "values": [
          0.22713446691138978,
          0.7914706914138027,
          0.3444808107455437,
          0.8266335954819624
        ],
        "evidence": [
          1,
          6
        ],
        "evidence_card": [
          2,
          2
        ]
      }
    },
    "8": {
      "type": "leaf",
      "in_degree": 1,
      "out_degree": 0,
      "betweenness": 0.0,
      "closeness": 0.047058823529411764,
      "pagerank": 0.024202324521590716,
      "degree_centrality": 0.029411764705882353,
      "cpd": {
        "values": [
          0.6046749433175351,
          0.08246078884777377,
          0.3953250566824648,
          0.9175392111522263
        ],
        "evidence": [
          6
        ],
        "evidence_card": [
          2
        ]
      }
    },
    "9": {
      "type": "leaf",
      "in_degree": 1,
      "out_degree": 0,
      "betweenness": 0.0,
      "closeness": 0.047058823529411764,
      "pagerank": 0.024202324521590716,
      "degree_centrality": 0.029411764705882353,
      "cpd": {
        "values": [
          0.5813215507680395,
          0.4383904639325459,
          0.4186784492319605,
          0.5616095360674542
        ],
        "evidence": [
          6
        ],
        "evidence_card": [
          2
        ]
      }
    },
    "10": {
      "type": "leaf",
      "in_degree": 1,
      "out_degree": 0,
      "betweenness": 0.0,
      "closeness": 0.047058823529411764,
      "pagerank": 0.024202324521590716,
      "degree_centrality": 0.029411764705882353,
      "cpd": {
        "values": [
          0.6221678165317126,
          0.11904279893434802,
          0.3778321834682874,
          0.880957201065652
        ],
        "evidence": [
          6
        ],
        "evidence_card": [
          2
        ]
      }
    },
    "11": {
      "type": "intermediate",
      "in_degree": 1,
      "out_degree": 2,
      "betweenness": 0.0053475935828877,
      "closeness": 0.04411764705882353,
      "pagerank": 0.02862121155609918,
      "degree_centrality": 0.08823529411764705,
      "cpd": {
        "values": [
          0.11993765042484211,
          0.5244016611770624,
          0.8800623495751579,
          0.47559833882293767
        ],
        "evidence": [
          4
        ],
        "evidence_card": [
          2
        ]
      }
    },
    "12": {
      "type": "intermediate",
      "in_degree": 1,
      "out_degree": 2,
      "betweenness": 0.0053475935828877,
      "closeness": 0.04411764705882353,
      "pagerank": 0.02862121155609918,
      "degree_centrality": 0.08823529411764705,
      "cpd": {
        "values": [
          0.905259806959099,
          0.962993429145846,
          0.094740193040901,
          0.03700657085415403
        ],
        "evidence": [
          4
        ],
        "evidence_card": [
          2
        ]
      }
    },
    "13": {
      "type": "leaf",
      "in_degree": 1,
      "out_degree": 0,
      "betweenness": 0.0,
      "closeness": 0.047058823529411764,
      "pagerank": 0.03028426177853298,
      "degree_centrality": 0.029411764705882353,
      "cpd": {
        "values": [
          0.5266882021010921,
          0.6522137957908437,
          0.47331179789890787,
          0.3477862042091564
        ],
        "evidence": [
          12
        ],
        "evidence_card": [
          2
        ]
      }
    },
    "14": {
      "type": "leaf",
      "in_degree": 1,
      "out_degree": 0,
      "betweenness": 0.0,
      "closeness": 0.047058823529411764,
      "pagerank": 0.03028426177853298,
      "degree_centrality": 0.029411764705882353,
      "cpd": {
        "values": [
          0.49877748215244727,
          0.6130282946529505,
          0.5012225178475528,
          0.38697170534704955
        ],
        "evidence": [
          12
        ],
        "evidence_card": [
          2
        ]
      }
    },
    "15": {
      "type": "leaf",
      "in_degree": 1,
      "out_degree": 0,
      "betweenness": 0.0,
      "closeness": 0.047058823529411764,
      "pagerank": 0.03028426177853298,
      "degree_centrality": 0.029411764705882353,