{
  "graph_index": 9050,
  "nodes": {
    "0": {
      "type": "root",
      "in_degree": 0,
      "out_degree": 2,
      "betweenness": 0.0,
      "closeness": 0.0,
      "pagerank": 0.021586150314980852,
      "degree_centrality": 0.06666666666666667,
      "cpd": {
        "values": [
          0.5,
          0.5,
          0.0,
          0.0
        ],
        "evidence": [],
        "evidence_card": []
      }
    },
    "1": {
      "type": "intermediate",
      "in_degree": 1,
      "out_degree": 1,
      "betweenness": 0.01264367816091954,
      "closeness": 0.03333333333333333,
      "pagerank": 0.030759646597194178,
      "degree_centrality": 0.06666666666666667,
      "cpd": {
        "values": [
          0.714321213060674,
          0.9329286242408025,
          0.2856787869393259,
          0.06707137575919753
        ],
        "evidence": [
          0
        ],
        "evidence_card": [
          2
        ]
      }
    },
    "2": {
      "type": "intermediate",
      "in_degree": 1,
      "out_degree": 1,
      "betweenness": 0.01954022988505747,
      "closeness": 0.03333333333333333,
      "pagerank": 0.030759646597194178,
      "degree_centrality": 0.06666666666666667,
      "cpd": {
        "values": [
          0.5235955195983731,
          0.8300564603253635,
          0.47640448040162686,
          0.1699435396746365
        ],
        "evidence": [
          0
        ],
        "evidence_card": [
          2
        ]
      }
    },
    "3": {
      "type": "intermediate",
      "in_degree": 1,
      "out_degree": 4,
      "betweenness": 0.0367816091954023,
      "closeness": 0.04444444444444444,
      "pagerank": 0.04772945814261508,
      "degree_centrality": 0.16666666666666666,
      "cpd": {
        "values": [
          0.13294375006993786,
          0.3927834704477274,
          0.8670562499300621,
          0.6072165295522727
        ],
        "evidence": [
          2
        ],
        "evidence_card": [
          2
        ]
      }
    },
    "4": {
      "type": "intermediate",
      "in_degree": 1,
      "out_degree": 4,
      "betweenness": 0.013793103448275862,
      "closeness": 0.05,
      "pagerank": 0.03172821774499823,
      "degree_centrality": 0.16666666666666666,
      "cpd": {
        "values": [
          0.637491782418512,
          0.716137302149752,
          0.36250821758148793,
          0.283862697850248
        ],
        "evidence": [
          3
        ],
        "evidence_card": [
          2
        ]
      }
    },
    "5": {
      "type": "intermediate",
      "in_degree": 1,
      "out_degree": 2,
      "betweenness": 0.006896551724137931,
      "closeness": 0.05,
      "pagerank": 0.03172821774499823,
      "degree_centrality": 0.1,
      "cpd": {
        "values": [
          0.3047625596008895,
          0.6869197199858421,
          0.6952374403991105,
          0.3130802800141579
        ],
        "evidence": [
          3
        ],
        "evidence_card": [
          2
        ]
      }
    },
    "6": {
      "type": "intermediate",
      "in_degree": 1,
      "out_degree": 2,
      "betweenness": 0.006896551724137931,
      "closeness": 0.05,
      "pagerank": 0.03172821774499823,
      "degree_centrality": 0.1,
      "cpd": {
        "values": [
          0.6223072190010321,
          0.9708666478251106,
          0.37769278099896786,
          0.02913335217488942
        ],
        "evidence": [
          3
        ],
        "evidence_card": [
          2
        ]
      }
    },
    "7": {
      "type": "intermediate",
      "in_degree": 1,
      "out_degree": 4,
      "betweenness": 0.013793103448275862,
      "closeness": 0.05,
      "pagerank": 0.03172821774499823,
      "degree_centrality": 0.16666666666666666,
      "cpd": {
        "values": [
          0.520285798294147,
          0.4857641021544387,
          0.479714201705853,
          0.5142358978455612
        ],
        "evidence": [
          3
        ],
        "evidence_card": [
          2
        ]
      }
    },
    "8": {
      "type": "leaf",
      "in_degree": 1,
      "out_degree": 0,
      "betweenness": 0.0,
      "closeness": 0.05333333333333334,
      "pagerank": 0.028328437118249998,
      "degree_centrality": 0.03333333333333333,
      "cpd": {
        "values": [
          0.23527773697253448,
          0.14801802448219598,
          0.7647222630274655,
          0.851981975517804
        ],
        "evidence": [
          7
        ],
        "evidence_card": [
          2
        ]
      }
    },
    "9": {
      "type": "leaf",
      "in_degree": 1,
      "out_degree": 0,
      "betweenness": 0.0,
      "closeness": 0.05333333333333334,
      "pagerank": 0.028328437118249998,
      "degree_centrality": 0.03333333333333333,
      "cpd": {
        "values": [
          0.053517143943791985,
          0.7045742941555082,
          0.946482856056208,
          0.2954257058444919
        ],
        "evidence": [
          7
        ],
        "evidence_card": [
          2
        ]
      }
    },
    "10": {
      "type": "leaf",
      "in_degree": 1,
      "out_degree": 0,
      "betweenness": 0.0,
      "closeness": 0.05333333333333334,
      "pagerank": 0.028328437118249998,
      "degree_centrality": 0.03333333333333333,
      "cpd": {
        "values": [
          0.5888247572414268,
          0.6216247971642651,
          0.41117524275857326,
          0.37837520283573495
        ],
        "evidence": [
          7
        ],
        "evidence_card": [
          2
        ]
      }
    },
    "11": {
      "type": "leaf",
      "in_degree": 1,
      "out_degree": 0,
      "betweenness": 0.0,
      "closeness": 0.05333333333333334,
      "pagerank": 0.028328437118249998,
      "degree_centrality": 0.03333333333333333,
      "cpd": {
        "values": [
          0.6130630393206072,
          0.9119746268106783,
          0.38693696067939287,
          0.08802537318932167
        ],
        "evidence": [
          7
        ],
        "evidence_card": [
          2
        ]
      }
    },
    "12": {
      "type": "leaf",
      "in_degree": 1,
      "out_degree": 0,
      "betweenness": 0.0,
      "closeness": 0.05333333333333334,
      "pagerank": 0.035070723921519144,
      "degree_centrality": 0.03333333333333333,
      "cpd": {
        "values": [
          0.7349938158004059,
          0.24842784597532275,
          0.26500618419959404,
          0.7515721540246773
        ],
        "evidence": [
          6
        ],
        "evidence_card": [
          2
        ]
      }
    },
    "13": {
      "type": "leaf",
      "in_degree": 1,
      "out_degree": 0,
      "betweenness": 0.0,
      "closeness": 0.05333333333333334,
      "pagerank": 0.035070723921519144,
      "degree_centrality": 0.03333333333333333,
      "cpd": {
        "values": [
          0.6357122886444659,
          0.4878083541839392,
          0.364287711355534,
          0.5121916458160609
        ],
        "evidence": [
          6
        ],
        "evidence_card": [
          2
        ]
      }
    },
    "14": {
      "type": "leaf",
      "in_degree": 1,
      "out_degree": 0,
      "betweenness": 0.0,
      "closeness": 0.05333333333333334,
      "pagerank": 0.035070723921519144,
      "degree_centrality": 0.03333333333333333,
      "cpd": {
        "values": [
          0.10843883790561284,
          0.20117902571581536,
          0.8915611620943872,
          0.7988209742841847
        ],
        "evidence": [
          5
        ],
        "evidence_card": [
          2
        ]
      }
    },
    "15": {
      "type": "leaf",
      "in_degree": 1,
      "out_degree": 0,
      "betweenness": 0.0,
      "closeness": 0.05333333333333334,
      "pagerank": 0.035070723921519144,
      "degree_centrality": 0.03333333333333333,
      "cpd": {
        "values": [
          0.3301675454617135,
          0.9538793758038053,
          0.6698324545382865,
          0.046120624196194636
        ],