{
  "graph_index": 9843,
  "nodes": {
    "0": {
      "type": "root",
      "in_degree": 0,
      "out_degree": 1,
      "betweenness": 0.0,
      "closeness": 0.0,
      "pagerank": 0.04995596820670921,
      "degree_centrality": 0.1,
      "cpd": {
        "values": [
          0.5,
          0.5,
          0.0,
          0.0
        ],
        "evidence": [],
        "evidence_card": []
      }
    },
    "1": {
      "type": "intermediate",
      "in_degree": 1,
      "out_degree": 1,
      "betweenness": 0.1,
      "closeness": 0.1,
      "pagerank": 0.09241803589344985,
      "degree_centrality": 0.2,
      "cpd": {
        "values": [
          0.31948487132470976,
          0.6426762257299429,
          0.6805151286752902,
          0.3573237742700572
        ],
        "evidence": [
          0
        ],
        "evidence_card": [
          2
        ]
      }
    },
    "2": {
      "type": "intermediate",
      "in_degree": 1,
      "out_degree": 3,
      "betweenness": 0.17777777777777778,
      "closeness": 0.13333333333333333,
      "pagerank": 0.12850962362881715,
      "degree_centrality": 0.4,
      "cpd": {
        "values": [
          0.21565062918288905,
          0.43589211864124466,
          0.784349370817111,
          0.5641078813587553
        ],
        "evidence": [
          1
        ],
        "evidence_card": [
          2
        ]
      }
    },
    "3": {
      "type": "intermediate",
      "in_degree": 1,
      "out_degree": 2,
      "betweenness": 0.06666666666666667,
      "closeness": 0.15,
      "pagerank": 0.08636707313707241,
      "degree_centrality": 0.30000000000000004,
      "cpd": {
        "values": [
          0.6662840687645607,
          0.7541011048321249,
          0.3337159312354393,
          0.24589889516787505
        ],
        "evidence": [
          2
        ],
        "evidence_card": [
          2
        ]
      }
    },
    "4": {
      "type": "intermediate",
      "in_degree": 1,
      "out_degree": 1,
      "betweenness": 0.03333333333333333,
      "closeness": 0.15,
      "pagerank": 0.08636707313707241,
      "degree_centrality": 0.2,
      "cpd": {
        "values": [
          0.2324051825440144,
          0.2945744532986613,
          0.7675948174559856,
          0.7054255467013387
        ],
        "evidence": [
          2
        ],
        "evidence_card": [
          2
        ]
      }
    },
    "5": {
      "type": "intermediate",
      "in_degree": 1,
      "out_degree": 2,
      "betweenness": 0.06666666666666667,
      "closeness": 0.15,
      "pagerank": 0.08636707313707241,
      "degree_centrality": 0.30000000000000004,
      "cpd": {
        "values": [
          0.18344365436944868,
          0.7446813597202373,
          0.8165563456305514,
          0.25531864027976264
        ],
        "evidence": [
          2
        ],
        "evidence_card": [
          2
        ]
      }
    },
    "6": {
      "type": "leaf",
      "in_degree": 1,
      "out_degree": 0,
      "betweenness": 0.0,
      "closeness": 0.16000000000000003,
      "pagerank": 0.08666185351108598,
      "degree_centrality": 0.1,
      "cpd": {
        "values": [
          0.446465797660411,
          0.6451369195199105,
          0.553534202339589,
          0.3548630804800896
        ],
        "evidence": [
          5
        ],
        "evidence_card": [
          2
        ]
      }
    },
    "7": {
      "type": "leaf",
      "in_degree": 1,
      "out_degree": 0,
      "betweenness": 0.0,
      "closeness": 0.16000000000000003,
      "pagerank": 0.08666185351108598,
      "degree_centrality": 0.1,
      "cpd": {
        "values": [
          0.5335070400182174,
          0.6281912905257684,
          0.4664929599817827,
          0.3718087094742316
        ],
        "evidence": [
          5
        ],
        "evidence_card": [
          2
        ]
      }
    },
    "8": {
      "type": "leaf",
      "in_degree": 1,
      "out_degree": 0,
      "betweenness": 0.0,
      "closeness": 0.16000000000000003,
      "pagerank": 0.12336773881546272,
      "degree_centrality": 0.1,
      "cpd": {
        "values": [
          0.6538468139240948,
          0.6159851831644961,
          0.3461531860759051,
          0.3840148168355039
        ],
        "evidence": [
          4
        ],
        "evidence_card": [
          2
        ]
      }
    },
    "9": {
      "type": "leaf",
      "in_degree": 1,
      "out_degree": 0,
      "betweenness": 0.0,
      "closeness": 0.16000000000000003,
      "pagerank": 0.08666185351108598,
      "degree_centrality": 0.1,
      "cpd": {
        "values": [
          0.38270246017508486,
          0.1091500408174783,
          0.6172975398249151,
          0.8908499591825217
        ],
        "evidence": [
          3
        ],
        "evidence_card": [
          2
        ]
      }
    },
    "10": {
      "type": "leaf",
      "in_degree": 1,
      "out_degree": 0,
      "betweenness": 0.0,
      "closeness": 0.16000000000000003,
      "pagerank": 0.08666185351108598,
      "degree_centrality": 0.1,
      "cpd": {
        "values": [
          0.3211914870823409,
          0.3645383693904248,
          0.6788085129176591,
          0.6354616306095752
        ],
        "evidence": [
          3
        ],
        "evidence_card": [
          2
        ]
      }
    }
  },
  "edges": [
    [
      0,
      1
    ],
    [
      1,
      2
    ],
    [
      2,
      3
    ],
    [
      2,
      4
    ],
    [
      2,
      5
    ],
    [
      3,
      9
    ],
    [
      3,
      10
    ],
    [
      4,
      8
    ],
    [
      5,
      6
    ],
    [
      5,
      7
    ]
  ]
}