{
  "graph_index": 499,
  "nodes": {
    "0": {
      "type": "root",
      "in_degree": 0,
      "out_degree": 1,
      "betweenness": 0.0,
      "closeness": 0.0,
      "pagerank": 0.06984373686140391,
      "degree_centrality": 0.16666666666666666,
      "cpd": {
        "values": [
          0.5,
          0.5,
          0.0,
          0.0
        ],
        "evidence": [],
        "evidence_card": []
      }
    },
    "1": {
      "type": "intermediate",
      "in_degree": 1,
      "out_degree": 1,
      "betweenness": 0.16666666666666666,
      "closeness": 0.16666666666666666,
      "pagerank": 0.12921091794545894,
      "degree_centrality": 0.3333333333333333,
      "cpd": {
        "values": [
          0.7670021307873098,
          0.40604571347709983,
          0.2329978692126902,
          0.5939542865229002
        ],
        "evidence": [
          0
        ],
        "evidence_card": [
          2
        ]
      }
    },
    "2": {
      "type": "intermediate",
      "in_degree": 1,
      "out_degree": 1,
      "betweenness": 0.26666666666666666,
      "closeness": 0.2222222222222222,
      "pagerank": 0.17967220533880993,
      "degree_centrality": 0.3333333333333333,
      "cpd": {
        "values": [
          0.45422576317877356,
          0.9234656870647958,
          0.5457742368212265,
          0.07653431293520423
        ],
        "evidence": [
          1
        ],
        "evidence_card": [
          2
        ]
      }
    },
    "3": {
      "type": "intermediate",
      "in_degree": 1,
      "out_degree": 3,
      "betweenness": 0.3,
      "closeness": 0.25,
      "pagerank": 0.2225634683884414,
      "degree_centrality": 0.6666666666666666,
      "cpd": {
        "values": [
          0.5686423716264115,
          0.5443531173735834,
          0.43135762837358854,
          0.4556468826264166
        ],
        "evidence": [
          2
        ],
        "evidence_card": [
          2
        ]
      }
    },
    "4": {
      "type": "leaf",
      "in_degree": 1,
      "out_degree": 0,
      "betweenness": 0.0,
      "closeness": 0.26666666666666666,
      "pagerank": 0.13290322382196185,
      "degree_centrality": 0.16666666666666666,
      "cpd": {
        "values": [
          0.22940732109615972,
          0.4677353900090303,
          0.7705926789038404,
          0.5322646099909697
        ],
        "evidence": [
          3
        ],
        "evidence_card": [
          2
        ]
      }
    },
    "5": {
      "type": "leaf",
      "in_degree": 1,
      "out_degree": 0,
      "betweenness": 0.0,
      "closeness": 0.26666666666666666,
      "pagerank": 0.13290322382196185,
      "degree_centrality": 0.16666666666666666,
      "cpd": {
        "values": [
          0.36580602652308525,
          0.44178633475121765,
          0.6341939734769149,
          0.5582136652487824
        ],
        "evidence": [
          3
        ],
        "evidence_card": [
          2
        ]
      }
    },
    "6": {
      "type": "leaf",
      "in_degree": 1,
      "out_degree": 0,
      "betweenness": 0.0,
      "closeness": 0.26666666666666666,
      "pagerank": 0.13290322382196185,
      "degree_centrality": 0.16666666666666666,
      "cpd": {
        "values": [
          0.6248790956503238,
          0.6304760666791089,
          0.37512090434967615,
          0.369523933320891
        ],
        "evidence": [
          3
        ],
        "evidence_card": [
          2
        ]
      }
    }
  },
  "edges": [
    [
      0,
      1
    ],
    [
      1,
      2
    ],
    [
      2,
      3
    ],
    [
      3,
      4
    ],
    [
      3,
      5
    ],
    [
      3,
      6
    ]
  ]
}