{
  "graph_index": 1096,
  "nodes": {
    "0": {
      "type": "root",
      "in_degree": 0,
      "out_degree": 1,
      "betweenness": 0.0,
      "closeness": 0.0,
      "pagerank": 0.020459612307567175,
      "degree_centrality": 0.03125,
      "cpd": {
        "values": [
          0.5,
          0.5,
          0.0,
          0.0
        ],
        "evidence": [],
        "evidence_card": []
      }
    },
    "1": {
      "type": "intermediate",
      "in_degree": 1,
      "out_degree": 4,
      "betweenness": 0.03125,
      "closeness": 0.03125,
      "pagerank": 0.037849909244015836,
      "degree_centrality": 0.15625,
      "cpd": {
        "values": [
          0.5169283548321125,
          0.4219297753146317,
          0.48307164516788753,
          0.5780702246853683
        ],
        "evidence": [
          0
        ],
        "evidence_card": [
          2
        ]
      }
    },
    "2": {
      "type": "intermediate",
      "in_degree": 1,
      "out_degree": 2,
      "betweenness": 0.010080645161290322,
      "closeness": 0.041666666666666664,
      "pagerank": 0.028502681363904117,
      "degree_centrality": 0.09375,
      "cpd": {
        "values": [
          0.6378415469967729,
          0.526048150225173,
          0.36215845300322713,
          0.47395184977482696
        ],
        "evidence": [
          1
        ],
        "evidence_card": [
          2
        ]
      }
    },
    "3": {
      "type": "intermediate",
      "in_degree": 1,
      "out_degree": 2,
      "betweenness": 0.010080645161290322,
      "closeness": 0.041666666666666664,
      "pagerank": 0.028502681363904117,
      "degree_centrality": 0.09375,
      "cpd": {
        "values": [
          0.45842999827977404,
          0.3471732012390625,
          0.541570001720226,
          0.6528267987609375
        ],
        "evidence": [
          1
        ],
        "evidence_card": [
          2
        ]
      }
    },
    "4": {
      "type": "intermediate",
      "in_degree": 1,
      "out_degree": 2,
      "betweenness": 0.010080645161290322,
      "closeness": 0.041666666666666664,
      "pagerank": 0.028502681363904117,
      "degree_centrality": 0.09375,
      "cpd": {
        "values": [
          0.6336066680063419,
          0.16235999151357047,
          0.3663933319936581,
          0.8376400084864295
        ],
        "evidence": [
          1
        ],
        "evidence_card": [
          2
        ]
      }
    },
    "5": {
      "type": "intermediate",
      "in_degree": 1,
      "out_degree": 4,
      "betweenness": 0.024193548387096774,
      "closeness": 0.041666666666666664,
      "pagerank": 0.028502681363904117,
      "degree_centrality": 0.15625,
      "cpd": {
        "values": [
          0.6860535152330607,
          0.31304118035446427,
          0.3139464847669393,
          0.6869588196455357
        ],
        "evidence": [
          1
        ],
        "evidence_card": [
          2
        ]
      }
    },
    "6": {
      "type": "intermediate",
      "in_degree": 1,
      "out_degree": 3,
      "betweenness": 0.00907258064516129,
      "closeness": 0.046875,
      "pagerank": 0.026516345891355018,
      "degree_centrality": 0.125,
      "cpd": {
        "values": [
          0.783155263982397,
          0.4810457998853623,
          0.21684473601760304,
          0.5189542001146377
        ],
        "evidence": [
          5
        ],
        "evidence_card": [
          2
        ]
      }
    },
    "7": {
      "type": "intermediate",
      "in_degree": 1,
      "out_degree": 3,
      "betweenness": 0.00907258064516129,
      "closeness": 0.046875,
      "pagerank": 0.026516345891355018,
      "degree_centrality": 0.125,
      "cpd": {
        "values": [
          0.47476086175904597,
          0.0840725441866187,
          0.525239138240954,
          0.9159274558133813
        ],
        "evidence": [
          5
        ],
        "evidence_card": [
          2
        ]
      }
    },
    "8": {
      "type": "intermediate",
      "in_degree": 1,
      "out_degree": 2,
      "betweenness": 0.006048387096774193,
      "closeness": 0.046875,
      "pagerank": 0.026516345891355018,
      "degree_centrality": 0.09375,
      "cpd": {
        "values": [
          0.35231439534775316,
          0.9132508123106873,
          0.6476856046522469,
          0.08674918768931275
        ],
        "evidence": [
          5
        ],
        "evidence_card": [
          2
        ]
      }
    },
    "9": {
      "type": "leaf",
      "in_degree": 1,
      "out_degree": 0,
      "betweenness": 0.0,
      "closeness": 0.05,
      "pagerank": 0.03172887008455245,
      "degree_centrality": 0.03125,
      "cpd": {
        "values": [
          0.4572680786928608,
          0.5649922936028895,
          0.5427319213071392,
          0.4350077063971105
        ],
        "evidence": [
          8
        ],
        "evidence_card": [
          2
        ]
      }
    },
    "10": {
      "type": "leaf",
      "in_degree": 1,
      "out_degree": 0,
      "betweenness": 0.0,
      "closeness": 0.05,
      "pagerank": 0.03172887008455245,
      "degree_centrality": 0.03125,
      "cpd": {
        "values": [
          0.4362859337738535,
          0.1339857547018541,
          0.5637140662261465,
          0.8660142452981459
        ],
        "evidence": [
          8
        ],
        "evidence_card": [
          2
        ]
      }
    },
    "11": {
      "type": "leaf",
      "in_degree": 1,
      "out_degree": 0,
      "betweenness": 0.0,
      "closeness": 0.05,
      "pagerank": 0.02797245082555736,
      "degree_centrality": 0.03125,
      "cpd": {
        "values": [
          0.0806060876810535,
          0.9916741812910607,
          0.9193939123189465,
          0.008325818708939357
        ],
        "evidence": [
          7
        ],
        "evidence_card": [
          2
        ]
      }
    },
    "12": {
      "type": "leaf",
      "in_degree": 1,
      "out_degree": 0,
      "betweenness": 0.0,
      "closeness": 0.05,
      "pagerank": 0.02797245082555736,
      "degree_centrality": 0.03125,
      "cpd": {
        "values": [
          0.9043872372489725,
          0.9042575754129634,
          0.09561276275102745,
          0.09574242458703665
        ],
        "evidence": [
          7
        ],
        "evidence_card": [
          2
        ]
      }
    },
    "13": {
      "type": "leaf",
      "in_degree": 1,
      "out_degree": 0,
      "betweenness": 0.0,
      "closeness": 0.05,
      "pagerank": 0.02797245082555736,
      "degree_centrality": 0.03125,
      "cpd": {
        "values": [
          0.9811714955960381,
          0.7115753596795816,
          0.018828504403961895,
          0.2884246403204183
        ],
        "evidence": [
          7
        ],
        "evidence_card": [
          2
        ]
      }
    },
    "14": {
      "type": "leaf",
      "in_degree": 1,
      "out_degree": 0,
      "betweenness": 0.0,
      "closeness": 0.05,
      "pagerank": 0.02797245082555736,
      "degree_centrality": 0.03125,
      "cpd": {
        "values": [
          0.5188125950932181,
          0.23584105268767885,
          0.48118740490678197,
          0.7641589473123213
        ],
        "evidence": [
          6
        ],
        "evidence_card": [
          2
        ]
      }
    },
    "15": {
      "type": "leaf",
      "in_degree": 1,
      "out_degree": 0,
      "betweenness": 0.0,
      "closeness": 0.05,
      "pagerank": 0.02797245082555736,
      "degree_centrality": 0.03125,
      "cpd": {
        "values": [
          0.9274302180268,
          0.2437554956800353,
          0.0725697819732,
          0.7562445043199647
        ],
        "evidence": [
          6
        ],
        "evidence_card": [
          2
        ]
      }
    },
    "16": {
      "type": "leaf",
      "in_degree": 1,
      "out_degree": 0,
      "betweenness": 0.0,
      "closeness": 0.05,