{
  "graph_index": 4411,
  "nodes": {
    "0": {
      "type": "root",
      "in_degree": 0,
      "out_degree": 2,
      "betweenness": 0.0,
      "closeness": 0.0,
      "pagerank": 0.03789204532977661,
      "degree_centrality": 0.13333333333333333,
      "cpd": {
        "values": [
          0.5,
          0.5,
          0.0,
          0.0
        ],
        "evidence": [],
        "evidence_card": []
      }
    },
    "1": {
      "type": "intermediate",
      "in_degree": 1,
      "out_degree": 2,
      "betweenness": 0.02380952380952381,
      "closeness": 0.06666666666666667,
      "pagerank": 0.05399621444658111,
      "degree_centrality": 0.2,
      "cpd": {
        "values": [
          0.07652221046833661,
          0.7287578339073819,
          0.9234777895316634,
          0.27124216609261814
        ],
        "evidence": [
          0
        ],
        "evidence_card": [
          2
        ]
      }
    },
    "2": {
      "type": "intermediate",
      "in_degree": 1,
      "out_degree": 3,
      "betweenness": 0.0380952380952381,
      "closeness": 0.06666666666666667,
      "pagerank": 0.05399621444658111,
      "degree_centrality": 0.26666666666666666,
      "cpd": {
        "values": [
          0.236325498158357,
          0.7636471559070073,
          0.763674501841643,
          0.23635284409299276
        ],
        "evidence": [
          0
        ],
        "evidence_card": [
          2
        ]
      }
    },
    "3": {
      "type": "intermediate",
      "in_degree": 1,
      "out_degree": 2,
      "betweenness": 0.01904761904761905,
      "closeness": 0.08888888888888888,
      "pagerank": 0.05319113364708489,
      "degree_centrality": 0.2,
      "cpd": {
        "values": [
          0.5932547602352526,
          0.4194141702901454,
          0.40674523976474736,
          0.5805858297098546
        ],
        "evidence": [
          2
        ],
        "evidence_card": [
          2
        ]
      }
    },
    "4": {
      "type": "intermediate",
      "in_degree": 1,
      "out_degree": 1,
      "betweenness": 0.009523809523809525,
      "closeness": 0.1,
      "pagerank": 0.06049819883252846,
      "degree_centrality": 0.13333333333333333,
      "cpd": {
        "values": [
          0.601887037967457,
          0.773278484977822,
          0.398112962032543,
          0.226721515022178
        ],
        "evidence": [
          3
        ],
        "evidence_card": [
          2
        ]
      }
    },
    "5": {
      "type": "leaf",
      "in_degree": 2,
      "out_degree": 0,
      "betweenness": 0.0,
      "closeness": 0.18518518518518517,
      "pagerank": 0.11226345389803674,
      "degree_centrality": 0.13333333333333333,
      "cpd": {
        "values": [
          0.37120214615910485,
          0.627791777935388,
          0.888624453307972,
          0.03206301703180165
        ],
        "evidence": [
          1,
          4
        ],
        "evidence_card": [
          2,
          2
        ]
      }
    },
    "6": {
      "type": "intermediate",
      "in_degree": 1,
      "out_degree": 2,
      "betweenness": 0.05714285714285715,
      "closeness": 0.08888888888888888,
      "pagerank": 0.060840677805739034,
      "degree_centrality": 0.2,
      "cpd": {
        "values": [
          0.5112907292600277,
          0.9028144213733063,
          0.48870927073997233,
          0.09718557862669377
        ],
        "evidence": [
          1
        ],
        "evidence_card": [
          2
        ]
      }
    },
    "7": {
      "type": "intermediate",
      "in_degree": 1,
      "out_degree": 3,
      "betweenness": 0.0380952380952381,
      "closeness": 0.1,
      "pagerank": 0.06374919102550214,
      "degree_centrality": 0.26666666666666666,
      "cpd": {
        "values": [
          0.1756629405021355,
          0.3555277369054365,
          0.8243370594978645,
          0.6444722630945635
        ],
        "evidence": [
          6
        ],
        "evidence_card": [
          2
        ]
      }
    },
    "8": {
      "type": "intermediate",
      "in_degree": 2,
      "out_degree": 4,
      "betweenness": 0.07142857142857144,
      "closeness": 0.17777777777777776,
      "pagerank": 0.07904827934281042,
      "degree_centrality": 0.4,
      "cpd": {
        "values": [
          0.8674567163424515,
          0.40004669826703215,
          0.2027573296059382,
          0.4639734593628638
        ],
        "evidence": [
          2,
          6
        ],
        "evidence_card": [
          2,
          2
        ]
      }
    },
    "9": {
      "type": "leaf",
      "in_degree": 1,
      "out_degree": 0,
      "betweenness": 0.0,
      "closeness": 0.1515151515151515,
      "pagerank": 0.054689420438371314,
      "degree_centrality": 0.06666666666666667,
      "cpd": {
        "values": [
          0.2708410037994701,
          0.547179617809374,
          0.7291589962005298,
          0.45282038219062615
        ],
        "evidence": [
          8
        ],
        "evidence_card": [
          2
        ]
      }
    },
    "10": {
      "type": "leaf",
      "in_degree": 1,
      "out_degree": 0,
      "betweenness": 0.0,
      "closeness": 0.1515151515151515,
      "pagerank": 0.054689420438371314,
      "degree_centrality": 0.06666666666666667,
      "cpd": {
        "values": [
          0.4468051166790223,
          0.2558791537122405,
          0.5531948833209778,
          0.7441208462877594
        ],
        "evidence": [
          8
        ],
        "evidence_card": [
          2
        ]
      }
    },
    "11": {
      "type": "leaf",
      "in_degree": 2,
      "out_degree": 0,
      "betweenness": 0.0,
      "closeness": 0.2,
      "pagerank": 0.07729557394112316,
      "degree_centrality": 0.13333333333333333,
      "cpd": {
        "values": [
          0.3378088748314095,
          0.6118670846170001,
          0.4294233120007506,
          0.4999279124698202
        ],
        "evidence": [
          3,
          8
        ],
        "evidence_card": [
          2,
          2
        ]
      }
    },
    "12": {
      "type": "leaf",
      "in_degree": 1,
      "out_degree": 0,
      "betweenness": 0.0,
      "closeness": 0.1515151515151515,
      "pagerank": 0.054689420438371314,
      "degree_centrality": 0.06666666666666667,
      "cpd": {
        "values": [
          0.3145859785795148,
          0.5985275262376641,
          0.6854140214204852,
          0.40147247376233586
        ],
        "evidence": [
          8
        ],
        "evidence_card": [
          2
        ]
      }
    },
    "13": {
      "type": "leaf",
      "in_degree": 1,
      "out_degree": 0,
      "betweenness": 0.0,
      "closeness": 0.10666666666666667,
      "pagerank": 0.05595388921727131,
      "degree_centrality": 0.06666666666666667,
      "cpd": {
        "values": [
          0.6549801615181439,
          0.4800040168328835,
          0.34501983848185613,
          0.5199959831671166
        ],
        "evidence": [
          7
        ],
        "evidence_card": [
          2
        ]
      }
    },
    "14": {
      "type": "leaf",
      "in_degree": 1,
      "out_degree": 0,
      "betweenness": 0.0,
      "closeness": 0.10666666666666667,
      "pagerank": 0.05595388921727131,
      "degree_centrality": 0.06666666666666667,
      "cpd": {
        "values": [
          0.502530431496897,
          0.3343543201882945,
          0.49746956850310303,
          0.6656456798117055
        ],
        "evidence": [
          7
        ],
        "evidence_card": [
          2
        ]
      }
    },
    "15": {
      "type": "leaf",
      "in_degree": 2,
      "out_degree": 0,
      "betweenness": 0.0,
      "closeness": 0.18518518518518517,
      "pagerank": 0.0712529775345796,
      "degree_centrality": 0.13333333333333333,