{
  "graph_index": 7761,
  "nodes": {
    "0": {
      "type": "root",
      "in_degree": 0,
      "out_degree": 1,
      "betweenness": 0.0,
      "closeness": 0.0,
      "pagerank": 0.02065605883515154,
      "degree_centrality": 0.03225806451612903,
      "cpd": {
        "values": [
          0.5,
          0.5,
          0.0,
          0.0
        ],
        "evidence": [],
        "evidence_card": []
      }
    },
    "1": {
      "type": "intermediate",
      "in_degree": 1,
      "out_degree": 3,
      "betweenness": 0.03225806451612903,
      "closeness": 0.03225806451612903,
      "pagerank": 0.0382125475726362,
      "degree_centrality": 0.12903225806451613,
      "cpd": {
        "values": [
          0.699241048359946,
          0.5877363490385662,
          0.300758951640054,
          0.41226365096143386
        ],
        "evidence": [
          0
        ],
        "evidence_card": [
          2
        ]
      }
    },
    "2": {
      "type": "intermediate",
      "in_degree": 1,
      "out_degree": 2,
      "betweenness": 0.017204301075268817,
      "closeness": 0.04301075268817204,
      "pagerank": 0.03148285588215127,
      "degree_centrality": 0.0967741935483871,
      "cpd": {
        "values": [
          0.4798420051883383,
          0.4242140377417222,
          0.5201579948116617,
          0.5757859622582778
        ],
        "evidence": [
          1
        ],
        "evidence_card": [
          2
        ]
      }
    },
    "3": {
      "type": "intermediate",
      "in_degree": 1,
      "out_degree": 4,
      "betweenness": 0.025806451612903226,
      "closeness": 0.04301075268817204,
      "pagerank": 0.03148285588215127,
      "degree_centrality": 0.16129032258064516,
      "cpd": {
        "values": [
          0.44608469536008427,
          0.46199829064259845,
          0.5539153046399157,
          0.5380017093574015
        ],
        "evidence": [
          1
        ],
        "evidence_card": [
          2
        ]
      }
    },
    "4": {
      "type": "intermediate",
      "in_degree": 1,
      "out_degree": 2,
      "betweenness": 0.015053763440860214,
      "closeness": 0.04301075268817204,
      "pagerank": 0.03148285588215127,
      "degree_centrality": 0.0967741935483871,
      "cpd": {
        "values": [
          0.3381778128380524,
          0.36302415604031213,
          0.6618221871619475,
          0.636975843959688
        ],
        "evidence": [
          1
        ],
        "evidence_card": [
          2
        ]
      }
    },
    "5": {
      "type": "intermediate",
      "in_degree": 1,
      "out_degree": 1,
      "betweenness": 0.0032258064516129032,
      "closeness": 0.04838709677419355,
      "pagerank": 0.03403586444434693,
      "degree_centrality": 0.06451612903225806,
      "cpd": {
        "values": [
          0.4475747190061506,
          0.6737340492038651,
          0.5524252809938494,
          0.3262659507961349
        ],
        "evidence": [
          4
        ],
        "evidence_card": [
          2
        ]
      }
    },
    "6": {
      "type": "intermediate",
      "in_degree": 1,
      "out_degree": 4,
      "betweenness": 0.012903225806451613,
      "closeness": 0.04838709677419355,
      "pagerank": 0.03403586444434693,
      "degree_centrality": 0.16129032258064516,
      "cpd": {
        "values": [
          0.5892433111149763,
          0.21155551161178024,
          0.4107566888850236,
          0.7884444883882198
        ],
        "evidence": [
          4
        ],
        "evidence_card": [
          2
        ]
      }
    },
    "7": {
      "type": "leaf",
      "in_degree": 1,
      "out_degree": 0,
      "betweenness": 0.0,
      "closeness": 0.05161290322580645,
      "pagerank": 0.027888451596256754,
      "degree_centrality": 0.03225806451612903,
      "cpd": {
        "values": [
          0.6793076405683167,
          0.6663580828410623,
          0.32069235943168334,
          0.3336419171589376
        ],
        "evidence": [
          6
        ],
        "evidence_card": [
          2
        ]
      }
    },
    "8": {
      "type": "leaf",
      "in_degree": 1,
      "out_degree": 0,
      "betweenness": 0.0,
      "closeness": 0.05161290322580645,
      "pagerank": 0.027888451596256754,
      "degree_centrality": 0.03225806451612903,
      "cpd": {
        "values": [
          0.3693924166334256,
          0.6665390043726576,
          0.6306075833665744,
          0.3334609956273424
        ],
        "evidence": [
          6
        ],
        "evidence_card": [
          2
        ]
      }
    },
    "9": {
      "type": "leaf",
      "in_degree": 1,
      "out_degree": 0,
      "betweenness": 0.0,
      "closeness": 0.05161290322580645,
      "pagerank": 0.027888451596256754,
      "degree_centrality": 0.03225806451612903,
      "cpd": {
        "values": [
          0.7047640632956355,
          0.5340941118442312,
          0.2952359367043645,
          0.4659058881557688
        ],
        "evidence": [
          6
        ],
        "evidence_card": [
          2
        ]
      }
    },
    "10": {
      "type": "leaf",
      "in_degree": 1,
      "out_degree": 0,
      "betweenness": 0.0,
      "closeness": 0.05161290322580645,
      "pagerank": 0.027888451596256754,
      "degree_centrality": 0.03225806451612903,
      "cpd": {
        "values": [
          0.6841497358800432,
          0.5982349373784223,
          0.31585026411995665,
          0.40176506262157774
        ],
        "evidence": [
          6
        ],
        "evidence_card": [
          2
        ]
      }
    },
    "11": {
      "type": "leaf",
      "in_degree": 1,
      "out_degree": 0,
      "betweenness": 0.0,
      "closeness": 0.05161290322580645,
      "pagerank": 0.04958562987957239,
      "degree_centrality": 0.03225806451612903,
      "cpd": {
        "values": [
          0.6533239587324957,
          0.8045779846732712,
          0.3466760412675043,
          0.19542201532672882
        ],
        "evidence": [
          5
        ],
        "evidence_card": [
          2
        ]
      }
    },
    "12": {
      "type": "intermediate",
      "in_degree": 1,
      "out_degree": 2,
      "betweenness": 0.0064516129032258064,
      "closeness": 0.04838709677419355,
      "pagerank": 0.027345961639749238,
      "degree_centrality": 0.0967741935483871,
      "cpd": {
        "values": [
          0.28773244322513436,
          0.9784462876839817,
          0.7122675567748656,
          0.021553712316018332
        ],
        "evidence": [
          3
        ],
        "evidence_card": [
          2
        ]
      }
    },
    "13": {
      "type": "intermediate",
      "in_degree": 1,
      "out_degree": 1,
      "betweenness": 0.0032258064516129032,
      "closeness": 0.04838709677419355,
      "pagerank": 0.027345961639749238,
      "degree_centrality": 0.06451612903225806,
      "cpd": {
        "values": [
          0.5154751720643196,
          0.2943259932134073,
          0.4845248279356804,
          0.7056740067865926
        ],
        "evidence": [
          3
        ],
        "evidence_card": [
          2
        ]
      }
    },
    "14": {
      "type": "intermediate",
      "in_degree": 1,
      "out_degree": 1,
      "betweenness": 0.0032258064516129032,
      "closeness": 0.04838709677419355,
      "pagerank": 0.027345961639749238,
      "degree_centrality": 0.06451612903225806,
      "cpd": {
        "values": [
          0.6055112532882257,
          0.00480749761399961,
          0.3944887467117742,
          0.9951925023860004
        ],
        "evidence": [
          3
        ],
        "evidence_card": [
          2
        ]
      }
    },
    "15": {
      "type": "intermediate",
      "in_degree": 1,
      "out_degree": 4,
      "betweenness": 0.012903225806451613,
      "closeness": 0.04838709677419355,
      "pagerank": 0.027345961639749238,
      "degree_centrality": 0.16129032258064516,