{
  "graph_index": 6573,
  "nodes": {
    "0": {
      "type": "root",
      "in_degree": 0,
      "out_degree": 1,
      "betweenness": 0.0,
      "closeness": 0.0,
      "pagerank": 0.03160054109300169,
      "degree_centrality": 0.05263157894736842,
      "cpd": {
        "values": [
          0.5,
          0.5,
          0.0,
          0.0
        ],
        "evidence": [],
        "evidence_card": []
      }
    },
    "1": {
      "type": "intermediate",
      "in_degree": 1,
      "out_degree": 2,
      "betweenness": 0.05263157894736842,
      "closeness": 0.05263157894736842,
      "pagerank": 0.05846176612897738,
      "degree_centrality": 0.15789473684210525,
      "cpd": {
        "values": [
          0.987334551479294,
          0.8054482321185057,
          0.012665448520705974,
          0.1945517678814942
        ],
        "evidence": [
          0
        ],
        "evidence_card": [
          2
        ]
      }
    },
    "2": {
      "type": "intermediate",
      "in_degree": 1,
      "out_degree": 4,
      "betweenness": 0.07017543859649122,
      "closeness": 0.07017543859649122,
      "pagerank": 0.05644639980020704,
      "degree_centrality": 0.2631578947368421,
      "cpd": {
        "values": [
          0.9460704280973581,
          0.5278385632395005,
          0.05392957190264196,
          0.47216143676049943
        ],
        "evidence": [
          1
        ],
        "evidence_card": [
          2
        ]
      }
    },
    "3": {
      "type": "intermediate",
      "in_degree": 1,
      "out_degree": 2,
      "betweenness": 0.023391812865497075,
      "closeness": 0.07017543859649122,
      "pagerank": 0.05644639980020704,
      "degree_centrality": 0.15789473684210525,
      "cpd": {
        "values": [
          0.09173629179615747,
          0.4922131412250709,
          0.9082637082038425,
          0.5077868587749291
        ],
        "evidence": [
          1
        ],
        "evidence_card": [
          2
        ]
      }
    },
    "4": {
      "type": "intermediate",
      "in_degree": 1,
      "out_degree": 2,
      "betweenness": 0.017543859649122806,
      "closeness": 0.07894736842105263,
      "pagerank": 0.05558985849265876,
      "degree_centrality": 0.15789473684210525,
      "cpd": {
        "values": [
          0.7205954386705471,
          0.5649618982760684,
          0.2794045613294528,
          0.43503810172393165
        ],
        "evidence": [
          3
        ],
        "evidence_card": [
          2
        ]
      }
    },
    "5": {
      "type": "leaf",
      "in_degree": 1,
      "out_degree": 0,
      "betweenness": 0.0,
      "closeness": 0.08421052631578947,
      "pagerank": 0.05522662709616839,
      "degree_centrality": 0.05263157894736842,
      "cpd": {
        "values": [
          0.7313339646270913,
          0.41455669283175295,
          0.26866603537290873,
          0.585443307168247
        ],
        "evidence": [
          4
        ],
        "evidence_card": [
          2
        ]
      }
    },
    "6": {
      "type": "leaf",
      "in_degree": 1,
      "out_degree": 0,
      "betweenness": 0.0,
      "closeness": 0.08421052631578947,
      "pagerank": 0.05522662709616839,
      "degree_centrality": 0.05263157894736842,
      "cpd": {
        "values": [
          0.3688434923710004,
          0.5240565661095793,
          0.6311565076289996,
          0.4759434338904207
        ],
        "evidence": [
          4
        ],
        "evidence_card": [
          2
        ]
      }
    },
    "7": {
      "type": "intermediate",
      "in_degree": 1,
      "out_degree": 2,
      "betweenness": 0.017543859649122806,
      "closeness": 0.07894736842105263,
      "pagerank": 0.043595199792830226,
      "degree_centrality": 0.15789473684210525,
      "cpd": {
        "values": [
          0.6439712700586878,
          0.2082179837152373,
          0.3560287299413122,
          0.7917820162847626
        ],
        "evidence": [
          2
        ],
        "evidence_card": [
          2
        ]
      }
    },
    "8": {
      "type": "intermediate",
      "in_degree": 1,
      "out_degree": 1,
      "betweenness": 0.008771929824561403,
      "closeness": 0.07894736842105263,
      "pagerank": 0.043595199792830226,
      "degree_centrality": 0.10526315789473684,
      "cpd": {
        "values": [
          0.4131256503890176,
          0.5504136831832773,
          0.5868743496109824,
          0.44958631681672273
        ],
        "evidence": [
          2
        ],
        "evidence_card": [
          2
        ]
      }
    },
    "9": {
      "type": "intermediate",
      "in_degree": 1,
      "out_degree": 2,
      "betweenness": 0.011695906432748537,
      "closeness": 0.07894736842105263,
      "pagerank": 0.043595199792830226,
      "degree_centrality": 0.15789473684210525,
      "cpd": {
        "values": [
          0.4422873146362781,
          0.46047074910106517,
          0.5577126853637218,
          0.5395292508989349
        ],
        "evidence": [
          2
        ],
        "evidence_card": [
          2
        ]
      }
    },
    "10": {
      "type": "intermediate",
      "in_degree": 1,
      "out_degree": 4,
      "betweenness": 0.03508771929824561,
      "closeness": 0.07894736842105263,
      "pagerank": 0.043595199792830226,
      "degree_centrality": 0.2631578947368421,
      "cpd": {
        "values": [
          0.5098273625143611,
          0.162089227103005,
          0.4901726374856389,
          0.837910772896995
        ],
        "evidence": [
          2
        ],
        "evidence_card": [
          2
        ]
      }
    },
    "11": {
      "type": "leaf",
      "in_degree": 1,
      "out_degree": 0,
      "betweenness": 0.0,
      "closeness": 0.08421052631578947,
      "pagerank": 0.04086471572329033,
      "degree_centrality": 0.05263157894736842,
      "cpd": {
        "values": [
          0.24177088840450273,
          0.8683634929600605,
          0.7582291115954973,
          0.13163650703993957
        ],
        "evidence": [
          10
        ],
        "evidence_card": [
          2
        ]
      }
    },
    "12": {
      "type": "leaf",
      "in_degree": 1,
      "out_degree": 0,
      "betweenness": 0.0,
      "closeness": 0.08421052631578947,
      "pagerank": 0.04086471572329033,
      "degree_centrality": 0.05263157894736842,
      "cpd": {
        "values": [
          0.21609531272762314,
          0.40944950272138414,
          0.7839046872723768,
          0.5905504972786157
        ],
        "evidence": [
          10
        ],
        "evidence_card": [
          2
        ]
      }
    },
    "13": {
      "type": "leaf",
      "in_degree": 1,
      "out_degree": 0,
      "betweenness": 0.0,
      "closeness": 0.08421052631578947,
      "pagerank": 0.04086471572329033,
      "degree_centrality": 0.05263157894736842,
      "cpd": {
        "values": [
          0.6274966688324313,
          0.40216399811557024,
          0.37250333116756873,
          0.5978360018844298
        ],
        "evidence": [
          10
        ],
        "evidence_card": [
          2
        ]
      }
    },
    "14": {
      "type": "leaf",
      "in_degree": 1,
      "out_degree": 0,
      "betweenness": 0.0,
      "closeness": 0.08421052631578947,
      "pagerank": 0.04086471572329033,
      "degree_centrality": 0.05263157894736842,
      "cpd": {
        "values": [
          0.6732556657682051,
          0.46822600438041206,
          0.326744334231795,
          0.5317739956195879
        ],
        "evidence": [
          10
        ],
        "evidence_card": [
          2
        ]
      }
    },
    "15": {
      "type": "leaf",
      "in_degree": 1,
      "out_degree": 0,
      "betweenness": 0.0,
      "closeness": 0.08421052631578947,
      "pagerank": 0.05012889035357897,
      "degree_centrality": 0.05263157894736842,