{
  "graph_index": 8965,
  "nodes": {
    "0": {
      "type": "root",
      "in_degree": 0,
      "out_degree": 1,
      "betweenness": 0.0,
      "closeness": 0.0,
      "pagerank": 0.03597766249697826,
      "degree_centrality": 0.0625,
      "cpd": {
        "values": [
          0.5,
          0.5,
          0.0,
          0.0
        ],
        "evidence": [],
        "evidence_card": []
      }
    },
    "1": {
      "type": "intermediate",
      "in_degree": 1,
      "out_degree": 2,
      "betweenness": 0.0625,
      "closeness": 0.0625,
      "pagerank": 0.06656024401509845,
      "degree_centrality": 0.1875,
      "cpd": {
        "values": [
          0.8428906689056022,
          0.7388591944877677,
          0.15710933109439784,
          0.2611408055122323
        ],
        "evidence": [
          0
        ],
        "evidence_card": [
          2
        ]
      }
    },
    "2": {
      "type": "intermediate",
      "in_degree": 1,
      "out_degree": 2,
      "betweenness": 0.025,
      "closeness": 0.08333333333333333,
      "pagerank": 0.06426516801831882,
      "degree_centrality": 0.1875,
      "cpd": {
        "values": [
          0.670297393764319,
          0.5064367336604104,
          0.32970260623568115,
          0.49356326633958963
        ],
        "evidence": [
          1
        ],
        "evidence_card": [
          2
        ]
      }
    },
    "3": {
      "type": "intermediate",
      "in_degree": 1,
      "out_degree": 3,
      "betweenness": 0.08333333333333333,
      "closeness": 0.08333333333333333,
      "pagerank": 0.06426516801831882,
      "degree_centrality": 0.25,
      "cpd": {
        "values": [
          0.6879739245924534,
          0.8526113787325342,
          0.31202607540754657,
          0.1473886212674657
        ],
        "evidence": [
          1
        ],
        "evidence_card": [
          2
        ]
      }
    },
    "4": {
      "type": "intermediate",
      "in_degree": 1,
      "out_degree": 2,
      "betweenness": 0.025,
      "closeness": 0.09375,
      "pagerank": 0.05418577161429496,
      "degree_centrality": 0.1875,
      "cpd": {
        "values": [
          0.7978242813778726,
          0.3726446456439325,
          0.20217571862212735,
          0.6273553543560675
        ],
        "evidence": [
          3
        ],
        "evidence_card": [
          2
        ]
      }
    },
    "5": {
      "type": "intermediate",
      "in_degree": 1,
      "out_degree": 2,
      "betweenness": 0.025,
      "closeness": 0.09375,
      "pagerank": 0.05418577161429496,
      "degree_centrality": 0.1875,
      "cpd": {
        "values": [
          0.08813025619804833,
          0.5728220242312423,
          0.9118697438019516,
          0.42717797576875777
        ],
        "evidence": [
          3
        ],
        "evidence_card": [
          2
        ]
      }
    },
    "6": {
      "type": "intermediate",
      "in_degree": 1,
      "out_degree": 4,
      "betweenness": 0.041666666666666664,
      "closeness": 0.09375,
      "pagerank": 0.05418577161429496,
      "degree_centrality": 0.3125,
      "cpd": {
        "values": [
          0.9485881896656266,
          0.6441935426883432,
          0.05141181033437341,
          0.3558064573116569
        ],
        "evidence": [
          3
        ],
        "evidence_card": [
          2
        ]
      }
    },
    "7": {
      "type": "leaf",
      "in_degree": 1,
      "out_degree": 0,
      "betweenness": 0.0,
      "closeness": 0.1,
      "pagerank": 0.04749237255507426,
      "degree_centrality": 0.0625,
      "cpd": {
        "values": [
          0.41721236267315576,
          0.10024672559422441,
          0.5827876373268441,
          0.8997532744057756
        ],
        "evidence": [
          6
        ],
        "evidence_card": [
          2
        ]
      }
    },
    "8": {
      "type": "leaf",
      "in_degree": 1,
      "out_degree": 0,
      "betweenness": 0.0,
      "closeness": 0.1,
      "pagerank": 0.04749237255507426,
      "degree_centrality": 0.0625,
      "cpd": {
        "values": [
          0.15954358018396156,
          0.09217093088205533,
          0.8404564198160385,
          0.9078290691179447
        ],
        "evidence": [
          6
        ],
        "evidence_card": [
          2
        ]
      }
    },
    "9": {
      "type": "leaf",
      "in_degree": 1,
      "out_degree": 0,
      "betweenness": 0.0,
      "closeness": 0.1,
      "pagerank": 0.04749237255507426,
      "degree_centrality": 0.0625,
      "cpd": {
        "values": [
          0.20389429045439486,
          0.23755999071154849,
          0.7961057095456051,
          0.7624400092884515
        ],
        "evidence": [
          6
        ],
        "evidence_card": [
          2
        ]
      }
    },
    "10": {
      "type": "leaf",
      "in_degree": 2,
      "out_degree": 0,
      "betweenness": 0.0,
      "closeness": 0.1736111111111111,
      "pagerank": 0.07480453623104931,
      "degree_centrality": 0.125,
      "cpd": {
        "values": [
          0.6653388069751173,
          0.5092695269553157,
          0.23963159376556079,
          0.6588256142958477
        ],
        "evidence": [
          2,
          6
        ],
        "evidence_card": [
          2,
          2
        ]
      }
    },
    "11": {
      "type": "leaf",
      "in_degree": 1,
      "out_degree": 0,
      "betweenness": 0.0,
      "closeness": 0.1,
      "pagerank": 0.05900708261317027,
      "degree_centrality": 0.0625,
      "cpd": {
        "values": [
          0.04151908374531635,
          0.5068121631721183,
          0.9584809162546837,
          0.4931878368278817
        ],
        "evidence": [
          5
        ],
        "evidence_card": [
          2
        ]
      }
    },
    "12": {
      "type": "leaf",
      "in_degree": 1,
      "out_degree": 0,
      "betweenness": 0.0,
      "closeness": 0.1,
      "pagerank": 0.05900708261317027,
      "degree_centrality": 0.0625,
      "cpd": {
        "values": [
          0.5271217801671826,
          0.18383034056939554,
          0.47287821983281736,
          0.8161696594306045
        ],
        "evidence": [
          5
        ],
        "evidence_card": [
          2
        ]
      }
    },
    "13": {
      "type": "leaf",
      "in_degree": 1,
      "out_degree": 0,
      "betweenness": 0.0,
      "closeness": 0.1,
      "pagerank": 0.05900708261317027,
      "degree_centrality": 0.0625,
      "cpd": {
        "values": [
          0.3915182003390093,
          0.9957647931483606,
          0.6084817996609907,
          0.0042352068516393546
        ],
        "evidence": [
          4
        ],
        "evidence_card": [
          2
        ]
      }
    },
    "14": {
      "type": "leaf",
      "in_degree": 1,
      "out_degree": 0,
      "betweenness": 0.0,
      "closeness": 0.1,
      "pagerank": 0.05900708261317027,
      "degree_centrality": 0.0625,
      "cpd": {
        "values": [
          0.7311916863843614,
          0.03214206274567824,
          0.26880831361563867,
          0.9678579372543218
        ],
        "evidence": [
          4
        ],
        "evidence_card": [
          2
        ]
      }
    },
    "15": {
      "type": "intermediate",
      "in_degree": 1,
      "out_degree": 1,
      "betweenness": 0.0125,
      "closeness": 0.09375,
      "pagerank": 0.06328982617295331,
      "degree_centrality": 0.125,
      "cpd": {
        "values": [
          0.3375324034520358,
          0.596604939892478,
          0.6624675965479643,
          0.40339506010752213
        ],
        "evidence": [
          2
        ],
        "evidence_card": [
          2
        ]
      }
    },
    "16": {
      "type": "leaf",
      "in_degree": 1,
      "out_degree": 0,
      "betweenness": 0.0,
      "closeness": 0.1,
      "pagerank": 0.08977463208649417,
      "degree_centrality": 0.0625,