{
  "graph_index": 1256,
  "nodes": {
    "0": {
      "type": "root",
      "in_degree": 0,
      "out_degree": 1,
      "betweenness": 0.0,
      "closeness": 0.0,
      "pagerank": 0.03063257728280768,
      "degree_centrality": 0.05,
      "cpd": {
        "values": [
          0.5,
          0.5,
          0.0,
          0.0
        ],
        "evidence": [],
        "evidence_card": []
      }
    },
    "1": {
      "type": "intermediate",
      "in_degree": 1,
      "out_degree": 2,
      "betweenness": 0.049999999999999996,
      "closeness": 0.05,
      "pagerank": 0.05667084949055877,
      "degree_centrality": 0.15000000000000002,
      "cpd": {
        "values": [
          0.9522846284240818,
          0.759315979046473,
          0.0477153715759182,
          0.2406840209535271
        ],
        "evidence": [
          0
        ],
        "evidence_card": [
          2
        ]
      }
    },
    "2": {
      "type": "intermediate",
      "in_degree": 1,
      "out_degree": 2,
      "betweenness": 0.021052631578947368,
      "closeness": 0.06666666666666667,
      "pagerank": 0.054717264266450384,
      "degree_centrality": 0.15000000000000002,
      "cpd": {
        "values": [
          0.933894357212952,
          0.4559869921651279,
          0.06610564278704796,
          0.5440130078348722
        ],
        "evidence": [
          1
        ],
        "evidence_card": [
          2
        ]
      }
    },
    "3": {
      "type": "intermediate",
      "in_degree": 1,
      "out_degree": 4,
      "betweenness": 0.06842105263157895,
      "closeness": 0.06666666666666667,
      "pagerank": 0.054717264266450384,
      "degree_centrality": 0.25,
      "cpd": {
        "values": [
          0.6419575181089262,
          0.5177544106124707,
          0.35804248189107374,
          0.48224558938752926
        ],
        "evidence": [
          1
        ],
        "evidence_card": [
          2
        ]
      }
    },
    "4": {
      "type": "intermediate",
      "in_degree": 1,
      "out_degree": 4,
      "betweenness": 0.031578947368421054,
      "closeness": 0.075,
      "pagerank": 0.04225982341463913,
      "degree_centrality": 0.25,
      "cpd": {
        "values": [
          0.7390011429426729,
          0.8413692878351771,
          0.26099885705732706,
          0.15863071216482294
        ],
        "evidence": [
          3
        ],
        "evidence_card": [
          2
        ]
      }
    },
    "5": {
      "type": "intermediate",
      "in_degree": 1,
      "out_degree": 1,
      "betweenness": 0.007894736842105263,
      "closeness": 0.075,
      "pagerank": 0.04225982341463913,
      "degree_centrality": 0.1,
      "cpd": {
        "values": [
          0.31255060575358784,
          0.35320662779373174,
          0.6874493942464122,
          0.6467933722062683
        ],
        "evidence": [
          3
        ],
        "evidence_card": [
          2
        ]
      }
    },
    "6": {
      "type": "intermediate",
      "in_degree": 1,
      "out_degree": 4,
      "betweenness": 0.02631578947368421,
      "closeness": 0.075,
      "pagerank": 0.04225982341463913,
      "degree_centrality": 0.25,
      "cpd": {
        "values": [
          0.346551215300825,
          0.6006335832955757,
          0.653448784699175,
          0.39936641670442424
        ],
        "evidence": [
          3
        ],
        "evidence_card": [
          2
        ]
      }
    },
    "7": {
      "type": "intermediate",
      "in_degree": 1,
      "out_degree": 1,
      "betweenness": 0.007894736842105263,
      "closeness": 0.075,
      "pagerank": 0.04225982341463913,
      "degree_centrality": 0.1,
      "cpd": {
        "values": [
          0.39088252468212775,
          0.4262652190347714,
          0.6091174753178723,
          0.5737347809652286
        ],
        "evidence": [
          3
        ],
        "evidence_card": [
          2
        ]
      }
    },
    "8": {
      "type": "leaf",
      "in_degree": 1,
      "out_degree": 0,
      "betweenness": 0.0,
      "closeness": 0.08000000000000002,
      "pagerank": 0.06655399962265796,
      "degree_centrality": 0.05,
      "cpd": {
        "values": [
          0.09361040219932848,
          0.5018138598461124,
          0.9063895978006715,
          0.4981861401538876
        ],
        "evidence": [
          7
        ],
        "evidence_card": [
          2
        ]
      }
    },
    "9": {
      "type": "leaf",
      "in_degree": 1,
      "out_degree": 0,
      "betweenness": 0.0,
      "closeness": 0.08000000000000002,
      "pagerank": 0.039612932867770255,
      "degree_centrality": 0.05,
      "cpd": {
        "values": [
          0.5545043314889139,
          0.6953735642683221,
          0.4454956685110862,
          0.3046264357316779
        ],
        "evidence": [
          6
        ],
        "evidence_card": [
          2
        ]
      }
    },
    "10": {
      "type": "leaf",
      "in_degree": 1,
      "out_degree": 0,
      "betweenness": 0.0,
      "closeness": 0.08000000000000002,
      "pagerank": 0.039612932867770255,
      "degree_centrality": 0.05,
      "cpd": {
        "values": [
          0.9320192213148997,
          0.09995681278851949,
          0.06798077868510037,
          0.9000431872114805
        ],
        "evidence": [
          6
        ],
        "evidence_card": [
          2
        ]
      }
    },
    "11": {
      "type": "leaf",
      "in_degree": 2,
      "out_degree": 0,
      "betweenness": 0.0,
      "closeness": 0.1388888888888889,
      "pagerank": 0.06286742513143313,
      "degree_centrality": 0.1,
      "cpd": {
        "values": [
          0.5080435411036466,
          0.7196609094003465,
          0.24621180500390102,
          0.639583275707388
        ],
        "evidence": [
          2,
          6
        ],
        "evidence_card": [
          2,
          2
        ]
      }
    },
    "12": {
      "type": "leaf",
      "in_degree": 1,
      "out_degree": 0,
      "betweenness": 0.0,
      "closeness": 0.08000000000000002,
      "pagerank": 0.039612932867770255,
      "degree_centrality": 0.05,
      "cpd": {
        "values": [
          0.7915108447161099,
          0.4947174608739835,
          0.20848915528389012,
          0.5052825391260165
        ],
        "evidence": [
          6
        ],
        "evidence_card": [
          2
        ]
      }
    },
    "13": {
      "type": "leaf",
      "in_degree": 1,
      "out_degree": 0,
      "betweenness": 0.0,
      "closeness": 0.08000000000000002,
      "pagerank": 0.06655399962265796,
      "degree_centrality": 0.05,
      "cpd": {
        "values": [
          0.32087271854530497,
          0.8480678999002582,
          0.679127281454695,
          0.15193210009974176
        ],
        "evidence": [
          5
        ],
        "evidence_card": [
          2
        ]
      }
    },
    "14": {
      "type": "leaf",
      "in_degree": 1,
      "out_degree": 0,
      "betweenness": 0.0,
      "closeness": 0.08000000000000002,
      "pagerank": 0.039612932867770255,
      "degree_centrality": 0.05,
      "cpd": {
        "values": [
          0.451541636397723,
          0.39157720673101964,
          0.5484583636022771,
          0.6084227932689804
        ],
        "evidence": [
          4
        ],
        "evidence_card": [
          2
        ]
      }
    },
    "15": {
      "type": "leaf",
      "in_degree": 1,
      "out_degree": 0,
      "betweenness": 0.0,
      "closeness": 0.08000000000000002,
      "pagerank": 0.039612932867770255,
      "degree_centrality": 0.05,
      "cpd": {
        "values": [
          0.09197578815161934,
          0.8948113423299416,
          0.9080242118483807,
          0.10518865767005837
        ],
        "evidence": [
          4
        ],
        "evidence_card": [
          2
        ]
      }
    },
    "16": {
      "type": "leaf",
      "in_degree": 1,