{
  "graph_index": 4616,
  "nodes": {
    "0": {
      "type": "root",
      "in_degree": 0,
      "out_degree": 2,
      "betweenness": 0.0,
      "closeness": 0.0,
      "pagerank": 0.0333659954640117,
      "degree_centrality": 0.125,
      "cpd": {
        "values": [
          0.5,
          0.5,
          0.0,
          0.0
        ],
        "evidence": [],
        "evidence_card": []
      }
    },
    "1": {
      "type": "intermediate",
      "in_degree": 1,
      "out_degree": 1,
      "betweenness": 0.022916666666666665,
      "closeness": 0.0625,
      "pagerank": 0.047546253122470974,
      "degree_centrality": 0.125,
      "cpd": {
        "values": [
          0.20536476132596485,
          0.5033558796865321,
          0.7946352386740351,
          0.496644120313468
        ],
        "evidence": [
          0
        ],
        "evidence_card": [
          2
        ]
      }
    },
    "2": {
      "type": "intermediate",
      "in_degree": 1,
      "out_degree": 2,
      "betweenness": 0.035416666666666666,
      "closeness": 0.0625,
      "pagerank": 0.047546253122470974,
      "degree_centrality": 0.1875,
      "cpd": {
        "values": [
          0.7940981048758969,
          0.31530727918806395,
          0.20590189512410303,
          0.684692720811936
        ],
        "evidence": [
          0
        ],
        "evidence_card": [
          2
        ]
      }
    },
    "3": {
      "type": "intermediate",
      "in_degree": 1,
      "out_degree": 1,
      "betweenness": 0.03333333333333333,
      "closeness": 0.08333333333333333,
      "pagerank": 0.05357309122433456,
      "degree_centrality": 0.125,
      "cpd": {
        "values": [
          0.36928063997526156,
          0.10086321485478146,
          0.6307193600247384,
          0.8991367851452186
        ],
        "evidence": [
          2
        ],
        "evidence_card": [
          2
        ]
      }
    },
    "4": {
      "type": "intermediate",
      "in_degree": 1,
      "out_degree": 2,
      "betweenness": 0.022916666666666665,
      "closeness": 0.08333333333333333,
      "pagerank": 0.05357309122433456,
      "degree_centrality": 0.1875,
      "cpd": {
        "values": [
          0.837472935975739,
          0.5693085426567956,
          0.16252706402426093,
          0.4306914573432043
        ],
        "evidence": [
          2
        ],
        "evidence_card": [
          2
        ]
      }
    },
    "5": {
      "type": "intermediate",
      "in_degree": 1,
      "out_degree": 1,
      "betweenness": 0.0125,
      "closeness": 0.09375,
      "pagerank": 0.05613477735993135,
      "degree_centrality": 0.125,
      "cpd": {
        "values": [
          0.659953333360326,
          0.015553106631783305,
          0.340046666639674,
          0.9844468933682167
        ],
        "evidence": [
          4
        ],
        "evidence_card": [
          2
        ]
      }
    },
    "6": {
      "type": "leaf",
      "in_degree": 1,
      "out_degree": 0,
      "betweenness": 0.0,
      "closeness": 0.1,
      "pagerank": 0.08108082461215502,
      "degree_centrality": 0.0625,
      "cpd": {
        "values": [
          0.37358279732235533,
          0.22712766073147092,
          0.6264172026776447,
          0.772872339268529
        ],
        "evidence": [
          5
        ],
        "evidence_card": [
          2
        ]
      }
    },
    "7": {
      "type": "intermediate",
      "in_degree": 1,
      "out_degree": 4,
      "betweenness": 0.041666666666666664,
      "closeness": 0.09375,
      "pagerank": 0.07890355925585099,
      "degree_centrality": 0.3125,
      "cpd": {
        "values": [
          0.4233592438854318,
          0.13616218592044646,
          0.5766407561145682,
          0.8638378140795534
        ],
        "evidence": [
          3
        ],
        "evidence_card": [
          2
        ]
      }
    },
    "8": {
      "type": "leaf",
      "in_degree": 1,
      "out_degree": 0,
      "betweenness": 0.0,
      "closeness": 0.1,
      "pagerank": 0.05013328120885373,
      "degree_centrality": 0.0625,
      "cpd": {
        "values": [
          0.8107721211581275,
          0.18247648017279391,
          0.18922787884187253,
          0.8175235198272061
        ],
        "evidence": [
          7
        ],
        "evidence_card": [
          2
        ]
      }
    },
    "9": {
      "type": "leaf",
      "in_degree": 3,
      "out_degree": 0,
      "betweenness": 0.0,
      "closeness": 0.25520833333333337,
      "pagerank": 0.10425936923815339,
      "degree_centrality": 0.1875,
      "cpd": {
        "values": [
          0.6131452949792782,
          0.06676424866405323,
          0.41723435450166363,
          0.1626311349888465
        ],
        "evidence": [
          12,
          4,
          7
        ],
        "evidence_card": [
          2,
          2,
          2
        ]
      }
    },
    "10": {
      "type": "leaf",
      "in_degree": 1,
      "out_degree": 0,
      "betweenness": 0.0,
      "closeness": 0.1,
      "pagerank": 0.05013328120885373,
      "degree_centrality": 0.0625,
      "cpd": {
        "values": [
          0.5558013810921076,
          0.7131177861371268,
          0.44419861890789236,
          0.2868822138628732
        ],
        "evidence": [
          7
        ],
        "evidence_card": [
          2
        ]
      }
    },
    "11": {
      "type": "leaf",
      "in_degree": 1,
      "out_degree": 0,
      "betweenness": 0.0,
      "closeness": 0.1,
      "pagerank": 0.05013328120885373,
      "degree_centrality": 0.0625,
      "cpd": {
        "values": [
          0.6032747345678017,
          0.18262074579321602,
          0.3967252654321983,
          0.8173792542067839
        ],
        "evidence": [
          7
        ],
        "evidence_card": [
          2
        ]
      }
    },
    "12": {
      "type": "intermediate",
      "in_degree": 1,
      "out_degree": 2,
      "betweenness": 0.03958333333333333,
      "closeness": 0.08333333333333333,
      "pagerank": 0.07378018698465741,
      "degree_centrality": 0.1875,
      "cpd": {
        "values": [
          0.820412321515031,
          0.5155877983047262,
          0.17958767848496904,
          0.48441220169527377
        ],
        "evidence": [
          1
        ],
        "evidence_card": [
          2
        ]
      }
    },
    "13": {
      "type": "intermediate",
      "in_degree": 1,
      "out_degree": 3,
      "betweenness": 0.0375,
      "closeness": 0.09375,
      "pagerank": 0.06472330159739172,
      "degree_centrality": 0.25,
      "cpd": {
        "values": [
          0.4285441894438456,
          0.5042917387173428,
          0.5714558105561545,
          0.49570826128265727
        ],
        "evidence": [
          12
        ],
        "evidence_card": [
          2
        ]
      }
    },
    "14": {
      "type": "leaf",
      "in_degree": 1,
      "out_degree": 0,
      "betweenness": 0.0,
      "closeness": 0.1,
      "pagerank": 0.05170448438922535,
      "degree_centrality": 0.0625,
      "cpd": {
        "values": [
          0.7618191747590252,
          0.7357074949255826,
          0.2381808252409748,
          0.2642925050744174
        ],
        "evidence": [
          13
        ],
        "evidence_card": [
          2
        ]
      }
    },
    "15": {
      "type": "leaf",
      "in_degree": 1,
      "out_degree": 0,
      "betweenness": 0.0,
      "closeness": 0.1,
      "pagerank": 0.05170448438922535,
      "degree_centrality": 0.0625,
      "cpd": {
        "values": [
          0.8258181351080105,
          0.28448325402414854,
          0.17418186489198953,
          0.7155167459758514
        ],
        "evidence": [
          13
        ],
        "evidence_card": [
          2
        ]
      }
    },
    "16": {
      "type": "leaf",
      "in_degree": 1,
      "out_degree": 0,
      "betweenness": 0.0,