{
  "graph_index": 1838,
  "nodes": {
    "0": {
      "type": "root",
      "in_degree": 0,
      "out_degree": 1,
      "betweenness": 0.0,
      "closeness": 0.0,
      "pagerank": 0.0384352385500851,
      "degree_centrality": 0.0625,
      "cpd": {
        "values": [
          0.5,
          0.5,
          0.0,
          0.0
        ],
        "evidence": [],
        "evidence_card": []
      }
    },
    "1": {
      "type": "intermediate",
      "in_degree": 1,
      "out_degree": 1,
      "betweenness": 0.0625,
      "closeness": 0.0625,
      "pagerank": 0.0711058377639504,
      "degree_centrality": 0.125,
      "cpd": {
        "values": [
          0.46866188664669123,
          0.582630145592216,
          0.5313381133533088,
          0.417369854407784
        ],
        "evidence": [
          0
        ],
        "evidence_card": [
          2
        ]
      }
    },
    "2": {
      "type": "intermediate",
      "in_degree": 1,
      "out_degree": 3,
      "betweenness": 0.11666666666666667,
      "closeness": 0.08333333333333333,
      "pagerank": 0.09887618342259448,
      "degree_centrality": 0.25,
      "cpd": {
        "values": [
          0.4639761882676432,
          0.7436705422696073,
          0.5360238117323567,
          0.2563294577303928
        ],
        "evidence": [
          1
        ],
        "evidence_card": [
          2
        ]
      }
    },
    "3": {
      "type": "intermediate",
      "in_degree": 1,
      "out_degree": 3,
      "betweenness": 0.0375,
      "closeness": 0.09375,
      "pagerank": 0.06645032560185421,
      "degree_centrality": 0.25,
      "cpd": {
        "values": [
          0.3598431216779255,
          0.5477101631010214,
          0.6401568783220746,
          0.4522898368989785
        ],
        "evidence": [
          2
        ],
        "evidence_card": [
          2
        ]
      }
    },
    "4": {
      "type": "intermediate",
      "in_degree": 1,
      "out_degree": 4,
      "betweenness": 0.05,
      "closeness": 0.09375,
      "pagerank": 0.06645032560185421,
      "degree_centrality": 0.3125,
      "cpd": {
        "values": [
          0.025100283699985473,
          0.6333722401989921,
          0.9748997163000145,
          0.3666277598010079
        ],
        "evidence": [
          2
        ],
        "evidence_card": [
          2
        ]
      }
    },
    "5": {
      "type": "intermediate",
      "in_degree": 1,
      "out_degree": 4,
      "betweenness": 0.05,
      "closeness": 0.09375,
      "pagerank": 0.06645032560185421,
      "degree_centrality": 0.3125,
      "cpd": {
        "values": [
          0.8286589504924338,
          0.4557462173559396,
          0.1713410495075663,
          0.5442537826440604
        ],
        "evidence": [
          2
        ],
        "evidence_card": [
          2
        ]
      }
    },
    "6": {
      "type": "leaf",
      "in_degree": 1,
      "out_degree": 0,
      "betweenness": 0.0,
      "closeness": 0.1,
      "pagerank": 0.052555583500657706,
      "degree_centrality": 0.0625,
      "cpd": {
        "values": [
          0.7129958734800564,
          0.7192110566356295,
          0.28700412651994356,
          0.2807889433643705
        ],
        "evidence": [
          5
        ],
        "evidence_card": [
          2
        ]
      }
    },
    "7": {
      "type": "leaf",
      "in_degree": 1,
      "out_degree": 0,
      "betweenness": 0.0,
      "closeness": 0.1,
      "pagerank": 0.052555583500657706,
      "degree_centrality": 0.0625,
      "cpd": {
        "values": [
          0.5499408411154068,
          0.6986035360749168,
          0.4500591588845932,
          0.3013964639250833
        ],
        "evidence": [
          5
        ],
        "evidence_card": [
          2
        ]
      }
    },
    "8": {
      "type": "leaf",
      "in_degree": 1,
      "out_degree": 0,
      "betweenness": 0.0,
      "closeness": 0.1,
      "pagerank": 0.052555583500657706,
      "degree_centrality": 0.0625,
      "cpd": {
        "values": [
          0.8310921077012636,
          0.42745116953514023,
          0.16890789229873648,
          0.5725488304648597
        ],
        "evidence": [
          5
        ],
        "evidence_card": [
          2
        ]
      }
    },
    "9": {
      "type": "leaf",
      "in_degree": 1,
      "out_degree": 0,
      "betweenness": 0.0,
      "closeness": 0.1,
      "pagerank": 0.052555583500657706,
      "degree_centrality": 0.0625,
      "cpd": {
        "values": [
          0.3359865308763938,
          0.1681293989868249,
          0.6640134691236061,
          0.8318706010131751
        ],
        "evidence": [
          5
        ],
        "evidence_card": [
          2
        ]
      }
    },
    "10": {
      "type": "leaf",
      "in_degree": 1,
      "out_degree": 0,
      "betweenness": 0.0,
      "closeness": 0.1,
      "pagerank": 0.052555583500657706,
      "degree_centrality": 0.0625,
      "cpd": {
        "values": [
          0.12382224362908376,
          0.9298697747637855,
          0.8761777563709162,
          0.07013022523621448
        ],
        "evidence": [
          4
        ],
        "evidence_card": [
          2
        ]
      }
    },
    "11": {
      "type": "leaf",
      "in_degree": 1,
      "out_degree": 0,
      "betweenness": 0.0,
      "closeness": 0.1,
      "pagerank": 0.052555583500657706,
      "degree_centrality": 0.0625,
      "cpd": {
        "values": [
          0.39590003330002344,
          0.1544975478715858,
          0.6040999666999766,
          0.8455024521284142
        ],
        "evidence": [
          4
        ],
        "evidence_card": [
          2
        ]
      }
    },
    "12": {
      "type": "leaf",
      "in_degree": 1,
      "out_degree": 0,
      "betweenness": 0.0,
      "closeness": 0.1,
      "pagerank": 0.052555583500657706,
      "degree_centrality": 0.0625,
      "cpd": {
        "values": [
          0.7124632998247243,
          0.13729483275170465,
          0.28753670017527566,
          0.8627051672482954
        ],
        "evidence": [
          4
        ],
        "evidence_card": [
          2
        ]
      }
    },
    "13": {
      "type": "leaf",
      "in_degree": 1,
      "out_degree": 0,
      "betweenness": 0.0,
      "closeness": 0.1,
      "pagerank": 0.052555583500657706,
      "degree_centrality": 0.0625,
      "cpd": {
        "values": [
          0.532555808735002,
          0.5689024381003409,
          0.46744419126499803,
          0.43109756189965903
        ],
        "evidence": [
          4
        ],
        "evidence_card": [
          2
        ]
      }
    },
    "14": {
      "type": "leaf",
      "in_degree": 1,
      "out_degree": 0,
      "betweenness": 0.0,
      "closeness": 0.1,
      "pagerank": 0.05726236515084858,
      "degree_centrality": 0.0625,
      "cpd": {
        "values": [
          0.6576905469915053,
          0.15450469718607904,
          0.3423094530084946,
          0.8454953028139209
        ],
        "evidence": [
          3
        ],
        "evidence_card": [
          2
        ]
      }
    },
    "15": {
      "type": "leaf",
      "in_degree": 1,
      "out_degree": 0,
      "betweenness": 0.0,
      "closeness": 0.1,
      "pagerank": 0.05726236515084858,
      "degree_centrality": 0.0625,
      "cpd": {
        "values": [
          0.4151844905382139,
          0.8015237012340846,
          0.584815509461786,
          0.1984762987659154
        ],
        "evidence": [
          3
        ],
        "evidence_card": [
          2
        ]
      }
    },
    "16": {
      "type": "leaf",
      "in_degree": 1,
      "out_degree": 0,
      "betweenness": 0.0,
      "closeness": 0.1,
      "pagerank": 0.05726236515084858,
      "degree_centrality": 0.0625,