{
  "graph_index": 2158,
  "nodes": {
    "0": {
      "type": "root",
      "in_degree": 0,
      "out_degree": 1,
      "betweenness": 0.0,
      "closeness": 0.0,
      "pagerank": 0.021486289497310913,
      "degree_centrality": 0.03333333333333333,
      "cpd": {
        "values": [
          0.5,
          0.5,
          0.0,
          0.0
        ],
        "evidence": [],
        "evidence_card": []
      }
    },
    "1": {
      "type": "intermediate",
      "in_degree": 1,
      "out_degree": 4,
      "betweenness": 0.03333333333333333,
      "closeness": 0.03333333333333333,
      "pagerank": 0.03974935061139735,
      "degree_centrality": 0.16666666666666666,
      "cpd": {
        "values": [
          0.4326528859055476,
          0.2847170644525823,
          0.5673471140944523,
          0.7152829355474177
        ],
        "evidence": [
          0
        ],
        "evidence_card": [
          2
        ]
      }
    },
    "2": {
      "type": "intermediate",
      "in_degree": 1,
      "out_degree": 4,
      "betweenness": 0.01839080459770115,
      "closeness": 0.04444444444444444,
      "pagerank": 0.02993294780677217,
      "degree_centrality": 0.16666666666666666,
      "cpd": {
        "values": [
          0.4358627609656576,
          0.5320732789857125,
          0.5641372390343424,
          0.4679267210142875
        ],
        "evidence": [
          1
        ],
        "evidence_card": [
          2
        ]
      }
    },
    "3": {
      "type": "intermediate",
      "in_degree": 1,
      "out_degree": 2,
      "betweenness": 0.013793103448275862,
      "closeness": 0.04444444444444444,
      "pagerank": 0.02993294780677217,
      "degree_centrality": 0.1,
      "cpd": {
        "values": [
          0.2651377459406629,
          0.08807748877515743,
          0.734862254059337,
          0.9119225112248426
        ],
        "evidence": [
          1
        ],
        "evidence_card": [
          2
        ]
      }
    },
    "4": {
      "type": "intermediate",
      "in_degree": 1,
      "out_degree": 2,
      "betweenness": 0.011494252873563218,
      "closeness": 0.04444444444444444,
      "pagerank": 0.02993294780677217,
      "degree_centrality": 0.1,
      "cpd": {
        "values": [
          0.3785830077487147,
          0.3374031777990141,
          0.6214169922512852,
          0.662596822200986
        ],
        "evidence": [
          1
        ],
        "evidence_card": [
          2
        ]
      }
    },
    "5": {
      "type": "intermediate",
      "in_degree": 1,
      "out_degree": 3,
      "betweenness": 0.013793103448275862,
      "closeness": 0.04444444444444444,
      "pagerank": 0.02993294780677217,
      "degree_centrality": 0.13333333333333333,
      "cpd": {
        "values": [
          0.7379037679432052,
          0.5481469235874237,
          0.2620962320567948,
          0.4518530764125764
        ],
        "evidence": [
          1
        ],
        "evidence_card": [
          2
        ]
      }
    },
    "6": {
      "type": "intermediate",
      "in_degree": 1,
      "out_degree": 2,
      "betweenness": 0.006896551724137931,
      "closeness": 0.05,
      "pagerank": 0.02996724078141602,
      "degree_centrality": 0.1,
      "cpd": {
        "values": [
          0.45935018762437957,
          0.33178281737249804,
          0.5406498123756204,
          0.668217182627502
        ],
        "evidence": [
          5
        ],
        "evidence_card": [
          2
        ]
      }
    },
    "7": {
      "type": "intermediate",
      "in_degree": 1,
      "out_degree": 2,
      "betweenness": 0.004597701149425287,
      "closeness": 0.05,
      "pagerank": 0.02996724078141602,
      "degree_centrality": 0.1,
      "cpd": {
        "values": [
          0.5170619903796336,
          0.8871255558299619,
          0.4829380096203663,
          0.11287444417003806
        ],
        "evidence": [
          5
        ],
        "evidence_card": [
          2
        ]
      }
    },
    "8": {
      "type": "leaf",
      "in_degree": 2,
      "out_degree": 0,
      "betweenness": 0.0,
      "closeness": 0.09259259259259259,
      "pagerank": 0.04694355649937825,
      "degree_centrality": 0.06666666666666667,
      "cpd": {
        "values": [
          0.4700742850970517,
          0.4140374638966636,
          0.4087650967470359,
          0.5739355011537653
        ],
        "evidence": [
          4,
          7
        ],
        "evidence_card": [
          2,
          2
        ]
      }
    },
    "9": {
      "type": "leaf",
      "in_degree": 1,
      "out_degree": 0,
      "betweenness": 0.0,
      "closeness": 0.05333333333333334,
      "pagerank": 0.03422212957322059,
      "degree_centrality": 0.03333333333333333,
      "cpd": {
        "values": [
          0.510453335907478,
          0.9045613943059903,
          0.48954666409252195,
          0.09543860569400975
        ],
        "evidence": [
          7
        ],
        "evidence_card": [
          2
        ]
      }
    },
    "10": {
      "type": "leaf",
      "in_degree": 1,
      "out_degree": 0,
      "betweenness": 0.0,
      "closeness": 0.05333333333333334,
      "pagerank": 0.03422212957322059,
      "degree_centrality": 0.03333333333333333,
      "cpd": {
        "values": [
          0.7407578310365388,
          0.6757190154906517,
          0.2592421689634611,
          0.32428098450934834
        ],
        "evidence": [
          6
        ],
        "evidence_card": [
          2
        ]
      }
    },
    "11": {
      "type": "leaf",
      "in_degree": 1,
      "out_degree": 0,
      "betweenness": 0.0,
      "closeness": 0.05333333333333334,
      "pagerank": 0.03422212957322059,
      "degree_centrality": 0.03333333333333333,
      "cpd": {
        "values": [
          0.504408754648148,
          0.2577696422468895,
          0.49559124535185206,
          0.7422303577531105
        ],
        "evidence": [
          6
        ],
        "evidence_card": [
          2
        ]
      }
    },
    "12": {
      "type": "intermediate",
      "in_degree": 1,
      "out_degree": 4,
      "betweenness": 0.011494252873563218,
      "closeness": 0.05,
      "pagerank": 0.03420771642346858,
      "degree_centrality": 0.16666666666666666,
      "cpd": {
        "values": [
          0.8327451425356107,
          0.06353234987243828,
          0.16725485746438926,
          0.9364676501275617
        ],
        "evidence": [
          4
        ],
        "evidence_card": [
          2
        ]
      }
    },
    "13": {
      "type": "leaf",
      "in_degree": 1,
      "out_degree": 0,
      "betweenness": 0.0,
      "closeness": 0.05333333333333334,
      "pagerank": 0.028755286914982366,
      "degree_centrality": 0.03333333333333333,
      "cpd": {
        "values": [
          0.7262287289127675,
          0.4786527409378868,
          0.2737712710872325,
          0.5213472590621133
        ],
        "evidence": [
          12
        ],
        "evidence_card": [
          2
        ]
      }
    },
    "14": {
      "type": "leaf",
      "in_degree": 1,
      "out_degree": 0,
      "betweenness": 0.0,
      "closeness": 0.05333333333333334,
      "pagerank": 0.028755286914982366,
      "degree_centrality": 0.03333333333333333,
      "cpd": {
        "values": [
          0.3665102516901526,
          0.786492829028238,
          0.6334897483098474,
          0.21350717097176194
        ],
        "evidence": [
          12
        ],
        "evidence_card": [
          2
        ]
      }
    },
    "15": {
      "type": "leaf",
      "in_degree": 1,
      "out_degree": 0,
      "betweenness": 0.0,
      "closeness": 0.05333333333333334,
      "pagerank": 0.028755286914982366,
      "degree_centrality": 0.03333333333333333,