{
  "graph_index": 5484,
  "nodes": {
    "0": {
      "type": "root",
      "in_degree": 0,
      "out_degree": 1,
      "betweenness": 0.0,
      "closeness": 0.0,
      "pagerank": 0.039971472858778286,
      "degree_centrality": 0.06666666666666667,
      "cpd": {
        "values": [
          0.5,
          0.5,
          0.0,
          0.0
        ],
        "evidence": [],
        "evidence_card": []
      }
    },
    "1": {
      "type": "intermediate",
      "in_degree": 1,
      "out_degree": 1,
      "betweenness": 0.06666666666666668,
      "closeness": 0.06666666666666667,
      "pagerank": 0.07394802213370863,
      "degree_centrality": 0.13333333333333333,
      "cpd": {
        "values": [
          0.44503953922494116,
          0.5071748863033029,
          0.5549604607750588,
          0.49282511369669724
        ],
        "evidence": [
          0
        ],
        "evidence_card": [
          2
        ]
      }
    },
    "2": {
      "type": "intermediate",
      "in_degree": 1,
      "out_degree": 3,
      "betweenness": 0.12380952380952381,
      "closeness": 0.08888888888888888,
      "pagerank": 0.1028285899339039,
      "degree_centrality": 0.26666666666666666,
      "cpd": {
        "values": [
          0.7419846720421187,
          0.503024121785496,
          0.2580153279578813,
          0.49697587821450395
        ],
        "evidence": [
          1
        ],
        "evidence_card": [
          2
        ]
      }
    },
    "3": {
      "type": "intermediate",
      "in_degree": 1,
      "out_degree": 2,
      "betweenness": 0.028571428571428574,
      "closeness": 0.1,
      "pagerank": 0.06910662436705492,
      "degree_centrality": 0.2,
      "cpd": {
        "values": [
          0.21322870364591678,
          0.5556962371676727,
          0.7867712963540832,
          0.4443037628323273
        ],
        "evidence": [
          2
        ],
        "evidence_card": [
          2
        ]
      }
    },
    "4": {
      "type": "intermediate",
      "in_degree": 1,
      "out_degree": 4,
      "betweenness": 0.05714285714285715,
      "closeness": 0.1,
      "pagerank": 0.06910662436705492,
      "degree_centrality": 0.3333333333333333,
      "cpd": {
        "values": [
          0.5837501509909148,
          0.3923505943827659,
          0.4162498490090851,
          0.607649405617234
        ],
        "evidence": [
          2
        ],
        "evidence_card": [
          2
        ]
      }
    },
    "5": {
      "type": "intermediate",
      "in_degree": 1,
      "out_degree": 4,
      "betweenness": 0.05714285714285715,
      "closeness": 0.1,
      "pagerank": 0.06910662436705492,
      "degree_centrality": 0.3333333333333333,
      "cpd": {
        "values": [
          0.30918667494474034,
          0.3460981901816761,
          0.6908133250552597,
          0.6539018098183238
        ],
        "evidence": [
          2
        ],
        "evidence_card": [
          2
        ]
      }
    },
    "6": {
      "type": "leaf",
      "in_degree": 1,
      "out_degree": 0,
      "betweenness": 0.0,
      "closeness": 0.10666666666666667,
      "pagerank": 0.054656248974166745,
      "degree_centrality": 0.06666666666666667,
      "cpd": {
        "values": [
          0.4721067269716954,
          0.006528784186988103,
          0.5278932730283047,
          0.9934712158130119
        ],
        "evidence": [
          5
        ],
        "evidence_card": [
          2
        ]
      }
    },
    "7": {
      "type": "leaf",
      "in_degree": 1,
      "out_degree": 0,
      "betweenness": 0.0,
      "closeness": 0.10666666666666667,
      "pagerank": 0.054656248974166745,
      "degree_centrality": 0.06666666666666667,
      "cpd": {
        "values": [
          0.8794380142257381,
          0.4336736374151397,
          0.12056198577426194,
          0.5663263625848604
        ],
        "evidence": [
          5
        ],
        "evidence_card": [
          2
        ]
      }
    },
    "8": {
      "type": "leaf",
      "in_degree": 1,
      "out_degree": 0,
      "betweenness": 0.0,
      "closeness": 0.10666666666666667,
      "pagerank": 0.054656248974166745,
      "degree_centrality": 0.06666666666666667,
      "cpd": {
        "values": [
          0.6401577539038372,
          0.5972005377598852,
          0.3598422460961627,
          0.4027994622401147
        ],
        "evidence": [
          5
        ],
        "evidence_card": [
          2
        ]
      }
    },
    "9": {
      "type": "leaf",
      "in_degree": 1,
      "out_degree": 0,
      "betweenness": 0.0,
      "closeness": 0.10666666666666667,
      "pagerank": 0.054656248974166745,
      "degree_centrality": 0.06666666666666667,
      "cpd": {
        "values": [
          0.48791084121546135,
          0.7139520384705548,
          0.5120891587845386,
          0.2860479615294452
        ],
        "evidence": [
          5
        ],
        "evidence_card": [
          2
        ]
      }
    },
    "10": {
      "type": "leaf",
      "in_degree": 1,
      "out_degree": 0,
      "betweenness": 0.0,
      "closeness": 0.10666666666666667,
      "pagerank": 0.054656248974166745,
      "degree_centrality": 0.06666666666666667,
      "cpd": {
        "values": [
          0.6337371847116139,
          0.5865531572873625,
          0.36626281528838617,
          0.4134468427126376
        ],
        "evidence": [
          4
        ],
        "evidence_card": [
          2
        ]
      }
    },
    "11": {
      "type": "leaf",
      "in_degree": 1,
      "out_degree": 0,
      "betweenness": 0.0,
      "closeness": 0.10666666666666667,
      "pagerank": 0.054656248974166745,
      "degree_centrality": 0.06666666666666667,
      "cpd": {
        "values": [
          0.5099577287823204,
          0.6282909533573275,
          0.4900422712176796,
          0.37170904664267246
        ],
        "evidence": [
          4
        ],
        "evidence_card": [
          2
        ]
      }
    },
    "12": {
      "type": "leaf",
      "in_degree": 1,
      "out_degree": 0,
      "betweenness": 0.0,
      "closeness": 0.10666666666666667,
      "pagerank": 0.054656248974166745,
      "degree_centrality": 0.06666666666666667,
      "cpd": {
        "values": [
          0.8846532298038662,
          0.5666363693923531,
          0.11534677019613386,
          0.433363630607647
        ],
        "evidence": [
          4
        ],
        "evidence_card": [
          2
        ]
      }
    },
    "13": {
      "type": "leaf",
      "in_degree": 1,
      "out_degree": 0,
      "betweenness": 0.0,
      "closeness": 0.10666666666666667,
      "pagerank": 0.054656248974166745,
      "degree_centrality": 0.06666666666666667,
      "cpd": {
        "values": [
          0.013566358751881209,
          0.6286670941677837,
          0.9864336412481188,
          0.37133290583221645
        ],
        "evidence": [
          4
        ],
        "evidence_card": [
          2
        ]
      }
    },
    "14": {
      "type": "leaf",
      "in_degree": 1,
      "out_degree": 0,
      "betweenness": 0.0,
      "closeness": 0.10666666666666667,
      "pagerank": 0.0693410250895552,
      "degree_centrality": 0.06666666666666667,
      "cpd": {
        "values": [
          0.12716597550324943,
          0.21723650859980434,
          0.8728340244967505,
          0.7827634914001957
        ],
        "evidence": [
          3
        ],
        "evidence_card": [
          2
        ]
      }
    },
    "15": {
      "type": "leaf",
      "in_degree": 1,
      "out_degree": 0,
      "betweenness": 0.0,
      "closeness": 0.10666666666666667,
      "pagerank": 0.0693410250895552,
      "degree_centrality": 0.06666666666666667,
      "cpd": {
        "values": [
          0.14973845555631235,
          0.18179381324325958,
          0.8502615444436876,
          0.8182061867567404
        ],