{
  "graph_index": 4813,
  "nodes": {
    "0": {
      "type": "root",
      "in_degree": 0,
      "out_degree": 2,
      "betweenness": 0.0,
      "closeness": 0.0,
      "pagerank": 0.018744264436470558,
      "degree_centrality": 0.05714285714285714,
      "cpd": {
        "values": [
          0.5,
          0.5,
          0.0,
          0.0
        ],
        "evidence": [],
        "evidence_card": []
      }
    },
    "1": {
      "type": "intermediate",
      "in_degree": 1,
      "out_degree": 2,
      "betweenness": 0.009243697478991597,
      "closeness": 0.02857142857142857,
      "pagerank": 0.02671035462050951,
      "degree_centrality": 0.08571428571428572,
      "cpd": {
        "values": [
          0.5087397171075339,
          0.5926123969734733,
          0.49126028289246626,
          0.4073876030265267
        ],
        "evidence": [
          0
        ],
        "evidence_card": [
          2
        ]
      }
    },
    "2": {
      "type": "intermediate",
      "in_degree": 1,
      "out_degree": 2,
      "betweenness": 0.018487394957983194,
      "closeness": 0.02857142857142857,
      "pagerank": 0.02671035462050951,
      "degree_centrality": 0.08571428571428572,
      "cpd": {
        "values": [
          0.17204526023248823,
          0.3297431593437835,
          0.8279547397675118,
          0.6702568406562165
        ],
        "evidence": [
          0
        ],
        "evidence_card": [
          2
        ]
      }
    },
    "3": {
      "type": "intermediate",
      "in_degree": 1,
      "out_degree": 2,
      "betweenness": 0.010084033613445379,
      "closeness": 0.03809523809523809,
      "pagerank": 0.030095919776396987,
      "degree_centrality": 0.08571428571428572,
      "cpd": {
        "values": [
          0.10638971911761376,
          0.25639708746654727,
          0.8936102808823863,
          0.7436029125334527
        ],
        "evidence": [
          2
        ],
        "evidence_card": [
          2
        ]
      }
    },
    "4": {
      "type": "intermediate",
      "in_degree": 1,
      "out_degree": 5,
      "betweenness": 0.02689075630252101,
      "closeness": 0.03809523809523809,
      "pagerank": 0.030095919776396987,
      "degree_centrality": 0.17142857142857143,
      "cpd": {
        "values": [
          0.5123711771042375,
          0.4343646490351636,
          0.4876288228957624,
          0.5656353509648365
        ],
        "evidence": [
          2
        ],
        "evidence_card": [
          2
        ]
      }
    },
    "5": {
      "type": "intermediate",
      "in_degree": 1,
      "out_degree": 3,
      "betweenness": 0.0075630252100840345,
      "closeness": 0.04285714285714286,
      "pagerank": 0.02386047569039758,
      "degree_centrality": 0.11428571428571428,
      "cpd": {
        "values": [
          0.1267193911584857,
          0.713975420780659,
          0.8732806088415143,
          0.2860245792193409
        ],
        "evidence": [
          4
        ],
        "evidence_card": [
          2
        ]
      }
    },
    "6": {
      "type": "intermediate",
      "in_degree": 1,
      "out_degree": 4,
      "betweenness": 0.010084033613445379,
      "closeness": 0.04285714285714286,
      "pagerank": 0.02386047569039758,
      "degree_centrality": 0.14285714285714285,
      "cpd": {
        "values": [
          0.6040572524254437,
          0.7467591805280638,
          0.39594274757455633,
          0.2532408194719362
        ],
        "evidence": [
          4
        ],
        "evidence_card": [
          2
        ]
      }
    },
    "7": {
      "type": "intermediate",
      "in_degree": 1,
      "out_degree": 3,
      "betweenness": 0.0075630252100840345,
      "closeness": 0.04285714285714286,
      "pagerank": 0.02386047569039758,
      "degree_centrality": 0.11428571428571428,
      "cpd": {
        "values": [
          0.8287104312727487,
          0.3695887484707016,
          0.17128956872725132,
          0.6304112515292983
        ],
        "evidence": [
          4
        ],
        "evidence_card": [
          2
        ]
      }
    },
    "8": {
      "type": "intermediate",
      "in_degree": 2,
      "out_degree": 3,
      "betweenness": 0.010084033613445379,
      "closeness": 0.07619047619047618,
      "pagerank": 0.035212131030324,
      "degree_centrality": 0.14285714285714285,
      "cpd": {
        "values": [
          0.8257759569981964,
          0.9117411403646614,
          0.5421592291370727,
          0.5753150964907178
        ],
        "evidence": [
          1,
          4
        ],
        "evidence_card": [
          2,
          2
        ]
      }
    },
    "9": {
      "type": "leaf",
      "in_degree": 1,
      "out_degree": 0,
      "betweenness": 0.0,
      "closeness": 0.06493506493506493,
      "pagerank": 0.028721085827919657,
      "degree_centrality": 0.02857142857142857,
      "cpd": {
        "values": [
          0.0066300970040085744,
          0.6230335183655558,
          0.9933699029959914,
          0.3769664816344443
        ],
        "evidence": [
          8
        ],
        "evidence_card": [
          2
        ]
      }
    },
    "10": {
      "type": "leaf",
      "in_degree": 1,
      "out_degree": 0,
      "betweenness": 0.0,
      "closeness": 0.06493506493506493,
      "pagerank": 0.028721085827919657,
      "degree_centrality": 0.02857142857142857,
      "cpd": {
        "values": [
          0.6329021880227729,
          0.47675786475427484,
          0.36709781197722713,
          0.5232421352457253
        ],
        "evidence": [
          8
        ],
        "evidence_card": [
          2
        ]
      }
    },
    "11": {
      "type": "leaf",
      "in_degree": 1,
      "out_degree": 0,
      "betweenness": 0.0,
      "closeness": 0.06493506493506493,
      "pagerank": 0.028721085827919657,
      "degree_centrality": 0.02857142857142857,
      "cpd": {
        "values": [
          0.3031988030208966,
          0.04594367938293747,
          0.6968011969791035,
          0.9540563206170626
        ],
        "evidence": [
          8
        ],
        "evidence_card": [
          2
        ]
      }
    },
    "12": {
      "type": "leaf",
      "in_degree": 1,
      "out_degree": 0,
      "betweenness": 0.0,
      "closeness": 0.045714285714285714,
      "pagerank": 0.025504793860733926,
      "degree_centrality": 0.02857142857142857,
      "cpd": {
        "values": [
          0.33781738440092457,
          0.8373916246072434,
          0.6621826155990754,
          0.16260837539275663
        ],
        "evidence": [
          7
        ],
        "evidence_card": [
          2
        ]
      }
    },
    "13": {
      "type": "leaf",
      "in_degree": 1,
      "out_degree": 0,
      "betweenness": 0.0,
      "closeness": 0.045714285714285714,
      "pagerank": 0.025504793860733926,
      "degree_centrality": 0.02857142857142857,
      "cpd": {
        "values": [
          0.5512403064867326,
          0.356593551208159,
          0.4487596935132674,
          0.643406448791841
        ],
        "evidence": [
          7
        ],
        "evidence_card": [
          2
        ]
      }
    },
    "14": {
      "type": "leaf",
      "in_degree": 1,
      "out_degree": 0,
      "betweenness": 0.0,
      "closeness": 0.045714285714285714,
      "pagerank": 0.025504793860733926,
      "degree_centrality": 0.02857142857142857,
      "cpd": {
        "values": [
          0.414039939460887,
          0.27254203187623255,
          0.5859600605391131,
          0.7274579681237674
        ],
        "evidence": [
          7
        ],
        "evidence_card": [
          2
        ]
      }
    },
    "15": {
      "type": "leaf",
      "in_degree": 1,
      "out_degree": 0,
      "betweenness": 0.0,
      "closeness": 0.045714285714285714,
      "pagerank": 0.023814661504668086,
      "degree_centrality": 0.02857142857142857,