{
  "graph_index": 121,
  "nodes": {
    "0": {
      "type": "root",
      "in_degree": 0,
      "out_degree": 1,
      "betweenness": 0.0,
      "closeness": 0.0,
      "pagerank": 0.020219126282561273,
      "degree_centrality": 0.030303030303030304,
      "cpd": {
        "values": [
          0.5,
          0.5,
          0.0,
          0.0
        ],
        "evidence": [],
        "evidence_card": []
      }
    },
    "1": {
      "type": "intermediate",
      "in_degree": 1,
      "out_degree": 3,
      "betweenness": 0.030303030303030304,
      "closeness": 0.030303030303030304,
      "pagerank": 0.03740506904312201,
      "degree_centrality": 0.12121212121212122,
      "cpd": {
        "values": [
          0.0945585821764368,
          0.40062834416823434,
          0.9054414178235631,
          0.5993716558317657
        ],
        "evidence": [
          0
        ],
        "evidence_card": [
          2
        ]
      }
    },
    "2": {
      "type": "intermediate",
      "in_degree": 1,
      "out_degree": 5,
      "betweenness": 0.02840909090909091,
      "closeness": 0.0404040404040404,
      "pagerank": 0.030817105434863972,
      "degree_centrality": 0.18181818181818182,
      "cpd": {
        "values": [
          0.4913949885644194,
          0.9353871724296744,
          0.5086050114355807,
          0.06461282757032556
        ],
        "evidence": [
          1
        ],
        "evidence_card": [
          2
        ]
      }
    },
    "3": {
      "type": "intermediate",
      "in_degree": 1,
      "out_degree": 3,
      "betweenness": 0.015151515151515152,
      "closeness": 0.0404040404040404,
      "pagerank": 0.030817105434863972,
      "degree_centrality": 0.12121212121212122,
      "cpd": {
        "values": [
          0.2801666013272146,
          0.3312818251416937,
          0.7198333986727854,
          0.6687181748583063
        ],
        "evidence": [
          1
        ],
        "evidence_card": [
          2
        ]
      }
    },
    "4": {
      "type": "intermediate",
      "in_degree": 1,
      "out_degree": 3,
      "betweenness": 0.011363636363636364,
      "closeness": 0.0404040404040404,
      "pagerank": 0.030817105434863972,
      "degree_centrality": 0.12121212121212122,
      "cpd": {
        "values": [
          0.2722219601676158,
          0.22300655620351018,
          0.7277780398323841,
          0.7769934437964898
        ],
        "evidence": [
          1
        ],
        "evidence_card": [
          2
        ]
      }
    },
    "5": {
      "type": "intermediate",
      "in_degree": 1,
      "out_degree": 2,
      "betweenness": 0.005681818181818182,
      "closeness": 0.045454545454545456,
      "pagerank": 0.028950644878781344,
      "degree_centrality": 0.09090909090909091,
      "cpd": {
        "values": [
          0.9079389758994905,
          0.4761575998837351,
          0.09206102410050952,
          0.523842400116265
        ],
        "evidence": [
          4
        ],
        "evidence_card": [
          2
        ]
      }
    },
    "6": {
      "type": "intermediate",
      "in_degree": 1,
      "out_degree": 2,
      "betweenness": 0.003787878787878788,
      "closeness": 0.045454545454545456,
      "pagerank": 0.028950644878781344,
      "degree_centrality": 0.09090909090909091,
      "cpd": {
        "values": [
          0.41180919854033304,
          0.5226836081552226,
          0.5881908014596668,
          0.4773163918447773
        ],
        "evidence": [
          4
        ],
        "evidence_card": [
          2
        ]
      }
    },
    "7": {
      "type": "leaf",
      "in_degree": 2,
      "out_degree": 0,
      "betweenness": 0.0,
      "closeness": 0.08417508417508418,
      "pagerank": 0.037761838252212875,
      "degree_centrality": 0.06060606060606061,
      "cpd": {
        "values": [
          0.38289876266769557,
          0.1728158851959364,
          0.1629958698670328,
          0.44664416124973905
        ],
        "evidence": [
          2,
          6
        ],
        "evidence_card": [
          2,
          2
        ]
      }
    },
    "8": {
      "type": "leaf",
      "in_degree": 1,
      "out_degree": 0,
      "betweenness": 0.0,
      "closeness": 0.04848484848484849,
      "pagerank": 0.03252292709448083,
      "degree_centrality": 0.030303030303030304,
      "cpd": {
        "values": [
          0.5497772302924947,
          0.640918965454584,
          0.45022276970750535,
          0.35908103454541596
        ],
        "evidence": [
          6
        ],
        "evidence_card": [
          2
        ]
      }
    },
    "9": {
      "type": "leaf",
      "in_degree": 1,
      "out_degree": 0,
      "betweenness": 0.0,
      "closeness": 0.04848484848484849,
      "pagerank": 0.03252292709448083,
      "degree_centrality": 0.030303030303030304,
      "cpd": {
        "values": [
          0.990317330219275,
          0.7742876661135307,
          0.009682669780724955,
          0.22571233388646925
        ],
        "evidence": [
          5
        ],
        "evidence_card": [
          2
        ]
      }
    },
    "10": {
      "type": "leaf",
      "in_degree": 1,
      "out_degree": 0,
      "betweenness": 0.0,
      "closeness": 0.04848484848484849,
      "pagerank": 0.03252292709448083,
      "degree_centrality": 0.030303030303030304,
      "cpd": {
        "values": [
          0.7306163250967902,
          0.3684645726444962,
          0.26938367490320986,
          0.6315354273555037
        ],
        "evidence": [
          5
        ],
        "evidence_card": [
          2
        ]
      }
    },
    "11": {
      "type": "intermediate",
      "in_degree": 1,
      "out_degree": 4,
      "betweenness": 0.00946969696969697,
      "closeness": 0.045454545454545456,
      "pagerank": 0.028950644878781344,
      "degree_centrality": 0.15151515151515152,
      "cpd": {
        "values": [
          0.38705526116875943,
          0.7467164074527521,
          0.6129447388312406,
          0.2532835925472478
        ],
        "evidence": [
          3
        ],
        "evidence_card": [
          2
        ]
      }
    },
    "12": {
      "type": "intermediate",
      "in_degree": 1,
      "out_degree": 2,
      "betweenness": 0.005681818181818182,
      "closeness": 0.045454545454545456,
      "pagerank": 0.028950644878781344,
      "degree_centrality": 0.09090909090909091,
      "cpd": {
        "values": [
          0.32572386646882795,
          0.5038494694684271,
          0.6742761335311721,
          0.4961505305315728
        ],
        "evidence": [
          3
        ],
        "evidence_card": [
          2
        ]
      }
    },
    "13": {
      "type": "leaf",
      "in_degree": 1,
      "out_degree": 0,
      "betweenness": 0.0,
      "closeness": 0.04848484848484849,
      "pagerank": 0.03252292709448083,
      "degree_centrality": 0.030303030303030304,
      "cpd": {
        "values": [
          0.07753648470347563,
          0.20692872715849558,
          0.9224635152965244,
          0.7930712728415045
        ],
        "evidence": [
          12
        ],
        "evidence_card": [
          2
        ]
      }
    },
    "14": {
      "type": "leaf",
      "in_degree": 1,
      "out_degree": 0,
      "betweenness": 0.0,
      "closeness": 0.04848484848484849,
      "pagerank": 0.03252292709448083,
      "degree_centrality": 0.030303030303030304,
      "cpd": {
        "values": [
          0.26177199731882145,
          0.29773295150096163,
          0.7382280026811786,
          0.7022670484990383
        ],
        "evidence": [
          12
        ],
        "evidence_card": [
          2
        ]
      }
    },
    "15": {
      "type": "leaf",
      "in_degree": 2,
      "out_degree": 0,
      "betweenness": 0.0,
      "closeness": 0.08417508417508418,
      "pagerank": 0.035102545284741125,
      "degree_centrality": 0.06060606060606061,