{
  "graph_index": 6657,
  "nodes": {
    "0": {
      "type": "root",
      "in_degree": 0,
      "out_degree": 1,
      "betweenness": 0.0,
      "closeness": 0.0,
      "pagerank": 0.038767360703118106,
      "degree_centrality": 0.07142857142857142,
      "cpd": {
        "values": [
          0.5,
          0.5,
          0.0,
          0.0
        ],
        "evidence": [],
        "evidence_card": []
      }
    },
    "1": {
      "type": "intermediate",
      "in_degree": 1,
      "out_degree": 2,
      "betweenness": 0.07142857142857144,
      "closeness": 0.07142857142857142,
      "pagerank": 0.07171906303995426,
      "degree_centrality": 0.21428571428571427,
      "cpd": {
        "values": [
          0.33498840525124596,
          0.9726058686759149,
          0.665011594748754,
          0.02739413132408507
        ],
        "evidence": [
          0
        ],
        "evidence_card": [
          2
        ]
      }
    },
    "2": {
      "type": "intermediate",
      "in_degree": 1,
      "out_degree": 3,
      "betweenness": 0.08791208791208792,
      "closeness": 0.09523809523809523,
      "pagerank": 0.0692489141464375,
      "degree_centrality": 0.2857142857142857,
      "cpd": {
        "values": [
          0.7684333082200512,
          0.6987024937109375,
          0.23156669177994874,
          0.3012975062890625
        ],
        "evidence": [
          1
        ],
        "evidence_card": [
          2
        ]
      }
    },
    "3": {
      "type": "intermediate",
      "in_degree": 1,
      "out_degree": 2,
      "betweenness": 0.03296703296703297,
      "closeness": 0.09523809523809523,
      "pagerank": 0.0692489141464375,
      "degree_centrality": 0.21428571428571427,
      "cpd": {
        "values": [
          0.5512477165894285,
          0.2683332366531906,
          0.4487522834105715,
          0.7316667633468095
        ],
        "evidence": [
          1
        ],
        "evidence_card": [
          2
        ]
      }
    },
    "4": {
      "type": "intermediate",
      "in_degree": 1,
      "out_degree": 1,
      "betweenness": 0.016483516483516484,
      "closeness": 0.10714285714285714,
      "pagerank": 0.06819782041657516,
      "degree_centrality": 0.14285714285714285,
      "cpd": {
        "values": [
          0.6349067011676464,
          0.11497089171436571,
          0.36509329883235353,
          0.8850291082856343
        ],
        "evidence": [
          3
        ],
        "evidence_card": [
          2
        ]
      }
    },
    "5": {
      "type": "leaf",
      "in_degree": 1,
      "out_degree": 0,
      "betweenness": 0.0,
      "closeness": 0.11428571428571428,
      "pagerank": 0.09673444038281451,
      "degree_centrality": 0.07142857142857142,
      "cpd": {
        "values": [
          0.13997493572449957,
          0.6148274180072413,
          0.8600250642755004,
          0.3851725819927588
        ],
        "evidence": [
          4
        ],
        "evidence_card": [
          2
        ]
      }
    },
    "6": {
      "type": "intermediate",
      "in_degree": 1,
      "out_degree": 1,
      "betweenness": 0.016483516483516484,
      "closeness": 0.10714285714285714,
      "pagerank": 0.05838766717875613,
      "degree_centrality": 0.14285714285714285,
      "cpd": {
        "values": [
          0.9804115015985342,
          0.1458754960703809,
          0.019588498401465863,
          0.8541245039296191
        ],
        "evidence": [
          2
        ],
        "evidence_card": [
          2
        ]
      }
    },
    "7": {
      "type": "intermediate",
      "in_degree": 1,
      "out_degree": 2,
      "betweenness": 0.03296703296703297,
      "closeness": 0.10714285714285714,
      "pagerank": 0.05838766717875613,
      "degree_centrality": 0.21428571428571427,
      "cpd": {
        "values": [
          0.6352628634716503,
          0.5388281926240804,
          0.3647371365283497,
          0.4611718073759195
        ],
        "evidence": [
          2
        ],
        "evidence_card": [
          2
        ]
      }
    },
    "8": {
      "type": "intermediate",
      "in_degree": 1,
      "out_degree": 3,
      "betweenness": 0.038461538461538464,
      "closeness": 0.10714285714285714,
      "pagerank": 0.05838766717875613,
      "degree_centrality": 0.2857142857142857,
      "cpd": {
        "values": [
          0.5291089327335721,
          0.4596950032102606,
          0.470891067266428,
          0.5403049967897393
        ],
        "evidence": [
          2
        ],
        "evidence_card": [
          2
        ]
      }
    },
    "9": {
      "type": "leaf",
      "in_degree": 1,
      "out_degree": 0,
      "betweenness": 0.0,
      "closeness": 0.11428571428571428,
      "pagerank": 0.05531023422492132,
      "degree_centrality": 0.07142857142857142,
      "cpd": {
        "values": [
          0.7230784710072028,
          0.2863404784705861,
          0.2769215289927972,
          0.7136595215294139
        ],
        "evidence": [
          8
        ],
        "evidence_card": [
          2
        ]
      }
    },
    "10": {
      "type": "leaf",
      "in_degree": 2,
      "out_degree": 0,
      "betweenness": 0.0,
      "closeness": 0.19841269841269843,
      "pagerank": 0.08474069393837838,
      "degree_centrality": 0.14285714285714285,
      "cpd": {
        "values": [
          0.4476925010680816,
          0.7819639237563799,
          0.9260073556163054,
          0.8464304993781764
        ],
        "evidence": [
          3,
          8
        ],
        "evidence_card": [
          2,
          2
        ]
      }
    },
    "11": {
      "type": "leaf",
      "in_degree": 1,
      "out_degree": 0,
      "betweenness": 0.0,
      "closeness": 0.11428571428571428,
      "pagerank": 0.05531023422492132,
      "degree_centrality": 0.07142857142857142,
      "cpd": {
        "values": [
          0.4817189718711419,
          0.4884149271396386,
          0.518281028128858,
          0.5115850728603614
        ],
        "evidence": [
          8
        ],
        "evidence_card": [
          2
        ]
      }
    },
    "12": {
      "type": "leaf",
      "in_degree": 1,
      "out_degree": 0,
      "betweenness": 0.0,
      "closeness": 0.11428571428571428,
      "pagerank": 0.06358167098582293,
      "degree_centrality": 0.07142857142857142,
      "cpd": {
        "values": [
          0.7702788784943798,
          0.4597897519642861,
          0.22972112150562018,
          0.5402102480357138
        ],
        "evidence": [
          7
        ],
        "evidence_card": [
          2
        ]
      }
    },
    "13": {
      "type": "leaf",
      "in_degree": 1,
      "out_degree": 0,
      "betweenness": 0.0,
      "closeness": 0.11428571428571428,
      "pagerank": 0.06358167098582293,
      "degree_centrality": 0.07142857142857142,
      "cpd": {
        "values": [
          0.49008875219226167,
          0.2594049519973191,
          0.5099112478077383,
          0.740595048002681
        ],
        "evidence": [
          7
        ],
        "evidence_card": [
          2
        ]
      }
    },
    "14": {
      "type": "leaf",
      "in_degree": 1,
      "out_degree": 0,
      "betweenness": 0.0,
      "closeness": 0.11428571428571428,
      "pagerank": 0.08839598126852774,
      "degree_centrality": 0.07142857142857142,
      "cpd": {
        "values": [
          0.48810818881166107,
          0.43600307617181333,
          0.5118918111883389,
          0.5639969238281867
        ],
        "evidence": [
          6
        ],
        "evidence_card": [
          2
        ]
      }
    }
  },