{
  "graph_index": 1299,
  "nodes": {
    "0": {
      "type": "root",
      "in_degree": 0,
      "out_degree": 1,
      "betweenness": 0.0,
      "closeness": 0.0,
      "pagerank": 0.026006698860087298,
      "degree_centrality": 0.04,
      "cpd": {
        "values": [
          0.5,
          0.5,
          0.0,
          0.0
        ],
        "evidence": [],
        "evidence_card": []
      }
    },
    "1": {
      "type": "intermediate",
      "in_degree": 1,
      "out_degree": 2,
      "betweenness": 0.04,
      "closeness": 0.04,
      "pagerank": 0.048111616158900174,
      "degree_centrality": 0.12,
      "cpd": {
        "values": [
          0.9072777899304971,
          0.5844491344629097,
          0.09272221006950289,
          0.41555086553709025
        ],
        "evidence": [
          0
        ],
        "evidence_card": [
          2
        ]
      }
    },
    "2": {
      "type": "intermediate",
      "in_degree": 1,
      "out_degree": 3,
      "betweenness": 0.023333333333333334,
      "closeness": 0.05333333333333333,
      "pagerank": 0.046453511144329426,
      "degree_centrality": 0.16,
      "cpd": {
        "values": [
          0.3981413856161679,
          0.521664256639065,
          0.601858614383832,
          0.478335743360935
        ],
        "evidence": [
          1
        ],
        "evidence_card": [
          2
        ]
      }
    },
    "3": {
      "type": "intermediate",
      "in_degree": 1,
      "out_degree": 5,
      "betweenness": 0.05,
      "closeness": 0.05333333333333333,
      "pagerank": 0.046453511144329426,
      "degree_centrality": 0.24,
      "cpd": {
        "values": [
          0.4710317128777748,
          0.48459076622292363,
          0.5289682871222252,
          0.5154092337770764
        ],
        "evidence": [
          1
        ],
        "evidence_card": [
          2
        ]
      }
    },
    "4": {
      "type": "intermediate",
      "in_degree": 1,
      "out_degree": 4,
      "betweenness": 0.02,
      "closeness": 0.06,
      "pagerank": 0.033903893612009996,
      "degree_centrality": 0.2,
      "cpd": {
        "values": [
          0.858150718491121,
          0.3375527207287556,
          0.14184928150887893,
          0.6624472792712444
        ],
        "evidence": [
          3
        ],
        "evidence_card": [
          2
        ]
      }
    },
    "5": {
      "type": "intermediate",
      "in_degree": 1,
      "out_degree": 2,
      "betweenness": 0.01,
      "closeness": 0.06,
      "pagerank": 0.033903893612009996,
      "degree_centrality": 0.12,
      "cpd": {
        "values": [
          0.544110519626248,
          0.3973405497455417,
          0.45588948037375204,
          0.6026594502544582
        ],
        "evidence": [
          3
        ],
        "evidence_card": [
          2
        ]
      }
    },
    "6": {
      "type": "intermediate",
      "in_degree": 1,
      "out_degree": 4,
      "betweenness": 0.016666666666666666,
      "closeness": 0.06,
      "pagerank": 0.033903893612009996,
      "degree_centrality": 0.2,
      "cpd": {
        "values": [
          0.47504761937884377,
          0.5979875101172092,
          0.5249523806211563,
          0.4020124898827908
        ],
        "evidence": [
          3
        ],
        "evidence_card": [
          2
        ]
      }
    },
    "7": {
      "type": "intermediate",
      "in_degree": 1,
      "out_degree": 1,
      "betweenness": 0.005,
      "closeness": 0.06,
      "pagerank": 0.033903893612009996,
      "degree_centrality": 0.08,
      "cpd": {
        "values": [
          0.07688953012484678,
          0.5342683587330735,
          0.9231104698751532,
          0.46573164126692645
        ],
        "evidence": [
          3
        ],
        "evidence_card": [
          2
        ]
      }
    },
    "8": {
      "type": "leaf",
      "in_degree": 1,
      "out_degree": 0,
      "betweenness": 0.0,
      "closeness": 0.064,
      "pagerank": 0.054824230221399636,
      "degree_centrality": 0.04,
      "cpd": {
        "values": [
          0.38592749313610547,
          0.8447652013445967,
          0.6140725068638945,
          0.15523479865540335
        ],
        "evidence": [
          7
        ],
        "evidence_card": [
          2
        ]
      }
    },
    "9": {
      "type": "leaf",
      "in_degree": 1,
      "out_degree": 0,
      "betweenness": 0.0,
      "closeness": 0.064,
      "pagerank": 0.03321108170041539,
      "degree_centrality": 0.04,
      "cpd": {
        "values": [
          0.953163855175837,
          0.8185763304541138,
          0.046836144824163005,
          0.1814236695458862
        ],
        "evidence": [
          6
        ],
        "evidence_card": [
          2
        ]
      }
    },
    "10": {
      "type": "leaf",
      "in_degree": 2,
      "out_degree": 0,
      "betweenness": 0.0,
      "closeness": 0.11111111111111112,
      "pagerank": 0.04637307295361987,
      "degree_centrality": 0.08,
      "cpd": {
        "values": [
          0.4433925714566782,
          0.4746832035601844,
          0.5173873857265552,
          0.4975280828568352
        ],
        "evidence": [
          2,
          6
        ],
        "evidence_card": [
          2,
          2
        ]
      }
    },
    "11": {
      "type": "leaf",
      "in_degree": 1,
      "out_degree": 0,
      "betweenness": 0.0,
      "closeness": 0.064,
      "pagerank": 0.03321108170041539,
      "degree_centrality": 0.04,
      "cpd": {
        "values": [
          0.015354908848098632,
          0.11692976679062139,
          0.9846450911519014,
          0.8830702332093786
        ],
        "evidence": [
          6
        ],
        "evidence_card": [
          2
        ]
      }
    },
    "12": {
      "type": "leaf",
      "in_degree": 1,
      "out_degree": 0,
      "betweenness": 0.0,
      "closeness": 0.064,
      "pagerank": 0.03321108170041539,
      "degree_centrality": 0.04,
      "cpd": {
        "values": [
          0.21148043366111333,
          0.6440313721968117,
          0.7885195663388866,
          0.35596862780318833
        ],
        "evidence": [
          6
        ],
        "evidence_card": [
          2
        ]
      }
    },
    "13": {
      "type": "leaf",
      "in_degree": 1,
      "out_degree": 0,
      "betweenness": 0.0,
      "closeness": 0.064,
      "pagerank": 0.04041546454074347,
      "degree_centrality": 0.04,
      "cpd": {
        "values": [
          0.3472558984758765,
          0.5889662931041739,
          0.6527441015241235,
          0.41103370689582597
        ],
        "evidence": [
          5
        ],
        "evidence_card": [
          2
        ]
      }
    },
    "14": {
      "type": "leaf",
      "in_degree": 1,
      "out_degree": 0,
      "betweenness": 0.0,
      "closeness": 0.064,
      "pagerank": 0.04041546454074347,
      "degree_centrality": 0.04,
      "cpd": {
        "values": [
          0.5108055009645432,
          0.4722231567526084,
          0.48919449903545675,
          0.5277768432473917
        ],
        "evidence": [
          5
        ],
        "evidence_card": [
          2
        ]
      }
    },
    "15": {
      "type": "leaf",
      "in_degree": 1,
      "out_degree": 0,
      "betweenness": 0.0,
      "closeness": 0.064,
      "pagerank": 0.03321108170041539,
      "degree_centrality": 0.04,
      "cpd": {
        "values": [
          0.49099582328404184,
          0.6467505867846554,
          0.5090041767159581,
          0.3532494132153446
        ],
        "evidence": [
          4
        ],
        "evidence_card": [
          2
        ]
      }
    },
    "16": {
      "type": "leaf",
      "in_degree": 1,
      "out_degree": 0,
      "betweenness": 0.0,
      "closeness": 0.064,
      "pagerank": 0.03321108170041539,
      "degree_centrality": 0.04,