{
  "graph_index": 3450,
  "nodes": {
    "0": {
      "type": "root",
      "in_degree": 0,
      "out_degree": 1,
      "betweenness": 0.0,
      "closeness": 0.0,
      "pagerank": 0.023926495233573524,
      "degree_centrality": 0.037037037037037035,
      "cpd": {
        "values": [
          0.5,
          0.5,
          0.0,
          0.0
        ],
        "evidence": [],
        "evidence_card": []
      }
    },
    "1": {
      "type": "intermediate",
      "in_degree": 1,
      "out_degree": 3,
      "betweenness": 0.03703703703703704,
      "closeness": 0.037037037037037035,
      "pagerank": 0.04426333356436962,
      "degree_centrality": 0.14814814814814814,
      "cpd": {
        "values": [
          0.4793528772660799,
          0.9281954938324332,
          0.5206471227339201,
          0.0718045061675668
        ],
        "evidence": [
          0
        ],
        "evidence_card": [
          2
        ]
      }
    },
    "2": {
      "type": "intermediate",
      "in_degree": 1,
      "out_degree": 3,
      "betweenness": 0.019943019943019943,
      "closeness": 0.04938271604938271,
      "pagerank": 0.036467562975551426,
      "degree_centrality": 0.14814814814814814,
      "cpd": {
        "values": [
          0.4178463657311851,
          0.9600543413659268,
          0.5821536342688148,
          0.039945658634073206
        ],
        "evidence": [
          1
        ],
        "evidence_card": [
          2
        ]
      }
    },
    "3": {
      "type": "intermediate",
      "in_degree": 1,
      "out_degree": 3,
      "betweenness": 0.03133903133903134,
      "closeness": 0.04938271604938271,
      "pagerank": 0.036467562975551426,
      "degree_centrality": 0.14814814814814814,
      "cpd": {
        "values": [
          0.573725232926505,
          0.5636152487061981,
          0.42627476707349493,
          0.43638475129380194
        ],
        "evidence": [
          1
        ],
        "evidence_card": [
          2
        ]
      }
    },
    "4": {
      "type": "intermediate",
      "in_degree": 1,
      "out_degree": 2,
      "betweenness": 0.014245014245014245,
      "closeness": 0.04938271604938271,
      "pagerank": 0.036467562975551426,
      "degree_centrality": 0.1111111111111111,
      "cpd": {
        "values": [
          0.2586988025798475,
          0.5739082006829306,
          0.7413011974201524,
          0.4260917993170694
        ],
        "evidence": [
          1
        ],
        "evidence_card": [
          2
        ]
      }
    },
    "5": {
      "type": "intermediate",
      "in_degree": 1,
      "out_degree": 4,
      "betweenness": 0.014245014245014245,
      "closeness": 0.05555555555555555,
      "pagerank": 0.03942498338041534,
      "degree_centrality": 0.18518518518518517,
      "cpd": {
        "values": [
          0.2834011104728938,
          0.2496143440296197,
          0.7165988895271062,
          0.7503856559703804
        ],
        "evidence": [
          4
        ],
        "evidence_card": [
          2
        ]
      }
    },
    "6": {
      "type": "leaf",
      "in_degree": 2,
      "out_degree": 0,
      "betweenness": 0.0,
      "closeness": 0.102880658436214,
      "pagerank": 0.04263646099965718,
      "degree_centrality": 0.07407407407407407,
      "cpd": {
        "values": [
          0.37917583292809987,
          0.906415867007733,
          0.537651325711122,
          0.03089710375590142
        ],
        "evidence": [
          2,
          5
        ],
        "evidence_card": [
          2,
          2
        ]
      }
    },
    "7": {
      "type": "leaf",
      "in_degree": 1,
      "out_degree": 0,
      "betweenness": 0.0,
      "closeness": 0.05925925925925926,
      "pagerank": 0.03230413556842931,
      "degree_centrality": 0.037037037037037035,
      "cpd": {
        "values": [
          0.8147596618881984,
          0.5206035523929384,
          0.1852403381118016,
          0.4793964476070616
        ],
        "evidence": [
          5
        ],
        "evidence_card": [
          2
        ]
      }
    },
    "8": {
      "type": "leaf",
      "in_degree": 1,
      "out_degree": 0,
      "betweenness": 0.0,
      "closeness": 0.05925925925925926,
      "pagerank": 0.03230413556842931,
      "degree_centrality": 0.037037037037037035,
      "cpd": {
        "values": [
          0.6098348041557801,
          0.39310874926272327,
          0.3901651958442198,
          0.6068912507372766
        ],
        "evidence": [
          5
        ],
        "evidence_card": [
          2
        ]
      }
    },
    "9": {
      "type": "leaf",
      "in_degree": 1,
      "out_degree": 0,
      "betweenness": 0.0,
      "closeness": 0.05925925925925926,
      "pagerank": 0.03230413556842931,
      "degree_centrality": 0.037037037037037035,
      "cpd": {
        "values": [
          0.7079732445193121,
          0.4986687378502102,
          0.2920267554806879,
          0.5013312621497897
        ],
        "evidence": [
          5
        ],
        "evidence_card": [
          2
        ]
      }
    },
    "10": {
      "type": "intermediate",
      "in_degree": 1,
      "out_degree": 4,
      "betweenness": 0.014245014245014245,
      "closeness": 0.05555555555555555,
      "pagerank": 0.0342588206648014,
      "degree_centrality": 0.18518518518518517,
      "cpd": {
        "values": [
          0.3885467031089126,
          0.7935869064768092,
          0.6114532968910875,
          0.20641309352319076
        ],
        "evidence": [
          3
        ],
        "evidence_card": [
          2
        ]
      }
    },
    "11": {
      "type": "intermediate",
      "in_degree": 1,
      "out_degree": 4,
      "betweenness": 0.017094017094017096,
      "closeness": 0.05555555555555555,
      "pagerank": 0.0342588206648014,
      "degree_centrality": 0.18518518518518517,
      "cpd": {
        "values": [
          0.8077029833312444,
          0.8139380322519091,
          0.19229701666875568,
          0.18606196774809092
        ],
        "evidence": [
          3
        ],
        "evidence_card": [
          2
        ]
      }
    },
    "12": {
      "type": "intermediate",
      "in_degree": 1,
      "out_degree": 1,
      "betweenness": 0.004273504273504274,
      "closeness": 0.05555555555555555,
      "pagerank": 0.0342588206648014,
      "degree_centrality": 0.07407407407407407,
      "cpd": {
        "values": [
          0.17209654039760713,
          0.18211012649595332,
          0.8279034596023929,
          0.8178898735040467
        ],
        "evidence": [
          3
        ],
        "evidence_card": [
          2
        ]
      }
    },
    "13": {
      "type": "leaf",
      "in_degree": 1,
      "out_degree": 0,
      "betweenness": 0.0,
      "closeness": 0.05925925925925926,
      "pagerank": 0.053045815570120974,
      "degree_centrality": 0.037037037037037035,
      "cpd": {
        "values": [
          0.9827612056476498,
          0.587811305347678,
          0.01723879435235017,
          0.4121886946523221
        ],
        "evidence": [
          12
        ],
        "evidence_card": [
          2
        ]
      }
    },
    "14": {
      "type": "leaf",
      "in_degree": 1,
      "out_degree": 0,
      "betweenness": 0.0,
      "closeness": 0.05925925925925926,
      "pagerank": 0.03120632531771039,
      "degree_centrality": 0.037037037037037035,
      "cpd": {
        "values": [
          0.38722230515687656,
          0.3175124086541331,
          0.6127776948431235,
          0.6824875913458669
        ],
        "evidence": [
          11
        ],
        "evidence_card": [
          2
        ]
      }
    },
    "15": {
      "type": "leaf",
      "in_degree": 1,
      "out_degree": 0,
      "betweenness": 0.0,
      "closeness": 0.05925925925925926,
      "pagerank": 0.03120632531771039,
      "degree_centrality": 0.037037037037037035,