{
  "graph_index": 5876,
  "nodes": {
    "0": {
      "type": "root",
      "in_degree": 0,
      "out_degree": 1,
      "betweenness": 0.0,
      "closeness": 0.0,
      "pagerank": 0.041762236495818866,
      "degree_centrality": 0.07692307692307693,
      "cpd": {
        "values": [
          0.5,
          0.5,
          0.0,
          0.0
        ],
        "evidence": [],
        "evidence_card": []
      }
    },
    "1": {
      "type": "intermediate",
      "in_degree": 1,
      "out_degree": 2,
      "betweenness": 0.07692307692307693,
      "closeness": 0.07692307692307693,
      "pagerank": 0.07726013137025475,
      "degree_centrality": 0.23076923076923078,
      "cpd": {
        "values": [
          0.56637573699694,
          0.5574145832304577,
          0.43362426300306,
          0.44258541676954244
        ],
        "evidence": [
          0
        ],
        "evidence_card": [
          2
        ]
      }
    },
    "2": {
      "type": "intermediate",
      "in_degree": 1,
      "out_degree": 2,
      "betweenness": 0.07692307692307693,
      "closeness": 0.10256410256410256,
      "pagerank": 0.07459933830123117,
      "degree_centrality": 0.23076923076923078,
      "cpd": {
        "values": [
          0.22832832641327552,
          0.5401541468915537,
          0.7716716735867245,
          0.45984585310844617
        ],
        "evidence": [
          1
        ],
        "evidence_card": [
          2
        ]
      }
    },
    "3": {
      "type": "intermediate",
      "in_degree": 1,
      "out_degree": 2,
      "betweenness": 0.05128205128205128,
      "closeness": 0.10256410256410256,
      "pagerank": 0.07459933830123117,
      "degree_centrality": 0.23076923076923078,
      "cpd": {
        "values": [
          0.26108368955199424,
          0.739437930963062,
          0.7389163104480058,
          0.260562069036938
        ],
        "evidence": [
          1
        ],
        "evidence_card": [
          2
        ]
      }
    },
    "4": {
      "type": "intermediate",
      "in_degree": 1,
      "out_degree": 2,
      "betweenness": 0.038461538461538464,
      "closeness": 0.11538461538461539,
      "pagerank": 0.07346669402591051,
      "degree_centrality": 0.23076923076923078,
      "cpd": {
        "values": [
          0.4102337605536692,
          0.48224800736762463,
          0.5897662394463307,
          0.5177519926323754
        ],
        "evidence": [
          3
        ],
        "evidence_card": [
          2
        ]
      }
    },
    "5": {
      "type": "leaf",
      "in_degree": 1,
      "out_degree": 0,
      "betweenness": 0.0,
      "closeness": 0.12307692307692308,
      "pagerank": 0.07298536323797032,
      "degree_centrality": 0.07692307692307693,
      "cpd": {
        "values": [
          0.52458149058332,
          0.5397025953654326,
          0.47541850941668,
          0.46029740463456736
        ],
        "evidence": [
          4
        ],
        "evidence_card": [
          2
        ]
      }
    },
    "6": {
      "type": "leaf",
      "in_degree": 1,
      "out_degree": 0,
      "betweenness": 0.0,
      "closeness": 0.12307692307692308,
      "pagerank": 0.07298536323797032,
      "degree_centrality": 0.07692307692307693,
      "cpd": {
        "values": [
          0.08841800778533085,
          0.19866831226948845,
          0.9115819922146692,
          0.8013316877305116
        ],
        "evidence": [
          4
        ],
        "evidence_card": [
          2
        ]
      }
    },
    "7": {
      "type": "intermediate",
      "in_degree": 1,
      "out_degree": 3,
      "betweenness": 0.05769230769230769,
      "closeness": 0.11538461538461539,
      "pagerank": 0.07346669402591051,
      "degree_centrality": 0.3076923076923077,
      "cpd": {
        "values": [
          0.499529368714485,
          0.45319449900966263,
          0.500470631285515,
          0.5468055009903374
        ],
        "evidence": [
          2
        ],
        "evidence_card": [
          2
        ]
      }
    },
    "8": {
      "type": "intermediate",
      "in_degree": 1,
      "out_degree": 2,
      "betweenness": 0.02564102564102564,
      "closeness": 0.11538461538461539,
      "pagerank": 0.07346669402591051,
      "degree_centrality": 0.23076923076923078,
      "cpd": {
        "values": [
          0.5340923968634054,
          0.5835645650670394,
          0.4659076031365946,
          0.4164354349329607
        ],
        "evidence": [
          2
        ],
        "evidence_card": [
          2
        ]
      }
    },
    "9": {
      "type": "leaf",
      "in_degree": 1,
      "out_degree": 0,
      "betweenness": 0.0,
      "closeness": 0.12307692307692308,
      "pagerank": 0.07298536323797032,
      "degree_centrality": 0.07692307692307693,
      "cpd": {
        "values": [
          0.6725683476378801,
          0.5738903907253751,
          0.3274316523621199,
          0.42610960927462493
        ],
        "evidence": [
          8
        ],
        "evidence_card": [
          2
        ]
      }
    },
    "10": {
      "type": "leaf",
      "in_degree": 2,
      "out_degree": 0,
      "betweenness": 0.0,
      "closeness": 0.2136752136752137,
      "pagerank": 0.10468982076806199,
      "degree_centrality": 0.15384615384615385,
      "cpd": {
        "values": [
          0.7634545942829735,
          0.6275617584156556,
          0.9225355440605773,
          0.321927533745816
        ],
        "evidence": [
          3,
          8
        ],
        "evidence_card": [
          2,
          2
        ]
      }
    },
    "11": {
      "type": "leaf",
      "in_degree": 1,
      "out_degree": 0,
      "betweenness": 0.0,
      "closeness": 0.12307692307692308,
      "pagerank": 0.06257765432391983,
      "degree_centrality": 0.07692307692307693,
      "cpd": {
        "values": [
          0.12641542010798634,
          0.1560217828255545,
          0.8735845798920137,
          0.8439782171744455
        ],
        "evidence": [
          7
        ],
        "evidence_card": [
          2
        ]
      }
    },
    "12": {
      "type": "leaf",
      "in_degree": 1,
      "out_degree": 0,
      "betweenness": 0.0,
      "closeness": 0.12307692307692308,
      "pagerank": 0.06257765432391983,
      "degree_centrality": 0.07692307692307693,
      "cpd": {
        "values": [
          0.4133843274362264,
          0.89456725838972,
          0.5866156725637737,
          0.10543274161028007
        ],
        "evidence": [
          7
        ],
        "evidence_card": [
          2
        ]
      }
    },
    "13": {
      "type": "leaf",
      "in_degree": 1,
      "out_degree": 0,
      "betweenness": 0.0,
      "closeness": 0.12307692307692308,
      "pagerank": 0.06257765432391983,
      "degree_centrality": 0.07692307692307693,
      "cpd": {
        "values": [
          0.9104123905402951,
          0.6906955292731642,
          0.08958760945970494,
          0.3093044707268358
        ],
        "evidence": [
          7
        ],
        "evidence_card": [
          2
        ]
      }
    }
  },
  "edges": [
    [
      0,
      1
    ],
    [
      1,
      2
    ],
    [
      1,
      3
    ],
    [
      2,
      7
    ],
    [
      2,
      8
    ],
    [
      3,
      4
    ],
    [
      3,
      10
    ],
    [
      4,
      5
    ],
    [
      4,
      6
    ],
    [
      7,
      11
    ],
    [
      7,
      12
    ],
    [
      7,
      13
    ],
    [
      8,
      9
    ],
    [
      8,
      10
    ]
  ]
}