{
  "graph_index": 8667,
  "nodes": {
    "0": {
      "type": "root",
      "in_degree": 0,
      "out_degree": 1,
      "betweenness": 0.0,
      "closeness": 0.0,
      "pagerank": 0.05526377335522107,
      "degree_centrality": 0.125,
      "cpd": {
        "values": [
          0.5,
          0.5,
          0.0,
          0.0
        ],
        "evidence": [],
        "evidence_card": []
      }
    },
    "1": {
      "type": "intermediate",
      "in_degree": 1,
      "out_degree": 2,
      "betweenness": 0.125,
      "closeness": 0.125,
      "pagerank": 0.10223833426800122,
      "degree_centrality": 0.375,
      "cpd": {
        "values": [
          0.45560569350390917,
          0.4949779528653678,
          0.5443943064960908,
          0.5050220471346322
        ],
        "evidence": [
          0
        ],
        "evidence_card": [
          2
        ]
      }
    },
    "2": {
      "type": "intermediate",
      "in_degree": 1,
      "out_degree": 1,
      "betweenness": 0.07142857142857142,
      "closeness": 0.16666666666666666,
      "pagerank": 0.09871520556484709,
      "degree_centrality": 0.25,
      "cpd": {
        "values": [
          0.46931768260286255,
          0.47750343016956287,
          0.5306823173971374,
          0.5224965698304371
        ],
        "evidence": [
          1
        ],
        "evidence_card": [
          2
        ]
      }
    },
    "3": {
      "type": "intermediate",
      "in_degree": 1,
      "out_degree": 2,
      "betweenness": 0.10714285714285714,
      "closeness": 0.16666666666666666,
      "pagerank": 0.09871520556484709,
      "degree_centrality": 0.375,
      "cpd": {
        "values": [
          0.07738578820370108,
          0.2522786441973831,
          0.9226142117962989,
          0.7477213558026169
        ],
        "evidence": [
          1
        ],
        "evidence_card": [
          2
        ]
      }
    },
    "4": {
      "type": "intermediate",
      "in_degree": 1,
      "out_degree": 1,
      "betweenness": 0.05357142857142857,
      "closeness": 0.1875,
      "pagerank": 0.09721794823730259,
      "degree_centrality": 0.25,
      "cpd": {
        "values": [
          0.4016983457078267,
          0.2825965915636337,
          0.5983016542921733,
          0.7174034084363664
        ],
        "evidence": [
          3
        ],
        "evidence_card": [
          2
        ]
      }
    },
    "5": {
      "type": "leaf",
      "in_degree": 1,
      "out_degree": 0,
      "betweenness": 0.0,
      "closeness": 0.2,
      "pagerank": 0.13789926530703178,
      "degree_centrality": 0.125,
      "cpd": {
        "values": [
          0.2106500528808168,
          0.6966142826201969,
          0.7893499471191832,
          0.30338571737980324
        ],
        "evidence": [
          4
        ],
        "evidence_card": [
          2
        ]
      }
    },
    "6": {
      "type": "intermediate",
      "in_degree": 1,
      "out_degree": 2,
      "betweenness": 0.07142857142857142,
      "closeness": 0.1875,
      "pagerank": 0.13917212311938412,
      "degree_centrality": 0.375,
      "cpd": {
        "values": [
          0.7554184575908158,
          0.37654216232759485,
          0.24458154240918417,
          0.6234578376724051
        ],
        "evidence": [
          2
        ],
        "evidence_card": [
          2
        ]
      }
    },
    "7": {
      "type": "leaf",
      "in_degree": 1,
      "out_degree": 0,
      "betweenness": 0.0,
      "closeness": 0.2,
      "pagerank": 0.11441198485064172,
      "degree_centrality": 0.125,
      "cpd": {
        "values": [
          0.6018546412312056,
          0.4054019133631553,
          0.3981453587687944,
          0.5945980866368448
        ],
        "evidence": [
          6
        ],
        "evidence_card": [
          2
        ]
      }
    },
    "8": {
      "type": "leaf",
      "in_degree": 2,
      "out_degree": 0,
      "betweenness": 0.0,
      "closeness": 0.3472222222222222,
      "pagerank": 0.15636615973272325,
      "degree_centrality": 0.25,
      "cpd": {
        "values": [
          0.4889225919905596,
          0.7532654026989817,
          0.2232092512547801,
          0.3348476421626684
        ],
        "evidence": [
          3,
          6
        ],
        "evidence_card": [
          2,
          2
        ]
      }
    }
  },
  "edges": [
    [
      0,
      1
    ],
    [
      1,
      2
    ],
    [
      1,
      3
    ],
    [
      2,
      6
    ],
    [
      3,
      4
    ],
    [
      3,
      8
    ],
    [
      4,
      5
    ],
    [
      6,
      7
    ],
    [
      6,
      8
    ]
  ]
}