{
  "graph_index": 8851,
  "nodes": {
    "0": {
      "type": "root",
      "in_degree": 0,
      "out_degree": 1,
      "betweenness": 0.0,
      "closeness": 0.0,
      "pagerank": 0.020934776879165076,
      "degree_centrality": 0.03333333333333333,
      "cpd": {
        "values": [
          0.5,
          0.5,
          0.0,
          0.0
        ],
        "evidence": [],
        "evidence_card": []
      }
    },
    "1": {
      "type": "intermediate",
      "in_degree": 1,
      "out_degree": 3,
      "betweenness": 0.03333333333333333,
      "closeness": 0.03333333333333333,
      "pagerank": 0.03872967321844568,
      "degree_centrality": 0.13333333333333333,
      "cpd": {
        "values": [
          0.6964651215120601,
          0.2668028018117941,
          0.30353487848793975,
          0.7331971981882058
        ],
        "evidence": [
          0
        ],
        "evidence_card": [
          2
        ]
      }
    },
    "2": {
      "type": "intermediate",
      "in_degree": 1,
      "out_degree": 5,
      "betweenness": 0.020689655172413793,
      "closeness": 0.04444444444444444,
      "pagerank": 0.031908095919245295,
      "degree_centrality": 0.2,
      "cpd": {
        "values": [
          0.09371482191601622,
          0.9650959159436733,
          0.9062851780839838,
          0.03490408405632671
        ],
        "evidence": [
          1
        ],
        "evidence_card": [
          2
        ]
      }
    },
    "3": {
      "type": "intermediate",
      "in_degree": 1,
      "out_degree": 2,
      "betweenness": 0.011494252873563218,
      "closeness": 0.04444444444444444,
      "pagerank": 0.031908095919245295,
      "degree_centrality": 0.1,
      "cpd": {
        "values": [
          0.8258509272939721,
          0.5208943481878877,
          0.17414907270602786,
          0.47910565181211234
        ],
        "evidence": [
          1
        ],
        "evidence_card": [
          2
        ]
      }
    },
    "4": {
      "type": "intermediate",
      "in_degree": 1,
      "out_degree": 4,
      "betweenness": 0.027586206896551724,
      "closeness": 0.04444444444444444,
      "pagerank": 0.031908095919245295,
      "degree_centrality": 0.16666666666666666,
      "cpd": {
        "values": [
          0.03252517861149572,
          0.14674919979971132,
          0.9674748213885043,
          0.8532508002002887
        ],
        "evidence": [
          1
        ],
        "evidence_card": [
          2
        ]
      }
    },
    "5": {
      "type": "intermediate",
      "in_degree": 1,
      "out_degree": 1,
      "betweenness": 0.0034482758620689655,
      "closeness": 0.05,
      "pagerank": 0.027715268208393685,
      "degree_centrality": 0.06666666666666667,
      "cpd": {
        "values": [
          0.04119315437783339,
          0.7039389761376756,
          0.9588068456221666,
          0.29606102386232436
        ],
        "evidence": [
          4
        ],
        "evidence_card": [
          2
        ]
      }
    },
    "6": {
      "type": "intermediate",
      "in_degree": 1,
      "out_degree": 4,
      "betweenness": 0.013793103448275862,
      "closeness": 0.05,
      "pagerank": 0.027715268208393685,
      "degree_centrality": 0.16666666666666666,
      "cpd": {
        "values": [
          0.17738425813864897,
          0.03689760520420855,
          0.822615741861351,
          0.9631023947957914
        ],
        "evidence": [
          4
        ],
        "evidence_card": [
          2
        ]
      }
    },
    "7": {
      "type": "intermediate",
      "in_degree": 1,
      "out_degree": 4,
      "betweenness": 0.011494252873563218,
      "closeness": 0.05,
      "pagerank": 0.027715268208393685,
      "degree_centrality": 0.16666666666666666,
      "cpd": {
        "values": [
          0.2780157450749355,
          0.6179324005832487,
          0.7219842549250646,
          0.38206759941675134
        ],
        "evidence": [
          4
        ],
        "evidence_card": [
          2
        ]
      }
    },
    "8": {
      "type": "leaf",
      "in_degree": 1,
      "out_degree": 0,
      "betweenness": 0.0,
      "closeness": 0.05333333333333334,
      "pagerank": 0.026824361265016902,
      "degree_centrality": 0.03333333333333333,
      "cpd": {
        "values": [
          0.2144172808040814,
          0.30431920181072103,
          0.7855827191959185,
          0.695680798189279
        ],
        "evidence": [
          7
        ],
        "evidence_card": [
          2
        ]
      }
    },
    "9": {
      "type": "leaf",
      "in_degree": 2,
      "out_degree": 0,
      "betweenness": 0.0,
      "closeness": 0.09259259259259259,
      "pagerank": 0.032248754328399784,
      "degree_centrality": 0.06666666666666667,
      "cpd": {
        "values": [
          0.48972029010438317,
          0.6151078605551353,
          0.5469446851394688,
          0.4075419710785516
        ],
        "evidence": [
          2,
          7
        ],
        "evidence_card": [
          2,
          2
        ]
      }
    },
    "10": {
      "type": "leaf",
      "in_degree": 1,
      "out_degree": 0,
      "betweenness": 0.0,
      "closeness": 0.05333333333333334,
      "pagerank": 0.026824361265016902,
      "degree_centrality": 0.03333333333333333,
      "cpd": {
        "values": [
          0.2351546664832668,
          0.11799084198276834,
          0.7648453335167332,
          0.8820091580172317
        ],
        "evidence": [
          7
        ],
        "evidence_card": [
          2
        ]
      }
    },
    "11": {
      "type": "leaf",
      "in_degree": 1,
      "out_degree": 0,
      "betweenness": 0.0,
      "closeness": 0.05333333333333334,
      "pagerank": 0.026824361265016902,
      "degree_centrality": 0.03333333333333333,
      "cpd": {
        "values": [
          0.6184368463951361,
          0.9349877165393466,
          0.3815631536048639,
          0.06501228346065338
        ],
        "evidence": [
          7
        ],
        "evidence_card": [
          2
        ]
      }
    },
    "12": {
      "type": "leaf",
      "in_degree": 1,
      "out_degree": 0,
      "betweenness": 0.0,
      "closeness": 0.05333333333333334,
      "pagerank": 0.026824361265016902,
      "degree_centrality": 0.03333333333333333,
      "cpd": {
        "values": [
          0.9522468173070623,
          0.6429555096929696,
          0.04775318269293771,
          0.3570444903070305
        ],
        "evidence": [
          6
        ],
        "evidence_card": [
          2
        ]
      }
    },
    "13": {
      "type": "leaf",
      "in_degree": 1,
      "out_degree": 0,
      "betweenness": 0.0,
      "closeness": 0.05333333333333334,
      "pagerank": 0.026824361265016902,
      "degree_centrality": 0.03333333333333333,
      "cpd": {
        "values": [
          0.933442885550295,
          0.8617950503363383,
          0.06655711444970507,
          0.13820494966366167
        ],
        "evidence": [
          6
        ],
        "evidence_card": [
          2
        ]
      }
    },
    "14": {
      "type": "leaf",
      "in_degree": 1,
      "out_degree": 0,
      "betweenness": 0.0,
      "closeness": 0.05333333333333334,
      "pagerank": 0.026824361265016902,
      "degree_centrality": 0.03333333333333333,
      "cpd": {
        "values": [
          0.6411477567909587,
          0.007835960921018147,
          0.3588522432090413,
          0.9921640390789819
        ],
        "evidence": [
          6
        ],
        "evidence_card": [
          2
        ]
      }
    },
    "15": {
      "type": "leaf",
      "in_degree": 1,
      "out_degree": 0,
      "betweenness": 0.0,
      "closeness": 0.05333333333333334,
      "pagerank": 0.026824361265016902,
      "degree_centrality": 0.03333333333333333,