{
  "graph_index": 8744,
  "nodes": {
    "0": {
      "type": "root",
      "in_degree": 0,
      "out_degree": 1,
      "betweenness": 0.0,
      "closeness": 0.0,
      "pagerank": 0.021131005265194992,
      "degree_centrality": 0.03125,
      "cpd": {
        "values": [
          0.5,
          0.5,
          0.0,
          0.0
        ],
        "evidence": [],
        "evidence_card": []
      }
    },
    "1": {
      "type": "intermediate",
      "in_degree": 1,
      "out_degree": 2,
      "betweenness": 0.03125,
      "closeness": 0.03125,
      "pagerank": 0.03909195563385907,
      "degree_centrality": 0.09375,
      "cpd": {
        "values": [
          0.7206180407103243,
          0.7070847446625672,
          0.2793819592896757,
          0.29291525533743284
        ],
        "evidence": [
          0
        ],
        "evidence_card": [
          2
        ]
      }
    },
    "2": {
      "type": "intermediate",
      "in_degree": 1,
      "out_degree": 5,
      "betweenness": 0.03024193548387097,
      "closeness": 0.041666666666666664,
      "pagerank": 0.03774481661471258,
      "degree_centrality": 0.1875,
      "cpd": {
        "values": [
          0.3385191751036917,
          0.6341770795183298,
          0.6614808248963082,
          0.3658229204816702
        ],
        "evidence": [
          1
        ],
        "evidence_card": [
          2
        ]
      }
    },
    "3": {
      "type": "intermediate",
      "in_degree": 1,
      "out_degree": 5,
      "betweenness": 0.028225806451612902,
      "closeness": 0.041666666666666664,
      "pagerank": 0.03774481661471258,
      "degree_centrality": 0.1875,
      "cpd": {
        "values": [
          0.26142633735102644,
          0.5392084223303822,
          0.7385736626489736,
          0.46079157766961776
        ],
        "evidence": [
          1
        ],
        "evidence_card": [
          2
        ]
      }
    },
    "4": {
      "type": "intermediate",
      "in_degree": 1,
      "out_degree": 3,
      "betweenness": 0.007056451612903226,
      "closeness": 0.046875,
      "pagerank": 0.027547743532003715,
      "degree_centrality": 0.125,
      "cpd": {
        "values": [
          0.07985560096397454,
          0.11133599364539526,
          0.9201443990360255,
          0.8886640063546047
        ],
        "evidence": [
          3
        ],
        "evidence_card": [
          2
        ]
      }
    },
    "5": {
      "type": "intermediate",
      "in_degree": 1,
      "out_degree": 4,
      "betweenness": 0.012096774193548387,
      "closeness": 0.046875,
      "pagerank": 0.027547743532003715,
      "degree_centrality": 0.15625,
      "cpd": {
        "values": [
          0.35466594830731674,
          0.10323315517240789,
          0.6453340516926832,
          0.8967668448275922
        ],
        "evidence": [
          3
        ],
        "evidence_card": [
          2
        ]
      }
    },
    "6": {
      "type": "intermediate",
      "in_degree": 1,
      "out_degree": 1,
      "betweenness": 0.0030241935483870967,
      "closeness": 0.046875,
      "pagerank": 0.027547743532003715,
      "degree_centrality": 0.0625,
      "cpd": {
        "values": [
          0.46405713331937054,
          0.5176866327275284,
          0.5359428666806294,
          0.4823133672724717
        ],
        "evidence": [
          3
        ],
        "evidence_card": [
          2
        ]
      }
    },
    "7": {
      "type": "intermediate",
      "in_degree": 1,
      "out_degree": 2,
      "betweenness": 0.006048387096774193,
      "closeness": 0.046875,
      "pagerank": 0.027547743532003715,
      "degree_centrality": 0.09375,
      "cpd": {
        "values": [
          0.4740367438032227,
          0.334456637442745,
          0.5259632561967773,
          0.665543362557255
        ],
        "evidence": [
          3
        ],
        "evidence_card": [
          2
        ]
      }
    },
    "8": {
      "type": "leaf",
      "in_degree": 1,
      "out_degree": 0,
      "betweenness": 0.0,
      "closeness": 0.05,
      "pagerank": 0.03283855967224367,
      "degree_centrality": 0.03125,
      "cpd": {
        "values": [
          0.4917799899783292,
          0.44297806490121033,
          0.5082200100216707,
          0.5570219350987897
        ],
        "evidence": [
          7
        ],
        "evidence_card": [
          2
        ]
      }
    },
    "9": {
      "type": "leaf",
      "in_degree": 1,
      "out_degree": 0,
      "betweenness": 0.0,
      "closeness": 0.05,
      "pagerank": 0.03283855967224367,
      "degree_centrality": 0.03125,
      "cpd": {
        "values": [
          0.425215864601938,
          0.7624170259510994,
          0.5747841353980621,
          0.23758297404890058
        ],
        "evidence": [
          7
        ],
        "evidence_card": [
          2
        ]
      }
    },
    "10": {
      "type": "leaf",
      "in_degree": 1,
      "out_degree": 0,
      "betweenness": 0.0,
      "closeness": 0.05,
      "pagerank": 0.04454611407929235,
      "degree_centrality": 0.03125,
      "cpd": {
        "values": [
          0.42588449486315755,
          0.1814197769144277,
          0.5741155051368424,
          0.8185802230855723
        ],
        "evidence": [
          6
        ],
        "evidence_card": [
          2
        ]
      }
    },
    "11": {
      "type": "leaf",
      "in_degree": 1,
      "out_degree": 0,
      "betweenness": 0.0,
      "closeness": 0.05,
      "pagerank": 0.02698478246871933,
      "degree_centrality": 0.03125,
      "cpd": {
        "values": [
          0.8780708221469283,
          0.022979680548913462,
          0.12192917785307172,
          0.9770203194510866
        ],
        "evidence": [
          5
        ],
        "evidence_card": [
          2
        ]
      }
    },
    "12": {
      "type": "leaf",
      "in_degree": 1,
      "out_degree": 0,
      "betweenness": 0.0,
      "closeness": 0.05,
      "pagerank": 0.02698478246871933,
      "degree_centrality": 0.03125,
      "cpd": {
        "values": [
          0.24852838320965978,
          0.593152988310688,
          0.7514716167903402,
          0.40684701168931203
        ],
        "evidence": [
          5
        ],
        "evidence_card": [
          2
        ]
      }
    },
    "13": {
      "type": "leaf",
      "in_degree": 1,
      "out_degree": 0,
      "betweenness": 0.0,
      "closeness": 0.05,
      "pagerank": 0.02698478246871933,
      "degree_centrality": 0.03125,
      "cpd": {
        "values": [
          0.4866508605190775,
          0.49263964929447973,
          0.5133491394809224,
          0.5073603507055202
        ],
        "evidence": [
          5
        ],
        "evidence_card": [
          2
        ]
      }
    },
    "14": {
      "type": "leaf",
      "in_degree": 1,
      "out_degree": 0,
      "betweenness": 0.0,
      "closeness": 0.05,
      "pagerank": 0.02698478246871933,
      "degree_centrality": 0.03125,
      "cpd": {
        "values": [
          0.3064090181116339,
          0.3352025205563103,
          0.6935909818883661,
          0.6647974794436897
        ],
        "evidence": [
          5
        ],
        "evidence_card": [
          2
        ]
      }
    },
    "15": {
      "type": "leaf",
      "in_degree": 1,
      "out_degree": 0,
      "betweenness": 0.0,
      "closeness": 0.05,
      "pagerank": 0.028936041536560778,
      "degree_centrality": 0.03125,
      "cpd": {
        "values": [
          0.767925381270678,
          0.6836453105619603,
          0.23207461872932203,
          0.3163546894380397
        ],
        "evidence": [
          4
        ],
        "evidence_card": [
          2
        ]
      }
    },
    "16": {
      "type": "leaf",
      "in_degree": 1,
      "out_degree": 0,
      "betweenness": 0.0,
      "closeness": 0.05,
      "pagerank": 0.028936041536560778,