{
  "graph_index": 5023,
  "nodes": {
    "0": {
      "type": "root",
      "in_degree": 0,
      "out_degree": 1,
      "betweenness": 0.0,
      "closeness": 0.0,
      "pagerank": 0.0391930380207435,
      "degree_centrality": 0.06666666666666667,
      "cpd": {
        "values": [
          0.5,
          0.5,
          0.0,
          0.0
        ],
        "evidence": [],
        "evidence_card": []
      }
    },
    "1": {
      "type": "intermediate",
      "in_degree": 1,
      "out_degree": 2,
      "betweenness": 0.06666666666666668,
      "closeness": 0.06666666666666667,
      "pagerank": 0.07250813692674601,
      "degree_centrality": 0.2,
      "cpd": {
        "values": [
          0.6537050126076258,
          0.05176818337156411,
          0.3462949873923741,
          0.9482318166284359
        ],
        "evidence": [
          0
        ],
        "evidence_card": [
          2
        ]
      }
    },
    "2": {
      "type": "intermediate",
      "in_degree": 1,
      "out_degree": 2,
      "betweenness": 0.0380952380952381,
      "closeness": 0.08888888888888888,
      "pagerank": 0.07000876011588966,
      "degree_centrality": 0.2,
      "cpd": {
        "values": [
          0.7372045457997082,
          0.8511793864090786,
          0.2627954542002919,
          0.14882061359092139
        ],
        "evidence": [
          1
        ],
        "evidence_card": [
          2
        ]
      }
    },
    "3": {
      "type": "intermediate",
      "in_degree": 1,
      "out_degree": 3,
      "betweenness": 0.0761904761904762,
      "closeness": 0.08888888888888888,
      "pagerank": 0.07000876011588966,
      "degree_centrality": 0.26666666666666666,
      "cpd": {
        "values": [
          0.5416786284012038,
          0.3135827003069903,
          0.4583213715987962,
          0.6864172996930098
        ],
        "evidence": [
          1
        ],
        "evidence_card": [
          2
        ]
      }
    },
    "4": {
      "type": "intermediate",
      "in_degree": 1,
      "out_degree": 4,
      "betweenness": 0.05714285714285715,
      "closeness": 0.1,
      "pagerank": 0.0590283890064849,
      "degree_centrality": 0.3333333333333333,
      "cpd": {
        "values": [
          0.5667540795252841,
          0.4898194207504018,
          0.43324592047471605,
          0.5101805792495981
        ],
        "evidence": [
          3
        ],
        "evidence_card": [
          2
        ]
      }
    },
    "5": {
      "type": "intermediate",
      "in_degree": 1,
      "out_degree": 2,
      "betweenness": 0.01904761904761905,
      "closeness": 0.1,
      "pagerank": 0.0590283890064849,
      "degree_centrality": 0.2,
      "cpd": {
        "values": [
          0.03504069060882137,
          0.4566921013895485,
          0.9649593093911787,
          0.5433078986104516
        ],
        "evidence": [
          3
        ],
        "evidence_card": [
          2
        ]
      }
    },
    "6": {
      "type": "leaf",
      "in_degree": 1,
      "out_degree": 0,
      "betweenness": 0.0,
      "closeness": 0.10666666666666667,
      "pagerank": 0.06428022260793806,
      "degree_centrality": 0.06666666666666667,
      "cpd": {
        "values": [
          0.43275469755405765,
          0.4757615153078838,
          0.5672453024459424,
          0.5242384846921162
        ],
        "evidence": [
          5
        ],
        "evidence_card": [
          2
        ]
      }
    },
    "7": {
      "type": "leaf",
      "in_degree": 2,
      "out_degree": 0,
      "betweenness": 0.0,
      "closeness": 0.18518518518518517,
      "pagerank": 0.09403324908655017,
      "degree_centrality": 0.13333333333333333,
      "cpd": {
        "values": [
          0.6035102111925713,
          0.5449770117472229,
          0.38110284292230484,
          0.7242434264614995
        ],
        "evidence": [
          2,
          5
        ],
        "evidence_card": [
          2,
          2
        ]
      }
    },
    "8": {
      "type": "leaf",
      "in_degree": 1,
      "out_degree": 0,
      "betweenness": 0.0,
      "closeness": 0.10666666666666667,
      "pagerank": 0.05173663031434078,
      "degree_centrality": 0.06666666666666667,
      "cpd": {
        "values": [
          0.23647557664237617,
          0.4344672319374876,
          0.7635244233576237,
          0.5655327680625124
        ],
        "evidence": [
          4
        ],
        "evidence_card": [
          2
        ]
      }
    },
    "9": {
      "type": "leaf",
      "in_degree": 1,
      "out_degree": 0,
      "betweenness": 0.0,
      "closeness": 0.10666666666666667,
      "pagerank": 0.05173663031434078,
      "degree_centrality": 0.06666666666666667,
      "cpd": {
        "values": [
          0.22669974267607385,
          0.7566242123759408,
          0.7733002573239262,
          0.2433757876240591
        ],
        "evidence": [
          4
        ],
        "evidence_card": [
          2
        ]
      }
    },
    "10": {
      "type": "leaf",
      "in_degree": 1,
      "out_degree": 0,
      "betweenness": 0.0,
      "closeness": 0.10666666666666667,
      "pagerank": 0.05173663031434078,
      "degree_centrality": 0.06666666666666667,
      "cpd": {
        "values": [
          0.4984306293967786,
          0.6108641873270018,
          0.5015693706032214,
          0.3891358126729982
        ],
        "evidence": [
          4
        ],
        "evidence_card": [
          2
        ]
      }
    },
    "11": {
      "type": "leaf",
      "in_degree": 1,
      "out_degree": 0,
      "betweenness": 0.0,
      "closeness": 0.10666666666666667,
      "pagerank": 0.05173663031434078,
      "degree_centrality": 0.06666666666666667,
      "cpd": {
        "values": [
          0.4606431355093927,
          0.5085690458529148,
          0.5393568644906074,
          0.49143095414708515
        ],
        "evidence": [
          4
        ],
        "evidence_card": [
          2
        ]
      }
    },
    "12": {
      "type": "intermediate",
      "in_degree": 1,
      "out_degree": 3,
      "betweenness": 0.03333333333333334,
      "closeness": 0.1,
      "pagerank": 0.06894606449935559,
      "degree_centrality": 0.26666666666666666,
      "cpd": {
        "values": [
          0.40558936162014775,
          0.1682845356005489,
          0.5944106383798522,
          0.831715464399451
        ],
        "evidence": [
          2
        ],
        "evidence_card": [
          2
        ]
      }
    },
    "13": {
      "type": "leaf",
      "in_degree": 1,
      "out_degree": 0,
      "betweenness": 0.0,
      "closeness": 0.10666666666666667,
      "pagerank": 0.05872770612360431,
      "degree_centrality": 0.06666666666666667,
      "cpd": {
        "values": [
          0.4080665195331776,
          0.3265302398072835,
          0.5919334804668225,
          0.6734697601927165
        ],
        "evidence": [
          12
        ],
        "evidence_card": [
          2
        ]
      }
    },
    "14": {
      "type": "leaf",
      "in_degree": 1,
      "out_degree": 0,
      "betweenness": 0.0,
      "closeness": 0.10666666666666667,
      "pagerank": 0.05872770612360431,
      "degree_centrality": 0.06666666666666667,
      "cpd": {
        "values": [
          0.28217659105100146,
          0.3037134593663285,
          0.7178234089489985,
          0.6962865406336716
        ],
        "evidence": [
          12
        ],
        "evidence_card": [
          2
        ]
      }
    },
    "15": {
      "type": "leaf",
      "in_degree": 2,
      "out_degree": 0,
      "betweenness": 0.0,
      "closeness": 0.18518518518518517,
      "pagerank": 0.07856305710934572,
      "degree_centrality": 0.13333333333333333,
      "cpd": {
        "values": [
          0.8791194458436924,
          0.9442875128153498,
          0.6889848285015872,
          0.6365451721662556
        ],