{
  "graph_index": 1783,
  "nodes": {
    "0": {
      "type": "root",
      "in_degree": 0,
      "out_degree": 1,
      "betweenness": 0.0,
      "closeness": 0.0,
      "pagerank": 0.025715579115954568,
      "degree_centrality": 0.041666666666666664,
      "cpd": {
        "values": [
          0.5,
          0.5,
          0.0,
          0.0
        ],
        "evidence": [],
        "evidence_card": []
      }
    },
    "1": {
      "type": "intermediate",
      "in_degree": 1,
      "out_degree": 3,
      "betweenness": 0.041666666666666664,
      "closeness": 0.041666666666666664,
      "pagerank": 0.047574262647334706,
      "degree_centrality": 0.16666666666666666,
      "cpd": {
        "values": [
          0.7262544821712363,
          0.3720060901637893,
          0.27374551782876366,
          0.6279939098362106
        ],
        "evidence": [
          0
        ],
        "evidence_card": [
          2
        ]
      }
    },
    "2": {
      "type": "intermediate",
      "in_degree": 1,
      "out_degree": 2,
      "betweenness": 0.018115942028985508,
      "closeness": 0.05555555555555555,
      "pagerank": 0.03919478951098568,
      "degree_centrality": 0.125,
      "cpd": {
        "values": [
          0.2754929066837466,
          0.26159388325685073,
          0.7245070933162535,
          0.7384061167431493
        ],
        "evidence": [
          1
        ],
        "evidence_card": [
          2
        ]
      }
    },
    "3": {
      "type": "intermediate",
      "in_degree": 1,
      "out_degree": 2,
      "betweenness": 0.021739130434782608,
      "closeness": 0.05555555555555555,
      "pagerank": 0.03919478951098568,
      "degree_centrality": 0.125,
      "cpd": {
        "values": [
          0.18713799611812504,
          0.2887674550506711,
          0.8128620038818749,
          0.711232544949329
        ],
        "evidence": [
          1
        ],
        "evidence_card": [
          2
        ]
      }
    },
    "4": {
      "type": "intermediate",
      "in_degree": 1,
      "out_degree": 4,
      "betweenness": 0.03260869565217391,
      "closeness": 0.05555555555555555,
      "pagerank": 0.03919478951098568,
      "degree_centrality": 0.20833333333333331,
      "cpd": {
        "values": [
          0.7734261493036064,
          0.754268480047345,
          0.22657385069639363,
          0.245731519952655
        ],
        "evidence": [
          1
        ],
        "evidence_card": [
          2
        ]
      }
    },
    "5": {
      "type": "intermediate",
      "in_degree": 1,
      "out_degree": 1,
      "betweenness": 0.005434782608695652,
      "closeness": 0.0625,
      "pagerank": 0.03404451078148207,
      "degree_centrality": 0.08333333333333333,
      "cpd": {
        "values": [
          0.2606268833804576,
          0.46424234703027384,
          0.7393731166195424,
          0.5357576529697262
        ],
        "evidence": [
          4
        ],
        "evidence_card": [
          2
        ]
      }
    },
    "6": {
      "type": "intermediate",
      "in_degree": 1,
      "out_degree": 2,
      "betweenness": 0.007246376811594203,
      "closeness": 0.0625,
      "pagerank": 0.03404451078148207,
      "degree_centrality": 0.125,
      "cpd": {
        "values": [
          0.9517858322626341,
          0.09142142514692618,
          0.04821416773736584,
          0.9085785748530738
        ],
        "evidence": [
          4
        ],
        "evidence_card": [
          2
        ]
      }
    },
    "7": {
      "type": "intermediate",
      "in_degree": 1,
      "out_degree": 3,
      "betweenness": 0.016304347826086956,
      "closeness": 0.0625,
      "pagerank": 0.03404451078148207,
      "degree_centrality": 0.16666666666666666,
      "cpd": {
        "values": [
          0.3309486143491075,
          0.09734618494989875,
          0.6690513856508925,
          0.9026538150501012
        ],
        "evidence": [
          4
        ],
        "evidence_card": [
          2
        ]
      }
    },
    "8": {
      "type": "leaf",
      "in_degree": 1,
      "out_degree": 0,
      "betweenness": 0.0,
      "closeness": 0.06666666666666667,
      "pagerank": 0.0353616190416017,
      "degree_centrality": 0.041666666666666664,
      "cpd": {
        "values": [
          0.338251946815781,
          0.5289044645095408,
          0.661748053184219,
          0.4710955354904593
        ],
        "evidence": [
          7
        ],
        "evidence_card": [
          2
        ]
      }
    },
    "9": {
      "type": "leaf",
      "in_degree": 1,
      "out_degree": 0,
      "betweenness": 0.0,
      "closeness": 0.06666666666666667,
      "pagerank": 0.0353616190416017,
      "degree_centrality": 0.041666666666666664,
      "cpd": {
        "values": [
          0.6633703220166949,
          0.8951269058245933,
          0.33662967798330523,
          0.10487309417540668
        ],
        "evidence": [
          7
        ],
        "evidence_card": [
          2
        ]
      }
    },
    "10": {
      "type": "leaf",
      "in_degree": 1,
      "out_degree": 0,
      "betweenness": 0.0,
      "closeness": 0.06666666666666667,
      "pagerank": 0.0353616190416017,
      "degree_centrality": 0.041666666666666664,
      "cpd": {
        "values": [
          0.2885722522245385,
          0.8934542445607979,
          0.7114277477754616,
          0.10654575543920204
        ],
        "evidence": [
          7
        ],
        "evidence_card": [
          2
        ]
      }
    },
    "11": {
      "type": "leaf",
      "in_degree": 2,
      "out_degree": 0,
      "betweenness": 0.0,
      "closeness": 0.11574074074074076,
      "pagerank": 0.05684250233548027,
      "degree_centrality": 0.08333333333333333,
      "cpd": {
        "values": [
          0.0012268636474812473,
          0.06252729047686725,
          0.3098561758200167,
          0.5501573253274288
        ],
        "evidence": [
          2,
          6
        ],
        "evidence_card": [
          2,
          2
        ]
      }
    },
    "12": {
      "type": "leaf",
      "in_degree": 1,
      "out_degree": 0,
      "betweenness": 0.0,
      "closeness": 0.06666666666666667,
      "pagerank": 0.04018463900442526,
      "degree_centrality": 0.041666666666666664,
      "cpd": {
        "values": [
          0.3847378733136328,
          0.13262262783011142,
          0.615262126686367,
          0.8673773721698886
        ],
        "evidence": [
          6
        ],
        "evidence_card": [
          2
        ]
      }
    },
    "13": {
      "type": "leaf",
      "in_degree": 1,
      "out_degree": 0,
      "betweenness": 0.0,
      "closeness": 0.06666666666666667,
      "pagerank": 0.054653698892895966,
      "degree_centrality": 0.041666666666666664,
      "cpd": {
        "values": [
          0.29922009607686767,
          0.6695853334704456,
          0.7007799039231324,
          0.3304146665295544
        ],
        "evidence": [
          5
        ],
        "evidence_card": [
          2
        ]
      }
    },
    "14": {
      "type": "intermediate",
      "in_degree": 1,
      "out_degree": 3,
      "betweenness": 0.016304347826086956,
      "closeness": 0.0625,
      "pagerank": 0.042373442447009566,
      "degree_centrality": 0.16666666666666666,
      "cpd": {
        "values": [
          0.4372894589561698,
          0.7662738276520322,
          0.5627105410438303,
          0.23372617234796775
        ],
        "evidence": [
          3
        ],
        "evidence_card": [
          2
        ]
      }
    },
    "15": {
      "type": "intermediate",
      "in_degree": 1,
      "out_degree": 1,
      "betweenness": 0.005434782608695652,
      "closeness": 0.0625,
      "pagerank": 0.042373442447009566,
      "degree_centrality": 0.08333333333333333,