{
  "graph_index": 4415,
  "nodes": {
    "0": {
      "type": "root",
      "in_degree": 0,
      "out_degree": 1,
      "betweenness": 0.0,
      "closeness": 0.0,
      "pagerank": 0.04541797781189543,
      "degree_centrality": 0.08333333333333333,
      "cpd": {
        "values": [
          0.5,
          0.5,
          0.0,
          0.0
        ],
        "evidence": [],
        "evidence_card": []
      }
    },
    "1": {
      "type": "intermediate",
      "in_degree": 1,
      "out_degree": 1,
      "betweenness": 0.08333333333333334,
      "closeness": 0.08333333333333333,
      "pagerank": 0.08402285922791818,
      "degree_centrality": 0.16666666666666666,
      "cpd": {
        "values": [
          0.4278187753238539,
          0.4731460399605073,
          0.5721812246761462,
          0.5268539600394927
        ],
        "evidence": [
          0
        ],
        "evidence_card": [
          2
        ]
      }
    },
    "2": {
      "type": "intermediate",
      "in_degree": 1,
      "out_degree": 3,
      "betweenness": 0.15151515151515152,
      "closeness": 0.1111111111111111,
      "pagerank": 0.11683673008851464,
      "degree_centrality": 0.3333333333333333,
      "cpd": {
        "values": [
          0.7521804498510309,
          0.3614462362643915,
          0.24781955014896906,
          0.6385537637356086
        ],
        "evidence": [
          1
        ],
        "evidence_card": [
          2
        ]
      }
    },
    "3": {
      "type": "intermediate",
      "in_degree": 1,
      "out_degree": 2,
      "betweenness": 0.045454545454545456,
      "closeness": 0.125,
      "pagerank": 0.07852184918122883,
      "degree_centrality": 0.25,
      "cpd": {
        "values": [
          0.20320836042121806,
          0.6622364176872247,
          0.796791639578782,
          0.33776358231277526
        ],
        "evidence": [
          2
        ],
        "evidence_card": [
          2
        ]
      }
    },
    "4": {
      "type": "intermediate",
      "in_degree": 1,
      "out_degree": 4,
      "betweenness": 0.09090909090909091,
      "closeness": 0.125,
      "pagerank": 0.07852184918122883,
      "degree_centrality": 0.41666666666666663,
      "cpd": {
        "values": [
          0.9252400769236694,
          0.6481129171019672,
          0.07475992307633064,
          0.351887082898033
        ],
        "evidence": [
          2
        ],
        "evidence_card": [
          2
        ]
      }
    },
    "5": {
      "type": "intermediate",
      "in_degree": 1,
      "out_degree": 1,
      "betweenness": 0.022727272727272728,
      "closeness": 0.125,
      "pagerank": 0.07852184918122883,
      "degree_centrality": 0.16666666666666666,
      "cpd": {
        "values": [
          0.46182873390583984,
          0.2902296223727265,
          0.5381712660941601,
          0.7097703776272736
        ],
        "evidence": [
          2
        ],
        "evidence_card": [
          2
        ]
      }
    },
    "6": {
      "type": "leaf",
      "in_degree": 1,
      "out_degree": 0,
      "betweenness": 0.0,
      "closeness": 0.13333333333333333,
      "pagerank": 0.11216165802680117,
      "degree_centrality": 0.08333333333333333,
      "cpd": {
        "values": [
          0.8063105725272619,
          0.32446431831402694,
          0.19368942747273807,
          0.6755356816859731
        ],
        "evidence": [
          5
        ],
        "evidence_card": [
          2
        ]
      }
    },
    "7": {
      "type": "leaf",
      "in_degree": 1,
      "out_degree": 0,
      "betweenness": 0.0,
      "closeness": 0.13333333333333333,
      "pagerank": 0.062103897865621864,
      "degree_centrality": 0.08333333333333333,
      "cpd": {
        "values": [
          0.17575284846881933,
          0.8745220368388773,
          0.8242471515311807,
          0.12547796316112275
        ],
        "evidence": [
          4
        ],
        "evidence_card": [
          2
        ]
      }
    },
    "8": {
      "type": "leaf",
      "in_degree": 1,
      "out_degree": 0,
      "betweenness": 0.0,
      "closeness": 0.13333333333333333,
      "pagerank": 0.062103897865621864,
      "degree_centrality": 0.08333333333333333,
      "cpd": {
        "values": [
          0.5053379393410143,
          0.17164684928500587,
          0.4946620606589857,
          0.8283531507149942
        ],
        "evidence": [
          4
        ],
        "evidence_card": [
          2
        ]
      }
    },
    "9": {
      "type": "leaf",
      "in_degree": 1,
      "out_degree": 0,
      "betweenness": 0.0,
      "closeness": 0.13333333333333333,
      "pagerank": 0.062103897865621864,
      "degree_centrality": 0.08333333333333333,
      "cpd": {
        "values": [
          0.6565044803254211,
          0.09931997670548878,
          0.34349551967457886,
          0.9006800232945112
        ],
        "evidence": [
          4
        ],
        "evidence_card": [
          2
        ]
      }
    },
    "10": {
      "type": "leaf",
      "in_degree": 1,
      "out_degree": 0,
      "betweenness": 0.0,
      "closeness": 0.13333333333333333,
      "pagerank": 0.062103897865621864,
      "degree_centrality": 0.08333333333333333,
      "cpd": {
        "values": [
          0.49587411910444645,
          0.9017909378686002,
          0.5041258808955535,
          0.09820906213139963
        ],
        "evidence": [
          4
        ],
        "evidence_card": [
          2
        ]
      }
    },
    "11": {
      "type": "leaf",
      "in_degree": 1,
      "out_degree": 0,
      "betweenness": 0.0,
      "closeness": 0.13333333333333333,
      "pagerank": 0.0787898179193483,
      "degree_centrality": 0.08333333333333333,
      "cpd": {
        "values": [
          0.9439831490022547,
          0.17672716478450684,
          0.05601685099774537,
          0.8232728352154931
        ],
        "evidence": [
          3
        ],
        "evidence_card": [
          2
        ]
      }
    },
    "12": {
      "type": "leaf",
      "in_degree": 1,
      "out_degree": 0,
      "betweenness": 0.0,
      "closeness": 0.13333333333333333,
      "pagerank": 0.0787898179193483,
      "degree_centrality": 0.08333333333333333,
      "cpd": {
        "values": [
          0.4491902074563206,
          0.9885371894208069,
          0.5508097925436795,
          0.011462810579193065
        ],
        "evidence": [
          3
        ],
        "evidence_card": [
          2
        ]
      }
    }
  },
  "edges": [
    [
      0,
      1
    ],
    [
      1,
      2
    ],
    [
      2,
      3
    ],
    [
      2,
      4
    ],
    [
      2,
      5
    ],
    [
      3,
      11
    ],
    [
      3,
      12
    ],
    [
      4,
      7
    ],
    [
      4,
      8
    ],
    [
      4,
      9
    ],
    [
      4,
      10
    ],
    [
      5,
      6
    ]
  ]
}