{
  "graph_index": 7572,
  "nodes": {
    "0": {
      "type": "root",
      "in_degree": 0,
      "out_degree": 1,
      "betweenness": 0.0,
      "closeness": 0.0,
      "pagerank": 0.029514199926931085,
      "degree_centrality": 0.05,
      "cpd": {
        "values": [
          0.5,
          0.5,
          0.0,
          0.0
        ],
        "evidence": [],
        "evidence_card": []
      }
    },
    "1": {
      "type": "intermediate",
      "in_degree": 1,
      "out_degree": 2,
      "betweenness": 0.049999999999999996,
      "closeness": 0.05,
      "pagerank": 0.05460098132690898,
      "degree_centrality": 0.15000000000000002,
      "cpd": {
        "values": [
          0.5589265984064646,
          0.508497407463066,
          0.4410734015935355,
          0.49150259253693396
        ],
        "evidence": [
          0
        ],
        "evidence_card": [
          2
        ]
      }
    },
    "2": {
      "type": "intermediate",
      "in_degree": 1,
      "out_degree": 2,
      "betweenness": 0.02631578947368421,
      "closeness": 0.06666666666666667,
      "pagerank": 0.05271998214418297,
      "degree_centrality": 0.15000000000000002,
      "cpd": {
        "values": [
          0.5406124554835963,
          0.6407366214377245,
          0.45938754451640385,
          0.35926337856227547
        ],
        "evidence": [
          1
        ],
        "evidence_card": [
          2
        ]
      }
    },
    "3": {
      "type": "intermediate",
      "in_degree": 1,
      "out_degree": 5,
      "betweenness": 0.06315789473684211,
      "closeness": 0.06666666666666667,
      "pagerank": 0.05271998214418297,
      "degree_centrality": 0.30000000000000004,
      "cpd": {
        "values": [
          0.0430949029762856,
          0.4785354165694591,
          0.9569050970237144,
          0.5214645834305409
        ],
        "evidence": [
          1
        ],
        "evidence_card": [
          2
        ]
      }
    },
    "4": {
      "type": "intermediate",
      "in_degree": 1,
      "out_degree": 2,
      "betweenness": 0.015789473684210527,
      "closeness": 0.075,
      "pagerank": 0.038476452082219496,
      "degree_centrality": 0.15000000000000002,
      "cpd": {
        "values": [
          0.5320606890459894,
          0.04615912769158171,
          0.46793931095401053,
          0.9538408723084184
        ],
        "evidence": [
          3
        ],
        "evidence_card": [
          2
        ]
      }
    },
    "5": {
      "type": "intermediate",
      "in_degree": 1,
      "out_degree": 1,
      "betweenness": 0.007894736842105263,
      "closeness": 0.075,
      "pagerank": 0.038476452082219496,
      "degree_centrality": 0.1,
      "cpd": {
        "values": [
          0.8837936143153406,
          0.5679611811117679,
          0.11620638568465938,
          0.4320388188882322
        ],
        "evidence": [
          3
        ],
        "evidence_card": [
          2
        ]
      }
    },
    "6": {
      "type": "intermediate",
      "in_degree": 1,
      "out_degree": 2,
      "betweenness": 0.015789473684210527,
      "closeness": 0.075,
      "pagerank": 0.038476452082219496,
      "degree_centrality": 0.15000000000000002,
      "cpd": {
        "values": [
          0.1769129451227082,
          0.07501411321239954,
          0.8230870548772918,
          0.9249858867876004
        ],
        "evidence": [
          3
        ],
        "evidence_card": [
          2
        ]
      }
    },
    "7": {
      "type": "intermediate",
      "in_degree": 1,
      "out_degree": 2,
      "betweenness": 0.015789473684210527,
      "closeness": 0.075,
      "pagerank": 0.038476452082219496,
      "degree_centrality": 0.15000000000000002,
      "cpd": {
        "values": [
          0.4576981591422971,
          0.05102713452982408,
          0.5423018408577029,
          0.9489728654701759
        ],
        "evidence": [
          3
        ],
        "evidence_card": [
          2
        ]
      }
    },
    "8": {
      "type": "leaf",
      "in_degree": 1,
      "out_degree": 0,
      "betweenness": 0.0,
      "closeness": 0.08000000000000002,
      "pagerank": 0.045866493168431915,
      "degree_centrality": 0.05,
      "cpd": {
        "values": [
          0.7235604593110722,
          0.5935736326084913,
          0.2764395406889278,
          0.4064263673915088
        ],
        "evidence": [
          7
        ],
        "evidence_card": [
          2
        ]
      }
    },
    "9": {
      "type": "leaf",
      "in_degree": 1,
      "out_degree": 0,
      "betweenness": 0.0,
      "closeness": 0.08000000000000002,
      "pagerank": 0.045866493168431915,
      "degree_centrality": 0.05,
      "cpd": {
        "values": [
          0.564017546762384,
          0.4229417890786308,
          0.4359824532376161,
          0.5770582109213692
        ],
        "evidence": [
          7
        ],
        "evidence_card": [
          2
        ]
      }
    },
    "10": {
      "type": "leaf",
      "in_degree": 1,
      "out_degree": 0,
      "betweenness": 0.0,
      "closeness": 0.08000000000000002,
      "pagerank": 0.045866493168431915,
      "degree_centrality": 0.05,
      "cpd": {
        "values": [
          0.988532551253056,
          0.042490962421552446,
          0.011467448746944022,
          0.9575090375784475
        ],
        "evidence": [
          6
        ],
        "evidence_card": [
          2
        ]
      }
    },
    "11": {
      "type": "leaf",
      "in_degree": 1,
      "out_degree": 0,
      "betweenness": 0.0,
      "closeness": 0.08000000000000002,
      "pagerank": 0.045866493168431915,
      "degree_centrality": 0.05,
      "cpd": {
        "values": [
          0.6568582774873023,
          0.7190376396826064,
          0.3431417225126978,
          0.2809623603173936
        ],
        "evidence": [
          6
        ],
        "evidence_card": [
          2
        ]
      }
    },
    "12": {
      "type": "leaf",
      "in_degree": 1,
      "out_degree": 0,
      "betweenness": 0.0,
      "closeness": 0.08000000000000002,
      "pagerank": 0.06221878640993274,
      "degree_centrality": 0.05,
      "cpd": {
        "values": [
          0.3749949921071816,
          0.5187592153705355,
          0.6250050078928184,
          0.48124078462946457
        ],
        "evidence": [
          5
        ],
        "evidence_card": [
          2
        ]
      }
    },
    "13": {
      "type": "leaf",
      "in_degree": 1,
      "out_degree": 0,
      "betweenness": 0.0,
      "closeness": 0.08000000000000002,
      "pagerank": 0.045866493168431915,
      "degree_centrality": 0.05,
      "cpd": {
        "values": [
          0.36502360850824633,
          0.19851532352739754,
          0.6349763914917537,
          0.8014846764726025
        ],
        "evidence": [
          4
        ],
        "evidence_card": [
          2
        ]
      }
    },
    "14": {
      "type": "leaf",
      "in_degree": 1,
      "out_degree": 0,
      "betweenness": 0.0,
      "closeness": 0.08000000000000002,
      "pagerank": 0.045866493168431915,
      "degree_centrality": 0.05,
      "cpd": {
        "values": [
          0.6538145427466713,
          0.7795916803554976,
          0.34618545725332867,
          0.22040831964450242
        ],
        "evidence": [
          4
        ],
        "evidence_card": [
          2
        ]
      }
    },
    "15": {
      "type": "intermediate",
      "in_degree": 1,
      "out_degree": 1,
      "betweenness": 0.007894736842105263,
      "closeness": 0.075,
      "pagerank": 0.05191983031515212,
      "degree_centrality": 0.1,
      "cpd": {
        "values": [
          0.48396806524604447,
          0.883415935109836,
          0.5160319347539555,
          0.11658406489016404
        ],
        "evidence": [
          2
        ],
        "evidence_card": [
          2
        ]
      }
    },