{
  "graph_index": 4240,
  "nodes": {
    "0": {
      "type": "root",
      "in_degree": 0,
      "out_degree": 1,
      "betweenness": 0.0,
      "closeness": 0.0,
      "pagerank": 0.030432075764889738,
      "degree_centrality": 0.05,
      "cpd": {
        "values": [
          0.5,
          0.5,
          0.0,
          0.0
        ],
        "evidence": [],
        "evidence_card": []
      }
    },
    "1": {
      "type": "intermediate",
      "in_degree": 1,
      "out_degree": 2,
      "betweenness": 0.049999999999999996,
      "closeness": 0.05,
      "pagerank": 0.05630010551515841,
      "degree_centrality": 0.15000000000000002,
      "cpd": {
        "values": [
          0.1706804206366446,
          0.2942716510638063,
          0.8293195793633553,
          0.7057283489361936
        ],
        "evidence": [
          0
        ],
        "evidence_card": [
          2
        ]
      }
    },
    "2": {
      "type": "intermediate",
      "in_degree": 1,
      "out_degree": 3,
      "betweenness": 0.031578947368421054,
      "closeness": 0.06666666666666667,
      "pagerank": 0.05435895921577687,
      "degree_centrality": 0.2,
      "cpd": {
        "values": [
          0.3932878385273615,
          0.8580020715896004,
          0.6067121614726385,
          0.14199792841039954
        ],
        "evidence": [
          1
        ],
        "evidence_card": [
          2
        ]
      }
    },
    "3": {
      "type": "intermediate",
      "in_degree": 1,
      "out_degree": 3,
      "betweenness": 0.05789473684210526,
      "closeness": 0.06666666666666667,
      "pagerank": 0.05435895921577687,
      "degree_centrality": 0.2,
      "cpd": {
        "values": [
          0.5800555102057198,
          0.9231327680344199,
          0.41994448979428023,
          0.07686723196558008
        ],
        "evidence": [
          1
        ],
        "evidence_card": [
          2
        ]
      }
    },
    "4": {
      "type": "intermediate",
      "in_degree": 1,
      "out_degree": 2,
      "betweenness": 0.015789473684210527,
      "closeness": 0.075,
      "pagerank": 0.04583356982693733,
      "degree_centrality": 0.15000000000000002,
      "cpd": {
        "values": [
          0.6468285956602413,
          0.6012262082510517,
          0.35317140433975874,
          0.39877379174894845
        ],
        "evidence": [
          3
        ],
        "evidence_card": [
          2
        ]
      }
    },
    "5": {
      "type": "intermediate",
      "in_degree": 1,
      "out_degree": 3,
      "betweenness": 0.018421052631578946,
      "closeness": 0.075,
      "pagerank": 0.04583356982693733,
      "degree_centrality": 0.2,
      "cpd": {
        "values": [
          0.624318881622136,
          0.026365533315434102,
          0.3756811183778641,
          0.9736344666845659
        ],
        "evidence": [
          3
        ],
        "evidence_card": [
          2
        ]
      }
    },
    "6": {
      "type": "intermediate",
      "in_degree": 1,
      "out_degree": 4,
      "betweenness": 0.031578947368421054,
      "closeness": 0.075,
      "pagerank": 0.04583356982693733,
      "degree_centrality": 0.25,
      "cpd": {
        "values": [
          0.7125476201514273,
          0.4758250045970927,
          0.28745237984857275,
          0.5241749954029072
        ],
        "evidence": [
          3
        ],
        "evidence_card": [
          2
        ]
      }
    },
    "7": {
      "type": "leaf",
      "in_degree": 1,
      "out_degree": 0,
      "betweenness": 0.0,
      "closeness": 0.08000000000000002,
      "pagerank": 0.0401718581605391,
      "degree_centrality": 0.05,
      "cpd": {
        "values": [
          0.5694582475253344,
          0.7370048644842438,
          0.43054175247466564,
          0.26299513551575615
        ],
        "evidence": [
          6
        ],
        "evidence_card": [
          2
        ]
      }
    },
    "8": {
      "type": "leaf",
      "in_degree": 1,
      "out_degree": 0,
      "betweenness": 0.0,
      "closeness": 0.08000000000000002,
      "pagerank": 0.0401718581605391,
      "degree_centrality": 0.05,
      "cpd": {
        "values": [
          0.19082686720300296,
          0.765403523761561,
          0.809173132796997,
          0.23459647623843904
        ],
        "evidence": [
          6
        ],
        "evidence_card": [
          2
        ]
      }
    },
    "9": {
      "type": "leaf",
      "in_degree": 1,
      "out_degree": 0,
      "betweenness": 0.0,
      "closeness": 0.08000000000000002,
      "pagerank": 0.0401718581605391,
      "degree_centrality": 0.05,
      "cpd": {
        "values": [
          0.8684902274850089,
          0.41274789023395303,
          0.13150977251499102,
          0.587252109766047
        ],
        "evidence": [
          6
        ],
        "evidence_card": [
          2
        ]
      }
    },
    "10": {
      "type": "leaf",
      "in_degree": 1,
      "out_degree": 0,
      "betweenness": 0.0,
      "closeness": 0.08000000000000002,
      "pagerank": 0.0401718581605391,
      "degree_centrality": 0.05,
      "cpd": {
        "values": [
          0.9335133748617649,
          0.4254044234892532,
          0.06648662513823515,
          0.5745955765107468
        ],
        "evidence": [
          6
        ],
        "evidence_card": [
          2
        ]
      }
    },
    "11": {
      "type": "leaf",
      "in_degree": 1,
      "out_degree": 0,
      "betweenness": 0.0,
      "closeness": 0.08000000000000002,
      "pagerank": 0.043418452292422215,
      "degree_centrality": 0.05,
      "cpd": {
        "values": [
          0.5184128242503035,
          0.796203722479853,
          0.48158717574969645,
          0.20379627752014692
        ],
        "evidence": [
          5
        ],
        "evidence_card": [
          2
        ]
      }
    },
    "12": {
      "type": "leaf",
      "in_degree": 2,
      "out_degree": 0,
      "betweenness": 0.0,
      "closeness": 0.1388888888888889,
      "pagerank": 0.058819946354469806,
      "degree_centrality": 0.1,
      "cpd": {
        "values": [
          0.8076957607062164,
          0.4238606038257872,
          0.4913430662029777,
          0.5909225215685432
        ],
        "evidence": [
          2,
          5
        ],
        "evidence_card": [
          2,
          2
        ]
      }
    },
    "13": {
      "type": "leaf",
      "in_degree": 1,
      "out_degree": 0,
      "betweenness": 0.0,
      "closeness": 0.08000000000000002,
      "pagerank": 0.043418452292422215,
      "degree_centrality": 0.05,
      "cpd": {
        "values": [
          0.25949344283635384,
          0.28827298861720185,
          0.7405065571636462,
          0.7117270113827981
        ],
        "evidence": [
          5
        ],
        "evidence_card": [
          2
        ]
      }
    },
    "14": {
      "type": "leaf",
      "in_degree": 1,
      "out_degree": 0,
      "betweenness": 0.0,
      "closeness": 0.08000000000000002,
      "pagerank": 0.04991164055618846,
      "degree_centrality": 0.05,
      "cpd": {
        "values": [
          0.2642813434210445,
          0.835248728970356,
          0.7357186565789555,
          0.16475127102964404
        ],
        "evidence": [
          4
        ],
        "evidence_card": [
          2
        ]
      }
    },
    "15": {
      "type": "leaf",
      "in_degree": 1,
      "out_degree": 0,
      "betweenness": 0.0,
      "closeness": 0.08000000000000002,
      "pagerank": 0.04991164055618846,
      "degree_centrality": 0.05,
      "cpd": {
        "values": [
          0.8605684695578703,
          0.6091537626622794,
          0.13943153044212972,
          0.39084623733772056
        ],
        "evidence": [
          4
        ],
        "evidence_card": [
          2
        ]
      }
    },
    "16": {
      "type": "intermediate",
      "in_degree": 1,