{
  "graph_index": 6888,
  "nodes": {
    "0": {
      "type": "root",
      "in_degree": 0,
      "out_degree": 1,
      "betweenness": 0.0,
      "closeness": 0.0,
      "pagerank": 0.026924946482792547,
      "degree_centrality": 0.043478260869565216,
      "cpd": {
        "values": [
          0.5,
          0.5,
          0.0,
          0.0
        ],
        "evidence": [],
        "evidence_card": []
      }
    },
    "1": {
      "type": "intermediate",
      "in_degree": 1,
      "out_degree": 2,
      "betweenness": 0.043478260869565216,
      "closeness": 0.043478260869565216,
      "pagerank": 0.0498118452838648,
      "degree_centrality": 0.13043478260869565,
      "cpd": {
        "values": [
          0.3556793043899359,
          0.17141140218840623,
          0.6443206956100641,
          0.8285885978115938
        ],
        "evidence": [
          0
        ],
        "evidence_card": [
          2
        ]
      }
    },
    "2": {
      "type": "intermediate",
      "in_degree": 1,
      "out_degree": 2,
      "betweenness": 0.035573122529644265,
      "closeness": 0.05797101449275362,
      "pagerank": 0.04809418026102478,
      "degree_centrality": 0.13043478260869565,
      "cpd": {
        "values": [
          0.4019610455673574,
          0.5391157942040303,
          0.5980389544326425,
          0.4608842057959696
        ],
        "evidence": [
          1
        ],
        "evidence_card": [
          2
        ]
      }
    },
    "3": {
      "type": "intermediate",
      "in_degree": 1,
      "out_degree": 4,
      "betweenness": 0.043478260869565216,
      "closeness": 0.05797101449275362,
      "pagerank": 0.04809418026102478,
      "degree_centrality": 0.21739130434782608,
      "cpd": {
        "values": [
          0.13249605217299823,
          0.07697165383044403,
          0.8675039478270018,
          0.923028346169556
        ],
        "evidence": [
          1
        ],
        "evidence_card": [
          2
        ]
      }
    },
    "4": {
      "type": "intermediate",
      "in_degree": 1,
      "out_degree": 2,
      "betweenness": 0.011857707509881422,
      "closeness": 0.06521739130434782,
      "pagerank": 0.037144889208617,
      "degree_centrality": 0.13043478260869565,
      "cpd": {
        "values": [
          0.1837410455650616,
          0.6904735827397,
          0.8162589544349383,
          0.30952641726030006
        ],
        "evidence": [
          3
        ],
        "evidence_card": [
          2
        ]
      }
    },
    "5": {
      "type": "intermediate",
      "in_degree": 1,
      "out_degree": 1,
      "betweenness": 0.005928853754940711,
      "closeness": 0.06521739130434782,
      "pagerank": 0.037144889208617,
      "degree_centrality": 0.08695652173913043,
      "cpd": {
        "values": [
          0.5653120860643749,
          0.7485339546679398,
          0.43468791393562506,
          0.25146604533206024
        ],
        "evidence": [
          3
        ],
        "evidence_card": [
          2
        ]
      }
    },
    "6": {
      "type": "intermediate",
      "in_degree": 1,
      "out_degree": 2,
      "betweenness": 0.011857707509881422,
      "closeness": 0.06521739130434782,
      "pagerank": 0.037144889208617,
      "degree_centrality": 0.13043478260869565,
      "cpd": {
        "values": [
          0.09643691037165016,
          0.6401513914574478,
          0.9035630896283499,
          0.3598486085425522
        ],
        "evidence": [
          3
        ],
        "evidence_card": [
          2
        ]
      }
    },
    "7": {
      "type": "intermediate",
      "in_degree": 1,
      "out_degree": 2,
      "betweenness": 0.011857707509881422,
      "closeness": 0.06521739130434782,
      "pagerank": 0.037144889208617,
      "degree_centrality": 0.13043478260869565,
      "cpd": {
        "values": [
          0.4723287239307481,
          0.5339032984892339,
          0.5276712760692519,
          0.46609670151076615
        ],
        "evidence": [
          3
        ],
        "evidence_card": [
          2
        ]
      }
    },
    "8": {
      "type": "leaf",
      "in_degree": 1,
      "out_degree": 0,
      "betweenness": 0.0,
      "closeness": 0.06956521739130435,
      "pagerank": 0.04271183234847948,
      "degree_centrality": 0.043478260869565216,
      "cpd": {
        "values": [
          0.4257726937983299,
          0.9497092908879384,
          0.5742273062016701,
          0.05029070911206153
        ],
        "evidence": [
          7
        ],
        "evidence_card": [
          2
        ]
      }
    },
    "9": {
      "type": "leaf",
      "in_degree": 1,
      "out_degree": 0,
      "betweenness": 0.0,
      "closeness": 0.06956521739130435,
      "pagerank": 0.04271183234847948,
      "degree_centrality": 0.043478260869565216,
      "cpd": {
        "values": [
          0.43682217548942204,
          0.39627597284000576,
          0.563177824510578,
          0.6037240271599942
        ],
        "evidence": [
          7
        ],
        "evidence_card": [
          2
        ]
      }
    },
    "10": {
      "type": "leaf",
      "in_degree": 1,
      "out_degree": 0,
      "betweenness": 0.0,
      "closeness": 0.06956521739130435,
      "pagerank": 0.04271183234847948,
      "degree_centrality": 0.043478260869565216,
      "cpd": {
        "values": [
          0.7118553333623437,
          0.9095443504257529,
          0.28814466663765625,
          0.09045564957424708
        ],
        "evidence": [
          6
        ],
        "evidence_card": [
          2
        ]
      }
    },
    "11": {
      "type": "leaf",
      "in_degree": 1,
      "out_degree": 0,
      "betweenness": 0.0,
      "closeness": 0.06956521739130435,
      "pagerank": 0.04271183234847948,
      "degree_centrality": 0.043478260869565216,
      "cpd": {
        "values": [
          0.5808354236989219,
          0.1794497483218809,
          0.41916457630107806,
          0.8205502516781191
        ],
        "evidence": [
          6
        ],
        "evidence_card": [
          2
        ]
      }
    },
    "12": {
      "type": "leaf",
      "in_degree": 1,
      "out_degree": 0,
      "betweenness": 0.0,
      "closeness": 0.06956521739130435,
      "pagerank": 0.058498718214166405,
      "degree_centrality": 0.043478260869565216,
      "cpd": {
        "values": [
          0.7467367441979134,
          0.47006828722206373,
          0.2532632558020866,
          0.5299317127779363
        ],
        "evidence": [
          5
        ],
        "evidence_card": [
          2
        ]
      }
    },
    "13": {
      "type": "leaf",
      "in_degree": 1,
      "out_degree": 0,
      "betweenness": 0.0,
      "closeness": 0.06956521739130435,
      "pagerank": 0.04271183234847948,
      "degree_centrality": 0.043478260869565216,
      "cpd": {
        "values": [
          0.4256108175116193,
          0.633694882218423,
          0.5743891824883807,
          0.3663051177815771
        ],
        "evidence": [
          4
        ],
        "evidence_card": [
          2
        ]
      }
    },
    "14": {
      "type": "leaf",
      "in_degree": 1,
      "out_degree": 0,
      "betweenness": 0.0,
      "closeness": 0.06956521739130435,
      "pagerank": 0.04271183234847948,
      "degree_centrality": 0.043478260869565216,
      "cpd": {
        "values": [
          0.023240457733976854,
          0.26804711409386933,
          0.9767595422660231,
          0.7319528859061307
        ],
        "evidence": [
          4
        ],
        "evidence_card": [
          2
        ]
      }
    },
    "15": {
      "type": "intermediate",
      "in_degree": 1,
      "out_degree": 3,
      "betweenness": 0.017786561264822132,
      "closeness": 0.06521739130434782,
      "pagerank": 0.04736483193444146,
      "degree_centrality": 0.17391304347826086,