{
  "graph_index": 1372,
  "nodes": {
    "0": {
      "type": "root",
      "in_degree": 0,
      "out_degree": 1,
      "betweenness": 0.0,
      "closeness": 0.0,
      "pagerank": 0.049584233521232424,
      "degree_centrality": 0.09090909090909091,
      "cpd": {
        "values": [
          0.5,
          0.5,
          0.0,
          0.0
        ],
        "evidence": [],
        "evidence_card": []
      }
    },
    "1": {
      "type": "intermediate",
      "in_degree": 1,
      "out_degree": 1,
      "betweenness": 0.09090909090909091,
      "closeness": 0.09090909090909091,
      "pagerank": 0.09172995875612323,
      "degree_centrality": 0.18181818181818182,
      "cpd": {
        "values": [
          0.586475612363529,
          0.12002600215715517,
          0.41352438763647104,
          0.8799739978428448
        ],
        "evidence": [
          0
        ],
        "evidence_card": [
          2
        ]
      }
    },
    "2": {
      "type": "intermediate",
      "in_degree": 1,
      "out_degree": 2,
      "betweenness": 0.16363636363636364,
      "closeness": 0.12121212121212122,
      "pagerank": 0.12755344631000948,
      "degree_centrality": 0.2727272727272727,
      "cpd": {
        "values": [
          0.3925028043817317,
          0.755305710530277,
          0.6074971956182683,
          0.2446942894697231
        ],
        "evidence": [
          1
        ],
        "evidence_card": [
          2
        ]
      }
    },
    "3": {
      "type": "intermediate",
      "in_degree": 1,
      "out_degree": 4,
      "betweenness": 0.10909090909090909,
      "closeness": 0.13636363636363635,
      "pagerank": 0.1037946638832284,
      "degree_centrality": 0.4545454545454546,
      "cpd": {
        "values": [
          0.6615866179737715,
          0.755779966271218,
          0.33841338202622845,
          0.244220033728782
        ],
        "evidence": [
          2
        ],
        "evidence_card": [
          2
        ]
      }
    },
    "4": {
      "type": "intermediate",
      "in_degree": 1,
      "out_degree": 3,
      "betweenness": 0.08181818181818182,
      "closeness": 0.13636363636363635,
      "pagerank": 0.1037946638832284,
      "degree_centrality": 0.36363636363636365,
      "cpd": {
        "values": [
          0.5229563032889238,
          0.6035293592501791,
          0.47704369671107616,
          0.39647064074982086
        ],
        "evidence": [
          2
        ],
        "evidence_card": [
          2
        ]
      }
    },
    "5": {
      "type": "leaf",
      "in_degree": 1,
      "out_degree": 0,
      "betweenness": 0.0,
      "closeness": 0.14545454545454548,
      "pagerank": 0.07899313335415754,
      "degree_centrality": 0.09090909090909091,
      "cpd": {
        "values": [
          0.8173070748143663,
          0.5079587247503353,
          0.18269292518563374,
          0.4920412752496647
        ],
        "evidence": [
          4
        ],
        "evidence_card": [
          2
        ]
      }
    },
    "6": {
      "type": "leaf",
      "in_degree": 1,
      "out_degree": 0,
      "betweenness": 0.0,
      "closeness": 0.14545454545454548,
      "pagerank": 0.07899313335415754,
      "degree_centrality": 0.09090909090909091,
      "cpd": {
        "values": [
          0.2673266140710038,
          0.995068724915956,
          0.7326733859289962,
          0.004931275084043989
        ],
        "evidence": [
          4
        ],
        "evidence_card": [
          2
        ]
      }
    },
    "7": {
      "type": "leaf",
      "in_degree": 1,
      "out_degree": 0,
      "betweenness": 0.0,
      "closeness": 0.14545454545454548,
      "pagerank": 0.07899313335415754,
      "degree_centrality": 0.09090909090909091,
      "cpd": {
        "values": [
          0.2536916374973397,
          0.9467873517102943,
          0.7463083625026603,
          0.053212648289705705
        ],
        "evidence": [
          4
        ],
        "evidence_card": [
          2
        ]
      }
    },
    "8": {
      "type": "leaf",
      "in_degree": 1,
      "out_degree": 0,
      "betweenness": 0.0,
      "closeness": 0.14545454545454548,
      "pagerank": 0.07164090839592627,
      "degree_centrality": 0.09090909090909091,
      "cpd": {
        "values": [
          0.955598477742923,
          0.811409836409962,
          0.044401522257077074,
          0.18859016359003802
        ],
        "evidence": [
          3
        ],
        "evidence_card": [
          2
        ]
      }
    },
    "9": {
      "type": "leaf",
      "in_degree": 1,
      "out_degree": 0,
      "betweenness": 0.0,
      "closeness": 0.14545454545454548,
      "pagerank": 0.07164090839592627,
      "degree_centrality": 0.09090909090909091,
      "cpd": {
        "values": [
          0.023534031122516876,
          0.16398414940668943,
          0.9764659688774832,
          0.8360158505933107
        ],
        "evidence": [
          3
        ],
        "evidence_card": [
          2
        ]
      }
    },
    "10": {
      "type": "leaf",
      "in_degree": 1,
      "out_degree": 0,
      "betweenness": 0.0,
      "closeness": 0.14545454545454548,
      "pagerank": 0.07164090839592627,
      "degree_centrality": 0.09090909090909091,
      "cpd": {
        "values": [
          0.5383392456932278,
          0.3855509521808513,
          0.4616607543067722,
          0.6144490478191487
        ],
        "evidence": [
          3
        ],
        "evidence_card": [
          2
        ]
      }
    },
    "11": {
      "type": "leaf",
      "in_degree": 1,
      "out_degree": 0,
      "betweenness": 0.0,
      "closeness": 0.14545454545454548,
      "pagerank": 0.07164090839592627,
      "degree_centrality": 0.09090909090909091,
      "cpd": {
        "values": [
          0.3795768165218903,
          0.6817341408366435,
          0.6204231834781098,
          0.31826585916335653
        ],
        "evidence": [
          3
        ],
        "evidence_card": [
          2
        ]
      }
    }
  },
  "edges": [
    [
      0,
      1
    ],
    [
      1,
      2
    ],
    [
      2,
      3
    ],
    [
      2,
      4
    ],
    [
      3,
      8
    ],
    [
      3,
      9
    ],
    [
      3,
      10
    ],
    [
      3,
      11
    ],
    [
      4,
      5
    ],
    [
      4,
      6
    ],
    [
      4,
      7
    ]
  ]
}