{
  "graph_index": 7866,
  "nodes": {
    "0": {
      "type": "root",
      "in_degree": 0,
      "out_degree": 1,
      "betweenness": 0.0,
      "closeness": 0.0,
      "pagerank": 0.05504289508045185,
      "degree_centrality": 0.1111111111111111,
      "cpd": {
        "values": [
          0.5,
          0.5,
          0.0,
          0.0
        ],
        "evidence": [],
        "evidence_card": []
      }
    },
    "1": {
      "type": "intermediate",
      "in_degree": 1,
      "out_degree": 1,
      "betweenness": 0.1111111111111111,
      "closeness": 0.1111111111111111,
      "pagerank": 0.10182976148862197,
      "degree_centrality": 0.2222222222222222,
      "cpd": {
        "values": [
          0.48415342445345405,
          0.07879167327920063,
          0.515846575546546,
          0.9212083267207993
        ],
        "evidence": [
          0
        ],
        "evidence_card": [
          2
        ]
      }
    },
    "2": {
      "type": "intermediate",
      "in_degree": 1,
      "out_degree": 2,
      "betweenness": 0.19444444444444442,
      "closeness": 0.14814814814814814,
      "pagerank": 0.14159733209971292,
      "degree_centrality": 0.3333333333333333,
      "cpd": {
        "values": [
          0.4953334697743705,
          0.2670439072928246,
          0.5046665302256295,
          0.7329560927071754
        ],
        "evidence": [
          1
        ],
        "evidence_card": [
          2
        ]
      }
    },
    "3": {
      "type": "intermediate",
      "in_degree": 1,
      "out_degree": 4,
      "betweenness": 0.16666666666666666,
      "closeness": 0.16666666666666666,
      "pagerank": 0.11522056378109469,
      "degree_centrality": 0.5555555555555556,
      "cpd": {
        "values": [
          0.38424780587938095,
          0.19380429087657677,
          0.6157521941206191,
          0.8061957091234232
        ],
        "evidence": [
          2
        ],
        "evidence_card": [
          2
        ]
      }
    },
    "4": {
      "type": "intermediate",
      "in_degree": 1,
      "out_degree": 1,
      "betweenness": 0.041666666666666664,
      "closeness": 0.16666666666666666,
      "pagerank": 0.11522056378109469,
      "degree_centrality": 0.2222222222222222,
      "cpd": {
        "values": [
          0.8739651114488864,
          0.6935646188365073,
          0.1260348885511135,
          0.30643538116349267
        ],
        "evidence": [
          2
        ],
        "evidence_card": [
          2
        ]
      }
    },
    "5": {
      "type": "leaf",
      "in_degree": 1,
      "out_degree": 0,
      "betweenness": 0.0,
      "closeness": 0.17777777777777778,
      "pagerank": 0.15298009926383424,
      "degree_centrality": 0.1111111111111111,
      "cpd": {
        "values": [
          0.6095221109746273,
          0.4250825626300811,
          0.39047788902537267,
          0.5749174373699188
        ],
        "evidence": [
          4
        ],
        "evidence_card": [
          2
        ]
      }
    },
    "6": {
      "type": "leaf",
      "in_degree": 1,
      "out_degree": 0,
      "betweenness": 0.0,
      "closeness": 0.17777777777777778,
      "pagerank": 0.07952719612629744,
      "degree_centrality": 0.1111111111111111,
      "cpd": {
        "values": [
          0.6115803485308067,
          0.90624671081268,
          0.3884196514691934,
          0.0937532891873199
        ],
        "evidence": [
          3
        ],
        "evidence_card": [
          2
        ]
      }
    },
    "7": {
      "type": "leaf",
      "in_degree": 1,
      "out_degree": 0,
      "betweenness": 0.0,
      "closeness": 0.17777777777777778,
      "pagerank": 0.07952719612629744,
      "degree_centrality": 0.1111111111111111,
      "cpd": {
        "values": [
          0.8694234126203585,
          0.33681156601641743,
          0.1305765873796415,
          0.6631884339835826
        ],
        "evidence": [
          3
        ],
        "evidence_card": [
          2
        ]
      }
    },
    "8": {
      "type": "leaf",
      "in_degree": 1,
      "out_degree": 0,
      "betweenness": 0.0,
      "closeness": 0.17777777777777778,
      "pagerank": 0.07952719612629744,
      "degree_centrality": 0.1111111111111111,
      "cpd": {
        "values": [
          0.806769262208558,
          0.4850733328186253,
          0.193230737791442,
          0.5149266671813746
        ],
        "evidence": [
          3
        ],
        "evidence_card": [
          2
        ]
      }
    },
    "9": {
      "type": "leaf",
      "in_degree": 1,
      "out_degree": 0,
      "betweenness": 0.0,
      "closeness": 0.17777777777777778,
      "pagerank": 0.07952719612629744,
      "degree_centrality": 0.1111111111111111,
      "cpd": {
        "values": [
          0.13381931248558504,
          0.3602761760800476,
          0.866180687514415,
          0.6397238239199524
        ],
        "evidence": [
          3
        ],
        "evidence_card": [
          2
        ]
      }
    }
  },
  "edges": [
    [
      0,
      1
    ],
    [
      1,
      2
    ],
    [
      2,
      3
    ],
    [
      2,
      4
    ],
    [
      3,
      6
    ],
    [
      3,
      7
    ],
    [
      3,
      8
    ],
    [
      3,
      9
    ],
    [
      4,
      5
    ]
  ]
}