{
  "graph_index": 6125,
  "nodes": {
    "0": {
      "type": "root",
      "in_degree": 0,
      "out_degree": 2,
      "betweenness": 0.0,
      "closeness": 0.0,
      "pagerank": 0.02232793682277765,
      "degree_centrality": 0.06896551724137931,
      "cpd": {
        "values": [
          0.5,
          0.5,
          0.0,
          0.0
        ],
        "evidence": [],
        "evidence_card": []
      }
    },
    "1": {
      "type": "intermediate",
      "in_degree": 1,
      "out_degree": 2,
      "betweenness": 0.017241379310344827,
      "closeness": 0.034482758620689655,
      "pagerank": 0.031817099766861506,
      "degree_centrality": 0.10344827586206896,
      "cpd": {
        "values": [
          0.481144629049721,
          0.8663978478916685,
          0.518855370950279,
          0.13360215210833154
        ],
        "evidence": [
          0
        ],
        "evidence_card": [
          2
        ]
      }
    },
    "2": {
      "type": "intermediate",
      "in_degree": 1,
      "out_degree": 2,
      "betweenness": 0.01600985221674877,
      "closeness": 0.034482758620689655,
      "pagerank": 0.031817099766861506,
      "degree_centrality": 0.10344827586206896,
      "cpd": {
        "values": [
          0.7146582977819034,
          0.3237341929278698,
          0.28534170221809657,
          0.6762658070721302
        ],
        "evidence": [
          0
        ],
        "evidence_card": [
          2
        ]
      }
    },
    "3": {
      "type": "intermediate",
      "in_degree": 1,
      "out_degree": 4,
      "betweenness": 0.03078817733990148,
      "closeness": 0.04597701149425287,
      "pagerank": 0.03584998362021194,
      "degree_centrality": 0.1724137931034483,
      "cpd": {
        "values": [
          0.7005380390913882,
          0.47626799196350983,
          0.29946196090861177,
          0.5237320080364901
        ],
        "evidence": [
          2
        ],
        "evidence_card": [
          2
        ]
      }
    },
    "4": {
      "type": "intermediate",
      "in_degree": 2,
      "out_degree": 2,
      "betweenness": 0.009852216748768473,
      "closeness": 0.09195402298850575,
      "pagerank": 0.04346795332552185,
      "degree_centrality": 0.13793103448275862,
      "cpd": {
        "values": [
          0.6331104563485275,
          0.27194424757285673,
          0.5522464580644608,
          0.6276015853787726
        ],
        "evidence": [
          1,
          3
        ],
        "evidence_card": [
          2,
          2
        ]
      }
    },
    "5": {
      "type": "intermediate",
      "in_degree": 1,
      "out_degree": 2,
      "betweenness": 0.007389162561576354,
      "closeness": 0.05172413793103448,
      "pagerank": 0.029945906528087568,
      "degree_centrality": 0.10344827586206896,
      "cpd": {
        "values": [
          0.5328217234811291,
          0.4497484992892063,
          0.4671782765188709,
          0.5502515007107938
        ],
        "evidence": [
          3
        ],
        "evidence_card": [
          2
        ]
      }
    },
    "6": {
      "type": "intermediate",
      "in_degree": 1,
      "out_degree": 2,
      "betweenness": 0.007389162561576354,
      "closeness": 0.05172413793103448,
      "pagerank": 0.029945906528087568,
      "degree_centrality": 0.10344827586206896,
      "cpd": {
        "values": [
          0.31578599965517723,
          0.2767022404125071,
          0.6842140003448228,
          0.723297759587493
        ],
        "evidence": [
          3
        ],
        "evidence_card": [
          2
        ]
      }
    },
    "7": {
      "type": "intermediate",
      "in_degree": 1,
      "out_degree": 4,
      "betweenness": 0.014778325123152709,
      "closeness": 0.05172413793103448,
      "pagerank": 0.029945906528087568,
      "degree_centrality": 0.1724137931034483,
      "cpd": {
        "values": [
          0.10454619913481408,
          0.17708431930665416,
          0.8954538008651859,
          0.8229156806933459
        ],
        "evidence": [
          3
        ],
        "evidence_card": [
          2
        ]
      }
    },
    "8": {
      "type": "leaf",
      "in_degree": 1,
      "out_degree": 0,
      "betweenness": 0.0,
      "closeness": 0.05517241379310345,
      "pagerank": 0.028691574246258345,
      "degree_centrality": 0.034482758620689655,
      "cpd": {
        "values": [
          0.6635482360727073,
          0.41043944214821854,
          0.33645176392729265,
          0.5895605578517814
        ],
        "evidence": [
          7
        ],
        "evidence_card": [
          2
        ]
      }
    },
    "9": {
      "type": "leaf",
      "in_degree": 1,
      "out_degree": 0,
      "betweenness": 0.0,
      "closeness": 0.05517241379310345,
      "pagerank": 0.028691574246258345,
      "degree_centrality": 0.034482758620689655,
      "cpd": {
        "values": [
          0.3858259510087009,
          0.5066635321110154,
          0.6141740489912992,
          0.49333646788898455
        ],
        "evidence": [
          7
        ],
        "evidence_card": [
          2
        ]
      }
    },
    "10": {
      "type": "leaf",
      "in_degree": 1,
      "out_degree": 0,
      "betweenness": 0.0,
      "closeness": 0.05517241379310345,
      "pagerank": 0.028691574246258345,
      "degree_centrality": 0.034482758620689655,
      "cpd": {
        "values": [
          0.09339839090983351,
          0.07108813045424452,
          0.9066016090901665,
          0.9289118695457554
        ],
        "evidence": [
          7
        ],
        "evidence_card": [
          2
        ]
      }
    },
    "11": {
      "type": "leaf",
      "in_degree": 1,
      "out_degree": 0,
      "betweenness": 0.0,
      "closeness": 0.05517241379310345,
      "pagerank": 0.028691574246258345,
      "degree_centrality": 0.034482758620689655,
      "cpd": {
        "values": [
          0.21601019227242607,
          0.4290946479828079,
          0.7839898077275739,
          0.5709053520171922
        ],
        "evidence": [
          7
        ],
        "evidence_card": [
          2
        ]
      }
    },
    "12": {
      "type": "leaf",
      "in_degree": 1,
      "out_degree": 0,
      "betweenness": 0.0,
      "closeness": 0.05517241379310345,
      "pagerank": 0.03505521166973903,
      "degree_centrality": 0.034482758620689655,
      "cpd": {
        "values": [
          0.4268557703474873,
          0.23223359089480303,
          0.5731442296525127,
          0.767766409105197
        ],
        "evidence": [
          6
        ],
        "evidence_card": [
          2
        ]
      }
    },
    "13": {
      "type": "leaf",
      "in_degree": 1,
      "out_degree": 0,
      "betweenness": 0.0,
      "closeness": 0.05517241379310345,
      "pagerank": 0.03505521166973903,
      "degree_centrality": 0.034482758620689655,
      "cpd": {
        "values": [
          0.2453349124528332,
          0.6022794483203426,
          0.7546650875471668,
          0.39772055167965725
        ],
        "evidence": [
          6
        ],
        "evidence_card": [
          2
        ]
      }
    },
    "14": {
      "type": "leaf",
      "in_degree": 1,
      "out_degree": 0,
      "betweenness": 0.0,
      "closeness": 0.05517241379310345,
      "pagerank": 0.03505521166973903,
      "degree_centrality": 0.034482758620689655,
      "cpd": {
        "values": [
          0.6328411912965882,
          0.42245404628262273,
          0.3671588087034117,
          0.5775459537173774
        ],
        "evidence": [
          5
        ],
        "evidence_card": [
          2
        ]
      }
    },
    "15": {
      "type": "leaf",
      "in_degree": 1,
      "out_degree": 0,
      "betweenness": 0.0,
      "closeness": 0.05517241379310345,
      "pagerank": 0.03505521166973903,
      "degree_centrality": 0.034482758620689655,