{
  "graph_index": 9469,
  "nodes": {
    "0": {
      "type": "root",
      "in_degree": 0,
      "out_degree": 1,
      "betweenness": 0.0,
      "closeness": 0.0,
      "pagerank": 0.030948094589508635,
      "degree_centrality": 0.05555555555555555,
      "cpd": {
        "values": [
          0.5,
          0.5,
          0.0,
          0.0
        ],
        "evidence": [],
        "evidence_card": []
      }
    },
    "1": {
      "type": "intermediate",
      "in_degree": 1,
      "out_degree": 3,
      "betweenness": 0.05555555555555556,
      "closeness": 0.05555555555555555,
      "pagerank": 0.05725365711035353,
      "degree_centrality": 0.2222222222222222,
      "cpd": {
        "values": [
          0.39686440663439027,
          0.6278412184972202,
          0.6031355933656097,
          0.37215878150277976
        ],
        "evidence": [
          0
        ],
        "evidence_card": [
          2
        ]
      }
    },
    "2": {
      "type": "intermediate",
      "in_degree": 1,
      "out_degree": 2,
      "betweenness": 0.032679738562091505,
      "closeness": 0.07407407407407407,
      "pagerank": 0.04717042757708227,
      "degree_centrality": 0.16666666666666666,
      "cpd": {
        "values": [
          0.37969745418268025,
          0.6373912401639894,
          0.6203025458173197,
          0.3626087598360107
        ],
        "evidence": [
          1
        ],
        "evidence_card": [
          2
        ]
      }
    },
    "3": {
      "type": "intermediate",
      "in_degree": 1,
      "out_degree": 2,
      "betweenness": 0.032679738562091505,
      "closeness": 0.07407407407407407,
      "pagerank": 0.04717042757708227,
      "degree_centrality": 0.16666666666666666,
      "cpd": {
        "values": [
          0.5140287031374474,
          0.5110130741765307,
          0.4859712968625526,
          0.48898692582346936
        ],
        "evidence": [
          1
        ],
        "evidence_card": [
          2
        ]
      }
    },
    "4": {
      "type": "intermediate",
      "in_degree": 1,
      "out_degree": 2,
      "betweenness": 0.026143790849673203,
      "closeness": 0.07407407407407407,
      "pagerank": 0.04717042757708227,
      "degree_centrality": 0.16666666666666666,
      "cpd": {
        "values": [
          0.6218223837222953,
          0.527201491122352,
          0.3781776162777048,
          0.4727985088776479
        ],
        "evidence": [
          1
        ],
        "evidence_card": [
          2
        ]
      }
    },
    "5": {
      "type": "intermediate",
      "in_degree": 1,
      "out_degree": 1,
      "betweenness": 0.00980392156862745,
      "closeness": 0.08333333333333333,
      "pagerank": 0.05099517062285479,
      "degree_centrality": 0.1111111111111111,
      "cpd": {
        "values": [
          0.5500876165615805,
          0.5817600696286711,
          0.44991238343841955,
          0.41823993037132884
        ],
        "evidence": [
          4
        ],
        "evidence_card": [
          2
        ]
      }
    },
    "6": {
      "type": "intermediate",
      "in_degree": 1,
      "out_degree": 2,
      "betweenness": 0.013071895424836602,
      "closeness": 0.08333333333333333,
      "pagerank": 0.05099517062285479,
      "degree_centrality": 0.16666666666666666,
      "cpd": {
        "values": [
          0.573988044336873,
          0.6621967096887118,
          0.42601195566312694,
          0.33780329031128825
        ],
        "evidence": [
          4
        ],
        "evidence_card": [
          2
        ]
      }
    },
    "7": {
      "type": "leaf",
      "in_degree": 2,
      "out_degree": 0,
      "betweenness": 0.0,
      "closeness": 0.154320987654321,
      "pagerank": 0.07266828913442408,
      "degree_centrality": 0.1111111111111111,
      "cpd": {
        "values": [
          0.7282719232390334,
          0.9336195244921757,
          0.5659073119089606,
          0.33242159387581466
        ],
        "evidence": [
          3,
          6
        ],
        "evidence_card": [
          2,
          2
        ]
      }
    },
    "8": {
      "type": "leaf",
      "in_degree": 1,
      "out_degree": 0,
      "betweenness": 0.0,
      "closeness": 0.08888888888888889,
      "pagerank": 0.05262121310107794,
      "degree_centrality": 0.05555555555555555,
      "cpd": {
        "values": [
          0.31962571216708796,
          0.4398792046824804,
          0.680374287832912,
          0.5601207953175197
        ],
        "evidence": [
          6
        ],
        "evidence_card": [
          2
        ]
      }
    },
    "9": {
      "type": "leaf",
      "in_degree": 1,
      "out_degree": 0,
      "betweenness": 0.0,
      "closeness": 0.08888888888888889,
      "pagerank": 0.07429433161264722,
      "degree_centrality": 0.05555555555555555,
      "cpd": {
        "values": [
          0.3328438131190429,
          0.5114030325174349,
          0.6671561868809571,
          0.48859696748256515
        ],
        "evidence": [
          5
        ],
        "evidence_card": [
          2
        ]
      }
    },
    "10": {
      "type": "intermediate",
      "in_degree": 1,
      "out_degree": 3,
      "betweenness": 0.029411764705882353,
      "closeness": 0.08333333333333333,
      "pagerank": 0.05099517062285479,
      "degree_centrality": 0.2222222222222222,
      "cpd": {
        "values": [
          0.1535043404674514,
          0.569340288783951,
          0.8464956595325485,
          0.4306597112160489
        ],
        "evidence": [
          3
        ],
        "evidence_card": [
          2
        ]
      }
    },
    "11": {
      "type": "leaf",
      "in_degree": 1,
      "out_degree": 0,
      "betweenness": 0.0,
      "closeness": 0.08888888888888889,
      "pagerank": 0.04539684026388817,
      "degree_centrality": 0.05555555555555555,
      "cpd": {
        "values": [
          0.8375786603897011,
          0.134579069665315,
          0.1624213396102989,
          0.8654209303346849
        ],
        "evidence": [
          10
        ],
        "evidence_card": [
          2
        ]
      }
    },
    "12": {
      "type": "leaf",
      "in_degree": 1,
      "out_degree": 0,
      "betweenness": 0.0,
      "closeness": 0.08888888888888889,
      "pagerank": 0.04539684026388817,
      "degree_centrality": 0.05555555555555555,
      "cpd": {
        "values": [
          0.8600467405443862,
          0.37313656023416064,
          0.1399532594556138,
          0.6268634397658394
        ],
        "evidence": [
          10
        ],
        "evidence_card": [
          2
        ]
      }
    },
    "13": {
      "type": "leaf",
      "in_degree": 1,
      "out_degree": 0,
      "betweenness": 0.0,
      "closeness": 0.08888888888888889,
      "pagerank": 0.04539684026388817,
      "degree_centrality": 0.05555555555555555,
      "cpd": {
        "values": [
          0.39024511520692573,
          0.10803040622673846,
          0.6097548847930743,
          0.8919695937732616
        ],
        "evidence": [
          10
        ],
        "evidence_card": [
          2
        ]
      }
    },
    "14": {
      "type": "intermediate",
      "in_degree": 1,
      "out_degree": 2,
      "betweenness": 0.0196078431372549,
      "closeness": 0.08333333333333333,
      "pagerank": 0.05099517062285479,
      "degree_centrality": 0.16666666666666666,
      "cpd": {
        "values": [
          0.8688325302362451,
          0.5727569118698949,
          0.13116746976375487,
          0.42724308813010514
        ],
        "evidence": [
          2
        ],
        "evidence_card": [
          2
        ]
      }
    },
    "15": {
      "type": "intermediate",
      "in_degree": 1,
      "out_degree": 1,
      "betweenness": 0.00980392156862745,
      "closeness": 0.08333333333333333,
      "pagerank": 0.05099517062285479,
      "degree_centrality": 0.1111111111111111,