{
  "graph_index": 1667,
  "nodes": {
    "0": {
      "type": "root",
      "in_degree": 0,
      "out_degree": 1,
      "betweenness": 0.0,
      "closeness": 0.0,
      "pagerank": 0.024382907159868576,
      "degree_centrality": 0.04,
      "cpd": {
        "values": [
          0.5,
          0.5,
          0.0,
          0.0
        ],
        "evidence": [],
        "evidence_card": []
      }
    },
    "1": {
      "type": "intermediate",
      "in_degree": 1,
      "out_degree": 3,
      "betweenness": 0.04,
      "closeness": 0.04,
      "pagerank": 0.045108964358622834,
      "degree_centrality": 0.16,
      "cpd": {
        "values": [
          0.18747564637589625,
          0.5192999357839371,
          0.8125243536241038,
          0.480700064216063
        ],
        "evidence": [
          0
        ],
        "evidence_card": [
          2
        ]
      }
    },
    "2": {
      "type": "intermediate",
      "in_degree": 1,
      "out_degree": 3,
      "betweenness": 0.04,
      "closeness": 0.05333333333333333,
      "pagerank": 0.03716358939998782,
      "degree_centrality": 0.16,
      "cpd": {
        "values": [
          0.46416052243127387,
          0.5492238973375638,
          0.5358394775687261,
          0.4507761026624361
        ],
        "evidence": [
          1
        ],
        "evidence_card": [
          2
        ]
      }
    },
    "3": {
      "type": "intermediate",
      "in_degree": 1,
      "out_degree": 3,
      "betweenness": 0.016666666666666666,
      "closeness": 0.05333333333333333,
      "pagerank": 0.03716358939998782,
      "degree_centrality": 0.16,
      "cpd": {
        "values": [
          0.23069121106402993,
          0.7851365062356368,
          0.7693087889359701,
          0.21486349376436317
        ],
        "evidence": [
          1
        ],
        "evidence_card": [
          2
        ]
      }
    },
    "4": {
      "type": "intermediate",
      "in_degree": 1,
      "out_degree": 2,
      "betweenness": 0.013333333333333334,
      "closeness": 0.05333333333333333,
      "pagerank": 0.03716358939998782,
      "degree_centrality": 0.12,
      "cpd": {
        "values": [
          0.6110793554071985,
          0.4279373491847692,
          0.38892064459280157,
          0.5720626508152308
        ],
        "evidence": [
          1
        ],
        "evidence_card": [
          2
        ]
      }
    },
    "5": {
      "type": "intermediate",
      "in_degree": 1,
      "out_degree": 2,
      "betweenness": 0.01,
      "closeness": 0.06,
      "pagerank": 0.04017757397871666,
      "degree_centrality": 0.12,
      "cpd": {
        "values": [
          0.15939609600686433,
          0.5822991192533944,
          0.8406039039931357,
          0.41770088074660555
        ],
        "evidence": [
          4
        ],
        "evidence_card": [
          2
        ]
      }
    },
    "6": {
      "type": "leaf",
      "in_degree": 1,
      "out_degree": 0,
      "betweenness": 0.0,
      "closeness": 0.064,
      "pagerank": 0.04145852662123939,
      "degree_centrality": 0.04,
      "cpd": {
        "values": [
          0.6081667219397698,
          0.498855829651163,
          0.39183327806023016,
          0.501144170348837
        ],
        "evidence": [
          5
        ],
        "evidence_card": [
          2
        ]
      }
    },
    "7": {
      "type": "leaf",
      "in_degree": 1,
      "out_degree": 0,
      "betweenness": 0.0,
      "closeness": 0.064,
      "pagerank": 0.04145852662123939,
      "degree_centrality": 0.04,
      "cpd": {
        "values": [
          0.40440470147031704,
          0.9716274319176197,
          0.595595298529683,
          0.028372568082380263
        ],
        "evidence": [
          5
        ],
        "evidence_card": [
          2
        ]
      }
    },
    "8": {
      "type": "intermediate",
      "in_degree": 1,
      "out_degree": 1,
      "betweenness": 0.0016666666666666668,
      "closeness": 0.06,
      "pagerank": 0.03491268503910063,
      "degree_centrality": 0.08,
      "cpd": {
        "values": [
          0.9834590853984583,
          0.7981525026338809,
          0.016540914601541747,
          0.20184749736611907
        ],
        "evidence": [
          3
        ],
        "evidence_card": [
          2
        ]
      }
    },
    "9": {
      "type": "intermediate",
      "in_degree": 1,
      "out_degree": 1,
      "betweenness": 0.005,
      "closeness": 0.06,
      "pagerank": 0.03491268503910063,
      "degree_centrality": 0.08,
      "cpd": {
        "values": [
          0.9488980300205321,
          0.5164255223273356,
          0.05110196997946788,
          0.48357447767266437
        ],
        "evidence": [
          3
        ],
        "evidence_card": [
          2
        ]
      }
    },
    "10": {
      "type": "intermediate",
      "in_degree": 1,
      "out_degree": 1,
      "betweenness": 0.005,
      "closeness": 0.06,
      "pagerank": 0.03491268503910063,
      "degree_centrality": 0.08,
      "cpd": {
        "values": [
          0.5580760575482449,
          0.269133321051001,
          0.4419239424517551,
          0.730866678948999
        ],
        "evidence": [
          3
        ],
        "evidence_card": [
          2
        ]
      }
    },
    "11": {
      "type": "leaf",
      "in_degree": 1,
      "out_degree": 0,
      "betweenness": 0.0,
      "closeness": 0.064,
      "pagerank": 0.05405908550794775,
      "degree_centrality": 0.04,
      "cpd": {
        "values": [
          0.5547281082446993,
          0.5897448957314299,
          0.44527189175530063,
          0.4102551042685702
        ],
        "evidence": [
          10
        ],
        "evidence_card": [
          2
        ]
      }
    },
    "12": {
      "type": "leaf",
      "in_degree": 1,
      "out_degree": 0,
      "betweenness": 0.0,
      "closeness": 0.064,
      "pagerank": 0.05405908550794775,
      "degree_centrality": 0.04,
      "cpd": {
        "values": [
          0.1901748968532823,
          0.5645961323866557,
          0.8098251031467177,
          0.4354038676133442
        ],
        "evidence": [
          9
        ],
        "evidence_card": [
          2
        ]
      }
    },
    "13": {
      "type": "leaf",
      "in_degree": 2,
      "out_degree": 0,
      "betweenness": 0.0,
      "closeness": 0.11111111111111112,
      "pagerank": 0.06985375232679585,
      "degree_centrality": 0.08,
      "cpd": {
        "values": [
          0.6632767980604892,
          0.7077606520578721,
          0.5656636459753412,
          0.6919353673760051
        ],
        "evidence": [
          4,
          8
        ],
        "evidence_card": [
          2,
          2
        ]
      }
    },
    "14": {
      "type": "intermediate",
      "in_degree": 1,
      "out_degree": 3,
      "betweenness": 0.015000000000000001,
      "closeness": 0.06,
      "pagerank": 0.03491268503910063,
      "degree_centrality": 0.16,
      "cpd": {
        "values": [
          0.5819405249415495,
          0.5526396791371354,
          0.41805947505845054,
          0.44736032086286454
        ],
        "evidence": [
          2
        ],
        "evidence_card": [
          2
        ]
      }
    },
    "15": {
      "type": "intermediate",
      "in_degree": 1,
      "out_degree": 4,
      "betweenness": 0.02,
      "closeness": 0.06,
      "pagerank": 0.03491268503910063,
      "degree_centrality": 0.2,
      "cpd": {
        "values": [
          0.8468365829191659,
          0.4327079832271728,
          0.15316341708083417,
          0.5672920167728271
        ],
        "evidence": [
          2
        ],
        "evidence_card": [
          2
        ]
      }
    },
    "16": {
      "type": "intermediate",
      "in_degree": 1,
      "out_degree": 2,
      "betweenness": 0.01,
      "closeness": 0.06,
      "pagerank": 0.03491268503910063,