{
  "graph_index": 6957,
  "nodes": {
    "0": {
      "type": "root",
      "in_degree": 0,
      "out_degree": 2,
      "betweenness": 0.0,
      "closeness": 0.0,
      "pagerank": 0.04884776730063514,
      "degree_centrality": 0.2222222222222222,
      "cpd": {
        "values": [
          0.5,
          0.5,
          0.0,
          0.0
        ],
        "evidence": [],
        "evidence_card": []
      }
    },
    "1": {
      "type": "intermediate",
      "in_degree": 1,
      "out_degree": 2,
      "betweenness": 0.05555555555555555,
      "closeness": 0.1111111111111111,
      "pagerank": 0.06960786386413813,
      "degree_centrality": 0.3333333333333333,
      "cpd": {
        "values": [
          0.41837501282262834,
          0.3861613465297981,
          0.5816249871773717,
          0.6138386534702018
        ],
        "evidence": [
          0
        ],
        "evidence_card": [
          2
        ]
      }
    },
    "2": {
      "type": "intermediate",
      "in_degree": 1,
      "out_degree": 2,
      "betweenness": 0.041666666666666664,
      "closeness": 0.1111111111111111,
      "pagerank": 0.06960786386413813,
      "degree_centrality": 0.3333333333333333,
      "cpd": {
        "values": [
          0.269733240608926,
          0.31614147756382494,
          0.730266759391074,
          0.6838585224361751
        ],
        "evidence": [
          0
        ],
        "evidence_card": [
          2
        ]
      }
    },
    "3": {
      "type": "intermediate",
      "in_degree": 1,
      "out_degree": 1,
      "betweenness": 0.041666666666666664,
      "closeness": 0.14814814814814814,
      "pagerank": 0.07843114449004625,
      "degree_centrality": 0.2222222222222222,
      "cpd": {
        "values": [
          0.5616771305536445,
          0.9632221264571946,
          0.43832286944635557,
          0.03677787354280538
        ],
        "evidence": [
          2
        ],
        "evidence_card": [
          2
        ]
      }
    },
    "4": {
      "type": "intermediate",
      "in_degree": 2,
      "out_degree": 2,
      "betweenness": 0.09722222222222221,
      "closeness": 0.2962962962962963,
      "pagerank": 0.14509800234299616,
      "degree_centrality": 0.4444444444444444,
      "cpd": {
        "values": [
          0.5216421770085867,
          0.5107455390531355,
          0.03920287247792551,
          0.6665427242471381
        ],
        "evidence": [
          1,
          3
        ],
        "evidence_card": [
          2,
          2
        ]
      }
    },
    "5": {
      "type": "leaf",
      "in_degree": 1,
      "out_degree": 0,
      "betweenness": 0.0,
      "closeness": 0.25252525252525254,
      "pagerank": 0.11051492745950972,
      "degree_centrality": 0.1111111111111111,
      "cpd": {
        "values": [
          0.5395944988258771,
          0.5059253835134007,
          0.4604055011741229,
          0.49407461648659934
        ],
        "evidence": [
          4
        ],
        "evidence_card": [
          2
        ]
      }
    },
    "6": {
      "type": "leaf",
      "in_degree": 2,
      "out_degree": 0,
      "betweenness": 0.0,
      "closeness": 0.3333333333333333,
      "pagerank": 0.14384835638598467,
      "degree_centrality": 0.2222222222222222,
      "cpd": {
        "values": [
          0.10711496173641517,
          0.025958891143616904,
          0.4390718749416904,
          0.6523523771557843
        ],
        "evidence": [
          7,
          4
        ],
        "evidence_card": [
          2,
          2
        ]
      }
    },
    "7": {
      "type": "intermediate",
      "in_degree": 1,
      "out_degree": 2,
      "betweenness": 0.041666666666666664,
      "closeness": 0.14814814814814814,
      "pagerank": 0.07843114449004625,
      "degree_centrality": 0.3333333333333333,
      "cpd": {
        "values": [
          0.6372691932332334,
          0.4375544046766158,
          0.3627308067667666,
          0.5624455953233842
        ],
        "evidence": [
          1
        ],
        "evidence_card": [
          2
        ]
      }
    },
    "8": {
      "type": "intermediate",
      "in_degree": 2,
      "out_degree": 1,
      "betweenness": 0.05555555555555555,
      "closeness": 0.2962962962962963,
      "pagerank": 0.1117645734165212,
      "degree_centrality": 0.3333333333333333,
      "cpd": {
        "values": [
          0.3014294786484459,
          0.7464136281555472,
          0.36075956233651035,
          0.3065938860364288
        ],
        "evidence": [
          2,
          7
        ],
        "evidence_card": [
          2,
          2
        ]
      }
    },
    "9": {
      "type": "leaf",
      "in_degree": 1,
      "out_degree": 0,
      "betweenness": 0.0,
      "closeness": 0.25252525252525254,
      "pagerank": 0.14384835638598467,
      "degree_centrality": 0.1111111111111111,
      "cpd": {
        "values": [
          0.47008491864785074,
          0.6500622049653783,
          0.5299150813521493,
          0.3499377950346218
        ],
        "evidence": [
          8
        ],
        "evidence_card": [
          2
        ]
      }
    }
  },
  "edges": [
    [
      0,
      1
    ],
    [
      0,
      2
    ],
    [
      1,
      7
    ],
    [
      1,
      4
    ],
    [
      2,
      3
    ],
    [
      2,
      8
    ],
    [
      3,
      4
    ],
    [
      4,
      5
    ],
    [
      4,
      6
    ],
    [
      7,
      8
    ],
    [
      7,
      6
    ],
    [
      8,
      9
    ]
  ]
}