{
  "graph_index": 3058,
  "nodes": {
    "0": {
      "type": "root",
      "in_degree": 0,
      "out_degree": 1,
      "betweenness": 0.0,
      "closeness": 0.0,
      "pagerank": 0.041897404547036186,
      "degree_centrality": 0.07692307692307693,
      "cpd": {
        "values": [
          0.5,
          0.5,
          0.0,
          0.0
        ],
        "evidence": [],
        "evidence_card": []
      }
    },
    "1": {
      "type": "intermediate",
      "in_degree": 1,
      "out_degree": 1,
      "betweenness": 0.07692307692307693,
      "closeness": 0.07692307692307693,
      "pagerank": 0.07750981695910816,
      "degree_centrality": 0.15384615384615385,
      "cpd": {
        "values": [
          0.25249226445997175,
          0.4592287117132758,
          0.7475077355400283,
          0.5407712882867242
        ],
        "evidence": [
          0
        ],
        "evidence_card": [
          2
        ]
      }
    },
    "2": {
      "type": "intermediate",
      "in_degree": 1,
      "out_degree": 4,
      "betweenness": 0.14102564102564102,
      "closeness": 0.10256410256410256,
      "pagerank": 0.10778147264029339,
      "degree_centrality": 0.38461538461538464,
      "cpd": {
        "values": [
          0.8469450563641183,
          0.6263068137828184,
          0.15305494363588174,
          0.37369318621718156
        ],
        "evidence": [
          1
        ],
        "evidence_card": [
          2
        ]
      }
    },
    "3": {
      "type": "intermediate",
      "in_degree": 1,
      "out_degree": 3,
      "betweenness": 0.05769230769230769,
      "closeness": 0.11538461538461539,
      "pagerank": 0.0648010685934538,
      "degree_centrality": 0.3076923076923077,
      "cpd": {
        "values": [
          0.3843085617863712,
          0.40998681916174495,
          0.6156914382136288,
          0.5900131808382552
        ],
        "evidence": [
          2
        ],
        "evidence_card": [
          2
        ]
      }
    },
    "4": {
      "type": "intermediate",
      "in_degree": 1,
      "out_degree": 1,
      "betweenness": 0.019230769230769232,
      "closeness": 0.11538461538461539,
      "pagerank": 0.0648010685934538,
      "degree_centrality": 0.15384615384615385,
      "cpd": {
        "values": [
          0.5083468016743347,
          0.3671361525110584,
          0.4916531983256653,
          0.6328638474889416
        ],
        "evidence": [
          2
        ],
        "evidence_card": [
          2
        ]
      }
    },
    "5": {
      "type": "intermediate",
      "in_degree": 1,
      "out_degree": 2,
      "betweenness": 0.038461538461538464,
      "closeness": 0.11538461538461539,
      "pagerank": 0.0648010685934538,
      "degree_centrality": 0.23076923076923078,
      "cpd": {
        "values": [
          0.6819935680242537,
          0.7346693675217479,
          0.3180064319757463,
          0.26533063247825206
        ],
        "evidence": [
          2
        ],
        "evidence_card": [
          2
        ]
      }
    },
    "6": {
      "type": "intermediate",
      "in_degree": 1,
      "out_degree": 1,
      "betweenness": 0.019230769230769232,
      "closeness": 0.11538461538461539,
      "pagerank": 0.0648010685934538,
      "degree_centrality": 0.15384615384615385,
      "cpd": {
        "values": [
          0.37238013472738396,
          0.6229875767744233,
          0.627619865272616,
          0.37701242322557676
        ],
        "evidence": [
          2
        ],
        "evidence_card": [
          2
        ]
      }
    },
    "7": {
      "type": "leaf",
      "in_degree": 1,
      "out_degree": 0,
      "betweenness": 0.0,
      "closeness": 0.12307692307692308,
      "pagerank": 0.09697870445965959,
      "degree_centrality": 0.07692307692307693,
      "cpd": {
        "values": [
          0.4630872020895854,
          0.8633552813291859,
          0.5369127979104146,
          0.13664471867081407
        ],
        "evidence": [
          6
        ],
        "evidence_card": [
          2
        ]
      }
    },
    "8": {
      "type": "leaf",
      "in_degree": 1,
      "out_degree": 0,
      "betweenness": 0.0,
      "closeness": 0.12307692307692308,
      "pagerank": 0.06943805450334789,
      "degree_centrality": 0.07692307692307693,
      "cpd": {
        "values": [
          0.18124806479310993,
          0.25086296743756875,
          0.8187519352068902,
          0.7491370325624312
        ],
        "evidence": [
          5
        ],
        "evidence_card": [
          2
        ]
      }
    },
    "9": {
      "type": "leaf",
      "in_degree": 1,
      "out_degree": 0,
      "betweenness": 0.0,
      "closeness": 0.12307692307692308,
      "pagerank": 0.06943805450334789,
      "degree_centrality": 0.07692307692307693,
      "cpd": {
        "values": [
          0.9191899128243195,
          0.6198279978677415,
          0.08081008717568053,
          0.3801720021322585
        ],
        "evidence": [
          5
        ],
        "evidence_card": [
          2
        ]
      }
    },
    "10": {
      "type": "leaf",
      "in_degree": 1,
      "out_degree": 0,
      "betweenness": 0.0,
      "closeness": 0.12307692307692308,
      "pagerank": 0.09697870445965959,
      "degree_centrality": 0.07692307692307693,
      "cpd": {
        "values": [
          0.07266222645711626,
          0.7235926255329909,
          0.9273377735428837,
          0.2764073744670092
        ],
        "evidence": [
          4
        ],
        "evidence_card": [
          2
        ]
      }
    },
    "11": {
      "type": "leaf",
      "in_degree": 1,
      "out_degree": 0,
      "betweenness": 0.0,
      "closeness": 0.12307692307692308,
      "pagerank": 0.06025783785124399,
      "degree_centrality": 0.07692307692307693,
      "cpd": {
        "values": [
          0.3446260707743763,
          0.5336623373728739,
          0.6553739292256237,
          0.46633766262712606
        ],
        "evidence": [
          3
        ],
        "evidence_card": [
          2
        ]
      }
    },
    "12": {
      "type": "leaf",
      "in_degree": 1,
      "out_degree": 0,
      "betweenness": 0.0,
      "closeness": 0.12307692307692308,
      "pagerank": 0.06025783785124399,
      "degree_centrality": 0.07692307692307693,
      "cpd": {
        "values": [
          0.3897824890819543,
          0.6348250752120447,
          0.6102175109180457,
          0.3651749247879554
        ],
        "evidence": [
          3
        ],
        "evidence_card": [
          2
        ]
      }
    },
    "13": {
      "type": "leaf",
      "in_degree": 1,
      "out_degree": 0,
      "betweenness": 0.0,
      "closeness": 0.12307692307692308,
      "pagerank": 0.06025783785124399,
      "degree_centrality": 0.07692307692307693,
      "cpd": {
        "values": [
          0.4227504341044572,
          0.6636109800844705,
          0.5772495658955429,
          0.33638901991552955
        ],
        "evidence": [
          3
        ],
        "evidence_card": [
          2
        ]
      }
    }
  },
  "edges": [
    [
      0,
      1
    ],
    [
      1,
      2
    ],
    [
      2,
      3
    ],
    [
      2,
      4
    ],
    [
      2,
      5
    ],
    [
      2,
      6
    ],
    [
      3,
      11
    ],
    [
      3,
      12
    ],
    [
      3,
      13
    ],
    [
      4,
      10
    ],
    [
      5,
      8
    ],
    [
      5,
      9
    ],
    [
      6,
      7
    ]
  ]
}