{
  "graph_index": 1065,
  "nodes": {
    "0": {
      "type": "root",
      "in_degree": 0,
      "out_degree": 2,
      "betweenness": 0.0,
      "closeness": 0.0,
      "pagerank": 0.018507186098075317,
      "degree_centrality": 0.058823529411764705,
      "cpd": {
        "values": [
          0.5,
          0.5,
          0.0,
          0.0
        ],
        "evidence": [],
        "evidence_card": []
      }
    },
    "1": {
      "type": "intermediate",
      "in_degree": 1,
      "out_degree": 3,
      "betweenness": 0.013814616755793225,
      "closeness": 0.029411764705882353,
      "pagerank": 0.026372714867296494,
      "degree_centrality": 0.11764705882352941,
      "cpd": {
        "values": [
          0.3292160718319357,
          0.9457201264374768,
          0.6707839281680643,
          0.05427987356252322
        ],
        "evidence": [
          0
        ],
        "evidence_card": [
          2
        ]
      }
    },
    "2": {
      "type": "intermediate",
      "in_degree": 1,
      "out_degree": 4,
      "betweenness": 0.014705882352941176,
      "closeness": 0.029411764705882353,
      "pagerank": 0.026372714867296494,
      "degree_centrality": 0.14705882352941177,
      "cpd": {
        "values": [
          0.4936731053593231,
          0.5459432880441651,
          0.5063268946406769,
          0.45405671195583486
        ],
        "evidence": [
          0
        ],
        "evidence_card": [
          2
        ]
      }
    },
    "3": {
      "type": "intermediate",
      "in_degree": 1,
      "out_degree": 3,
      "betweenness": 0.010249554367201425,
      "closeness": 0.0392156862745098,
      "pagerank": 0.02411103127336953,
      "degree_centrality": 0.11764705882352941,
      "cpd": {
        "values": [
          0.2564968872368698,
          0.6410065160832065,
          0.7435031127631302,
          0.3589934839167936
        ],
        "evidence": [
          2
        ],
        "evidence_card": [
          2
        ]
      }
    },
    "4": {
      "type": "intermediate",
      "in_degree": 1,
      "out_degree": 3,
      "betweenness": 0.0089126559714795,
      "closeness": 0.0392156862745098,
      "pagerank": 0.02411103127336953,
      "degree_centrality": 0.11764705882352941,
      "cpd": {
        "values": [
          0.35073110838425936,
          0.22340079435003857,
          0.6492688916157406,
          0.7765992056499614
        ],
        "evidence": [
          2
        ],
        "evidence_card": [
          2
        ]
      }
    },
    "5": {
      "type": "intermediate",
      "in_degree": 1,
      "out_degree": 2,
      "betweenness": 0.0071301247771836,
      "closeness": 0.0392156862745098,
      "pagerank": 0.02411103127336953,
      "degree_centrality": 0.08823529411764705,
      "cpd": {
        "values": [
          0.21149226395517595,
          0.21990673463808574,
          0.788507736044824,
          0.7800932653619143
        ],
        "evidence": [
          2
        ],
        "evidence_card": [
          2
        ]
      }
    },
    "6": {
      "type": "intermediate",
      "in_degree": 1,
      "out_degree": 2,
      "betweenness": 0.0053475935828877,
      "closeness": 0.04411764705882353,
      "pagerank": 0.02875479033451239,
      "degree_centrality": 0.08823529411764705,
      "cpd": {
        "values": [
          0.6629773842475117,
          0.2680058609592848,
          0.3370226157524883,
          0.7319941390407152
        ],
        "evidence": [
          5
        ],
        "evidence_card": [
          2
        ]
      }
    },
    "7": {
      "type": "leaf",
      "in_degree": 1,
      "out_degree": 0,
      "betweenness": 0.0,
      "closeness": 0.047058823529411764,
      "pagerank": 0.030727592161651354,
      "degree_centrality": 0.029411764705882353,
      "cpd": {
        "values": [
          0.3035650614710742,
          0.50404474699544,
          0.6964349385289258,
          0.49595525300456006
        ],
        "evidence": [
          6
        ],
        "evidence_card": [
          2
        ]
      }
    },
    "8": {
      "type": "leaf",
      "in_degree": 1,
      "out_degree": 0,
      "betweenness": 0.0,
      "closeness": 0.047058823529411764,
      "pagerank": 0.030727592161651354,
      "degree_centrality": 0.029411764705882353,
      "cpd": {
        "values": [
          0.07494062680102816,
          0.42042701541794486,
          0.9250593731989718,
          0.5795729845820551
        ],
        "evidence": [
          6
        ],
        "evidence_card": [
          2
        ]
      }
    },
    "9": {
      "type": "intermediate",
      "in_degree": 1,
      "out_degree": 1,
      "betweenness": 0.00267379679144385,
      "closeness": 0.04411764705882353,
      "pagerank": 0.02533892225570003,
      "degree_centrality": 0.058823529411764705,
      "cpd": {
        "values": [
          0.6961312524105598,
          0.40817001033373346,
          0.3038687475894401,
          0.5918299896662665
        ],
        "evidence": [
          4
        ],
        "evidence_card": [
          2
        ]
      }
    },
    "10": {
      "type": "intermediate",
      "in_degree": 2,
      "out_degree": 4,
      "betweenness": 0.011140819964349376,
      "closeness": 0.0784313725490196,
      "pagerank": 0.03281071582275898,
      "degree_centrality": 0.1764705882352941,
      "cpd": {
        "values": [
          0.5989494301663424,
          0.5973111388754392,
          0.8435852213804831,
          0.54255258083406
        ],
        "evidence": [
          1,
          4
        ],
        "evidence_card": [
          2,
          2
        ]
      }
    },
    "11": {
      "type": "leaf",
      "in_degree": 1,
      "out_degree": 0,
      "betweenness": 0.0,
      "closeness": 0.06684491978609626,
      "pagerank": 0.025479626558948122,
      "degree_centrality": 0.029411764705882353,
      "cpd": {
        "values": [
          0.5177904032568647,
          0.5532265635676482,
          0.4822095967431353,
          0.44677343643235173
        ],
        "evidence": [
          10
        ],
        "evidence_card": [
          2
        ]
      }
    },
    "12": {
      "type": "leaf",
      "in_degree": 2,
      "out_degree": 0,
      "betweenness": 0.0,
      "closeness": 0.0962566844919786,
      "pagerank": 0.03231136271657284,
      "degree_centrality": 0.058823529411764705,
      "cpd": {
        "values": [
          0.10881558136308292,
          0.48280592077061407,
          0.7967246370054002,
          0.39042410946983075
        ],
        "evidence": [
          3,
          10
        ],
        "evidence_card": [
          2,
          2
        ]
      }
    },
    "13": {
      "type": "leaf",
      "in_degree": 2,
      "out_degree": 0,
      "betweenness": 0.0,
      "closeness": 0.08823529411764706,
      "pagerank": 0.0328407128203986,
      "degree_centrality": 0.058823529411764705,
      "cpd": {
        "values": [
          0.7231298124115645,
          0.7317844057628874,
          0.9455418919138866,
          0.3142437654363044
        ],
        "evidence": [
          22,
          10
        ],
        "evidence_card": [
          2,
          2
        ]
      }
    },
    "14": {
      "type": "leaf",
      "in_degree": 2,
      "out_degree": 0,
      "betweenness": 0.0,
      "closeness": 0.08823529411764706,
      "pagerank": 0.036521255951123835,
      "degree_centrality": 0.058823529411764705,
      "cpd": {
        "values": [
          0.8241150285124437,
          0.5512902747762661,
          0.711409934106623,
          0.4754283736066363
        ],
        "evidence": [
          23,
          10
        ],
        "evidence_card": [
          2,
          2
        ]
      }
    },
    "15": {
      "type": "leaf",
      "in_degree": 1,
      "out_degree": 0,
      "betweenness": 0.0,
      "closeness": 0.047058823529411764,