{
  "graph_index": 8385,
  "nodes": {
    "0": {
      "type": "root",
      "in_degree": 0,
      "out_degree": 1,
      "betweenness": 0.0,
      "closeness": 0.0,
      "pagerank": 0.03732048901286501,
      "degree_centrality": 0.06666666666666667,
      "cpd": {
        "values": [
          0.5,
          0.5,
          0.0,
          0.0
        ],
        "evidence": [],
        "evidence_card": []
      }
    },
    "1": {
      "type": "intermediate",
      "in_degree": 1,
      "out_degree": 2,
      "betweenness": 0.06666666666666668,
      "closeness": 0.06666666666666667,
      "pagerank": 0.06904264945429439,
      "degree_centrality": 0.2,
      "cpd": {
        "values": [
          0.40961977003902333,
          0.5017264187313523,
          0.5903802299609766,
          0.4982735812686478
        ],
        "evidence": [
          0
        ],
        "evidence_card": [
          2
        ]
      }
    },
    "2": {
      "type": "intermediate",
      "in_degree": 1,
      "out_degree": 3,
      "betweenness": 0.06666666666666668,
      "closeness": 0.08888888888888888,
      "pagerank": 0.06666439730177387,
      "degree_centrality": 0.26666666666666666,
      "cpd": {
        "values": [
          0.1623223889964243,
          0.7804060683365008,
          0.8376776110035757,
          0.21959393166349928
        ],
        "evidence": [
          1
        ],
        "evidence_card": [
          2
        ]
      }
    },
    "3": {
      "type": "intermediate",
      "in_degree": 1,
      "out_degree": 2,
      "betweenness": 0.04761904761904762,
      "closeness": 0.08888888888888888,
      "pagerank": 0.06666439730177387,
      "degree_centrality": 0.2,
      "cpd": {
        "values": [
          0.5129602822669012,
          0.09420855942014432,
          0.48703971773309884,
          0.9057914405798557
        ],
        "evidence": [
          1
        ],
        "evidence_card": [
          2
        ]
      }
    },
    "4": {
      "type": "intermediate",
      "in_degree": 1,
      "out_degree": 3,
      "betweenness": 0.04285714285714286,
      "closeness": 0.1,
      "pagerank": 0.06565254556090996,
      "degree_centrality": 0.26666666666666666,
      "cpd": {
        "values": [
          0.7897491816153787,
          0.3377707488486557,
          0.21025081838462134,
          0.6622292511513443
        ],
        "evidence": [
          3
        ],
        "evidence_card": [
          2
        ]
      }
    },
    "5": {
      "type": "leaf",
      "in_degree": 1,
      "out_degree": 0,
      "betweenness": 0.0,
      "closeness": 0.10666666666666667,
      "pagerank": 0.055921801473009854,
      "degree_centrality": 0.06666666666666667,
      "cpd": {
        "values": [
          0.7725256182423559,
          0.6120735343050735,
          0.22747438175764406,
          0.38792646569492645
        ],
        "evidence": [
          4
        ],
        "evidence_card": [
          2
        ]
      }
    },
    "6": {
      "type": "leaf",
      "in_degree": 1,
      "out_degree": 0,
      "betweenness": 0.0,
      "closeness": 0.10666666666666667,
      "pagerank": 0.055921801473009854,
      "degree_centrality": 0.06666666666666667,
      "cpd": {
        "values": [
          0.9170492691836022,
          0.2942565651318962,
          0.08295073081639781,
          0.7057434348681038
        ],
        "evidence": [
          4
        ],
        "evidence_card": [
          2
        ]
      }
    },
    "7": {
      "type": "leaf",
      "in_degree": 1,
      "out_degree": 0,
      "betweenness": 0.0,
      "closeness": 0.10666666666666667,
      "pagerank": 0.055921801473009854,
      "degree_centrality": 0.06666666666666667,
      "cpd": {
        "values": [
          0.36071601198377135,
          0.9995654100108797,
          0.6392839880162287,
          0.0004345899891202734
        ],
        "evidence": [
          4
        ],
        "evidence_card": [
          2
        ]
      }
    },
    "8": {
      "type": "intermediate",
      "in_degree": 1,
      "out_degree": 3,
      "betweenness": 0.03333333333333334,
      "closeness": 0.1,
      "pagerank": 0.056208526711561645,
      "degree_centrality": 0.26666666666666666,
      "cpd": {
        "values": [
          0.06727987898620987,
          0.11429612236049798,
          0.9327201210137901,
          0.885703877639502
        ],
        "evidence": [
          2
        ],
        "evidence_card": [
          2
        ]
      }
    },
    "9": {
      "type": "intermediate",
      "in_degree": 1,
      "out_degree": 1,
      "betweenness": 0.014285714285714287,
      "closeness": 0.1,
      "pagerank": 0.056208526711561645,
      "degree_centrality": 0.13333333333333333,
      "cpd": {
        "values": [
          0.5046461157173303,
          0.6232397602712563,
          0.49535388428266974,
          0.3767602397287436
        ],
        "evidence": [
          2
        ],
        "evidence_card": [
          2
        ]
      }
    },
    "10": {
      "type": "intermediate",
      "in_degree": 1,
      "out_degree": 1,
      "betweenness": 0.014285714285714287,
      "closeness": 0.1,
      "pagerank": 0.056208526711561645,
      "degree_centrality": 0.13333333333333333,
      "cpd": {
        "values": [
          0.5601184394456468,
          0.4587999678304589,
          0.4398815605543532,
          0.5412000321695412
        ],
        "evidence": [
          2
        ],
        "evidence_card": [
          2
        ]
      }
    },
    "11": {
      "type": "leaf",
      "in_degree": 1,
      "out_degree": 0,
      "betweenness": 0.0,
      "closeness": 0.10666666666666667,
      "pagerank": 0.08509716741363116,
      "degree_centrality": 0.06666666666666667,
      "cpd": {
        "values": [
          0.35352800117839195,
          0.5571080724557504,
          0.6464719988216081,
          0.44289192754424955
        ],
        "evidence": [
          10
        ],
        "evidence_card": [
          2
        ]
      }
    },
    "12": {
      "type": "leaf",
      "in_degree": 1,
      "out_degree": 0,
      "betweenness": 0.0,
      "closeness": 0.10666666666666667,
      "pagerank": 0.08509716741363116,
      "degree_centrality": 0.06666666666666667,
      "cpd": {
        "values": [
          0.3920149174161559,
          0.47652856140475003,
          0.6079850825838442,
          0.5234714385952499
        ],
        "evidence": [
          9
        ],
        "evidence_card": [
          2
        ]
      }
    },
    "13": {
      "type": "leaf",
      "in_degree": 1,
      "out_degree": 0,
      "betweenness": 0.0,
      "closeness": 0.10666666666666667,
      "pagerank": 0.05324604847978706,
      "degree_centrality": 0.06666666666666667,
      "cpd": {
        "values": [
          0.2977913448115875,
          0.9683795700734965,
          0.7022086551884126,
          0.03162042992650348
        ],
        "evidence": [
          8
        ],
        "evidence_card": [
          2
        ]
      }
    },
    "14": {
      "type": "leaf",
      "in_degree": 1,
      "out_degree": 0,
      "betweenness": 0.0,
      "closeness": 0.10666666666666667,
      "pagerank": 0.05324604847978706,
      "degree_centrality": 0.06666666666666667,
      "cpd": {
        "values": [
          0.46150661530490644,
          0.9713738539581018,
          0.5384933846950936,
          0.02862614604189814
        ],
        "evidence": [
          8
        ],
        "evidence_card": [
          2
        ]
      }
    },
    "15": {
      "type": "leaf",
      "in_degree": 2,
      "out_degree": 0,
      "betweenness": 0.0,
      "closeness": 0.18518518518518517,
      "pagerank": 0.081578105027832,
      "degree_centrality": 0.13333333333333333,
      "cpd": {
        "values": [
          0.45182366134488006,
          0.4384272296611638,
          0.7211052208641808,
          0.7187571937831273
        ],