{
  "graph_index": 7705,
  "nodes": {
    "0": {
      "type": "root",
      "in_degree": 0,
      "out_degree": 1,
      "betweenness": 0.0,
      "closeness": 0.0,
      "pagerank": 0.03229189891674972,
      "degree_centrality": 0.05555555555555555,
      "cpd": {
        "values": [
          0.5,
          0.5,
          0.0,
          0.0
        ],
        "evidence": [],
        "evidence_card": []
      }
    },
    "1": {
      "type": "intermediate",
      "in_degree": 1,
      "out_degree": 2,
      "betweenness": 0.05555555555555556,
      "closeness": 0.05555555555555555,
      "pagerank": 0.05973979451731415,
      "degree_centrality": 0.16666666666666666,
      "cpd": {
        "values": [
          0.6598226250870184,
          0.683933389868237,
          0.34017737491298167,
          0.316066610131763
        ],
        "evidence": [
          0
        ],
        "evidence_card": [
          2
        ]
      }
    },
    "2": {
      "type": "intermediate",
      "in_degree": 1,
      "out_degree": 4,
      "betweenness": 0.058823529411764705,
      "closeness": 0.07407407407407407,
      "pagerank": 0.057681873636911324,
      "degree_centrality": 0.2777777777777778,
      "cpd": {
        "values": [
          0.6251161435411611,
          0.9238912889713495,
          0.374883856458839,
          0.07610871102865042
        ],
        "evidence": [
          1
        ],
        "evidence_card": [
          2
        ]
      }
    },
    "3": {
      "type": "intermediate",
      "in_degree": 1,
      "out_degree": 2,
      "betweenness": 0.0392156862745098,
      "closeness": 0.07407407407407407,
      "pagerank": 0.057681873636911324,
      "degree_centrality": 0.16666666666666666,
      "cpd": {
        "values": [
          0.2984072269426235,
          0.3017660671433,
          0.7015927730573766,
          0.6982339328567
        ],
        "evidence": [
          1
        ],
        "evidence_card": [
          2
        ]
      }
    },
    "4": {
      "type": "intermediate",
      "in_degree": 1,
      "out_degree": 4,
      "betweenness": 0.032679738562091505,
      "closeness": 0.08333333333333333,
      "pagerank": 0.05680625122618953,
      "degree_centrality": 0.2777777777777778,
      "cpd": {
        "values": [
          0.542598200728767,
          0.3257658707479094,
          0.457401799271233,
          0.6742341292520906
        ],
        "evidence": [
          3
        ],
        "evidence_card": [
          2
        ]
      }
    },
    "5": {
      "type": "intermediate",
      "in_degree": 1,
      "out_degree": 1,
      "betweenness": 0.00980392156862745,
      "closeness": 0.08333333333333333,
      "pagerank": 0.05680625122618953,
      "degree_centrality": 0.1111111111111111,
      "cpd": {
        "values": [
          0.6882378548331427,
          0.4750026183630509,
          0.31176214516685735,
          0.5249973816369491
        ],
        "evidence": [
          3
        ],
        "evidence_card": [
          2
        ]
      }
    },
    "6": {
      "type": "leaf",
      "in_degree": 1,
      "out_degree": 0,
      "betweenness": 0.0,
      "closeness": 0.08888888888888889,
      "pagerank": 0.08057670546025299,
      "degree_centrality": 0.05555555555555555,
      "cpd": {
        "values": [
          0.7521317480477098,
          0.5260039988629123,
          0.24786825195229018,
          0.47399600113708784
        ],
        "evidence": [
          5
        ],
        "evidence_card": [
          2
        ]
      }
    },
    "7": {
      "type": "leaf",
      "in_degree": 1,
      "out_degree": 0,
      "betweenness": 0.0,
      "closeness": 0.08888888888888889,
      "pagerank": 0.04436310055262553,
      "degree_centrality": 0.05555555555555555,
      "cpd": {
        "values": [
          0.05541980313559792,
          0.10161401463007128,
          0.9445801968644021,
          0.8983859853699288
        ],
        "evidence": [
          4
        ],
        "evidence_card": [
          2
        ]
      }
    },
    "8": {
      "type": "leaf",
      "in_degree": 1,
      "out_degree": 0,
      "betweenness": 0.0,
      "closeness": 0.08888888888888889,
      "pagerank": 0.04436310055262553,
      "degree_centrality": 0.05555555555555555,
      "cpd": {
        "values": [
          0.7690399181314336,
          0.8549132998820875,
          0.23096008186856654,
          0.1450867001179125
        ],
        "evidence": [
          4
        ],
        "evidence_card": [
          2
        ]
      }
    },
    "9": {
      "type": "leaf",
      "in_degree": 2,
      "out_degree": 0,
      "betweenness": 0.0,
      "closeness": 0.154320987654321,
      "pagerank": 0.05662027670734544,
      "degree_centrality": 0.1111111111111111,
      "cpd": {
        "values": [
          0.028883688597983567,
          0.8500471354308037,
          0.32278223102499376,
          0.4926218562507071
        ],
        "evidence": [
          2,
          4
        ],
        "evidence_card": [
          2,
          2
        ]
      }
    },
    "10": {
      "type": "leaf",
      "in_degree": 1,
      "out_degree": 0,
      "betweenness": 0.0,
      "closeness": 0.08888888888888889,
      "pagerank": 0.04436310055262553,
      "degree_centrality": 0.05555555555555555,
      "cpd": {
        "values": [
          0.6631680664114313,
          0.9628854495441436,
          0.33683193358856867,
          0.03711455045585642
        ],
        "evidence": [
          4
        ],
        "evidence_card": [
          2
        ]
      }
    },
    "11": {
      "type": "intermediate",
      "in_degree": 1,
      "out_degree": 3,
      "betweenness": 0.029411764705882353,
      "closeness": 0.08333333333333333,
      "pagerank": 0.04454907507146963,
      "degree_centrality": 0.2222222222222222,
      "cpd": {
        "values": [
          0.3868144042360118,
          0.6340816351938608,
          0.6131855957639882,
          0.3659183648061391
        ],
        "evidence": [
          2
        ],
        "evidence_card": [
          2
        ]
      }
    },
    "12": {
      "type": "intermediate",
      "in_degree": 1,
      "out_degree": 1,
      "betweenness": 0.00980392156862745,
      "closeness": 0.08333333333333333,
      "pagerank": 0.04454907507146963,
      "degree_centrality": 0.1111111111111111,
      "cpd": {
        "values": [
          0.835020465704594,
          0.3126300133073526,
          0.16497953429540588,
          0.6873699866926474
        ],
        "evidence": [
          2
        ],
        "evidence_card": [
          2
        ]
      }
    },
    "13": {
      "type": "intermediate",
      "in_degree": 1,
      "out_degree": 1,
      "betweenness": 0.00980392156862745,
      "closeness": 0.08333333333333333,
      "pagerank": 0.04454907507146963,
      "degree_centrality": 0.1111111111111111,
      "cpd": {
        "values": [
          0.0014945032135756076,
          0.5792637128922187,
          0.9985054967864244,
          0.4207362871077813
        ],
        "evidence": [
          2
        ],
        "evidence_card": [
          2
        ]
      }
    },
    "14": {
      "type": "leaf",
      "in_degree": 1,
      "out_degree": 0,
      "betweenness": 0.0,
      "closeness": 0.08888888888888889,
      "pagerank": 0.07015824998878359,
      "degree_centrality": 0.05555555555555555,
      "cpd": {
        "values": [
          0.6390433941077516,
          0.9854458726838732,
          0.3609566058922484,
          0.014554127316126805
        ],
        "evidence": [
          13
        ],
        "evidence_card": [
          2
        ]
      }
    },
    "15": {
      "type": "leaf",
      "in_degree": 1,
      "out_degree": 0,
      "betweenness": 0.0,
      "closeness": 0.08888888888888889,
      "pagerank": 0.07015824998878359,
      "degree_centrality": 0.05555555555555555,