{
  "graph_index": 8288,
  "nodes": {
    "0": {
      "type": "root",
      "in_degree": 0,
      "out_degree": 1,
      "betweenness": 0.0,
      "closeness": 0.0,
      "pagerank": 0.02143956124915704,
      "degree_centrality": 0.034482758620689655,
      "cpd": {
        "values": [
          0.5,
          0.5,
          0.0,
          0.0
        ],
        "evidence": [],
        "evidence_card": []
      }
    },
    "1": {
      "type": "intermediate",
      "in_degree": 1,
      "out_degree": 4,
      "betweenness": 0.034482758620689655,
      "closeness": 0.034482758620689655,
      "pagerank": 0.03966275592614836,
      "degree_centrality": 0.1724137931034483,
      "cpd": {
        "values": [
          0.10328843049984171,
          0.1773188355950906,
          0.8967115695001583,
          0.8226811644049093
        ],
        "evidence": [
          0
        ],
        "evidence_card": [
          2
        ]
      }
    },
    "2": {
      "type": "intermediate",
      "in_degree": 1,
      "out_degree": 3,
      "betweenness": 0.012315270935960592,
      "closeness": 0.04597701149425287,
      "pagerank": 0.029867762948287503,
      "degree_centrality": 0.13793103448275862,
      "cpd": {
        "values": [
          0.7448275818316257,
          0.4563467348820959,
          0.2551724181683744,
          0.543653265117904
        ],
        "evidence": [
          1
        ],
        "evidence_card": [
          2
        ]
      }
    },
    "3": {
      "type": "intermediate",
      "in_degree": 1,
      "out_degree": 2,
      "betweenness": 0.014778325123152709,
      "closeness": 0.04597701149425287,
      "pagerank": 0.029867762948287503,
      "degree_centrality": 0.10344827586206896,
      "cpd": {
        "values": [
          0.5236318270439991,
          0.2705167320518482,
          0.47636817295600087,
          0.7294832679481518
        ],
        "evidence": [
          1
        ],
        "evidence_card": [
          2
        ]
      }
    },
    "4": {
      "type": "intermediate",
      "in_degree": 1,
      "out_degree": 4,
      "betweenness": 0.024630541871921183,
      "closeness": 0.04597701149425287,
      "pagerank": 0.029867762948287503,
      "degree_centrality": 0.1724137931034483,
      "cpd": {
        "values": [
          0.4118848997472257,
          0.7516841068976537,
          0.5881151002527742,
          0.24831589310234628
        ],
        "evidence": [
          1
        ],
        "evidence_card": [
          2
        ]
      }
    },
    "5": {
      "type": "intermediate",
      "in_degree": 1,
      "out_degree": 2,
      "betweenness": 0.007389162561576354,
      "closeness": 0.04597701149425287,
      "pagerank": 0.029867762948287503,
      "degree_centrality": 0.10344827586206896,
      "cpd": {
        "values": [
          0.552171284487729,
          0.4859066207052631,
          0.447828715512271,
          0.514093379294737
        ],
        "evidence": [
          1
        ],
        "evidence_card": [
          2
        ]
      }
    },
    "6": {
      "type": "intermediate",
      "in_degree": 1,
      "out_degree": 3,
      "betweenness": 0.006157635467980296,
      "closeness": 0.05172413793103448,
      "pagerank": 0.03413332259440756,
      "degree_centrality": 0.13793103448275862,
      "cpd": {
        "values": [
          0.29599421979321805,
          0.3108294354595459,
          0.704005780206782,
          0.6891705645404541
        ],
        "evidence": [
          5
        ],
        "evidence_card": [
          2
        ]
      }
    },
    "7": {
      "type": "leaf",
      "in_degree": 1,
      "out_degree": 0,
      "betweenness": 0.0,
      "closeness": 0.05517241379310345,
      "pagerank": 0.031110304029435862,
      "degree_centrality": 0.034482758620689655,
      "cpd": {
        "values": [
          0.7114050060961673,
          0.8612647330267501,
          0.28859499390383264,
          0.13873526697324984
        ],
        "evidence": [
          6
        ],
        "evidence_card": [
          2
        ]
      }
    },
    "8": {
      "type": "leaf",
      "in_degree": 2,
      "out_degree": 0,
      "betweenness": 0.0,
      "closeness": 0.09578544061302684,
      "pagerank": 0.04380406537468638,
      "degree_centrality": 0.06896551724137931,
      "cpd": {
        "values": [
          0.42967477337879945,
          0.5828955704053476,
          0.4879747811155369,
          0.573711767073321
        ],
        "evidence": [
          3,
          6
        ],
        "evidence_card": [
          2,
          2
        ]
      }
    },
    "9": {
      "type": "leaf",
      "in_degree": 2,
      "out_degree": 0,
      "betweenness": 0.0,
      "closeness": 0.09578544061302684,
      "pagerank": 0.03957281159293621,
      "degree_centrality": 0.06896551724137931,
      "cpd": {
        "values": [
          0.13050025194790468,
          0.6577745648013698,
          0.43168610960694614,
          0.9078138966696834
        ],
        "evidence": [
          2,
          6
        ],
        "evidence_card": [
          2,
          2
        ]
      }
    },
    "10": {
      "type": "intermediate",
      "in_degree": 1,
      "out_degree": 2,
      "betweenness": 0.007389162561576354,
      "closeness": 0.05172413793103448,
      "pagerank": 0.027786441921782302,
      "degree_centrality": 0.10344827586206896,
      "cpd": {
        "values": [
          0.4525888348891627,
          0.4751423781498235,
          0.5474111651108373,
          0.5248576218501765
        ],
        "evidence": [
          4
        ],
        "evidence_card": [
          2
        ]
      }
    },
    "11": {
      "type": "intermediate",
      "in_degree": 1,
      "out_degree": 2,
      "betweenness": 0.0049261083743842365,
      "closeness": 0.05172413793103448,
      "pagerank": 0.027786441921782302,
      "degree_centrality": 0.10344827586206896,
      "cpd": {
        "values": [
          0.31778136720087696,
          0.24643639187110117,
          0.6822186327991231,
          0.7535636081288989
        ],
        "evidence": [
          4
        ],
        "evidence_card": [
          2
        ]
      }
    },
    "12": {
      "type": "intermediate",
      "in_degree": 1,
      "out_degree": 1,
      "betweenness": 0.003694581280788177,
      "closeness": 0.05172413793103448,
      "pagerank": 0.027786441921782302,
      "degree_centrality": 0.06896551724137931,
      "cpd": {
        "values": [
          0.9493236971575864,
          0.6991985968856284,
          0.05067630284241366,
          0.30080140311437153
        ],
        "evidence": [
          4
        ],
        "evidence_card": [
          2
        ]
      }
    },
    "13": {
      "type": "intermediate",
      "in_degree": 1,
      "out_degree": 2,
      "betweenness": 0.007389162561576354,
      "closeness": 0.05172413793103448,
      "pagerank": 0.027786441921782302,
      "degree_centrality": 0.10344827586206896,
      "cpd": {
        "values": [
          0.4898344404731048,
          0.62076875978785,
          0.5101655595268951,
          0.37923124021215
        ],
        "evidence": [
          4
        ],
        "evidence_card": [
          2
        ]
      }
    },
    "14": {
      "type": "leaf",
      "in_degree": 1,
      "out_degree": 0,
      "betweenness": 0.0,
      "closeness": 0.05517241379310345,
      "pagerank": 0.033248417003613986,
      "degree_centrality": 0.034482758620689655,
      "cpd": {
        "values": [
          0.47727035570518955,
          0.2555368353253825,
          0.5227296442948105,
          0.7444631646746176
        ],
        "evidence": [
          13
        ],
        "evidence_card": [
          2
        ]
      }
    },
    "15": {
      "type": "leaf",
      "in_degree": 1,
      "out_degree": 0,
      "betweenness": 0.0,
      "closeness": 0.05517241379310345,