{
  "graph_index": 9255,
  "nodes": {
    "0": {
      "type": "root",
      "in_degree": 0,
      "out_degree": 1,
      "betweenness": 0.0,
      "closeness": 0.0,
      "pagerank": 0.033562804366052024,
      "degree_centrality": 0.05555555555555555,
      "cpd": {
        "values": [
          0.5,
          0.5,
          0.0,
          0.0
        ],
        "evidence": [],
        "evidence_card": []
      }
    },
    "1": {
      "type": "intermediate",
      "in_degree": 1,
      "out_degree": 2,
      "betweenness": 0.05555555555555556,
      "closeness": 0.05555555555555555,
      "pagerank": 0.06209200638612063,
      "degree_centrality": 0.16666666666666666,
      "cpd": {
        "values": [
          0.6403808502963831,
          0.1541735477896185,
          0.3596191497036168,
          0.8458264522103816
        ],
        "evidence": [
          0
        ],
        "evidence_card": [
          2
        ]
      }
    },
    "2": {
      "type": "intermediate",
      "in_degree": 1,
      "out_degree": 3,
      "betweenness": 0.0784313725490196,
      "closeness": 0.07407407407407407,
      "pagerank": 0.05995120807510704,
      "degree_centrality": 0.2222222222222222,
      "cpd": {
        "values": [
          0.8549036020847536,
          0.20473754105803316,
          0.14509639791524642,
          0.7952624589419668
        ],
        "evidence": [
          1
        ],
        "evidence_card": [
          2
        ]
      }
    },
    "3": {
      "type": "intermediate",
      "in_degree": 1,
      "out_degree": 2,
      "betweenness": 0.0196078431372549,
      "closeness": 0.07407407407407407,
      "pagerank": 0.05995120807510704,
      "degree_centrality": 0.16666666666666666,
      "cpd": {
        "values": [
          0.5126599932371724,
          0.13968014948457372,
          0.48734000676282757,
          0.8603198505154263
        ],
        "evidence": [
          1
        ],
        "evidence_card": [
          2
        ]
      }
    },
    "4": {
      "type": "intermediate",
      "in_degree": 1,
      "out_degree": 1,
      "betweenness": 0.00980392156862745,
      "closeness": 0.08333333333333333,
      "pagerank": 0.05904158386679302,
      "degree_centrality": 0.1111111111111111,
      "cpd": {
        "values": [
          0.29479702974544575,
          0.31165932853248524,
          0.7052029702545544,
          0.6883406714675147
        ],
        "evidence": [
          3
        ],
        "evidence_card": [
          2
        ]
      }
    },
    "5": {
      "type": "leaf",
      "in_degree": 1,
      "out_degree": 0,
      "betweenness": 0.0,
      "closeness": 0.08888888888888889,
      "pagerank": 0.08374826689398539,
      "degree_centrality": 0.05555555555555555,
      "cpd": {
        "values": [
          0.4966291646391757,
          0.6726486780154369,
          0.5033708353608243,
          0.32735132198456307
        ],
        "evidence": [
          4
        ],
        "evidence_card": [
          2
        ]
      }
    },
    "6": {
      "type": "intermediate",
      "in_degree": 1,
      "out_degree": 4,
      "betweenness": 0.0392156862745098,
      "closeness": 0.08333333333333333,
      "pagerank": 0.050548657366546026,
      "degree_centrality": 0.2777777777777778,
      "cpd": {
        "values": [
          0.39295828363106144,
          0.9433710412617846,
          0.6070417163689386,
          0.05662895873821533
        ],
        "evidence": [
          2
        ],
        "evidence_card": [
          2
        ]
      }
    },
    "7": {
      "type": "intermediate",
      "in_degree": 1,
      "out_degree": 2,
      "betweenness": 0.013071895424836602,
      "closeness": 0.08333333333333333,
      "pagerank": 0.050548657366546026,
      "degree_centrality": 0.16666666666666666,
      "cpd": {
        "values": [
          0.7224680643615183,
          0.7228519188301891,
          0.2775319356384817,
          0.27714808116981093
        ],
        "evidence": [
          2
        ],
        "evidence_card": [
          2
        ]
      }
    },
    "8": {
      "type": "intermediate",
      "in_degree": 1,
      "out_degree": 4,
      "betweenness": 0.0392156862745098,
      "closeness": 0.08333333333333333,
      "pagerank": 0.050548657366546026,
      "degree_centrality": 0.2777777777777778,
      "cpd": {
        "values": [
          0.3164350261945396,
          0.2273253347849989,
          0.6835649738054603,
          0.772674665215001
        ],
        "evidence": [
          2
        ],
        "evidence_card": [
          2
        ]
      }
    },
    "9": {
      "type": "leaf",
      "in_degree": 1,
      "out_degree": 0,
      "betweenness": 0.0,
      "closeness": 0.08888888888888889,
      "pagerank": 0.044304481622379974,
      "degree_centrality": 0.05555555555555555,
      "cpd": {
        "values": [
          0.5089173123074153,
          0.20764572016030028,
          0.4910826876925846,
          0.7923542798396997
        ],
        "evidence": [
          8
        ],
        "evidence_card": [
          2
        ]
      }
    },
    "10": {
      "type": "leaf",
      "in_degree": 1,
      "out_degree": 0,
      "betweenness": 0.0,
      "closeness": 0.08888888888888889,
      "pagerank": 0.044304481622379974,
      "degree_centrality": 0.05555555555555555,
      "cpd": {
        "values": [
          0.37355032056207155,
          0.07141205927723325,
          0.6264496794379285,
          0.9285879407227667
        ],
        "evidence": [
          8
        ],
        "evidence_card": [
          2
        ]
      }
    },
    "11": {
      "type": "leaf",
      "in_degree": 1,
      "out_degree": 0,
      "betweenness": 0.0,
      "closeness": 0.08888888888888889,
      "pagerank": 0.044304481622379974,
      "degree_centrality": 0.05555555555555555,
      "cpd": {
        "values": [
          0.5468521116521359,
          0.6899554635201184,
          0.4531478883478642,
          0.31004453647988167
        ],
        "evidence": [
          8
        ],
        "evidence_card": [
          2
        ]
      }
    },
    "12": {
      "type": "leaf",
      "in_degree": 1,
      "out_degree": 0,
      "betweenness": 0.0,
      "closeness": 0.08888888888888889,
      "pagerank": 0.044304481622379974,
      "degree_centrality": 0.05555555555555555,
      "cpd": {
        "values": [
          0.9021118794833592,
          0.20264726442457964,
          0.0978881205166408,
          0.7973527355754204
        ],
        "evidence": [
          8
        ],
        "evidence_card": [
          2
        ]
      }
    },
    "13": {
      "type": "leaf",
      "in_degree": 2,
      "out_degree": 0,
      "betweenness": 0.0,
      "closeness": 0.154320987654321,
      "pagerank": 0.0805249383794489,
      "degree_centrality": 0.1111111111111111,
      "cpd": {
        "values": [
          0.3260945869362866,
          0.2947737498215745,
          0.8048736698173097,
          0.4693325924263118
        ],
        "evidence": [
          3,
          7
        ],
        "evidence_card": [
          2,
          2
        ]
      }
    },
    "14": {
      "type": "leaf",
      "in_degree": 1,
      "out_degree": 0,
      "betweenness": 0.0,
      "closeness": 0.08888888888888889,
      "pagerank": 0.05504615887870791,
      "degree_centrality": 0.05555555555555555,
      "cpd": {
        "values": [
          0.5997247887671339,
          0.5094949165711142,
          0.40027521123286597,
          0.4905050834288857
        ],
        "evidence": [
          7
        ],
        "evidence_card": [
          2
        ]
      }
    },
    "15": {
      "type": "leaf",
      "in_degree": 1,
      "out_degree": 0,
      "betweenness": 0.0,
      "closeness": 0.08888888888888889,
      "pagerank": 0.044304481622379974,
      "degree_centrality": 0.05555555555555555,