{
  "graph_index": 1078,
  "nodes": {
    "0": {
      "type": "root",
      "in_degree": 0,
      "out_degree": 1,
      "betweenness": 0.0,
      "closeness": 0.0,
      "pagerank": 0.05504289508045185,
      "degree_centrality": 0.1111111111111111,
      "cpd": {
        "values": [
          0.5,
          0.5,
          0.0,
          0.0
        ],
        "evidence": [],
        "evidence_card": []
      }
    },
    "1": {
      "type": "intermediate",
      "in_degree": 1,
      "out_degree": 1,
      "betweenness": 0.1111111111111111,
      "closeness": 0.1111111111111111,
      "pagerank": 0.10182976148862197,
      "degree_centrality": 0.2222222222222222,
      "cpd": {
        "values": [
          0.05330179622909319,
          0.4236772811691068,
          0.9466982037709069,
          0.5763227188308931
        ],
        "evidence": [
          0
        ],
        "evidence_card": [
          2
        ]
      }
    },
    "2": {
      "type": "intermediate",
      "in_degree": 1,
      "out_degree": 2,
      "betweenness": 0.19444444444444442,
      "closeness": 0.14814814814814814,
      "pagerank": 0.14159733209971292,
      "degree_centrality": 0.3333333333333333,
      "cpd": {
        "values": [
          0.6341054356909375,
          0.5444568032913122,
          0.3658945643090625,
          0.45554319670868787
        ],
        "evidence": [
          1
        ],
        "evidence_card": [
          2
        ]
      }
    },
    "3": {
      "type": "intermediate",
      "in_degree": 1,
      "out_degree": 1,
      "betweenness": 0.041666666666666664,
      "closeness": 0.16666666666666666,
      "pagerank": 0.11522056378109469,
      "degree_centrality": 0.2222222222222222,
      "cpd": {
        "values": [
          0.5061803835523992,
          0.4014584616117394,
          0.49381961644760075,
          0.5985415383882605
        ],
        "evidence": [
          2
        ],
        "evidence_card": [
          2
        ]
      }
    },
    "4": {
      "type": "intermediate",
      "in_degree": 1,
      "out_degree": 4,
      "betweenness": 0.16666666666666666,
      "closeness": 0.16666666666666666,
      "pagerank": 0.11522056378109469,
      "degree_centrality": 0.5555555555555556,
      "cpd": {
        "values": [
          0.43441699526727173,
          0.23680401006791305,
          0.5655830047327283,
          0.7631959899320869
        ],
        "evidence": [
          2
        ],
        "evidence_card": [
          2
        ]
      }
    },
    "5": {
      "type": "leaf",
      "in_degree": 1,
      "out_degree": 0,
      "betweenness": 0.0,
      "closeness": 0.17777777777777778,
      "pagerank": 0.07952719612629744,
      "degree_centrality": 0.1111111111111111,
      "cpd": {
        "values": [
          0.43448115179592245,
          0.6389817683045436,
          0.5655188482040776,
          0.3610182316954565
        ],
        "evidence": [
          4
        ],
        "evidence_card": [
          2
        ]
      }
    },
    "6": {
      "type": "leaf",
      "in_degree": 1,
      "out_degree": 0,
      "betweenness": 0.0,
      "closeness": 0.17777777777777778,
      "pagerank": 0.07952719612629744,
      "degree_centrality": 0.1111111111111111,
      "cpd": {
        "values": [
          0.5052555301149013,
          0.21752425702341244,
          0.49474446988509874,
          0.7824757429765876
        ],
        "evidence": [
          4
        ],
        "evidence_card": [
          2
        ]
      }
    },
    "7": {
      "type": "leaf",
      "in_degree": 1,
      "out_degree": 0,
      "betweenness": 0.0,
      "closeness": 0.17777777777777778,
      "pagerank": 0.07952719612629744,
      "degree_centrality": 0.1111111111111111,
      "cpd": {
        "values": [
          0.6471219232966967,
          0.48860619549879314,
          0.35287807670330323,
          0.5113938045012069
        ],
        "evidence": [
          4
        ],
        "evidence_card": [
          2
        ]
      }
    },
    "8": {
      "type": "leaf",
      "in_degree": 1,
      "out_degree": 0,
      "betweenness": 0.0,
      "closeness": 0.17777777777777778,
      "pagerank": 0.07952719612629744,
      "degree_centrality": 0.1111111111111111,
      "cpd": {
        "values": [
          0.7005127685229541,
          0.5823686214150894,
          0.2994872314770459,
          0.4176313785849107
        ],
        "evidence": [
          4
        ],
        "evidence_card": [
          2
        ]
      }
    },
    "9": {
      "type": "leaf",
      "in_degree": 1,
      "out_degree": 0,
      "betweenness": 0.0,
      "closeness": 0.17777777777777778,
      "pagerank": 0.15298009926383424,
      "degree_centrality": 0.1111111111111111,
      "cpd": {
        "values": [
          0.5264390438112395,
          0.8714309209679908,
          0.4735609561887605,
          0.12856907903200923
        ],
        "evidence": [
          3
        ],
        "evidence_card": [
          2
        ]
      }
    }
  },
  "edges": [
    [
      0,
      1
    ],
    [
      1,
      2
    ],
    [
      2,
      3
    ],
    [
      2,
      4
    ],
    [
      3,
      9
    ],
    [
      4,
      5
    ],
    [
      4,
      6
    ],
    [
      4,
      7
    ],
    [
      4,
      8
    ]
  ]
}