{
  "graph_index": 5909,
  "nodes": {
    "0": {
      "type": "root",
      "in_degree": 0,
      "out_degree": 1,
      "betweenness": 0.0,
      "closeness": 0.0,
      "pagerank": 0.032472955882570854,
      "degree_centrality": 0.05263157894736842,
      "cpd": {
        "values": [
          0.5,
          0.5,
          0.0,
          0.0
        ],
        "evidence": [],
        "evidence_card": []
      }
    },
    "1": {
      "type": "intermediate",
      "in_degree": 1,
      "out_degree": 2,
      "betweenness": 0.05263157894736842,
      "closeness": 0.05263157894736842,
      "pagerank": 0.060075548277069776,
      "degree_centrality": 0.15789473684210525,
      "cpd": {
        "values": [
          0.17206643693812773,
          0.5304563214834012,
          0.8279335630618723,
          0.4695436785165988
        ],
        "evidence": [
          0
        ],
        "evidence_card": [
          2
        ]
      }
    },
    "2": {
      "type": "intermediate",
      "in_degree": 1,
      "out_degree": 3,
      "betweenness": 0.05847953216374269,
      "closeness": 0.07017543859649122,
      "pagerank": 0.058004372139136236,
      "degree_centrality": 0.21052631578947367,
      "cpd": {
        "values": [
          0.44603209490412205,
          0.7719679779127104,
          0.553967905095878,
          0.2280320220872896
        ],
        "evidence": [
          1
        ],
        "evidence_card": [
          2
        ]
      }
    },
    "3": {
      "type": "intermediate",
      "in_degree": 1,
      "out_degree": 2,
      "betweenness": 0.03508771929824561,
      "closeness": 0.07017543859649122,
      "pagerank": 0.058004372139136236,
      "degree_centrality": 0.15789473684210525,
      "cpd": {
        "values": [
          0.6050463610114654,
          0.2950335153121993,
          0.39495363898853464,
          0.7049664846878007
        ],
        "evidence": [
          1
        ],
        "evidence_card": [
          2
        ]
      }
    },
    "4": {
      "type": "intermediate",
      "in_degree": 1,
      "out_degree": 4,
      "betweenness": 0.03508771929824561,
      "closeness": 0.07894736842105263,
      "pagerank": 0.057124364688789196,
      "degree_centrality": 0.2631578947368421,
      "cpd": {
        "values": [
          0.7501844951103063,
          0.8541894585606395,
          0.24981550488969378,
          0.1458105414393605
        ],
        "evidence": [
          3
        ],
        "evidence_card": [
          2
        ]
      }
    },
    "5": {
      "type": "leaf",
      "in_degree": 1,
      "out_degree": 0,
      "betweenness": 0.0,
      "closeness": 0.08421052631578947,
      "pagerank": 0.044611891701035924,
      "degree_centrality": 0.05263157894736842,
      "cpd": {
        "values": [
          0.6173321338010789,
          0.0964757102098531,
          0.38266786619892107,
          0.9035242897901469
        ],
        "evidence": [
          4
        ],
        "evidence_card": [
          2
        ]
      }
    },
    "6": {
      "type": "leaf",
      "in_degree": 1,
      "out_degree": 0,
      "betweenness": 0.0,
      "closeness": 0.08421052631578947,
      "pagerank": 0.044611891701035924,
      "degree_centrality": 0.05263157894736842,
      "cpd": {
        "values": [
          0.49782615808584413,
          0.47182035569805114,
          0.5021738419141559,
          0.528179644301949
        ],
        "evidence": [
          4
        ],
        "evidence_card": [
          2
        ]
      }
    },
    "7": {
      "type": "leaf",
      "in_degree": 1,
      "out_degree": 0,
      "betweenness": 0.0,
      "closeness": 0.08421052631578947,
      "pagerank": 0.044611891701035924,
      "degree_centrality": 0.05263157894736842,
      "cpd": {
        "values": [
          0.28748415855493453,
          0.785169267427342,
          0.7125158414450654,
          0.21483073257265792
        ],
        "evidence": [
          4
        ],
        "evidence_card": [
          2
        ]
      }
    },
    "8": {
      "type": "leaf",
      "in_degree": 1,
      "out_degree": 0,
      "betweenness": 0.0,
      "closeness": 0.08421052631578947,
      "pagerank": 0.044611891701035924,
      "degree_centrality": 0.05263157894736842,
      "cpd": {
        "values": [
          0.13315148277513525,
          0.11928718135113474,
          0.8668485172248648,
          0.8807128186488653
        ],
        "evidence": [
          4
        ],
        "evidence_card": [
          2
        ]
      }
    },
    "9": {
      "type": "intermediate",
      "in_degree": 1,
      "out_degree": 3,
      "betweenness": 0.02046783625730994,
      "closeness": 0.07894736842105263,
      "pagerank": 0.04890722842004974,
      "degree_centrality": 0.21052631578947367,
      "cpd": {
        "values": [
          0.310957323894739,
          0.4722427013961731,
          0.6890426761052609,
          0.5277572986038268
        ],
        "evidence": [
          2
        ],
        "evidence_card": [
          2
        ]
      }
    },
    "10": {
      "type": "intermediate",
      "in_degree": 1,
      "out_degree": 2,
      "betweenness": 0.017543859649122806,
      "closeness": 0.07894736842105263,
      "pagerank": 0.04890722842004974,
      "degree_centrality": 0.15789473684210525,
      "cpd": {
        "values": [
          0.3424400088060935,
          0.9241423480341605,
          0.6575599911939065,
          0.07585765196583945
        ],
        "evidence": [
          2
        ],
        "evidence_card": [
          2
        ]
      }
    },
    "11": {
      "type": "intermediate",
      "in_degree": 1,
      "out_degree": 3,
      "betweenness": 0.02631578947368421,
      "closeness": 0.07894736842105263,
      "pagerank": 0.04890722842004974,
      "degree_centrality": 0.21052631578947367,
      "cpd": {
        "values": [
          0.8701541835316824,
          0.9039076237446753,
          0.12984581646831758,
          0.09609237625532478
        ],
        "evidence": [
          2
        ],
        "evidence_card": [
          2
        ]
      }
    },
    "12": {
      "type": "leaf",
      "in_degree": 1,
      "out_degree": 0,
      "betweenness": 0.0,
      "closeness": 0.08421052631578947,
      "pagerank": 0.04633007576503968,
      "degree_centrality": 0.05263157894736842,
      "cpd": {
        "values": [
          0.4566192544407985,
          0.8225086328485813,
          0.5433807455592016,
          0.17749136715141867
        ],
        "evidence": [
          11
        ],
        "evidence_card": [
          2
        ]
      }
    },
    "13": {
      "type": "leaf",
      "in_degree": 1,
      "out_degree": 0,
      "betweenness": 0.0,
      "closeness": 0.08421052631578947,
      "pagerank": 0.04633007576503968,
      "degree_centrality": 0.05263157894736842,
      "cpd": {
        "values": [
          0.8344079852698595,
          0.24432968438591404,
          0.16559201473014049,
          0.7556703156140858
        ],
        "evidence": [
          11
        ],
        "evidence_card": [
          2
        ]
      }
    },
    "14": {
      "type": "leaf",
      "in_degree": 1,
      "out_degree": 0,
      "betweenness": 0.0,
      "closeness": 0.08421052631578947,
      "pagerank": 0.04633007576503968,
      "degree_centrality": 0.05263157894736842,
      "cpd": {
        "values": [
          0.7765949176969703,
          0.08246990544618636,
          0.22340508230302955,
          0.9175300945538136
        ],
        "evidence": [
          11
        ],
        "evidence_card": [
          2
        ]
      }
    },
    "15": {
      "type": "leaf",
      "in_degree": 1,
      "out_degree": 0,
      "betweenness": 0.0,
      "closeness": 0.08421052631578947,
      "pagerank": 0.0532586357062741,
      "degree_centrality": 0.05263157894736842,