{
  "graph_index": 3900,
  "nodes": {
    "0": {
      "type": "root",
      "in_degree": 0,
      "out_degree": 2,
      "betweenness": 0.0,
      "closeness": 0.0,
      "pagerank": 0.01916506404702558,
      "degree_centrality": 0.058823529411764705,
      "cpd": {
        "values": [
          0.5,
          0.5,
          0.0,
          0.0
        ],
        "evidence": [],
        "evidence_card": []
      }
    },
    "1": {
      "type": "intermediate",
      "in_degree": 1,
      "out_degree": 3,
      "betweenness": 0.012477718360071301,
      "closeness": 0.029411764705882353,
      "pagerank": 0.027310414737669753,
      "degree_centrality": 0.11764705882352941,
      "cpd": {
        "values": [
          0.7254984101369991,
          0.33995606444885196,
          0.2745015898630008,
          0.660043935551148
        ],
        "evidence": [
          0
        ],
        "evidence_card": [
          2
        ]
      }
    },
    "2": {
      "type": "intermediate",
      "in_degree": 1,
      "out_degree": 3,
      "betweenness": 0.0160427807486631,
      "closeness": 0.029411764705882353,
      "pagerank": 0.027310414737669753,
      "degree_centrality": 0.11764705882352941,
      "cpd": {
        "values": [
          0.014873852850068788,
          0.49531148969308986,
          0.9851261471499312,
          0.5046885103069102
        ],
        "evidence": [
          0
        ],
        "evidence_card": [
          2
        ]
      }
    },
    "3": {
      "type": "intermediate",
      "in_degree": 1,
      "out_degree": 5,
      "betweenness": 0.026737967914438502,
      "closeness": 0.0392156862745098,
      "pagerank": 0.02690275050003223,
      "degree_centrality": 0.1764705882352941,
      "cpd": {
        "values": [
          0.733958733568859,
          0.6289245260118931,
          0.26604126643114095,
          0.37107547398810686
        ],
        "evidence": [
          2
        ],
        "evidence_card": [
          2
        ]
      }
    },
    "4": {
      "type": "intermediate",
      "in_degree": 1,
      "out_degree": 4,
      "betweenness": 0.0106951871657754,
      "closeness": 0.04411764705882353,
      "pagerank": 0.023738815113339414,
      "degree_centrality": 0.14705882352941177,
      "cpd": {
        "values": [
          0.5985622647495478,
          0.1827533342938156,
          0.4014377352504522,
          0.8172466657061844
        ],
        "evidence": [
          3
        ],
        "evidence_card": [
          2
        ]
      }
    },
    "5": {
      "type": "intermediate",
      "in_degree": 1,
      "out_degree": 2,
      "betweenness": 0.00445632798573975,
      "closeness": 0.04411764705882353,
      "pagerank": 0.023738815113339414,
      "degree_centrality": 0.08823529411764705,
      "cpd": {
        "values": [
          0.6640440943012522,
          0.6242794101269129,
          0.3359559056987477,
          0.3757205898730871
        ],
        "evidence": [
          3
        ],
        "evidence_card": [
          2
        ]
      }
    },
    "6": {
      "type": "intermediate",
      "in_degree": 1,
      "out_degree": 3,
      "betweenness": 0.0071301247771836,
      "closeness": 0.04411764705882353,
      "pagerank": 0.023738815113339414,
      "degree_centrality": 0.11764705882352941,
      "cpd": {
        "values": [
          0.661667621287007,
          0.6959078453067131,
          0.338332378712993,
          0.30409215469328676
        ],
        "evidence": [
          3
        ],
        "evidence_card": [
          2
        ]
      }
    },
    "7": {
      "type": "intermediate",
      "in_degree": 1,
      "out_degree": 2,
      "betweenness": 0.0053475935828877,
      "closeness": 0.04411764705882353,
      "pagerank": 0.023738815113339414,
      "degree_centrality": 0.08823529411764705,
      "cpd": {
        "values": [
          0.5406354350090344,
          0.17337095572615732,
          0.45936456499096556,
          0.8266290442738427
        ],
        "evidence": [
          3
        ],
        "evidence_card": [
          2
        ]
      }
    },
    "8": {
      "type": "leaf",
      "in_degree": 1,
      "out_degree": 0,
      "betweenness": 0.0,
      "closeness": 0.047058823529411764,
      "pagerank": 0.02925412368889552,
      "degree_centrality": 0.029411764705882353,
      "cpd": {
        "values": [
          0.9066140981856681,
          0.5658877818030178,
          0.09338590181433194,
          0.4341122181969822
        ],
        "evidence": [
          7
        ],
        "evidence_card": [
          2
        ]
      }
    },
    "9": {
      "type": "leaf",
      "in_degree": 1,
      "out_degree": 0,
      "betweenness": 0.0,
      "closeness": 0.047058823529411764,
      "pagerank": 0.02925412368889552,
      "degree_centrality": 0.029411764705882353,
      "cpd": {
        "values": [
          0.574541906208951,
          0.3801656244971724,
          0.42545809379104893,
          0.6198343755028275
        ],
        "evidence": [
          7
        ],
        "evidence_card": [
          2
        ]
      }
    },
    "10": {
      "type": "leaf",
      "in_degree": 1,
      "out_degree": 0,
      "betweenness": 0.0,
      "closeness": 0.047058823529411764,
      "pagerank": 0.025891103808272208,
      "degree_centrality": 0.029411764705882353,
      "cpd": {
        "values": [
          0.8300507256055168,
          0.6442211421619606,
          0.16994927439448315,
          0.3557788578380394
        ],
        "evidence": [
          6
        ],
        "evidence_card": [
          2
        ]
      }
    },
    "11": {
      "type": "leaf",
      "in_degree": 2,
      "out_degree": 0,
      "betweenness": 0.0,
      "closeness": 0.08169934640522876,
      "pagerank": 0.03362879026127886,
      "degree_centrality": 0.058823529411764705,
      "cpd": {
        "values": [
          0.817544113619979,
          0.24086118872540727,
          0.8085948034695751,
          0.062022500729850195
        ],
        "evidence": [
          1,
          6
        ],
        "evidence_card": [
          2,
          2
        ]
      }
    },
    "12": {
      "type": "leaf",
      "in_degree": 1,
      "out_degree": 0,
      "betweenness": 0.0,
      "closeness": 0.047058823529411764,
      "pagerank": 0.025891103808272208,
      "degree_centrality": 0.029411764705882353,
      "cpd": {
        "values": [
          0.303530265576439,
          0.03091956089358496,
          0.6964697344235611,
          0.9690804391064151
        ],
        "evidence": [
          6
        ],
        "evidence_card": [
          2
        ]
      }
    },
    "13": {
      "type": "leaf",
      "in_degree": 1,
      "out_degree": 0,
      "betweenness": 0.0,
      "closeness": 0.047058823529411764,
      "pagerank": 0.02925412368889552,
      "degree_centrality": 0.029411764705882353,
      "cpd": {
        "values": [
          0.7061907745052577,
          0.8505374907406246,
          0.29380922549474225,
          0.14946250925937546
        ],
        "evidence": [
          5
        ],
        "evidence_card": [
          2
        ]
      }
    },
    "14": {
      "type": "leaf",
      "in_degree": 2,
      "out_degree": 0,
      "betweenness": 0.0,
      "closeness": 0.08823529411764706,
      "pagerank": 0.040688501354680114,
      "degree_centrality": 0.058823529411764705,
      "cpd": {
        "values": [
          0.6836680878509543,
          0.1973319248887132,
          0.6034556700730034,
          0.6322618901672604
        ],
        "evidence": [
          19,
          5
        ],
        "evidence_card": [
          2,
          2
        ]
      }
    },
    "15": {
      "type": "leaf",
      "in_degree": 1,
      "out_degree": 0,
      "betweenness": 0.0,
      "closeness": 0.047058823529411764,
      "pagerank": 0.02420959386796055,
      "degree_centrality": 0.029411764705882353,