{
  "graph_index": 1447,
  "nodes": {
    "0": {
      "type": "root",
      "in_degree": 0,
      "out_degree": 1,
      "betweenness": 0.0,
      "closeness": 0.0,
      "pagerank": 0.030876712561531995,
      "degree_centrality": 0.05,
      "cpd": {
        "values": [
          0.5,
          0.5,
          0.0,
          0.0
        ],
        "evidence": [],
        "evidence_card": []
      }
    },
    "1": {
      "type": "intermediate",
      "in_degree": 1,
      "out_degree": 2,
      "betweenness": 0.049999999999999996,
      "closeness": 0.05,
      "pagerank": 0.05712229217035482,
      "degree_centrality": 0.15000000000000002,
      "cpd": {
        "values": [
          0.5058283809020271,
          0.6199179943681665,
          0.4941716190979729,
          0.3800820056318335
        ],
        "evidence": [
          0
        ],
        "evidence_card": [
          2
        ]
      }
    },
    "2": {
      "type": "intermediate",
      "in_degree": 1,
      "out_degree": 2,
      "betweenness": 0.021052631578947368,
      "closeness": 0.06666666666666667,
      "pagerank": 0.05515348511712743,
      "degree_centrality": 0.15000000000000002,
      "cpd": {
        "values": [
          0.14763731130408245,
          0.44792176304421005,
          0.8523626886959176,
          0.55207823695579
        ],
        "evidence": [
          1
        ],
        "evidence_card": [
          2
        ]
      }
    },
    "3": {
      "type": "intermediate",
      "in_degree": 1,
      "out_degree": 5,
      "betweenness": 0.06842105263157895,
      "closeness": 0.06666666666666667,
      "pagerank": 0.05515348511712743,
      "degree_centrality": 0.30000000000000004,
      "cpd": {
        "values": [
          0.23123829290887724,
          0.33251325817734634,
          0.7687617070911228,
          0.6674867418226537
        ],
        "evidence": [
          1
        ],
        "evidence_card": [
          2
        ]
      }
    },
    "4": {
      "type": "intermediate",
      "in_degree": 1,
      "out_degree": 4,
      "betweenness": 0.02631578947368421,
      "closeness": 0.075,
      "pagerank": 0.0402526594743579,
      "degree_centrality": 0.25,
      "cpd": {
        "values": [
          0.839033810171446,
          0.6764030747899922,
          0.16096618982855393,
          0.3235969252100079
        ],
        "evidence": [
          3
        ],
        "evidence_card": [
          2
        ]
      }
    },
    "5": {
      "type": "intermediate",
      "in_degree": 1,
      "out_degree": 2,
      "betweenness": 0.015789473684210527,
      "closeness": 0.075,
      "pagerank": 0.0402526594743579,
      "degree_centrality": 0.15000000000000002,
      "cpd": {
        "values": [
          0.09894277286072202,
          0.19062498598556088,
          0.9010572271392779,
          0.8093750140144391
        ],
        "evidence": [
          3
        ],
        "evidence_card": [
          2
        ]
      }
    },
    "6": {
      "type": "intermediate",
      "in_degree": 1,
      "out_degree": 2,
      "betweenness": 0.015789473684210527,
      "closeness": 0.075,
      "pagerank": 0.0402526594743579,
      "degree_centrality": 0.15000000000000002,
      "cpd": {
        "values": [
          0.4524765254666277,
          0.26978065271099894,
          0.5475234745333722,
          0.7302193472890012
        ],
        "evidence": [
          3
        ],
        "evidence_card": [
          2
        ]
      }
    },
    "7": {
      "type": "intermediate",
      "in_degree": 1,
      "out_degree": 1,
      "betweenness": 0.007894736842105263,
      "closeness": 0.075,
      "pagerank": 0.0402526594743579,
      "degree_centrality": 0.1,
      "cpd": {
        "values": [
          0.5057198713041696,
          0.409550604012142,
          0.4942801286958305,
          0.590449395987858
        ],
        "evidence": [
          3
        ],
        "evidence_card": [
          2
        ]
      }
    },
    "8": {
      "type": "leaf",
      "in_degree": 1,
      "out_degree": 0,
      "betweenness": 0.0,
      "closeness": 0.08000000000000002,
      "pagerank": 0.06509191437273039,
      "degree_centrality": 0.05,
      "cpd": {
        "values": [
          0.6122941430696184,
          0.9495340723049476,
          0.3877058569303817,
          0.05046592769505257
        ],
        "evidence": [
          7
        ],
        "evidence_card": [
          2
        ]
      }
    },
    "9": {
      "type": "leaf",
      "in_degree": 1,
      "out_degree": 0,
      "betweenness": 0.0,
      "closeness": 0.08000000000000002,
      "pagerank": 0.047984313467131195,
      "degree_centrality": 0.05,
      "cpd": {
        "values": [
          0.5043289013197433,
          0.3575711976718172,
          0.4956710986802567,
          0.6424288023281828
        ],
        "evidence": [
          6
        ],
        "evidence_card": [
          2
        ]
      }
    },
    "10": {
      "type": "leaf",
      "in_degree": 1,
      "out_degree": 0,
      "betweenness": 0.0,
      "closeness": 0.08000000000000002,
      "pagerank": 0.047984313467131195,
      "degree_centrality": 0.05,
      "cpd": {
        "values": [
          0.7569852549817776,
          0.007702994613221784,
          0.24301474501822243,
          0.9922970053867782
        ],
        "evidence": [
          6
        ],
        "evidence_card": [
          2
        ]
      }
    },
    "11": {
      "type": "leaf",
      "in_degree": 1,
      "out_degree": 0,
      "betweenness": 0.0,
      "closeness": 0.08000000000000002,
      "pagerank": 0.047984313467131195,
      "degree_centrality": 0.05,
      "cpd": {
        "values": [
          0.985267424567167,
          0.605069399014862,
          0.014732575432833055,
          0.39493060098513794
        ],
        "evidence": [
          5
        ],
        "evidence_card": [
          2
        ]
      }
    },
    "12": {
      "type": "leaf",
      "in_degree": 1,
      "out_degree": 0,
      "betweenness": 0.0,
      "closeness": 0.08000000000000002,
      "pagerank": 0.047984313467131195,
      "degree_centrality": 0.05,
      "cpd": {
        "values": [
          0.06647284169948889,
          0.40058579849204634,
          0.9335271583005111,
          0.5994142015079535
        ],
        "evidence": [
          5
        ],
        "evidence_card": [
          2
        ]
      }
    },
    "13": {
      "type": "leaf",
      "in_degree": 1,
      "out_degree": 0,
      "betweenness": 0.0,
      "closeness": 0.08000000000000002,
      "pagerank": 0.03943051301433159,
      "degree_centrality": 0.05,
      "cpd": {
        "values": [
          0.1959721281894077,
          0.7981002039226026,
          0.8040278718105923,
          0.20189979607739736
        ],
        "evidence": [
          4
        ],
        "evidence_card": [
          2
        ]
      }
    },
    "14": {
      "type": "leaf",
      "in_degree": 1,
      "out_degree": 0,
      "betweenness": 0.0,
      "closeness": 0.08000000000000002,
      "pagerank": 0.03943051301433159,
      "degree_centrality": 0.05,
      "cpd": {
        "values": [
          0.07162257392171778,
          0.7504517765080708,
          0.9283774260782822,
          0.24954822349192915
        ],
        "evidence": [
          4
        ],
        "evidence_card": [
          2
        ]
      }
    },
    "15": {
      "type": "leaf",
      "in_degree": 1,
      "out_degree": 0,
      "betweenness": 0.0,
      "closeness": 0.08000000000000002,
      "pagerank": 0.03943051301433159,
      "degree_centrality": 0.05,
      "cpd": {
        "values": [
          0.6751928127638066,
          0.9592396467120263,
          0.32480718723619334,
          0.04076035328797373
        ],
        "evidence": [
          4
        ],
        "evidence_card": [
          2
        ]
      }
    },
    "16": {
      "type": "leaf",