{
  "graph_index": 4904,
  "nodes": {
    "0": {
      "type": "root",
      "in_degree": 0,
      "out_degree": 1,
      "betweenness": 0.0,
      "closeness": 0.0,
      "pagerank": 0.03597776023353708,
      "degree_centrality": 0.0625,
      "cpd": {
        "values": [
          0.5,
          0.5,
          0.0,
          0.0
        ],
        "evidence": [],
        "evidence_card": []
      }
    },
    "1": {
      "type": "intermediate",
      "in_degree": 1,
      "out_degree": 2,
      "betweenness": 0.0625,
      "closeness": 0.0625,
      "pagerank": 0.0665587733559686,
      "degree_centrality": 0.1875,
      "cpd": {
        "values": [
          0.586051933025293,
          0.2845671364869952,
          0.41394806697470693,
          0.7154328635130047
        ],
        "evidence": [
          0
        ],
        "evidence_card": [
          2
        ]
      }
    },
    "2": {
      "type": "intermediate",
      "in_degree": 1,
      "out_degree": 3,
      "betweenness": 0.08333333333333333,
      "closeness": 0.08333333333333333,
      "pagerank": 0.06426586393995393,
      "degree_centrality": 0.25,
      "cpd": {
        "values": [
          0.46078360152528547,
          0.3792761562525373,
          0.5392163984747146,
          0.6207238437474627
        ],
        "evidence": [
          1
        ],
        "evidence_card": [
          2
        ]
      }
    },
    "3": {
      "type": "intermediate",
      "in_degree": 1,
      "out_degree": 2,
      "betweenness": 0.025,
      "closeness": 0.08333333333333333,
      "pagerank": 0.06426586393995393,
      "degree_centrality": 0.1875,
      "cpd": {
        "values": [
          0.7036103624588933,
          0.24269401733403448,
          0.29638963754110675,
          0.7573059826659656
        ],
        "evidence": [
          1
        ],
        "evidence_card": [
          2
        ]
      }
    },
    "4": {
      "type": "intermediate",
      "in_degree": 1,
      "out_degree": 1,
      "betweenness": 0.0125,
      "closeness": 0.09375,
      "pagerank": 0.06329045664132257,
      "degree_centrality": 0.125,
      "cpd": {
        "values": [
          0.7180748435038268,
          0.41991930464325006,
          0.2819251564961733,
          0.5800806953567499
        ],
        "evidence": [
          3
        ],
        "evidence_card": [
          2
        ]
      }
    },
    "5": {
      "type": "leaf",
      "in_degree": 1,
      "out_degree": 0,
      "betweenness": 0.0,
      "closeness": 0.1,
      "pagerank": 0.0897741124805474,
      "degree_centrality": 0.0625,
      "cpd": {
        "values": [
          0.5250398101845516,
          0.48470733544616407,
          0.4749601898154484,
          0.5152926645538359
        ],
        "evidence": [
          4
        ],
        "evidence_card": [
          2
        ]
      }
    },
    "6": {
      "type": "intermediate",
      "in_degree": 1,
      "out_degree": 4,
      "betweenness": 0.05,
      "closeness": 0.09375,
      "pagerank": 0.05418622450539408,
      "degree_centrality": 0.3125,
      "cpd": {
        "values": [
          0.15781420981288574,
          0.7608951515364822,
          0.8421857901871141,
          0.23910484846351784
        ],
        "evidence": [
          2
        ],
        "evidence_card": [
          2
        ]
      }
    },
    "7": {
      "type": "intermediate",
      "in_degree": 1,
      "out_degree": 3,
      "betweenness": 0.0375,
      "closeness": 0.09375,
      "pagerank": 0.05418622450539408,
      "degree_centrality": 0.25,
      "cpd": {
        "values": [
          0.6804995284079557,
          0.5758314674018383,
          0.3195004715920444,
          0.4241685325981617
        ],
        "evidence": [
          2
        ],
        "evidence_card": [
          2
        ]
      }
    },
    "8": {
      "type": "intermediate",
      "in_degree": 1,
      "out_degree": 1,
      "betweenness": 0.004166666666666667,
      "closeness": 0.09375,
      "pagerank": 0.05418622450539408,
      "degree_centrality": 0.125,
      "cpd": {
        "values": [
          0.5244980899988804,
          0.10683994673901927,
          0.47550191000111963,
          0.8931600532609807
        ],
        "evidence": [
          2
        ],
        "evidence_card": [
          2
        ]
      }
    },
    "9": {
      "type": "leaf",
      "in_degree": 2,
      "out_degree": 0,
      "betweenness": 0.0,
      "closeness": 0.1736111111111111,
      "pagerank": 0.1093483625134733,
      "degree_centrality": 0.125,
      "cpd": {
        "values": [
          0.4725927502352064,
          0.6749834387873467,
          0.8730975890719023,
          0.6456387950656753
        ],
        "evidence": [
          3,
          8
        ],
        "evidence_card": [
          2,
          2
        ]
      }
    },
    "10": {
      "type": "leaf",
      "in_degree": 1,
      "out_degree": 0,
      "betweenness": 0.0,
      "closeness": 0.1,
      "pagerank": 0.05133039552425399,
      "degree_centrality": 0.0625,
      "cpd": {
        "values": [
          0.4164339073634493,
          0.5196371689046224,
          0.5835660926365508,
          0.4803628310953776
        ],
        "evidence": [
          7
        ],
        "evidence_card": [
          2
        ]
      }
    },
    "11": {
      "type": "leaf",
      "in_degree": 1,
      "out_degree": 0,
      "betweenness": 0.0,
      "closeness": 0.1,
      "pagerank": 0.05133039552425399,
      "degree_centrality": 0.0625,
      "cpd": {
        "values": [
          0.8769051549971353,
          0.35744026227134906,
          0.12309484500286466,
          0.642559737728651
        ],
        "evidence": [
          7
        ],
        "evidence_card": [
          2
        ]
      }
    },
    "12": {
      "type": "leaf",
      "in_degree": 1,
      "out_degree": 0,
      "betweenness": 0.0,
      "closeness": 0.1,
      "pagerank": 0.05133039552425399,
      "degree_centrality": 0.0625,
      "cpd": {
        "values": [
          0.6369667270296115,
          0.9677123495746729,
          0.36303327297038845,
          0.03228765042532707
        ],
        "evidence": [
          7
        ],
        "evidence_card": [
          2
        ]
      }
    },
    "13": {
      "type": "leaf",
      "in_degree": 1,
      "out_degree": 0,
      "betweenness": 0.0,
      "closeness": 0.1,
      "pagerank": 0.047492236701574764,
      "degree_centrality": 0.0625,
      "cpd": {
        "values": [
          0.7684073320610703,
          0.2637403421605659,
          0.2315926679389297,
          0.7362596578394341
        ],
        "evidence": [
          6
        ],
        "evidence_card": [
          2
        ]
      }
    },
    "14": {
      "type": "leaf",
      "in_degree": 1,
      "out_degree": 0,
      "betweenness": 0.0,
      "closeness": 0.1,
      "pagerank": 0.047492236701574764,
      "degree_centrality": 0.0625,
      "cpd": {
        "values": [
          0.4727643055629487,
          0.8547321999776049,
          0.5272356944370513,
          0.1452678000223951
        ],
        "evidence": [
          6
        ],
        "evidence_card": [
          2
        ]
      }
    },
    "15": {
      "type": "leaf",
      "in_degree": 1,
      "out_degree": 0,
      "betweenness": 0.0,
      "closeness": 0.1,
      "pagerank": 0.047492236701574764,
      "degree_centrality": 0.0625,
      "cpd": {
        "values": [
          0.49977950145271854,
          0.5696697904089977,
          0.5002204985472815,
          0.4303302095910025
        ],
        "evidence": [
          6
        ],
        "evidence_card": [
          2
        ]
      }
    },
    "16": {
      "type": "leaf",
      "in_degree": 1,
      "out_degree": 0,
      "betweenness": 0.0,
      "closeness": 0.1,
      "pagerank": 0.047492236701574764,
      "degree_centrality": 0.0625,