{
  "graph_index": 6374,
  "nodes": {
    "0": {
      "type": "root",
      "in_degree": 0,
      "out_degree": 2,
      "betweenness": 0.0,
      "closeness": 0.0,
      "pagerank": 0.024538523071077668,
      "degree_centrality": 0.08,
      "cpd": {
        "values": [
          0.5,
          0.5,
          0.0,
          0.0
        ],
        "evidence": [],
        "evidence_card": []
      }
    },
    "1": {
      "type": "intermediate",
      "in_degree": 1,
      "out_degree": 3,
      "betweenness": 0.025,
      "closeness": 0.04,
      "pagerank": 0.03496721872856516,
      "degree_centrality": 0.16,
      "cpd": {
        "values": [
          0.5229295863433161,
          0.8278874005876994,
          0.4770704136566839,
          0.17211259941230064
        ],
        "evidence": [
          0
        ],
        "evidence_card": [
          2
        ]
      }
    },
    "2": {
      "type": "intermediate",
      "in_degree": 1,
      "out_degree": 2,
      "betweenness": 0.013333333333333334,
      "closeness": 0.04,
      "pagerank": 0.03496721872856516,
      "degree_centrality": 0.12,
      "cpd": {
        "values": [
          0.4205103863415755,
          0.6222658498846836,
          0.5794896136584246,
          0.37773415011531647
        ],
        "evidence": [
          0
        ],
        "evidence_card": [
          2
        ]
      }
    },
    "3": {
      "type": "intermediate",
      "in_degree": 1,
      "out_degree": 2,
      "betweenness": 0.01,
      "closeness": 0.05333333333333333,
      "pagerank": 0.0393993582748516,
      "degree_centrality": 0.12,
      "cpd": {
        "values": [
          0.309720956876377,
          0.4292740742798888,
          0.690279043123623,
          0.5707259257201112
        ],
        "evidence": [
          2
        ],
        "evidence_card": [
          2
        ]
      }
    },
    "4": {
      "type": "intermediate",
      "in_degree": 1,
      "out_degree": 3,
      "betweenness": 0.018333333333333333,
      "closeness": 0.05333333333333333,
      "pagerank": 0.0393993582748516,
      "degree_centrality": 0.16,
      "cpd": {
        "values": [
          0.24581294797019435,
          0.17837324435094054,
          0.7541870520298056,
          0.8216267556490594
        ],
        "evidence": [
          2
        ],
        "evidence_card": [
          2
        ]
      }
    },
    "5": {
      "type": "intermediate",
      "in_degree": 1,
      "out_degree": 2,
      "betweenness": 0.01,
      "closeness": 0.06,
      "pagerank": 0.035701228405310884,
      "degree_centrality": 0.12,
      "cpd": {
        "values": [
          0.5567337756566626,
          0.9056293394752007,
          0.44326622434333735,
          0.09437066052479925
        ],
        "evidence": [
          4
        ],
        "evidence_card": [
          2
        ]
      }
    },
    "6": {
      "type": "intermediate",
      "in_degree": 1,
      "out_degree": 1,
      "betweenness": 0.0033333333333333335,
      "closeness": 0.06,
      "pagerank": 0.035701228405310884,
      "degree_centrality": 0.08,
      "cpd": {
        "values": [
          0.12384481579201542,
          0.009149677622941037,
          0.8761551842079845,
          0.990850322377059
        ],
        "evidence": [
          4
        ],
        "evidence_card": [
          2
        ]
      }
    },
    "7": {
      "type": "leaf",
      "in_degree": 2,
      "out_degree": 0,
      "betweenness": 0.0,
      "closeness": 0.11111111111111112,
      "pagerank": 0.06479245605825526,
      "degree_centrality": 0.08,
      "cpd": {
        "values": [
          0.06202851449972225,
          0.3298283884503181,
          0.7572835057580287,
          0.8863243917166019
        ],
        "evidence": [
          1,
          6
        ],
        "evidence_card": [
          2,
          2
        ]
      }
    },
    "8": {
      "type": "leaf",
      "in_degree": 1,
      "out_degree": 0,
      "betweenness": 0.0,
      "closeness": 0.064,
      "pagerank": 0.03971187783007515,
      "degree_centrality": 0.04,
      "cpd": {
        "values": [
          0.2261887015036135,
          0.8686036744767498,
          0.7738112984963865,
          0.13139632552325034
        ],
        "evidence": [
          5
        ],
        "evidence_card": [
          2
        ]
      }
    },
    "9": {
      "type": "leaf",
      "in_degree": 1,
      "out_degree": 0,
      "betweenness": 0.0,
      "closeness": 0.064,
      "pagerank": 0.03971187783007515,
      "degree_centrality": 0.04,
      "cpd": {
        "values": [
          0.135049080521203,
          0.5476529978042807,
          0.864950919478797,
          0.4523470021957194
        ],
        "evidence": [
          5
        ],
        "evidence_card": [
          2
        ]
      }
    },
    "10": {
      "type": "intermediate",
      "in_degree": 2,
      "out_degree": 3,
      "betweenness": 0.018333333333333333,
      "closeness": 0.10666666666666666,
      "pagerank": 0.051189804541610116,
      "degree_centrality": 0.2,
      "cpd": {
        "values": [
          0.24639802484851842,
          0.8125818369685301,
          0.6196114007129019,
          0.04034196242578832
        ],
        "evidence": [
          1,
          3
        ],
        "evidence_card": [
          2,
          2
        ]
      }
    },
    "11": {
      "type": "leaf",
      "in_degree": 2,
      "out_degree": 0,
      "betweenness": 0.0,
      "closeness": 0.12,
      "pagerank": 0.04636194226266043,
      "degree_centrality": 0.08,
      "cpd": {
        "values": [
          0.9404657764714641,
          0.5687806010330333,
          0.08013988279491017,
          0.46192794840154816
        ],
        "evidence": [
          14,
          10
        ],
        "evidence_card": [
          2,
          2
        ]
      }
    },
    "12": {
      "type": "leaf",
      "in_degree": 1,
      "out_degree": 0,
      "betweenness": 0.0,
      "closeness": 0.09090909090909091,
      "pagerank": 0.03904247365262924,
      "degree_centrality": 0.04,
      "cpd": {
        "values": [
          0.060112045372759264,
          0.15112653572961518,
          0.9398879546272407,
          0.8488734642703848
        ],
        "evidence": [
          10
        ],
        "evidence_card": [
          2
        ]
      }
    },
    "13": {
      "type": "leaf",
      "in_degree": 1,
      "out_degree": 0,
      "betweenness": 0.0,
      "closeness": 0.09090909090909091,
      "pagerank": 0.03904247365262924,
      "degree_centrality": 0.04,
      "cpd": {
        "values": [
          0.47156273047330427,
          0.9565535069351208,
          0.5284372695266958,
          0.043446493064879244
        ],
        "evidence": [
          10
        ],
        "evidence_card": [
          2
        ]
      }
    },
    "14": {
      "type": "intermediate",
      "in_degree": 1,
      "out_degree": 4,
      "betweenness": 0.035,
      "closeness": 0.05333333333333333,
      "pagerank": 0.034445746540260294,
      "degree_centrality": 0.2,
      "cpd": {
        "values": [
          0.47391724428968124,
          0.5512913580108603,
          0.5260827557103188,
          0.4487086419891398
        ],
        "evidence": [
          1
        ],
        "evidence_card": [
          2
        ]
      }
    },
    "15": {
      "type": "intermediate",
      "in_degree": 1,
      "out_degree": 2,
      "betweenness": 0.008333333333333333,
      "closeness": 0.06,
      "pagerank": 0.03185799168110886,
      "degree_centrality": 0.12,
      "cpd": {
        "values": [
          0.3410738229642109,
          0.21947475851902729,
          0.6589261770357889,
          0.7805252414809727
        ],
        "evidence": [
          14
        ],
        "evidence_card": [
          2
        ]
      }
    },
    "16": {
      "type": "intermediate",
      "in_degree": 1,
      "out_degree": 3,