{
  "graph_index": 5170,
  "nodes": {
    "0": {
      "type": "root",
      "in_degree": 0,
      "out_degree": 1,
      "betweenness": 0.0,
      "closeness": 0.0,
      "pagerank": 0.05217132638510396,
      "degree_centrality": 0.1,
      "cpd": {
        "values": [
          0.5,
          0.5,
          0.0,
          0.0
        ],
        "evidence": [],
        "evidence_card": []
      }
    },
    "1": {
      "type": "intermediate",
      "in_degree": 1,
      "out_degree": 1,
      "betweenness": 0.1,
      "closeness": 0.1,
      "pagerank": 0.09651577488743113,
      "degree_centrality": 0.2,
      "cpd": {
        "values": [
          0.811814096321634,
          0.3728012296600904,
          0.18818590367836596,
          0.6271987703399097
        ],
        "evidence": [
          0
        ],
        "evidence_card": [
          2
        ]
      }
    },
    "2": {
      "type": "intermediate",
      "in_degree": 1,
      "out_degree": 2,
      "betweenness": 0.17777777777777778,
      "closeness": 0.13333333333333333,
      "pagerank": 0.1342076409892595,
      "degree_centrality": 0.30000000000000004,
      "cpd": {
        "values": [
          0.891530222697694,
          0.7663680374538167,
          0.10846977730230606,
          0.23363196254618337
        ],
        "evidence": [
          1
        ],
        "evidence_card": [
          2
        ]
      }
    },
    "3": {
      "type": "intermediate",
      "in_degree": 1,
      "out_degree": 3,
      "betweenness": 0.1,
      "closeness": 0.15,
      "pagerank": 0.10920942678773488,
      "degree_centrality": 0.4,
      "cpd": {
        "values": [
          0.48167291744301316,
          0.431433172890463,
          0.5183270825569868,
          0.568566827109537
        ],
        "evidence": [
          2
        ],
        "evidence_card": [
          2
        ]
      }
    },
    "4": {
      "type": "intermediate",
      "in_degree": 1,
      "out_degree": 3,
      "betweenness": 0.1,
      "closeness": 0.15,
      "pagerank": 0.10920942678773488,
      "degree_centrality": 0.4,
      "cpd": {
        "values": [
          0.7572031906720214,
          0.7441428052615011,
          0.24279680932797862,
          0.2558571947384988
        ],
        "evidence": [
          2
        ],
        "evidence_card": [
          2
        ]
      }
    },
    "5": {
      "type": "leaf",
      "in_degree": 1,
      "out_degree": 0,
      "betweenness": 0.0,
      "closeness": 0.16000000000000003,
      "pagerank": 0.0831144006937893,
      "degree_centrality": 0.1,
      "cpd": {
        "values": [
          0.16841132764279207,
          0.42333316119061287,
          0.8315886723572079,
          0.5766668388093871
        ],
        "evidence": [
          4
        ],
        "evidence_card": [
          2
        ]
      }
    },
    "6": {
      "type": "leaf",
      "in_degree": 1,
      "out_degree": 0,
      "betweenness": 0.0,
      "closeness": 0.16000000000000003,
      "pagerank": 0.0831144006937893,
      "degree_centrality": 0.1,
      "cpd": {
        "values": [
          0.3989550425775243,
          0.381640473886975,
          0.6010449574224758,
          0.618359526113025
        ],
        "evidence": [
          4
        ],
        "evidence_card": [
          2
        ]
      }
    },
    "7": {
      "type": "leaf",
      "in_degree": 1,
      "out_degree": 0,
      "betweenness": 0.0,
      "closeness": 0.16000000000000003,
      "pagerank": 0.0831144006937893,
      "degree_centrality": 0.1,
      "cpd": {
        "values": [
          0.24019631586750384,
          0.38915924376181665,
          0.7598036841324961,
          0.6108407562381832
        ],
        "evidence": [
          4
        ],
        "evidence_card": [
          2
        ]
      }
    },
    "8": {
      "type": "leaf",
      "in_degree": 1,
      "out_degree": 0,
      "betweenness": 0.0,
      "closeness": 0.16000000000000003,
      "pagerank": 0.0831144006937893,
      "degree_centrality": 0.1,
      "cpd": {
        "values": [
          0.5710368162632783,
          0.7570605458355348,
          0.42896318373672165,
          0.2429394541644651
        ],
        "evidence": [
          3
        ],
        "evidence_card": [
          2
        ]
      }
    },
    "9": {
      "type": "leaf",
      "in_degree": 1,
      "out_degree": 0,
      "betweenness": 0.0,
      "closeness": 0.16000000000000003,
      "pagerank": 0.0831144006937893,
      "degree_centrality": 0.1,
      "cpd": {
        "values": [
          0.6743543632535914,
          0.5189328267225054,
          0.3256456367464086,
          0.48106717327749465
        ],
        "evidence": [
          3
        ],
        "evidence_card": [
          2
        ]
      }
    },
    "10": {
      "type": "leaf",
      "in_degree": 1,
      "out_degree": 0,
      "betweenness": 0.0,
      "closeness": 0.16000000000000003,
      "pagerank": 0.0831144006937893,
      "degree_centrality": 0.1,
      "cpd": {
        "values": [
          0.37966133488996323,
          0.7428287406933705,
          0.6203386651100369,
          0.2571712593066295
        ],
        "evidence": [
          3
        ],
        "evidence_card": [
          2
        ]
      }
    }
  },
  "edges": [
    [
      0,
      1
    ],
    [
      1,
      2
    ],
    [
      2,
      3
    ],
    [
      2,
      4
    ],
    [
      3,
      8
    ],
    [
      3,
      9
    ],
    [
      3,
      10
    ],
    [
      4,
      5
    ],
    [
      4,
      6
    ],
    [
      4,
      7
    ]
  ]
}