{
  "graph_index": 5230,
  "nodes": {
    "0": {
      "type": "root",
      "in_degree": 0,
      "out_degree": 1,
      "betweenness": 0.0,
      "closeness": 0.0,
      "pagerank": 0.04344438708642701,
      "degree_centrality": 0.07692307692307693,
      "cpd": {
        "values": [
          0.5,
          0.5,
          0.0,
          0.0
        ],
        "evidence": [],
        "evidence_card": []
      }
    },
    "1": {
      "type": "intermediate",
      "in_degree": 1,
      "out_degree": 1,
      "betweenness": 0.07692307692307693,
      "closeness": 0.07692307692307693,
      "pagerank": 0.08037200160924997,
      "degree_centrality": 0.15384615384615385,
      "cpd": {
        "values": [
          0.7392136874229388,
          0.4858634631982577,
          0.2607863125770612,
          0.5141365368017423
        ],
        "evidence": [
          0
        ],
        "evidence_card": [
          2
        ]
      }
    },
    "2": {
      "type": "intermediate",
      "in_degree": 1,
      "out_degree": 3,
      "betweenness": 0.14102564102564102,
      "closeness": 0.10256410256410256,
      "pagerank": 0.11176149599601568,
      "degree_centrality": 0.3076923076923077,
      "cpd": {
        "values": [
          0.76203717619494,
          0.37900915411299235,
          0.23796282380506004,
          0.6209908458870077
        ],
        "evidence": [
          1
        ],
        "evidence_card": [
          2
        ]
      }
    },
    "3": {
      "type": "intermediate",
      "in_degree": 1,
      "out_degree": 1,
      "betweenness": 0.019230769230769232,
      "closeness": 0.11538461538461539,
      "pagerank": 0.07511069809843869,
      "degree_centrality": 0.15384615384615385,
      "cpd": {
        "values": [
          0.835220797361922,
          0.9024419635197836,
          0.16477920263807802,
          0.09755803648021648
        ],
        "evidence": [
          2
        ],
        "evidence_card": [
          2
        ]
      }
    },
    "4": {
      "type": "intermediate",
      "in_degree": 1,
      "out_degree": 4,
      "betweenness": 0.07692307692307693,
      "closeness": 0.11538461538461539,
      "pagerank": 0.07511069809843869,
      "degree_centrality": 0.38461538461538464,
      "cpd": {
        "values": [
          0.12435774658554667,
          0.34614272017583925,
          0.8756422534144533,
          0.6538572798241608
        ],
        "evidence": [
          2
        ],
        "evidence_card": [
          2
        ]
      }
    },
    "5": {
      "type": "intermediate",
      "in_degree": 1,
      "out_degree": 3,
      "betweenness": 0.05769230769230769,
      "closeness": 0.11538461538461539,
      "pagerank": 0.07511069809843869,
      "degree_centrality": 0.3076923076923077,
      "cpd": {
        "values": [
          0.7358216120521075,
          0.6459472735369486,
          0.2641783879478925,
          0.35405272646305125
        ],
        "evidence": [
          2
        ],
        "evidence_card": [
          2
        ]
      }
    },
    "6": {
      "type": "leaf",
      "in_degree": 1,
      "out_degree": 0,
      "betweenness": 0.0,
      "closeness": 0.12307692307692308,
      "pagerank": 0.0647260453443798,
      "degree_centrality": 0.07692307692307693,
      "cpd": {
        "values": [
          0.5394367377298652,
          0.8779036499402636,
          0.4605632622701348,
          0.12209635005973632
        ],
        "evidence": [
          5
        ],
        "evidence_card": [
          2
        ]
      }
    },
    "7": {
      "type": "leaf",
      "in_degree": 1,
      "out_degree": 0,
      "betweenness": 0.0,
      "closeness": 0.12307692307692308,
      "pagerank": 0.0647260453443798,
      "degree_centrality": 0.07692307692307693,
      "cpd": {
        "values": [
          0.745732883858132,
          0.5069967052327145,
          0.25426711614186803,
          0.49300329476728544
        ],
        "evidence": [
          5
        ],
        "evidence_card": [
          2
        ]
      }
    },
    "8": {
      "type": "leaf",
      "in_degree": 1,
      "out_degree": 0,
      "betweenness": 0.0,
      "closeness": 0.12307692307692308,
      "pagerank": 0.0647260453443798,
      "degree_centrality": 0.07692307692307693,
      "cpd": {
        "values": [
          0.6035101491558864,
          0.9216458743555588,
          0.3964898508441137,
          0.07835412564444116
        ],
        "evidence": [
          5
        ],
        "evidence_card": [
          2
        ]
      }
    },
    "9": {
      "type": "leaf",
      "in_degree": 1,
      "out_degree": 0,
      "betweenness": 0.0,
      "closeness": 0.12307692307692308,
      "pagerank": 0.059405630779891604,
      "degree_centrality": 0.07692307692307693,
      "cpd": {
        "values": [
          0.511649957966831,
          0.12176753436228792,
          0.4883500420331691,
          0.8782324656377121
        ],
        "evidence": [
          4
        ],
        "evidence_card": [
          2
        ]
      }
    },
    "10": {
      "type": "leaf",
      "in_degree": 1,
      "out_degree": 0,
      "betweenness": 0.0,
      "closeness": 0.12307692307692308,
      "pagerank": 0.059405630779891604,
      "degree_centrality": 0.07692307692307693,
      "cpd": {
        "values": [
          0.7541764051098022,
          0.03894938281133094,
          0.24582359489019776,
          0.961050617188669
        ],
        "evidence": [
          4
        ],
        "evidence_card": [
          2
        ]
      }
    },
    "11": {
      "type": "leaf",
      "in_degree": 1,
      "out_degree": 0,
      "betweenness": 0.0,
      "closeness": 0.12307692307692308,
      "pagerank": 0.059405630779891604,
      "degree_centrality": 0.07692307692307693,
      "cpd": {
        "values": [
          0.07229205526959534,
          0.9548785601354117,
          0.9277079447304046,
          0.04512143986458828
        ],
        "evidence": [
          4
        ],
        "evidence_card": [
          2
        ]
      }
    },
    "12": {
      "type": "leaf",
      "in_degree": 1,
      "out_degree": 0,
      "betweenness": 0.0,
      "closeness": 0.12307692307692308,
      "pagerank": 0.059405630779891604,
      "degree_centrality": 0.07692307692307693,
      "cpd": {
        "values": [
          0.13939561674026302,
          0.5674228105089156,
          0.8606043832597369,
          0.4325771894910843
        ],
        "evidence": [
          4
        ],
        "evidence_card": [
          2
        ]
      }
    },
    "13": {
      "type": "leaf",
      "in_degree": 1,
      "out_degree": 0,
      "betweenness": 0.0,
      "closeness": 0.12307692307692308,
      "pagerank": 0.10728936186028537,
      "degree_centrality": 0.07692307692307693,
      "cpd": {
        "values": [
          0.9018448717478477,
          0.5134624460654793,
          0.0981551282521523,
          0.4865375539345207
        ],
        "evidence": [
          3
        ],
        "evidence_card": [
          2
        ]
      }
    }
  },
  "edges": [
    [
      0,
      1
    ],
    [
      1,
      2
    ],
    [
      2,
      3
    ],
    [
      2,
      4
    ],
    [
      2,
      5
    ],
    [
      3,
      13
    ],
    [
      4,
      9
    ],
    [
      4,
      10
    ],
    [
      4,
      11
    ],
    [
      4,
      12
    ],
    [
      5,
      6
    ],
    [
      5,
      7
    ],
    [
      5,
      8
    ]
  ]
}