{
  "graph_index": 9202,
  "nodes": {
    "0": {
      "type": "root",
      "in_degree": 0,
      "out_degree": 1,
      "betweenness": 0.0,
      "closeness": 0.0,
      "pagerank": 0.04163558661080729,
      "degree_centrality": 0.07142857142857142,
      "cpd": {
        "values": [
          0.5,
          0.5,
          0.0,
          0.0
        ],
        "evidence": [],
        "evidence_card": []
      }
    },
    "1": {
      "type": "intermediate",
      "in_degree": 1,
      "out_degree": 1,
      "betweenness": 0.07142857142857144,
      "closeness": 0.07142857142857142,
      "pagerank": 0.07702584082244959,
      "degree_centrality": 0.14285714285714285,
      "cpd": {
        "values": [
          0.5426398122902001,
          0.0048133612438238434,
          0.4573601877097999,
          0.9951866387561762
        ],
        "evidence": [
          0
        ],
        "evidence_card": [
          2
        ]
      }
    },
    "2": {
      "type": "intermediate",
      "in_degree": 1,
      "out_degree": 3,
      "betweenness": 0.13186813186813187,
      "closeness": 0.09523809523809523,
      "pagerank": 0.10710838982752094,
      "degree_centrality": 0.2857142857142857,
      "cpd": {
        "values": [
          0.418051453812091,
          0.7903970601581344,
          0.581948546187909,
          0.20960293984186562
        ],
        "evidence": [
          1
        ],
        "evidence_card": [
          2
        ]
      }
    },
    "3": {
      "type": "intermediate",
      "in_degree": 1,
      "out_degree": 4,
      "betweenness": 0.06593406593406594,
      "closeness": 0.10714285714285714,
      "pagerank": 0.07198343961074066,
      "degree_centrality": 0.3571428571428571,
      "cpd": {
        "values": [
          0.5345371748594451,
          0.5414517705819342,
          0.46546282514055487,
          0.4585482294180658
        ],
        "evidence": [
          2
        ],
        "evidence_card": [
          2
        ]
      }
    },
    "4": {
      "type": "intermediate",
      "in_degree": 1,
      "out_degree": 4,
      "betweenness": 0.06593406593406594,
      "closeness": 0.10714285714285714,
      "pagerank": 0.07198343961074066,
      "degree_centrality": 0.3571428571428571,
      "cpd": {
        "values": [
          0.9229631010837351,
          0.870060690729152,
          0.07703689891626488,
          0.1299393092708479
        ],
        "evidence": [
          2
        ],
        "evidence_card": [
          2
        ]
      }
    },
    "5": {
      "type": "intermediate",
      "in_degree": 1,
      "out_degree": 1,
      "betweenness": 0.016483516483516484,
      "closeness": 0.10714285714285714,
      "pagerank": 0.07198343961074066,
      "degree_centrality": 0.14285714285714285,
      "cpd": {
        "values": [
          0.5775116200456996,
          0.7294479981715803,
          0.4224883799543005,
          0.2705520018284196
        ],
        "evidence": [
          2
        ],
        "evidence_card": [
          2
        ]
      }
    },
    "6": {
      "type": "leaf",
      "in_degree": 1,
      "out_degree": 0,
      "betweenness": 0.0,
      "closeness": 0.11428571428571428,
      "pagerank": 0.10282211474738545,
      "degree_centrality": 0.07142857142857142,
      "cpd": {
        "values": [
          0.8532172319021365,
          0.5413570752142395,
          0.14678276809786353,
          0.4586429247857605
        ],
        "evidence": [
          5
        ],
        "evidence_card": [
          2
        ]
      }
    },
    "7": {
      "type": "leaf",
      "in_degree": 1,
      "out_degree": 0,
      "betweenness": 0.0,
      "closeness": 0.11428571428571428,
      "pagerank": 0.05693221864495183,
      "degree_centrality": 0.07142857142857142,
      "cpd": {
        "values": [
          0.5994815205646006,
          0.9330789304141793,
          0.4005184794353995,
          0.06692106958582052
        ],
        "evidence": [
          4
        ],
        "evidence_card": [
          2
        ]
      }
    },
    "8": {
      "type": "leaf",
      "in_degree": 1,
      "out_degree": 0,
      "betweenness": 0.0,
      "closeness": 0.11428571428571428,
      "pagerank": 0.05693221864495183,
      "degree_centrality": 0.07142857142857142,
      "cpd": {
        "values": [
          0.24789747611647311,
          0.08589749531781221,
          0.7521025238835268,
          0.9141025046821878
        ],
        "evidence": [
          4
        ],
        "evidence_card": [
          2
        ]
      }
    },
    "9": {
      "type": "leaf",
      "in_degree": 1,
      "out_degree": 0,
      "betweenness": 0.0,
      "closeness": 0.11428571428571428,
      "pagerank": 0.05693221864495183,
      "degree_centrality": 0.07142857142857142,
      "cpd": {
        "values": [
          0.3214204713409921,
          0.5618154897016017,
          0.678579528659008,
          0.43818451029839833
        ],
        "evidence": [
          4
        ],
        "evidence_card": [
          2
        ]
      }
    },
    "10": {
      "type": "leaf",
      "in_degree": 1,
      "out_degree": 0,
      "betweenness": 0.0,
      "closeness": 0.11428571428571428,
      "pagerank": 0.05693221864495183,
      "degree_centrality": 0.07142857142857142,
      "cpd": {
        "values": [
          0.9892050865935926,
          0.4540137000633994,
          0.010794913406407333,
          0.5459862999366005
        ],
        "evidence": [
          4
        ],
        "evidence_card": [
          2
        ]
      }
    },
    "11": {
      "type": "leaf",
      "in_degree": 1,
      "out_degree": 0,
      "betweenness": 0.0,
      "closeness": 0.11428571428571428,
      "pagerank": 0.05693221864495183,
      "degree_centrality": 0.07142857142857142,
      "cpd": {
        "values": [
          0.2961513080785699,
          0.44599548819242585,
          0.7038486919214302,
          0.5540045118075742
        ],
        "evidence": [
          3
        ],
        "evidence_card": [
          2
        ]
      }
    },
    "12": {
      "type": "leaf",
      "in_degree": 1,
      "out_degree": 0,
      "betweenness": 0.0,
      "closeness": 0.11428571428571428,
      "pagerank": 0.05693221864495183,
      "degree_centrality": 0.07142857142857142,
      "cpd": {
        "values": [
          0.06689579069953461,
          0.842622879517818,
          0.9331042093004653,
          0.15737712048218205
        ],
        "evidence": [
          3
        ],
        "evidence_card": [
          2
        ]
      }
    },
    "13": {
      "type": "leaf",
      "in_degree": 1,
      "out_degree": 0,
      "betweenness": 0.0,
      "closeness": 0.11428571428571428,
      "pagerank": 0.05693221864495183,
      "degree_centrality": 0.07142857142857142,
      "cpd": {
        "values": [
          0.6141539001847123,
          0.09802641852987923,
          0.38584609981528767,
          0.9019735814701207
        ],
        "evidence": [
          3
        ],
        "evidence_card": [
          2
        ]
      }
    },
    "14": {
      "type": "leaf",
      "in_degree": 1,
      "out_degree": 0,
      "betweenness": 0.0,
      "closeness": 0.11428571428571428,
      "pagerank": 0.05693221864495183,
      "degree_centrality": 0.07142857142857142,
      "cpd": {
        "values": [
          0.411735119781482,
          0.3057010780678852,
          0.588264880218518,
          0.6942989219321147
        ],
        "evidence": [
          3
        ],
        "evidence_card": [
          2
        ]
      }
    }
  },