{
  "graph_index": 240,
  "nodes": {
    "0": {
      "type": "root",
      "in_degree": 0,
      "out_degree": 1,
      "betweenness": 0.0,
      "closeness": 0.0,
      "pagerank": 0.027479015841926514,
      "degree_centrality": 0.045454545454545456,
      "cpd": {
        "values": [
          0.5,
          0.5,
          0.0,
          0.0
        ],
        "evidence": [],
        "evidence_card": []
      }
    },
    "1": {
      "type": "intermediate",
      "in_degree": 1,
      "out_degree": 3,
      "betweenness": 0.045454545454545456,
      "closeness": 0.045454545454545456,
      "pagerank": 0.05083649219118254,
      "degree_centrality": 0.18181818181818182,
      "cpd": {
        "values": [
          0.5766918878880133,
          0.41303619828936033,
          0.42330811211198666,
          0.5869638017106397
        ],
        "evidence": [
          0
        ],
        "evidence_card": [
          2
        ]
      }
    },
    "2": {
      "type": "intermediate",
      "in_degree": 1,
      "out_degree": 2,
      "betweenness": 0.012987012987012988,
      "closeness": 0.06060606060606061,
      "pagerank": 0.04188269487661378,
      "degree_centrality": 0.13636363636363635,
      "cpd": {
        "values": [
          0.24906278833234852,
          0.3572998527908348,
          0.7509372116676515,
          0.6427001472091651
        ],
        "evidence": [
          1
        ],
        "evidence_card": [
          2
        ]
      }
    },
    "3": {
      "type": "intermediate",
      "in_degree": 1,
      "out_degree": 5,
      "betweenness": 0.05194805194805195,
      "closeness": 0.06060606060606061,
      "pagerank": 0.04188269487661378,
      "degree_centrality": 0.2727272727272727,
      "cpd": {
        "values": [
          0.31323855892877467,
          0.4193089014300714,
          0.6867614410712252,
          0.5806910985699286
        ],
        "evidence": [
          1
        ],
        "evidence_card": [
          2
        ]
      }
    },
    "4": {
      "type": "intermediate",
      "in_degree": 1,
      "out_degree": 2,
      "betweenness": 0.012987012987012988,
      "closeness": 0.06060606060606061,
      "pagerank": 0.04188269487661378,
      "degree_centrality": 0.13636363636363635,
      "cpd": {
        "values": [
          0.753814748403251,
          0.7041561436946203,
          0.24618525159674898,
          0.2958438563053796
        ],
        "evidence": [
          1
        ],
        "evidence_card": [
          2
        ]
      }
    },
    "5": {
      "type": "intermediate",
      "in_degree": 1,
      "out_degree": 3,
      "betweenness": 0.010822510822510822,
      "closeness": 0.06818181818181818,
      "pagerank": 0.04527909163493703,
      "degree_centrality": 0.18181818181818182,
      "cpd": {
        "values": [
          0.547310118252949,
          0.36739306938842015,
          0.45268988174705105,
          0.6326069306115798
        ],
        "evidence": [
          4
        ],
        "evidence_card": [
          2
        ]
      }
    },
    "6": {
      "type": "leaf",
      "in_degree": 1,
      "out_degree": 0,
      "betweenness": 0.0,
      "closeness": 0.07272727272727274,
      "pagerank": 0.04030824956286122,
      "degree_centrality": 0.045454545454545456,
      "cpd": {
        "values": [
          0.4774197992491884,
          0.6056599412892296,
          0.5225802007508116,
          0.3943400587107703
        ],
        "evidence": [
          5
        ],
        "evidence_card": [
          2
        ]
      }
    },
    "7": {
      "type": "leaf",
      "in_degree": 2,
      "out_degree": 0,
      "betweenness": 0.0,
      "closeness": 0.12626262626262627,
      "pagerank": 0.04742827988006541,
      "degree_centrality": 0.09090909090909091,
      "cpd": {
        "values": [
          0.7897368821145637,
          0.5045150778100269,
          0.7924087211406726,
          0.5523160671306147
        ],
        "evidence": [
          3,
          5
        ],
        "evidence_card": [
          2,
          2
        ]
      }
    },
    "8": {
      "type": "leaf",
      "in_degree": 2,
      "out_degree": 0,
      "betweenness": 0.0,
      "closeness": 0.12626262626262627,
      "pagerank": 0.05810832535587172,
      "degree_centrality": 0.09090909090909091,
      "cpd": {
        "values": [
          0.7879812793022731,
          0.41997137882424834,
          0.4622944584586404,
          0.11788984759583522
        ],
        "evidence": [
          2,
          5
        ],
        "evidence_card": [
          2,
          2
        ]
      }
    },
    "9": {
      "type": "intermediate",
      "in_degree": 1,
      "out_degree": 2,
      "betweenness": 0.012987012987012988,
      "closeness": 0.06818181818181818,
      "pagerank": 0.03459904615913072,
      "degree_centrality": 0.13636363636363635,
      "cpd": {
        "values": [
          0.6802519541832914,
          0.34200698670870455,
          0.31974804581670857,
          0.6579930132912954
        ],
        "evidence": [
          3
        ],
        "evidence_card": [
          2
        ]
      }
    },
    "10": {
      "type": "intermediate",
      "in_degree": 1,
      "out_degree": 1,
      "betweenness": 0.0021645021645021645,
      "closeness": 0.06818181818181818,
      "pagerank": 0.03459904615913072,
      "degree_centrality": 0.09090909090909091,
      "cpd": {
        "values": [
          0.9956914399030168,
          0.48773372549382055,
          0.004308560096983259,
          0.5122662745061795
        ],
        "evidence": [
          3
        ],
        "evidence_card": [
          2
        ]
      }
    },
    "11": {
      "type": "intermediate",
      "in_degree": 1,
      "out_degree": 3,
      "betweenness": 0.01948051948051948,
      "closeness": 0.06818181818181818,
      "pagerank": 0.03459904615913072,
      "degree_centrality": 0.18181818181818182,
      "cpd": {
        "values": [
          0.5738519604527658,
          0.5864274187340958,
          0.4261480395472341,
          0.4135725812659042
        ],
        "evidence": [
          3
        ],
        "evidence_card": [
          2
        ]
      }
    },
    "12": {
      "type": "intermediate",
      "in_degree": 1,
      "out_degree": 2,
      "betweenness": 0.012987012987012988,
      "closeness": 0.06818181818181818,
      "pagerank": 0.03459904615913072,
      "degree_centrality": 0.13636363636363635,
      "cpd": {
        "values": [
          0.3643732343989066,
          0.7646251993013066,
          0.6356267656010933,
          0.2353748006986935
        ],
        "evidence": [
          3
        ],
        "evidence_card": [
          2
        ]
      }
    },
    "13": {
      "type": "leaf",
      "in_degree": 1,
      "out_degree": 0,
      "betweenness": 0.0,
      "closeness": 0.07272727272727274,
      "pagerank": 0.04218379897926414,
      "degree_centrality": 0.045454545454545456,
      "cpd": {
        "values": [
          0.539569659309295,
          0.7723216076240609,
          0.46043034069070504,
          0.22767839237593912
        ],
        "evidence": [
          12
        ],
        "evidence_card": [
          2
        ]
      }
    },
    "14": {
      "type": "leaf",
      "in_degree": 1,
      "out_degree": 0,
      "betweenness": 0.0,
      "closeness": 0.07272727272727274,
      "pagerank": 0.04218379897926414,
      "degree_centrality": 0.045454545454545456,
      "cpd": {
        "values": [
          0.7471358635180032,
          0.4609985569881904,
          0.2528641364819968,
          0.5390014430118095
        ],
        "evidence": [
          12
        ],
        "evidence_card": [
          2
        ]
      }
    },
    "15": {
      "type": "leaf",
      "in_degree": 1,
      "out_degree": 0,
      "betweenness": 0.0,
      "closeness": 0.07272727272727274,
      "pagerank": 0.037282204600151594,