{
  "graph_index": 873,
  "nodes": {
    "0": {
      "type": "root",
      "in_degree": 0,
      "out_degree": 3,
      "betweenness": 0.0,
      "closeness": 0.0,
      "pagerank": 0.019277157131260016,
      "degree_centrality": 0.09090909090909091,
      "cpd": {
        "values": [
          0.5,
          0.5,
          0.0,
          0.0
        ],
        "evidence": [],
        "evidence_card": []
      }
    },
    "1": {
      "type": "intermediate",
      "in_degree": 1,
      "out_degree": 1,
      "betweenness": 0.001893939393939394,
      "closeness": 0.030303030303030304,
      "pagerank": 0.02473892712228352,
      "degree_centrality": 0.06060606060606061,
      "cpd": {
        "values": [
          0.5064700121705809,
          0.549729675289322,
          0.49352998782941915,
          0.4502703247106779
        ],
        "evidence": [
          0
        ],
        "evidence_card": [
          2
        ]
      }
    },
    "2": {
      "type": "intermediate",
      "in_degree": 1,
      "out_degree": 3,
      "betweenness": 0.01231060606060606,
      "closeness": 0.030303030303030304,
      "pagerank": 0.02473892712228352,
      "degree_centrality": 0.12121212121212122,
      "cpd": {
        "values": [
          0.8542965405377109,
          0.35570029920424345,
          0.14570345946228913,
          0.6442997007957565
        ],
        "evidence": [
          0
        ],
        "evidence_card": [
          2
        ]
      }
    },
    "3": {
      "type": "intermediate",
      "in_degree": 1,
      "out_degree": 2,
      "betweenness": 0.014204545454545456,
      "closeness": 0.030303030303030304,
      "pagerank": 0.02473892712228352,
      "degree_centrality": 0.09090909090909091,
      "cpd": {
        "values": [
          0.09045645709553593,
          0.5113403755757367,
          0.909543542904464,
          0.4886596244242633
        ],
        "evidence": [
          0
        ],
        "evidence_card": [
          2
        ]
      }
    },
    "4": {
      "type": "intermediate",
      "in_degree": 1,
      "out_degree": 3,
      "betweenness": 0.022727272727272728,
      "closeness": 0.0404040404040404,
      "pagerank": 0.029790845826619193,
      "degree_centrality": 0.12121212121212122,
      "cpd": {
        "values": [
          0.8936540970037412,
          0.8730112479318741,
          0.10634590299625878,
          0.12698875206812588
        ],
        "evidence": [
          3
        ],
        "evidence_card": [
          2
        ]
      }
    },
    "5": {
      "type": "intermediate",
      "in_degree": 1,
      "out_degree": 3,
      "betweenness": 0.008522727272727272,
      "closeness": 0.045454545454545456,
      "pagerank": 0.027717539389830334,
      "degree_centrality": 0.12121212121212122,
      "cpd": {
        "values": [
          0.5135319619189895,
          0.3951095089214888,
          0.4864680380810105,
          0.6048904910785113
        ],
        "evidence": [
          4
        ],
        "evidence_card": [
          2
        ]
      }
    },
    "6": {
      "type": "intermediate",
      "in_degree": 1,
      "out_degree": 3,
      "betweenness": 0.006628787878787879,
      "closeness": 0.045454545454545456,
      "pagerank": 0.027717539389830334,
      "degree_centrality": 0.12121212121212122,
      "cpd": {
        "values": [
          0.2631774347485064,
          0.47103844339965817,
          0.7368225652514936,
          0.5289615566003418
        ],
        "evidence": [
          4
        ],
        "evidence_card": [
          2
        ]
      }
    },
    "7": {
      "type": "intermediate",
      "in_degree": 1,
      "out_degree": 4,
      "betweenness": 0.011363636363636364,
      "closeness": 0.045454545454545456,
      "pagerank": 0.027717539389830334,
      "degree_centrality": 0.15151515151515152,
      "cpd": {
        "values": [
          0.48933324252317245,
          0.30784967409427455,
          0.5106667574768277,
          0.6921503259057256
        ],
        "evidence": [
          4
        ],
        "evidence_card": [
          2
        ]
      }
    },
    "8": {
      "type": "leaf",
      "in_degree": 1,
      "out_degree": 0,
      "betweenness": 0.0,
      "closeness": 0.04848484848484849,
      "pagerank": 0.02516711690264795,
      "degree_centrality": 0.030303030303030304,
      "cpd": {
        "values": [
          0.5910438008243072,
          0.04097773237535064,
          0.40895619917569287,
          0.9590222676246494
        ],
        "evidence": [
          7
        ],
        "evidence_card": [
          2
        ]
      }
    },
    "9": {
      "type": "leaf",
      "in_degree": 1,
      "out_degree": 0,
      "betweenness": 0.0,
      "closeness": 0.04848484848484849,
      "pagerank": 0.02516711690264795,
      "degree_centrality": 0.030303030303030304,
      "cpd": {
        "values": [
          0.09902666050016884,
          0.8805149056228696,
          0.9009733394998312,
          0.11948509437713041
        ],
        "evidence": [
          7
        ],
        "evidence_card": [
          2
        ]
      }
    },
    "10": {
      "type": "leaf",
      "in_degree": 1,
      "out_degree": 0,
      "betweenness": 0.0,
      "closeness": 0.04848484848484849,
      "pagerank": 0.02516711690264795,
      "degree_centrality": 0.030303030303030304,
      "cpd": {
        "values": [
          0.3813805714836991,
          0.7623108980832899,
          0.6186194285163009,
          0.23768910191671022
        ],
        "evidence": [
          7
        ],
        "evidence_card": [
          2
        ]
      }
    },
    "11": {
      "type": "leaf",
      "in_degree": 1,
      "out_degree": 0,
      "betweenness": 0.0,
      "closeness": 0.04848484848484849,
      "pagerank": 0.02516711690264795,
      "degree_centrality": 0.030303030303030304,
      "cpd": {
        "values": [
          0.31532517940251625,
          0.5062618693480244,
          0.6846748205974837,
          0.4937381306519756
        ],
        "evidence": [
          7
        ],
        "evidence_card": [
          2
        ]
      }
    },
    "12": {
      "type": "leaf",
      "in_degree": 2,
      "out_degree": 0,
      "betweenness": 0.0,
      "closeness": 0.09090909090909091,
      "pagerank": 0.0345779483291653,
      "degree_centrality": 0.06060606060606061,
      "cpd": {
        "values": [
          0.4441251541356025,
          0.19927471304680558,
          0.9159672960127492,
          0.14134147724158153
        ],
        "evidence": [
          18,
          6
        ],
        "evidence_card": [
          2,
          2
        ]
      }
    },
    "13": {
      "type": "leaf",
      "in_degree": 1,
      "out_degree": 0,
      "betweenness": 0.0,
      "closeness": 0.04848484848484849,
      "pagerank": 0.027130436826443928,
      "degree_centrality": 0.030303030303030304,
      "cpd": {
        "values": [
          0.6919712625986988,
          0.4904385310519134,
          0.3080287374013012,
          0.5095614689480866
        ],
        "evidence": [
          6
        ],
        "evidence_card": [
          2
        ]
      }
    },
    "14": {
      "type": "leaf",
      "in_degree": 2,
      "out_degree": 0,
      "betweenness": 0.0,
      "closeness": 0.08417508417508418,
      "pagerank": 0.034139562623350043,
      "degree_centrality": 0.06060606060606061,
      "cpd": {
        "values": [
          0.3710798889456668,
          0.487202167263198,
          0.8563595960221907,
          0.5076449977854799
        ],
        "evidence": [
          2,
          6
        ],
        "evidence_card": [
          2,
          2
        ]
      }
    },
    "15": {
      "type": "leaf",
      "in_degree": 1,
      "out_degree": 0,
      "betweenness": 0.0,
      "closeness": 0.04848484848484849,
      "pagerank": 0.027130436826443928,
      "degree_centrality": 0.030303030303030304,