{
  "graph_index": 5156,
  "nodes": {
    "0": {
      "type": "root",
      "in_degree": 0,
      "out_degree": 2,
      "betweenness": 0.0,
      "closeness": 0.0,
      "pagerank": 0.030186714932139865,
      "degree_centrality": 0.1111111111111111,
      "cpd": {
        "values": [
          0.5,
          0.5,
          0.0,
          0.0
        ],
        "evidence": [],
        "evidence_card": []
      }
    },
    "1": {
      "type": "intermediate",
      "in_degree": 1,
      "out_degree": 2,
      "betweenness": 0.022875816993464054,
      "closeness": 0.05555555555555555,
      "pagerank": 0.04301607071750836,
      "degree_centrality": 0.16666666666666666,
      "cpd": {
        "values": [
          0.4625951548041662,
          0.3177850082431184,
          0.5374048451958338,
          0.6822149917568815
        ],
        "evidence": [
          0
        ],
        "evidence_card": [
          2
        ]
      }
    },
    "2": {
      "type": "intermediate",
      "in_degree": 1,
      "out_degree": 3,
      "betweenness": 0.029411764705882353,
      "closeness": 0.05555555555555555,
      "pagerank": 0.04301607071750836,
      "degree_centrality": 0.2222222222222222,
      "cpd": {
        "values": [
          0.49942797805159206,
          0.49981090624942226,
          0.5005720219484079,
          0.5001890937505777
        ],
        "evidence": [
          0
        ],
        "evidence_card": [
          2
        ]
      }
    },
    "3": {
      "type": "intermediate",
      "in_degree": 1,
      "out_degree": 1,
      "betweenness": 0.00980392156862745,
      "closeness": 0.07407407407407407,
      "pagerank": 0.04237472461382634,
      "degree_centrality": 0.1111111111111111,
      "cpd": {
        "values": [
          0.4413254026673402,
          0.137457755481901,
          0.5586745973326598,
          0.862542244518099
        ],
        "evidence": [
          2
        ],
        "evidence_card": [
          2
        ]
      }
    },
    "4": {
      "type": "intermediate",
      "in_degree": 1,
      "out_degree": 2,
      "betweenness": 0.0392156862745098,
      "closeness": 0.07407407407407407,
      "pagerank": 0.04237472461382634,
      "degree_centrality": 0.16666666666666666,
      "cpd": {
        "values": [
          0.45530325991024373,
          0.13392774155090156,
          0.5446967400897563,
          0.8660722584490984
        ],
        "evidence": [
          2
        ],
        "evidence_card": [
          2
        ]
      }
    },
    "5": {
      "type": "intermediate",
      "in_degree": 1,
      "out_degree": 2,
      "betweenness": 0.0196078431372549,
      "closeness": 0.08333333333333333,
      "pagerank": 0.04819630552658134,
      "degree_centrality": 0.16666666666666666,
      "cpd": {
        "values": [
          0.4741466004741661,
          0.9084155011529765,
          0.5258533995258338,
          0.09158449884702342
        ],
        "evidence": [
          4
        ],
        "evidence_card": [
          2
        ]
      }
    },
    "6": {
      "type": "intermediate",
      "in_degree": 1,
      "out_degree": 2,
      "betweenness": 0.0196078431372549,
      "closeness": 0.08333333333333333,
      "pagerank": 0.04819630552658134,
      "degree_centrality": 0.16666666666666666,
      "cpd": {
        "values": [
          0.8952796033969728,
          0.9383859853643859,
          0.10472039660302732,
          0.061614014635614105
        ],
        "evidence": [
          4
        ],
        "evidence_card": [
          2
        ]
      }
    },
    "7": {
      "type": "leaf",
      "in_degree": 1,
      "out_degree": 0,
      "betweenness": 0.0,
      "closeness": 0.08888888888888889,
      "pagerank": 0.05067018750443124,
      "degree_centrality": 0.05555555555555555,
      "cpd": {
        "values": [
          0.3143407532557545,
          0.9157855682409562,
          0.6856592467442454,
          0.08421443175904374
        ],
        "evidence": [
          6
        ],
        "evidence_card": [
          2
        ]
      }
    },
    "8": {
      "type": "leaf",
      "in_degree": 1,
      "out_degree": 0,
      "betweenness": 0.0,
      "closeness": 0.08888888888888889,
      "pagerank": 0.05067018750443124,
      "degree_centrality": 0.05555555555555555,
      "cpd": {
        "values": [
          0.6308417701556717,
          0.14433400985490752,
          0.3691582298443283,
          0.8556659901450925
        ],
        "evidence": [
          6
        ],
        "evidence_card": [
          2
        ]
      }
    },
    "9": {
      "type": "leaf",
      "in_degree": 1,
      "out_degree": 0,
      "betweenness": 0.0,
      "closeness": 0.08888888888888889,
      "pagerank": 0.05067018750443124,
      "degree_centrality": 0.05555555555555555,
      "cpd": {
        "values": [
          0.06651034277147296,
          0.16864772250076096,
          0.9334896572285271,
          0.831352277499239
        ],
        "evidence": [
          5
        ],
        "evidence_card": [
          2
        ]
      }
    },
    "10": {
      "type": "leaf",
      "in_degree": 1,
      "out_degree": 0,
      "betweenness": 0.0,
      "closeness": 0.08888888888888889,
      "pagerank": 0.05067018750443124,
      "degree_centrality": 0.05555555555555555,
      "cpd": {
        "values": [
          0.7088125339817591,
          0.10162327293254518,
          0.2911874660182409,
          0.898376727067455
        ],
        "evidence": [
          5
        ],
        "evidence_card": [
          2
        ]
      }
    },
    "11": {
      "type": "intermediate",
      "in_degree": 2,
      "out_degree": 2,
      "betweenness": 0.026143790849673203,
      "closeness": 0.14814814814814814,
      "pagerank": 0.08448791064355253,
      "degree_centrality": 0.2222222222222222,
      "cpd": {
        "values": [
          0.9063043500087189,
          0.5079433170074446,
          0.27611252571445666,
          0.029988828018543287
        ],
        "evidence": [
          1,
          3
        ],
        "evidence_card": [
          2,
          2
        ]
      }
    },
    "12": {
      "type": "leaf",
      "in_degree": 1,
      "out_degree": 0,
      "betweenness": 0.0,
      "closeness": 0.12626262626262627,
      "pagerank": 0.06609465650496357,
      "degree_centrality": 0.05555555555555555,
      "cpd": {
        "values": [
          0.6055743797231168,
          0.6617873127800499,
          0.39442562027688327,
          0.3382126872199501
        ],
        "evidence": [
          11
        ],
        "evidence_card": [
          2
        ]
      }
    },
    "13": {
      "type": "leaf",
      "in_degree": 1,
      "out_degree": 0,
      "betweenness": 0.0,
      "closeness": 0.12626262626262627,
      "pagerank": 0.06609465650496357,
      "degree_centrality": 0.05555555555555555,
      "cpd": {
        "values": [
          0.43834432633049725,
          0.17942894472415727,
          0.5616556736695026,
          0.8205710552758427
        ],
        "evidence": [
          11
        ],
        "evidence_card": [
          2
        ]
      }
    },
    "14": {
      "type": "intermediate",
      "in_degree": 1,
      "out_degree": 1,
      "betweenness": 0.022875816993464054,
      "closeness": 0.07407407407407407,
      "pagerank": 0.04846872945466958,
      "degree_centrality": 0.1111111111111111,
      "cpd": {
        "values": [
          0.4629305911458898,
          0.5561937270798916,
          0.5370694088541101,
          0.44380627292010844
        ],
        "evidence": [
          1
        ],
        "evidence_card": [
          2
        ]
      }
    },
    "15": {
      "type": "intermediate",
      "in_degree": 1,
      "out_degree": 3,
      "betweenness": 0.026143790849673203,
      "closeness": 0.08333333333333333,
      "pagerank": 0.0713861309300958,
      "degree_centrality": 0.2222222222222222,