{
  "graph_index": 9557,
  "nodes": {
    "0": {
      "type": "root",
      "in_degree": 0,
      "out_degree": 2,
      "betweenness": 0.0,
      "closeness": 0.0,
      "pagerank": 0.02717139677944916,
      "degree_centrality": 0.08695652173913043,
      "cpd": {
        "values": [
          0.5,
          0.5,
          0.0,
          0.0
        ],
        "evidence": [],
        "evidence_card": []
      }
    },
    "1": {
      "type": "intermediate",
      "in_degree": 1,
      "out_degree": 2,
      "betweenness": 0.017786561264822132,
      "closeness": 0.043478260869565216,
      "pagerank": 0.038718949830689166,
      "degree_centrality": 0.13043478260869565,
      "cpd": {
        "values": [
          0.10924103273463788,
          0.8000625799004617,
          0.8907589672653621,
          0.1999374200995382
        ],
        "evidence": [
          0
        ],
        "evidence_card": [
          2
        ]
      }
    },
    "2": {
      "type": "intermediate",
      "in_degree": 1,
      "out_degree": 2,
      "betweenness": 0.023715415019762844,
      "closeness": 0.043478260869565216,
      "pagerank": 0.038718949830689166,
      "degree_centrality": 0.13043478260869565,
      "cpd": {
        "values": [
          0.5381929123562077,
          0.8079500266942965,
          0.4618070876437923,
          0.1920499733057035
        ],
        "evidence": [
          0
        ],
        "evidence_card": [
          2
        ]
      }
    },
    "3": {
      "type": "intermediate",
      "in_degree": 1,
      "out_degree": 5,
      "betweenness": 0.043478260869565216,
      "closeness": 0.05797101449275362,
      "pagerank": 0.04362702226797367,
      "degree_centrality": 0.2608695652173913,
      "cpd": {
        "values": [
          0.3409146600040703,
          0.9702078039405049,
          0.6590853399959297,
          0.029792196059495114
        ],
        "evidence": [
          2
        ],
        "evidence_card": [
          2
        ]
      }
    },
    "4": {
      "type": "intermediate",
      "in_degree": 1,
      "out_degree": 3,
      "betweenness": 0.015810276679841896,
      "closeness": 0.06521739130434782,
      "pagerank": 0.03458776183159372,
      "degree_centrality": 0.17391304347826086,
      "cpd": {
        "values": [
          0.13928700449443934,
          0.46389451351834576,
          0.8607129955055607,
          0.5361054864816542
        ],
        "evidence": [
          3
        ],
        "evidence_card": [
          2
        ]
      }
    },
    "5": {
      "type": "intermediate",
      "in_degree": 1,
      "out_degree": 1,
      "betweenness": 0.005928853754940711,
      "closeness": 0.06521739130434782,
      "pagerank": 0.03458776183159372,
      "degree_centrality": 0.08695652173913043,
      "cpd": {
        "values": [
          0.26147514594422017,
          0.6770190464985036,
          0.7385248540557798,
          0.32298095350149636
        ],
        "evidence": [
          3
        ],
        "evidence_card": [
          2
        ]
      }
    },
    "6": {
      "type": "intermediate",
      "in_degree": 1,
      "out_degree": 1,
      "betweenness": 0.003952569169960474,
      "closeness": 0.06521739130434782,
      "pagerank": 0.03458776183159372,
      "degree_centrality": 0.08695652173913043,
      "cpd": {
        "values": [
          0.5431883178530784,
          0.4244658037878441,
          0.4568116821469215,
          0.575534196212156
        ],
        "evidence": [
          3
        ],
        "evidence_card": [
          2
        ]
      }
    },
    "7": {
      "type": "intermediate",
      "in_degree": 1,
      "out_degree": 2,
      "betweenness": 0.011857707509881422,
      "closeness": 0.06521739130434782,
      "pagerank": 0.03458776183159372,
      "degree_centrality": 0.13043478260869565,
      "cpd": {
        "values": [
          0.7790609011128068,
          0.4041808756281438,
          0.22093909888719315,
          0.5958191243718561
        ],
        "evidence": [
          3
        ],
        "evidence_card": [
          2
        ]
      }
    },
    "8": {
      "type": "leaf",
      "in_degree": 1,
      "out_degree": 0,
      "betweenness": 0.0,
      "closeness": 0.06956521739130435,
      "pagerank": 0.041871307701165254,
      "degree_centrality": 0.043478260869565216,
      "cpd": {
        "values": [
          0.854939226284933,
          0.7312584157133438,
          0.14506077371506693,
          0.26874158428665623
        ],
        "evidence": [
          7
        ],
        "evidence_card": [
          2
        ]
      }
    },
    "9": {
      "type": "leaf",
      "in_degree": 1,
      "out_degree": 0,
      "betweenness": 0.0,
      "closeness": 0.06956521739130435,
      "pagerank": 0.041871307701165254,
      "degree_centrality": 0.043478260869565216,
      "cpd": {
        "values": [
          0.4401718710100497,
          0.4283180375876976,
          0.5598281289899504,
          0.5716819624123024
        ],
        "evidence": [
          7
        ],
        "evidence_card": [
          2
        ]
      }
    },
    "10": {
      "type": "leaf",
      "in_degree": 2,
      "out_degree": 0,
      "betweenness": 0.0,
      "closeness": 0.12077294685990338,
      "pagerank": 0.07302684411140586,
      "degree_centrality": 0.08695652173913043,
      "cpd": {
        "values": [
          0.36160229274539996,
          0.9193652417087532,
          0.19035267474386808,
          0.28496760959763334
        ],
        "evidence": [
          1,
          6
        ],
        "evidence_card": [
          2,
          2
        ]
      }
    },
    "11": {
      "type": "leaf",
      "in_degree": 1,
      "out_degree": 0,
      "betweenness": 0.0,
      "closeness": 0.06956521739130435,
      "pagerank": 0.05657121862288135,
      "degree_centrality": 0.043478260869565216,
      "cpd": {
        "values": [
          0.4005425335015575,
          0.7383057533605235,
          0.5994574664984424,
          0.2616942466394765
        ],
        "evidence": [
          5
        ],
        "evidence_card": [
          2
        ]
      }
    },
    "12": {
      "type": "leaf",
      "in_degree": 1,
      "out_degree": 0,
      "betweenness": 0.0,
      "closeness": 0.06956521739130435,
      "pagerank": 0.03697133739392656,
      "degree_centrality": 0.043478260869565216,
      "cpd": {
        "values": [
          0.3669990395069883,
          0.2809800411547316,
          0.6330009604930118,
          0.7190199588452684
        ],
        "evidence": [
          4
        ],
        "evidence_card": [
          2
        ]
      }
    },
    "13": {
      "type": "leaf",
      "in_degree": 1,
      "out_degree": 0,
      "betweenness": 0.0,
      "closeness": 0.06956521739130435,
      "pagerank": 0.03697133739392656,
      "degree_centrality": 0.043478260869565216,
      "cpd": {
        "values": [
          0.4538419734962293,
          0.17779149611563586,
          0.5461580265037708,
          0.8222085038843642
        ],
        "evidence": [
          4
        ],
        "evidence_card": [
          2
        ]
      }
    },
    "14": {
      "type": "leaf",
      "in_degree": 2,
      "out_degree": 0,
      "betweenness": 0.0,
      "closeness": 0.13043478260869565,
      "pagerank": 0.04933194581416748,
      "degree_centrality": 0.08695652173913043,
      "cpd": {
        "values": [
          0.5779217500218957,
          0.4911939133361654,
          0.5585972706144516,
          0.562143165710645
        ],
        "evidence": [
          15,
          4
        ],
        "evidence_card": [
          2,
          2
        ]
      }
    },
    "15": {
      "type": "intermediate",
      "in_degree": 1,
      "out_degree": 3,
      "betweenness": 0.03162055335968379,
      "closeness": 0.05797101449275362,
      "pagerank": 0.04362702226797367,