{
  "graph_index": 85,
  "nodes": {
    "0": {
      "type": "root",
      "in_degree": 0,
      "out_degree": 1,
      "betweenness": 0.0,
      "closeness": 0.0,
      "pagerank": 0.05217132638510396,
      "degree_centrality": 0.1,
      "cpd": {
        "values": [
          0.5,
          0.5,
          0.0,
          0.0
        ],
        "evidence": [],
        "evidence_card": []
      }
    },
    "1": {
      "type": "intermediate",
      "in_degree": 1,
      "out_degree": 1,
      "betweenness": 0.1,
      "closeness": 0.1,
      "pagerank": 0.09651577488743113,
      "degree_centrality": 0.2,
      "cpd": {
        "values": [
          0.3725071598378235,
          0.7053552822615414,
          0.6274928401621764,
          0.2946447177384587
        ],
        "evidence": [
          0
        ],
        "evidence_card": [
          2
        ]
      }
    },
    "2": {
      "type": "intermediate",
      "in_degree": 1,
      "out_degree": 2,
      "betweenness": 0.17777777777777778,
      "closeness": 0.13333333333333333,
      "pagerank": 0.1342076409892595,
      "degree_centrality": 0.30000000000000004,
      "cpd": {
        "values": [
          0.19258550987318496,
          0.3556681312656448,
          0.8074144901268151,
          0.6443318687343552
        ],
        "evidence": [
          1
        ],
        "evidence_card": [
          2
        ]
      }
    },
    "3": {
      "type": "intermediate",
      "in_degree": 1,
      "out_degree": 3,
      "betweenness": 0.1,
      "closeness": 0.15,
      "pagerank": 0.10920942678773488,
      "degree_centrality": 0.4,
      "cpd": {
        "values": [
          0.5230106168457832,
          0.871669043502412,
          0.4769893831542168,
          0.128330956497588
        ],
        "evidence": [
          2
        ],
        "evidence_card": [
          2
        ]
      }
    },
    "4": {
      "type": "intermediate",
      "in_degree": 1,
      "out_degree": 3,
      "betweenness": 0.1,
      "closeness": 0.15,
      "pagerank": 0.10920942678773488,
      "degree_centrality": 0.4,
      "cpd": {
        "values": [
          0.13708871250953902,
          0.3805733871042805,
          0.862911287490461,
          0.6194266128957195
        ],
        "evidence": [
          2
        ],
        "evidence_card": [
          2
        ]
      }
    },
    "5": {
      "type": "leaf",
      "in_degree": 1,
      "out_degree": 0,
      "betweenness": 0.0,
      "closeness": 0.16000000000000003,
      "pagerank": 0.0831144006937893,
      "degree_centrality": 0.1,
      "cpd": {
        "values": [
          0.8002717239919629,
          0.28858050057230217,
          0.19972827600803703,
          0.7114194994276979
        ],
        "evidence": [
          4
        ],
        "evidence_card": [
          2
        ]
      }
    },
    "6": {
      "type": "leaf",
      "in_degree": 1,
      "out_degree": 0,
      "betweenness": 0.0,
      "closeness": 0.16000000000000003,
      "pagerank": 0.0831144006937893,
      "degree_centrality": 0.1,
      "cpd": {
        "values": [
          0.6084414458863476,
          0.5014423416188553,
          0.39155855411365237,
          0.49855765838114474
        ],
        "evidence": [
          4
        ],
        "evidence_card": [
          2
        ]
      }
    },
    "7": {
      "type": "leaf",
      "in_degree": 1,
      "out_degree": 0,
      "betweenness": 0.0,
      "closeness": 0.16000000000000003,
      "pagerank": 0.0831144006937893,
      "degree_centrality": 0.1,
      "cpd": {
        "values": [
          0.4964236830129267,
          0.1600631824791855,
          0.5035763169870733,
          0.8399368175208145
        ],
        "evidence": [
          4
        ],
        "evidence_card": [
          2
        ]
      }
    },
    "8": {
      "type": "leaf",
      "in_degree": 1,
      "out_degree": 0,
      "betweenness": 0.0,
      "closeness": 0.16000000000000003,
      "pagerank": 0.0831144006937893,
      "degree_centrality": 0.1,
      "cpd": {
        "values": [
          0.9732335079832897,
          0.36404984516400735,
          0.026766492016710323,
          0.6359501548359926
        ],
        "evidence": [
          3
        ],
        "evidence_card": [
          2
        ]
      }
    },
    "9": {
      "type": "leaf",
      "in_degree": 1,
      "out_degree": 0,
      "betweenness": 0.0,
      "closeness": 0.16000000000000003,
      "pagerank": 0.0831144006937893,
      "degree_centrality": 0.1,
      "cpd": {
        "values": [
          0.1146310965981865,
          0.7150356040836798,
          0.8853689034018135,
          0.2849643959163202
        ],
        "evidence": [
          3
        ],
        "evidence_card": [
          2
        ]
      }
    },
    "10": {
      "type": "leaf",
      "in_degree": 1,
      "out_degree": 0,
      "betweenness": 0.0,
      "closeness": 0.16000000000000003,
      "pagerank": 0.0831144006937893,
      "degree_centrality": 0.1,
      "cpd": {
        "values": [
          0.9333732991100447,
          0.7266250123353608,
          0.0666267008899553,
          0.2733749876646392
        ],
        "evidence": [
          3
        ],
        "evidence_card": [
          2
        ]
      }
    }
  },
  "edges": [
    [
      0,
      1
    ],
    [
      1,
      2
    ],
    [
      2,
      3
    ],
    [
      2,
      4
    ],
    [
      3,
      8
    ],
    [
      3,
      9
    ],
    [
      3,
      10
    ],
    [
      4,
      5
    ],
    [
      4,
      6
    ],
    [
      4,
      7
    ]
  ]
}