{
  "graph_index": 5621,
  "nodes": {
    "0": {
      "type": "root",
      "in_degree": 0,
      "out_degree": 1,
      "betweenness": 0.0,
      "closeness": 0.0,
      "pagerank": 0.021034327393920766,
      "degree_centrality": 0.03225806451612903,
      "cpd": {
        "values": [
          0.5,
          0.5,
          0.0,
          0.0
        ],
        "evidence": [],
        "evidence_card": []
      }
    },
    "1": {
      "type": "intermediate",
      "in_degree": 1,
      "out_degree": 4,
      "betweenness": 0.03225806451612903,
      "closeness": 0.03225806451612903,
      "pagerank": 0.03891324471228658,
      "degree_centrality": 0.16129032258064516,
      "cpd": {
        "values": [
          0.8383093260796952,
          0.41055778544838595,
          0.16169067392030473,
          0.589442214551614
        ],
        "evidence": [
          0
        ],
        "evidence_card": [
          2
        ]
      }
    },
    "2": {
      "type": "intermediate",
      "in_degree": 1,
      "out_degree": 4,
      "betweenness": 0.025806451612903226,
      "closeness": 0.04301075268817204,
      "pagerank": 0.029303325254329726,
      "degree_centrality": 0.16129032258064516,
      "cpd": {
        "values": [
          0.4539887965287743,
          0.34902361608912247,
          0.5460112034712257,
          0.6509763839108775
        ],
        "evidence": [
          1
        ],
        "evidence_card": [
          2
        ]
      }
    },
    "3": {
      "type": "intermediate",
      "in_degree": 1,
      "out_degree": 3,
      "betweenness": 0.013978494623655914,
      "closeness": 0.04301075268817204,
      "pagerank": 0.029303325254329726,
      "degree_centrality": 0.12903225806451613,
      "cpd": {
        "values": [
          0.6969757234620847,
          0.06957959636377839,
          0.30302427653791525,
          0.9304204036362216
        ],
        "evidence": [
          1
        ],
        "evidence_card": [
          2
        ]
      }
    },
    "4": {
      "type": "intermediate",
      "in_degree": 1,
      "out_degree": 2,
      "betweenness": 0.0064516129032258064,
      "closeness": 0.04301075268817204,
      "pagerank": 0.029303325254329726,
      "degree_centrality": 0.0967741935483871,
      "cpd": {
        "values": [
          0.5789167556621966,
          0.7257033122868989,
          0.4210832443378034,
          0.27429668771310106
        ],
        "evidence": [
          1
        ],
        "evidence_card": [
          2
        ]
      }
    },
    "5": {
      "type": "intermediate",
      "in_degree": 1,
      "out_degree": 2,
      "betweenness": 0.00967741935483871,
      "closeness": 0.04301075268817204,
      "pagerank": 0.029303325254329726,
      "degree_centrality": 0.0967741935483871,
      "cpd": {
        "values": [
          0.6530118198318312,
          0.476165028406752,
          0.34698818016816885,
          0.5238349715932481
        ],
        "evidence": [
          1
        ],
        "evidence_card": [
          2
        ]
      }
    },
    "6": {
      "type": "intermediate",
      "in_degree": 1,
      "out_degree": 3,
      "betweenness": 0.00967741935483871,
      "closeness": 0.04838709677419355,
      "pagerank": 0.03348816229203172,
      "degree_centrality": 0.12903225806451613,
      "cpd": {
        "values": [
          0.8885427099263363,
          0.4189993289613759,
          0.11145729007366366,
          0.5810006710386241
        ],
        "evidence": [
          5
        ],
        "evidence_card": [
          2
        ]
      }
    },
    "7": {
      "type": "leaf",
      "in_degree": 1,
      "out_degree": 0,
      "betweenness": 0.0,
      "closeness": 0.05161290322580645,
      "pagerank": 0.03052248472218655,
      "degree_centrality": 0.03225806451612903,
      "cpd": {
        "values": [
          0.6342029251115529,
          0.9586768996238793,
          0.3657970748884471,
          0.04132310037612076
        ],
        "evidence": [
          6
        ],
        "evidence_card": [
          2
        ]
      }
    },
    "8": {
      "type": "leaf",
      "in_degree": 1,
      "out_degree": 0,
      "betweenness": 0.0,
      "closeness": 0.05161290322580645,
      "pagerank": 0.03052248472218655,
      "degree_centrality": 0.03225806451612903,
      "cpd": {
        "values": [
          0.03466825207419152,
          0.628612190650136,
          0.9653317479258084,
          0.3713878093498641
        ],
        "evidence": [
          6
        ],
        "evidence_card": [
          2
        ]
      }
    },
    "9": {
      "type": "leaf",
      "in_degree": 1,
      "out_degree": 0,
      "betweenness": 0.0,
      "closeness": 0.05161290322580645,
      "pagerank": 0.03052248472218655,
      "degree_centrality": 0.03225806451612903,
      "cpd": {
        "values": [
          0.1526137836953572,
          0.8521906133261106,
          0.8473862163046428,
          0.14780938667388943
        ],
        "evidence": [
          6
        ],
        "evidence_card": [
          2
        ]
      }
    },
    "10": {
      "type": "intermediate",
      "in_degree": 1,
      "out_degree": 1,
      "betweenness": 0.0032258064516129032,
      "closeness": 0.04838709677419355,
      "pagerank": 0.03348816229203172,
      "degree_centrality": 0.06451612903225806,
      "cpd": {
        "values": [
          0.5754200126817417,
          0.6107356699797339,
          0.4245799873182583,
          0.38926433002026606
        ],
        "evidence": [
          4
        ],
        "evidence_card": [
          2
        ]
      }
    },
    "11": {
      "type": "leaf",
      "in_degree": 1,
      "out_degree": 0,
      "betweenness": 0.0,
      "closeness": 0.05161290322580645,
      "pagerank": 0.04949879937871812,
      "degree_centrality": 0.03225806451612903,
      "cpd": {
        "values": [
          0.9797270644830589,
          0.3625293577401549,
          0.02027293551694112,
          0.6374706422598451
        ],
        "evidence": [
          10
        ],
        "evidence_card": [
          2
        ]
      }
    },
    "12": {
      "type": "intermediate",
      "in_degree": 1,
      "out_degree": 3,
      "betweenness": 0.007526881720430107,
      "closeness": 0.04838709677419355,
      "pagerank": 0.029336883992661402,
      "degree_centrality": 0.12903225806451613,
      "cpd": {
        "values": [
          0.3957165571444591,
          0.7683614318644529,
          0.6042834428555409,
          0.23163856813554692
        ],
        "evidence": [
          3
        ],
        "evidence_card": [
          2
        ]
      }
    },
    "13": {
      "type": "intermediate",
      "in_degree": 1,
      "out_degree": 2,
      "betweenness": 0.0064516129032258064,
      "closeness": 0.04838709677419355,
      "pagerank": 0.029336883992661402,
      "degree_centrality": 0.0967741935483871,
      "cpd": {
        "values": [
          0.6468127688245574,
          0.29194236578054694,
          0.35318723117544254,
          0.7080576342194531
        ],
        "evidence": [
          3
        ],
        "evidence_card": [
          2
        ]
      }
    },
    "14": {
      "type": "leaf",
      "in_degree": 1,
      "out_degree": 0,
      "betweenness": 0.0,
      "closeness": 0.05161290322580645,
      "pagerank": 0.033502304275247516,
      "degree_centrality": 0.03225806451612903,
      "cpd": {
        "values": [
          0.7178729210955935,
          0.2700623978008821,
          0.2821270789044066,
          0.729937602199118
        ],
        "evidence": [
          13
        ],
        "evidence_card": [
          2
        ]
      }
    },
    "15": {
      "type": "leaf",
      "in_degree": 1,
      "out_degree": 0,
      "betweenness": 0.0,
      "closeness": 0.05161290322580645,
      "pagerank": 0.033502304275247516,
      "degree_centrality": 0.03225806451612903,