{
  "graph_index": 2725,
  "nodes": {
    "0": {
      "type": "root",
      "in_degree": 0,
      "out_degree": 1,
      "betweenness": 0.0,
      "closeness": 0.0,
      "pagerank": 0.025245438109782383,
      "degree_centrality": 0.04,
      "cpd": {
        "values": [
          0.5,
          0.5,
          0.0,
          0.0
        ],
        "evidence": [],
        "evidence_card": []
      }
    },
    "1": {
      "type": "intermediate",
      "in_degree": 1,
      "out_degree": 3,
      "betweenness": 0.04,
      "closeness": 0.04,
      "pagerank": 0.046703435109363464,
      "degree_centrality": 0.16,
      "cpd": {
        "values": [
          0.17861329655070507,
          0.18925678782813157,
          0.8213867034492949,
          0.8107432121718684
        ],
        "evidence": [
          0
        ],
        "evidence_card": [
          2
        ]
      }
    },
    "2": {
      "type": "intermediate",
      "in_degree": 1,
      "out_degree": 2,
      "betweenness": 0.01,
      "closeness": 0.05333333333333333,
      "pagerank": 0.038477780354700834,
      "degree_centrality": 0.12,
      "cpd": {
        "values": [
          0.5902219054879333,
          0.9599929864076203,
          0.40977809451206676,
          0.04000701359237963
        ],
        "evidence": [
          1
        ],
        "evidence_card": [
          2
        ]
      }
    },
    "3": {
      "type": "intermediate",
      "in_degree": 1,
      "out_degree": 4,
      "betweenness": 0.05,
      "closeness": 0.05333333333333333,
      "pagerank": 0.038477780354700834,
      "degree_centrality": 0.2,
      "cpd": {
        "values": [
          0.16104014496027208,
          0.430760329107277,
          0.8389598550397279,
          0.569239670892723
        ],
        "evidence": [
          1
        ],
        "evidence_card": [
          2
        ]
      }
    },
    "4": {
      "type": "intermediate",
      "in_degree": 1,
      "out_degree": 2,
      "betweenness": 0.01,
      "closeness": 0.05333333333333333,
      "pagerank": 0.038477780354700834,
      "degree_centrality": 0.12,
      "cpd": {
        "values": [
          0.8120719265258816,
          0.5363189785273146,
          0.18792807347411858,
          0.4636810214726855
        ],
        "evidence": [
          1
        ],
        "evidence_card": [
          2
        ]
      }
    },
    "5": {
      "type": "intermediate",
      "in_degree": 1,
      "out_degree": 2,
      "betweenness": 0.006666666666666667,
      "closeness": 0.06,
      "pagerank": 0.04159835842195251,
      "degree_centrality": 0.12,
      "cpd": {
        "values": [
          0.6240352965781366,
          0.5120108393752864,
          0.37596470342186344,
          0.48798916062471365
        ],
        "evidence": [
          4
        ],
        "evidence_card": [
          2
        ]
      }
    },
    "6": {
      "type": "leaf",
      "in_degree": 1,
      "out_degree": 0,
      "betweenness": 0.0,
      "closeness": 0.064,
      "pagerank": 0.042924196802174734,
      "degree_centrality": 0.04,
      "cpd": {
        "values": [
          0.7593227814575114,
          0.41793217283356754,
          0.2406772185424886,
          0.5820678271664325
        ],
        "evidence": [
          5
        ],
        "evidence_card": [
          2
        ]
      }
    },
    "7": {
      "type": "leaf",
      "in_degree": 2,
      "out_degree": 0,
      "betweenness": 0.0,
      "closeness": 0.11111111111111112,
      "pagerank": 0.059277117114344864,
      "degree_centrality": 0.08,
      "cpd": {
        "values": [
          0.39081215891501786,
          0.5676736725792905,
          0.4923959176927732,
          0.7028126507380462
        ],
        "evidence": [
          2,
          5
        ],
        "evidence_card": [
          2,
          2
        ]
      }
    },
    "8": {
      "type": "intermediate",
      "in_degree": 1,
      "out_degree": 4,
      "betweenness": 0.02,
      "closeness": 0.06,
      "pagerank": 0.03342189826586745,
      "degree_centrality": 0.2,
      "cpd": {
        "values": [
          0.5618617295979595,
          0.3989848775881025,
          0.4381382704020405,
          0.6010151224118975
        ],
        "evidence": [
          3
        ],
        "evidence_card": [
          2
        ]
      }
    },
    "9": {
      "type": "intermediate",
      "in_degree": 1,
      "out_degree": 3,
      "betweenness": 0.015000000000000001,
      "closeness": 0.06,
      "pagerank": 0.03342189826586745,
      "degree_centrality": 0.16,
      "cpd": {
        "values": [
          0.85800731008945,
          0.8037269918036375,
          0.14199268991054997,
          0.1962730081963625
        ],
        "evidence": [
          3
        ],
        "evidence_card": [
          2
        ]
      }
    },
    "10": {
      "type": "intermediate",
      "in_degree": 1,
      "out_degree": 1,
      "betweenness": 0.005,
      "closeness": 0.06,
      "pagerank": 0.03342189826586745,
      "degree_centrality": 0.08,
      "cpd": {
        "values": [
          0.5058712056002492,
          0.810213015265965,
          0.4941287943997509,
          0.18978698473403505
        ],
        "evidence": [
          3
        ],
        "evidence_card": [
          2
        ]
      }
    },
    "11": {
      "type": "intermediate",
      "in_degree": 1,
      "out_degree": 4,
      "betweenness": 0.016666666666666666,
      "closeness": 0.06,
      "pagerank": 0.03342189826586745,
      "degree_centrality": 0.2,
      "cpd": {
        "values": [
          0.3451852897870673,
          0.45030558630159445,
          0.6548147102129327,
          0.5496944136984055
        ],
        "evidence": [
          3
        ],
        "evidence_card": [
          2
        ]
      }
    },
    "12": {
      "type": "leaf",
      "in_degree": 1,
      "out_degree": 0,
      "betweenness": 0.0,
      "closeness": 0.064,
      "pagerank": 0.03234737740782811,
      "degree_centrality": 0.04,
      "cpd": {
        "values": [
          0.4572485967596385,
          0.6021205407502284,
          0.5427514032403614,
          0.39787945924977164
        ],
        "evidence": [
          11
        ],
        "evidence_card": [
          2
        ]
      }
    },
    "13": {
      "type": "leaf",
      "in_degree": 1,
      "out_degree": 0,
      "betweenness": 0.0,
      "closeness": 0.064,
      "pagerank": 0.03234737740782811,
      "degree_centrality": 0.04,
      "cpd": {
        "values": [
          0.5899707320451437,
          0.4194146963539408,
          0.41002926795485617,
          0.5805853036460592
        ],
        "evidence": [
          11
        ],
        "evidence_card": [
          2
        ]
      }
    },
    "14": {
      "type": "leaf",
      "in_degree": 2,
      "out_degree": 0,
      "betweenness": 0.0,
      "closeness": 0.11111111111111112,
      "pagerank": 0.04870029771999824,
      "degree_centrality": 0.08,
      "cpd": {
        "values": [
          0.3419099157940593,
          0.86107753845162,
          0.809385755346881,
          0.8970192223708265
        ],
        "evidence": [
          4,
          11
        ],
        "evidence_card": [
          2,
          2
        ]
      }
    },
    "15": {
      "type": "leaf",
      "in_degree": 1,
      "out_degree": 0,
      "betweenness": 0.0,
      "closeness": 0.064,
      "pagerank": 0.03234737740782811,
      "degree_centrality": 0.04,
      "cpd": {
        "values": [
          0.20875234685412844,
          0.42749883780040315,
          0.7912476531458715,
          0.5725011621995968
        ],
        "evidence": [
          11
        ],
        "evidence_card": [
          2
        ]
      }
    },
    "16": {
      "type": "leaf",
      "in_degree": 1,
      "out_degree": 0,
      "betweenness": 0.0,
      "closeness": 0.064,
      "pagerank": 0.05365319530196528,