{
  "graph_index": 3193,
  "nodes": {
    "0": {
      "type": "root",
      "in_degree": 0,
      "out_degree": 2,
      "betweenness": 0.0,
      "closeness": 0.0,
      "pagerank": 0.028276681616786998,
      "degree_centrality": 0.09090909090909091,
      "cpd": {
        "values": [
          0.5,
          0.5,
          0.0,
          0.0
        ],
        "evidence": [],
        "evidence_card": []
      }
    },
    "1": {
      "type": "intermediate",
      "in_degree": 1,
      "out_degree": 2,
      "betweenness": 0.021645021645021644,
      "closeness": 0.045454545454545456,
      "pagerank": 0.040294544377890706,
      "degree_centrality": 0.13636363636363635,
      "cpd": {
        "values": [
          0.24049408818190893,
          0.6783844706499839,
          0.759505911818091,
          0.321615529350016
        ],
        "evidence": [
          0
        ],
        "evidence_card": [
          2
        ]
      }
    },
    "2": {
      "type": "intermediate",
      "in_degree": 1,
      "out_degree": 2,
      "betweenness": 0.021645021645021644,
      "closeness": 0.045454545454545456,
      "pagerank": 0.040294544377890706,
      "degree_centrality": 0.13636363636363635,
      "cpd": {
        "values": [
          0.6851283546472363,
          0.9349238977487565,
          0.31487164535276374,
          0.06507610225124345
        ],
        "evidence": [
          0
        ],
        "evidence_card": [
          2
        ]
      }
    },
    "3": {
      "type": "intermediate",
      "in_degree": 1,
      "out_degree": 2,
      "betweenness": 0.030303030303030304,
      "closeness": 0.06060606060606061,
      "pagerank": 0.045401892533849963,
      "degree_centrality": 0.13636363636363635,
      "cpd": {
        "values": [
          0.4414785579690184,
          0.24914925997682524,
          0.5585214420309816,
          0.7508507400231748
        ],
        "evidence": [
          2
        ],
        "evidence_card": [
          2
        ]
      }
    },
    "4": {
      "type": "intermediate",
      "in_degree": 1,
      "out_degree": 4,
      "betweenness": 0.023809523809523808,
      "closeness": 0.06818181818181818,
      "pagerank": 0.04757201518043837,
      "degree_centrality": 0.2272727272727273,
      "cpd": {
        "values": [
          0.9175758614494703,
          0.36906821357122843,
          0.0824241385505297,
          0.6309317864287716
        ],
        "evidence": [
          3
        ],
        "evidence_card": [
          2
        ]
      }
    },
    "5": {
      "type": "intermediate",
      "in_degree": 2,
      "out_degree": 4,
      "betweenness": 0.03463203463203463,
      "closeness": 0.12121212121212122,
      "pagerank": 0.06469722609750135,
      "degree_centrality": 0.2727272727272727,
      "cpd": {
        "values": [
          0.9008363416239972,
          0.43089107859983233,
          0.5630003255467275,
          0.5406727714513841
        ],
        "evidence": [
          1,
          3
        ],
        "evidence_card": [
          2,
          2
        ]
      }
    },
    "6": {
      "type": "leaf",
      "in_degree": 1,
      "out_degree": 0,
      "betweenness": 0.0,
      "closeness": 0.10330578512396693,
      "pagerank": 0.04202427095384874,
      "degree_centrality": 0.045454545454545456,
      "cpd": {
        "values": [
          0.6250155446690641,
          0.3628667261186173,
          0.3749844553309359,
          0.6371332738813826
        ],
        "evidence": [
          5
        ],
        "evidence_card": [
          2
        ]
      }
    },
    "7": {
      "type": "leaf",
      "in_degree": 1,
      "out_degree": 0,
      "betweenness": 0.0,
      "closeness": 0.10330578512396693,
      "pagerank": 0.04202427095384874,
      "degree_centrality": 0.045454545454545456,
      "cpd": {
        "values": [
          0.6762026170760509,
          0.4158211391597401,
          0.3237973829239491,
          0.5841788608402599
        ],
        "evidence": [
          5
        ],
        "evidence_card": [
          2
        ]
      }
    },
    "8": {
      "type": "leaf",
      "in_degree": 1,
      "out_degree": 0,
      "betweenness": 0.0,
      "closeness": 0.10330578512396693,
      "pagerank": 0.04202427095384874,
      "degree_centrality": 0.045454545454545456,
      "cpd": {
        "values": [
          0.7151408374530623,
          0.7733384696817066,
          0.2848591625469376,
          0.22666153031829353
        ],
        "evidence": [
          5
        ],
        "evidence_card": [
          2
        ]
      }
    },
    "9": {
      "type": "leaf",
      "in_degree": 1,
      "out_degree": 0,
      "betweenness": 0.0,
      "closeness": 0.10330578512396693,
      "pagerank": 0.04202427095384874,
      "degree_centrality": 0.045454545454545456,
      "cpd": {
        "values": [
          0.8681084431773561,
          0.7908758009522633,
          0.1318915568226438,
          0.20912419904773677
        ],
        "evidence": [
          5
        ],
        "evidence_card": [
          2
        ]
      }
    },
    "10": {
      "type": "leaf",
      "in_degree": 1,
      "out_degree": 0,
      "betweenness": 0.0,
      "closeness": 0.07272727272727274,
      "pagerank": 0.0383855355525749,
      "degree_centrality": 0.045454545454545456,
      "cpd": {
        "values": [
          0.41482194907948367,
          0.6035100209157344,
          0.5851780509205162,
          0.3964899790842657
        ],
        "evidence": [
          4
        ],
        "evidence_card": [
          2
        ]
      }
    },
    "11": {
      "type": "leaf",
      "in_degree": 1,
      "out_degree": 0,
      "betweenness": 0.0,
      "closeness": 0.07272727272727274,
      "pagerank": 0.0383855355525749,
      "degree_centrality": 0.045454545454545456,
      "cpd": {
        "values": [
          0.7679615286089844,
          0.3119385207843822,
          0.23203847139101566,
          0.6880614792156178
        ],
        "evidence": [
          4
        ],
        "evidence_card": [
          2
        ]
      }
    },
    "12": {
      "type": "leaf",
      "in_degree": 1,
      "out_degree": 0,
      "betweenness": 0.0,
      "closeness": 0.07272727272727274,
      "pagerank": 0.0383855355525749,
      "degree_centrality": 0.045454545454545456,
      "cpd": {
        "values": [
          0.6489093310622817,
          0.6548769372293292,
          0.35109066893771834,
          0.34512306277067084
        ],
        "evidence": [
          4
        ],
        "evidence_card": [
          2
        ]
      }
    },
    "13": {
      "type": "leaf",
      "in_degree": 2,
      "out_degree": 0,
      "betweenness": 0.0,
      "closeness": 0.13636363636363635,
      "pagerank": 0.051249091261675817,
      "degree_centrality": 0.09090909090909091,
      "cpd": {
        "values": [
          0.002598015716050605,
          0.7343967157542276,
          0.26516852862413665,
          0.3958061527234927
        ],
        "evidence": [
          14,
          4
        ],
        "evidence_card": [
          2,
          2
        ]
      }
    },
    "14": {
      "type": "intermediate",
      "in_degree": 1,
      "out_degree": 3,
      "betweenness": 0.02813852813852814,
      "closeness": 0.06060606060606061,
      "pagerank": 0.045401892533849963,
      "degree_centrality": 0.18181818181818182,
      "cpd": {
        "values": [
          0.542859799624844,
          0.5361800260038765,
          0.457140200375156,
          0.4638199739961235
        ],
        "evidence": [
          1
        ],
        "evidence_card": [
          2
        ]
      }
    },
    "15": {
      "type": "intermediate",
      "in_degree": 1,
      "out_degree": 2,
      "betweenness": 0.012987012987012988,
      "closeness": 0.06818181818181818,
      "pagerank": 0.04114023732588791,
      "degree_centrality": 0.13636363636363635,