{
  "graph_index": 395,
  "nodes": {
    "0": {
      "type": "root",
      "in_degree": 0,
      "out_degree": 1,
      "betweenness": 0.0,
      "closeness": 0.0,
      "pagerank": 0.020973948881698793,
      "degree_centrality": 0.03225806451612903,
      "cpd": {
        "values": [
          0.5,
          0.5,
          0.0,
          0.0
        ],
        "evidence": [],
        "evidence_card": []
      }
    },
    "1": {
      "type": "intermediate",
      "in_degree": 1,
      "out_degree": 3,
      "betweenness": 0.03225806451612903,
      "closeness": 0.03225806451612903,
      "pagerank": 0.03880128258764129,
      "degree_centrality": 0.12903225806451613,
      "cpd": {
        "values": [
          0.7974790927364792,
          0.19106821219657724,
          0.20252090726352082,
          0.8089317878034228
        ],
        "evidence": [
          0
        ],
        "evidence_card": [
          2
        ]
      }
    },
    "2": {
      "type": "intermediate",
      "in_degree": 1,
      "out_degree": 4,
      "betweenness": 0.02795698924731183,
      "closeness": 0.04301075268817204,
      "pagerank": 0.03196747746913543,
      "degree_centrality": 0.16129032258064516,
      "cpd": {
        "values": [
          0.6851596154453754,
          0.4668527899920352,
          0.31484038455462454,
          0.5331472100079648
        ],
        "evidence": [
          1
        ],
        "evidence_card": [
          2
        ]
      }
    },
    "3": {
      "type": "intermediate",
      "in_degree": 1,
      "out_degree": 3,
      "betweenness": 0.015053763440860214,
      "closeness": 0.04301075268817204,
      "pagerank": 0.03196747746913543,
      "degree_centrality": 0.12903225806451613,
      "cpd": {
        "values": [
          0.3646961924712171,
          0.07152303393331443,
          0.6353038075287829,
          0.9284769660666856
        ],
        "evidence": [
          1
        ],
        "evidence_card": [
          2
        ]
      }
    },
    "4": {
      "type": "intermediate",
      "in_degree": 1,
      "out_degree": 3,
      "betweenness": 0.015053763440860214,
      "closeness": 0.04301075268817204,
      "pagerank": 0.03196747746913543,
      "degree_centrality": 0.12903225806451613,
      "cpd": {
        "values": [
          0.09689757706079229,
          0.599577327966294,
          0.9031024229392077,
          0.4004226720337061
        ],
        "evidence": [
          1
        ],
        "evidence_card": [
          2
        ]
      }
    },
    "5": {
      "type": "intermediate",
      "in_degree": 1,
      "out_degree": 2,
      "betweenness": 0.004301075268817204,
      "closeness": 0.04838709677419355,
      "pagerank": 0.030031373458603735,
      "degree_centrality": 0.0967741935483871,
      "cpd": {
        "values": [
          0.32532176102411625,
          0.9425775183936728,
          0.6746782389758837,
          0.05742248160632717
        ],
        "evidence": [
          4
        ],
        "evidence_card": [
          2
        ]
      }
    },
    "6": {
      "type": "intermediate",
      "in_degree": 1,
      "out_degree": 3,
      "betweenness": 0.00967741935483871,
      "closeness": 0.04838709677419355,
      "pagerank": 0.030031373458603735,
      "degree_centrality": 0.12903225806451613,
      "cpd": {
        "values": [
          0.9152674404207729,
          0.5459971339252907,
          0.0847325595792271,
          0.4540028660747092
        ],
        "evidence": [
          4
        ],
        "evidence_card": [
          2
        ]
      }
    },
    "7": {
      "type": "leaf",
      "in_degree": 1,
      "out_degree": 0,
      "betweenness": 0.0,
      "closeness": 0.05161290322580645,
      "pagerank": 0.029482594663570203,
      "degree_centrality": 0.03225806451612903,
      "cpd": {
        "values": [
          0.1668505017856923,
          0.14722043823655467,
          0.8331494982143077,
          0.8527795617634453
        ],
        "evidence": [
          6
        ],
        "evidence_card": [
          2
        ]
      }
    },
    "8": {
      "type": "leaf",
      "in_degree": 1,
      "out_degree": 0,
      "betweenness": 0.0,
      "closeness": 0.05161290322580645,
      "pagerank": 0.029482594663570203,
      "degree_centrality": 0.03225806451612903,
      "cpd": {
        "values": [
          0.5347433071400178,
          0.14992880080642434,
          0.4652566928599821,
          0.8500711991935757
        ],
        "evidence": [
          6
        ],
        "evidence_card": [
          2
        ]
      }
    },
    "9": {
      "type": "leaf",
      "in_degree": 1,
      "out_degree": 0,
      "betweenness": 0.0,
      "closeness": 0.05161290322580645,
      "pagerank": 0.029482594663570203,
      "degree_centrality": 0.03225806451612903,
      "cpd": {
        "values": [
          0.898410216620299,
          0.8570935724014054,
          0.10158978337970105,
          0.14290642759859454
        ],
        "evidence": [
          6
        ],
        "evidence_card": [
          2
        ]
      }
    },
    "10": {
      "type": "leaf",
      "in_degree": 1,
      "out_degree": 0,
      "betweenness": 0.0,
      "closeness": 0.05161290322580645,
      "pagerank": 0.03373691755450591,
      "degree_centrality": 0.03225806451612903,
      "cpd": {
        "values": [
          0.2010328548754006,
          0.37236690039301384,
          0.7989671451245994,
          0.6276330996069861
        ],
        "evidence": [
          5
        ],
        "evidence_card": [
          2
        ]
      }
    },
    "11": {
      "type": "leaf",
      "in_degree": 2,
      "out_degree": 0,
      "betweenness": 0.0,
      "closeness": 0.08960573476702509,
      "pagerank": 0.042794342131410854,
      "degree_centrality": 0.06451612903225806,
      "cpd": {
        "values": [
          0.43490702063446496,
          0.4665744676060311,
          0.2969253640581764,
          0.5197993697181879
        ],
        "evidence": [
          3,
          5
        ],
        "evidence_card": [
          2,
          2
        ]
      }
    },
    "12": {
      "type": "intermediate",
      "in_degree": 1,
      "out_degree": 4,
      "betweenness": 0.010752688172043012,
      "closeness": 0.04838709677419355,
      "pagerank": 0.030031373458603735,
      "degree_centrality": 0.16129032258064516,
      "cpd": {
        "values": [
          0.4655854921648411,
          0.34467007128298877,
          0.5344145078351589,
          0.6553299287170112
        ],
        "evidence": [
          3
        ],
        "evidence_card": [
          2
        ]
      }
    },
    "13": {
      "type": "intermediate",
      "in_degree": 1,
      "out_degree": 1,
      "betweenness": 0.0032258064516129032,
      "closeness": 0.04838709677419355,
      "pagerank": 0.030031373458603735,
      "degree_centrality": 0.06451612903225806,
      "cpd": {
        "values": [
          0.8446746179037693,
          0.7968118326767321,
          0.15532538209623076,
          0.2031881673232679
        ],
        "evidence": [
          3
        ],
        "evidence_card": [
          2
        ]
      }
    },
    "14": {
      "type": "leaf",
      "in_degree": 1,
      "out_degree": 0,
      "betweenness": 0.0,
      "closeness": 0.05161290322580645,
      "pagerank": 0.046499886227313034,
      "degree_centrality": 0.03225806451612903,
      "cpd": {
        "values": [
          0.4669192092510781,
          0.6468115964541824,
          0.5330807907489219,
          0.35318840354581754
        ],
        "evidence": [
          13
        ],
        "evidence_card": [
          2
        ]
      }
    },
    "15": {
      "type": "leaf",
      "in_degree": 1,
      "out_degree": 0,
      "betweenness": 0.0,
      "closeness": 0.05161290322580645,
      "pagerank": 0.027355433218102354,
      "degree_centrality": 0.03225806451612903,