{
  "graph_index": 6741,
  "nodes": {
    "0": {
      "type": "root",
      "in_degree": 0,
      "out_degree": 1,
      "betweenness": 0.0,
      "closeness": 0.0,
      "pagerank": 0.061851230786172044,
      "degree_centrality": 0.14285714285714285,
      "cpd": {
        "values": [
          0.5,
          0.5,
          0.0,
          0.0
        ],
        "evidence": [],
        "evidence_card": []
      }
    },
    "1": {
      "type": "intermediate",
      "in_degree": 1,
      "out_degree": 1,
      "betweenness": 0.14285714285714285,
      "closeness": 0.14285714285714285,
      "pagerank": 0.1144248816987948,
      "degree_centrality": 0.2857142857142857,
      "cpd": {
        "values": [
          0.8863718289907018,
          0.8775847725461624,
          0.11362817100929827,
          0.12241522745383764
        ],
        "evidence": [
          0
        ],
        "evidence_card": [
          2
        ]
      }
    },
    "2": {
      "type": "intermediate",
      "in_degree": 1,
      "out_degree": 2,
      "betweenness": 0.23809523809523808,
      "closeness": 0.19047619047619047,
      "pagerank": 0.15911428244223497,
      "degree_centrality": 0.42857142857142855,
      "cpd": {
        "values": [
          0.07725353571835941,
          0.2341731173528082,
          0.9227464642816406,
          0.7658268826471918
        ],
        "evidence": [
          1
        ],
        "evidence_card": [
          2
        ]
      }
    },
    "3": {
      "type": "intermediate",
      "in_degree": 1,
      "out_degree": 1,
      "betweenness": 0.07142857142857142,
      "closeness": 0.21428571428571427,
      "pagerank": 0.12947533931547328,
      "degree_centrality": 0.2857142857142857,
      "cpd": {
        "values": [
          0.12006198697032382,
          0.448410143387289,
          0.8799380130296762,
          0.551589856612711
        ],
        "evidence": [
          2
        ],
        "evidence_card": [
          2
        ]
      }
    },
    "4": {
      "type": "intermediate",
      "in_degree": 1,
      "out_degree": 2,
      "betweenness": 0.14285714285714285,
      "closeness": 0.21428571428571427,
      "pagerank": 0.12947533931547328,
      "degree_centrality": 0.42857142857142855,
      "cpd": {
        "values": [
          0.5170533190129016,
          0.5012477822849004,
          0.48294668098709836,
          0.49875221771509964
        ],
        "evidence": [
          2
        ],
        "evidence_card": [
          2
        ]
      }
    },
    "5": {
      "type": "leaf",
      "in_degree": 1,
      "out_degree": 0,
      "betweenness": 0.0,
      "closeness": 0.22857142857142856,
      "pagerank": 0.11687753930700592,
      "degree_centrality": 0.14285714285714285,
      "cpd": {
        "values": [
          0.12119091078745682,
          0.8791623081488309,
          0.8788090892125432,
          0.12083769185116909
        ],
        "evidence": [
          4
        ],
        "evidence_card": [
          2
        ]
      }
    },
    "6": {
      "type": "leaf",
      "in_degree": 1,
      "out_degree": 0,
      "betweenness": 0.0,
      "closeness": 0.22857142857142856,
      "pagerank": 0.11687753930700592,
      "degree_centrality": 0.14285714285714285,
      "cpd": {
        "values": [
          0.5159249912277099,
          0.3088615784877549,
          0.48407500877229004,
          0.691138421512245
        ],
        "evidence": [
          4
        ],
        "evidence_card": [
          2
        ]
      }
    },
    "7": {
      "type": "leaf",
      "in_degree": 1,
      "out_degree": 0,
      "betweenness": 0.0,
      "closeness": 0.22857142857142856,
      "pagerank": 0.1719038478278398,
      "degree_centrality": 0.14285714285714285,
      "cpd": {
        "values": [
          0.49438910894279453,
          0.5534023349941196,
          0.5056108910572055,
          0.44659766500588044
        ],
        "evidence": [
          3
        ],
        "evidence_card": [
          2
        ]
      }
    }
  },
  "edges": [
    [
      0,
      1
    ],
    [
      1,
      2
    ],
    [
      2,
      3
    ],
    [
      2,
      4
    ],
    [
      3,
      7
    ],
    [
      4,
      5
    ],
    [
      4,
      6
    ]
  ]
}