{
  "graph_index": 8286,
  "nodes": {
    "0": {
      "type": "root",
      "in_degree": 0,
      "out_degree": 1,
      "betweenness": 0.0,
      "closeness": 0.0,
      "pagerank": 0.024679507211487543,
      "degree_centrality": 0.038461538461538464,
      "cpd": {
        "values": [
          0.5,
          0.5,
          0.0,
          0.0
        ],
        "evidence": [],
        "evidence_card": []
      }
    },
    "1": {
      "type": "intermediate",
      "in_degree": 1,
      "out_degree": 3,
      "betweenness": 0.038461538461538464,
      "closeness": 0.038461538461538464,
      "pagerank": 0.045656606737193836,
      "degree_centrality": 0.15384615384615385,
      "cpd": {
        "values": [
          0.5568398477819629,
          0.4560158771216457,
          0.44316015221803706,
          0.5439841228783543
        ],
        "evidence": [
          0
        ],
        "evidence_card": [
          2
        ]
      }
    },
    "2": {
      "type": "intermediate",
      "in_degree": 1,
      "out_degree": 2,
      "betweenness": 0.00923076923076923,
      "closeness": 0.05128205128205128,
      "pagerank": 0.03761529364176138,
      "degree_centrality": 0.11538461538461539,
      "cpd": {
        "values": [
          0.5621969148441418,
          0.4001240059825791,
          0.4378030851558582,
          0.5998759940174209
        ],
        "evidence": [
          1
        ],
        "evidence_card": [
          2
        ]
      }
    },
    "3": {
      "type": "intermediate",
      "in_degree": 1,
      "out_degree": 4,
      "betweenness": 0.027692307692307693,
      "closeness": 0.05128205128205128,
      "pagerank": 0.03761529364176138,
      "degree_centrality": 0.19230769230769232,
      "cpd": {
        "values": [
          0.5709116928810045,
          0.5473244443979697,
          0.42908830711899554,
          0.4526755556020303
        ],
        "evidence": [
          1
        ],
        "evidence_card": [
          2
        ]
      }
    },
    "4": {
      "type": "intermediate",
      "in_degree": 1,
      "out_degree": 3,
      "betweenness": 0.03076923076923077,
      "closeness": 0.05128205128205128,
      "pagerank": 0.03761529364176138,
      "degree_centrality": 0.15384615384615385,
      "cpd": {
        "values": [
          0.47008177199799595,
          0.41583356947157124,
          0.529918228002004,
          0.5841664305284288
        ],
        "evidence": [
          1
        ],
        "evidence_card": [
          2
        ]
      }
    },
    "5": {
      "type": "intermediate",
      "in_degree": 1,
      "out_degree": 4,
      "betweenness": 0.015384615384615385,
      "closeness": 0.057692307692307696,
      "pagerank": 0.03533711354251786,
      "degree_centrality": 0.19230769230769232,
      "cpd": {
        "values": [
          0.4924327838702887,
          0.2063585141679767,
          0.5075672161297112,
          0.7936414858320232
        ],
        "evidence": [
          4
        ],
        "evidence_card": [
          2
        ]
      }
    },
    "6": {
      "type": "intermediate",
      "in_degree": 1,
      "out_degree": 4,
      "betweenness": 0.01846153846153846,
      "closeness": 0.057692307692307696,
      "pagerank": 0.03533711354251786,
      "degree_centrality": 0.19230769230769232,
      "cpd": {
        "values": [
          0.6185502914728019,
          0.4822842475457345,
          0.38144970852719806,
          0.5177157524542655
        ],
        "evidence": [
          4
        ],
        "evidence_card": [
          2
        ]
      }
    },
    "7": {
      "type": "leaf",
      "in_degree": 1,
      "out_degree": 0,
      "betweenness": 0.0,
      "closeness": 0.06153846153846154,
      "pagerank": 0.03218846871638357,
      "degree_centrality": 0.038461538461538464,
      "cpd": {
        "values": [
          0.6372219339637092,
          0.3470326211007907,
          0.3627780660362908,
          0.6529673788992093
        ],
        "evidence": [
          6
        ],
        "evidence_card": [
          2
        ]
      }
    },
    "8": {
      "type": "leaf",
      "in_degree": 1,
      "out_degree": 0,
      "betweenness": 0.0,
      "closeness": 0.06153846153846154,
      "pagerank": 0.03218846871638357,
      "degree_centrality": 0.038461538461538464,
      "cpd": {
        "values": [
          0.15412664321311112,
          0.7664266619487267,
          0.8458733567868889,
          0.23357333805127337
        ],
        "evidence": [
          6
        ],
        "evidence_card": [
          2
        ]
      }
    },
    "9": {
      "type": "leaf",
      "in_degree": 1,
      "out_degree": 0,
      "betweenness": 0.0,
      "closeness": 0.06153846153846154,
      "pagerank": 0.03218846871638357,
      "degree_centrality": 0.038461538461538464,
      "cpd": {
        "values": [
          0.16634594544462675,
          0.3344636348594105,
          0.8336540545553732,
          0.6655363651405894
        ],
        "evidence": [
          6
        ],
        "evidence_card": [
          2
        ]
      }
    },
    "10": {
      "type": "leaf",
      "in_degree": 1,
      "out_degree": 0,
      "betweenness": 0.0,
      "closeness": 0.06153846153846154,
      "pagerank": 0.03218846871638357,
      "degree_centrality": 0.038461538461538464,
      "cpd": {
        "values": [
          0.1087947070525356,
          0.2633805715954832,
          0.8912052929474644,
          0.7366194284045168
        ],
        "evidence": [
          6
        ],
        "evidence_card": [
          2
        ]
      }
    },
    "11": {
      "type": "leaf",
      "in_degree": 2,
      "out_degree": 0,
      "betweenness": 0.0,
      "closeness": 0.10683760683760685,
      "pagerank": 0.040181673464656315,
      "degree_centrality": 0.07692307692307693,
      "cpd": {
        "values": [
          0.3244693318655497,
          0.20430370366243716,
          0.6103882717583873,
          0.9249456436631642
        ],
        "evidence": [
          3,
          5
        ],
        "evidence_card": [
          2,
          2
        ]
      }
    },
    "12": {
      "type": "leaf",
      "in_degree": 1,
      "out_degree": 0,
      "betweenness": 0.0,
      "closeness": 0.06153846153846154,
      "pagerank": 0.03218846871638357,
      "degree_centrality": 0.038461538461538464,
      "cpd": {
        "values": [
          0.894217709804587,
          0.4793511537339129,
          0.10578229019541291,
          0.5206488462660871
        ],
        "evidence": [
          5
        ],
        "evidence_card": [
          2
        ]
      }
    },
    "13": {
      "type": "leaf",
      "in_degree": 1,
      "out_degree": 0,
      "betweenness": 0.0,
      "closeness": 0.06153846153846154,
      "pagerank": 0.03218846871638357,
      "degree_centrality": 0.038461538461538464,
      "cpd": {
        "values": [
          0.3649637863578922,
          0.44089344890432997,
          0.6350362136421078,
          0.5591065510956701
        ],
        "evidence": [
          5
        ],
        "evidence_card": [
          2
        ]
      }
    },
    "14": {
      "type": "leaf",
      "in_degree": 1,
      "out_degree": 0,
      "betweenness": 0.0,
      "closeness": 0.06153846153846154,
      "pagerank": 0.03218846871638357,
      "degree_centrality": 0.038461538461538464,
      "cpd": {
        "values": [
          0.44448908037691515,
          0.2926534854467965,
          0.555510919623085,
          0.7073465145532036
        ],
        "evidence": [
          5
        ],
        "evidence_card": [
          2
        ]
      }
    },
    "15": {
      "type": "intermediate",
      "in_degree": 1,
      "out_degree": 1,
      "betweenness": 0.004615384615384615,
      "closeness": 0.057692307692307696,
      "pagerank": 0.03267271195976028,
      "degree_centrality": 0.07692307692307693,