{
  "graph_index": 7265,
  "nodes": {
    "0": {
      "type": "root",
      "in_degree": 0,
      "out_degree": 2,
      "betweenness": 0.0,
      "closeness": 0.0,
      "pagerank": 0.02040012186804041,
      "degree_centrality": 0.0625,
      "cpd": {
        "values": [
          0.5,
          0.5,
          0.0,
          0.0
        ],
        "evidence": [],
        "evidence_card": []
      }
    },
    "1": {
      "type": "intermediate",
      "in_degree": 1,
      "out_degree": 4,
      "betweenness": 0.019153225806451613,
      "closeness": 0.03125,
      "pagerank": 0.029069708617131613,
      "degree_centrality": 0.15625,
      "cpd": {
        "values": [
          0.8494671037188627,
          0.8140629969253428,
          0.15053289628113728,
          0.18593700307465716
        ],
        "evidence": [
          0
        ],
        "evidence_card": [
          2
        ]
      }
    },
    "2": {
      "type": "intermediate",
      "in_degree": 1,
      "out_degree": 3,
      "betweenness": 0.011088709677419355,
      "closeness": 0.03125,
      "pagerank": 0.029069708617131613,
      "degree_centrality": 0.125,
      "cpd": {
        "values": [
          0.14516448610583535,
          0.652899733208439,
          0.8548355138941648,
          0.34710026679156103
        ],
        "evidence": [
          0
        ],
        "evidence_card": [
          2
        ]
      }
    },
    "3": {
      "type": "intermediate",
      "in_degree": 1,
      "out_degree": 1,
      "betweenness": 0.005040322580645161,
      "closeness": 0.041666666666666664,
      "pagerank": 0.028636156825665202,
      "degree_centrality": 0.0625,
      "cpd": {
        "values": [
          0.18732109200781785,
          0.5584230734468544,
          0.8126789079921821,
          0.4415769265531458
        ],
        "evidence": [
          2
        ],
        "evidence_card": [
          2
        ]
      }
    },
    "4": {
      "type": "intermediate",
      "in_degree": 1,
      "out_degree": 3,
      "betweenness": 0.01814516129032258,
      "closeness": 0.041666666666666664,
      "pagerank": 0.028636156825665202,
      "degree_centrality": 0.125,
      "cpd": {
        "values": [
          0.2514038572049869,
          0.8768228728131088,
          0.748596142795013,
          0.12317712718689125
        ],
        "evidence": [
          2
        ],
        "evidence_card": [
          2
        ]
      }
    },
    "5": {
      "type": "intermediate",
      "in_degree": 1,
      "out_degree": 4,
      "betweenness": 0.010080645161290322,
      "closeness": 0.046875,
      "pagerank": 0.028514022832569288,
      "degree_centrality": 0.15625,
      "cpd": {
        "values": [
          0.07132519461546419,
          0.9623213517137237,
          0.9286748053845358,
          0.03767864828627627
        ],
        "evidence": [
          4
        ],
        "evidence_card": [
          2
        ]
      }
    },
    "6": {
      "type": "intermediate",
      "in_degree": 1,
      "out_degree": 3,
      "betweenness": 0.00907258064516129,
      "closeness": 0.046875,
      "pagerank": 0.028514022832569288,
      "degree_centrality": 0.125,
      "cpd": {
        "values": [
          0.7612893547833735,
          0.3507009440652818,
          0.23871064521662655,
          0.6492990559347183
        ],
        "evidence": [
          4
        ],
        "evidence_card": [
          2
        ]
      }
    },
    "7": {
      "type": "leaf",
      "in_degree": 1,
      "out_degree": 0,
      "betweenness": 0.0,
      "closeness": 0.05,
      "pagerank": 0.028478843827392568,
      "degree_centrality": 0.03125,
      "cpd": {
        "values": [
          0.7421717259999581,
          0.4487371798717245,
          0.257828274000042,
          0.5512628201282755
        ],
        "evidence": [
          6
        ],
        "evidence_card": [
          2
        ]
      }
    },
    "8": {
      "type": "leaf",
      "in_degree": 1,
      "out_degree": 0,
      "betweenness": 0.0,
      "closeness": 0.05,
      "pagerank": 0.028478843827392568,
      "degree_centrality": 0.03125,
      "cpd": {
        "values": [
          0.3209487199953097,
          0.20607381499467245,
          0.6790512800046903,
          0.7939261850053275
        ],
        "evidence": [
          6
        ],
        "evidence_card": [
          2
        ]
      }
    },
    "9": {
      "type": "leaf",
      "in_degree": 1,
      "out_degree": 0,
      "betweenness": 0.0,
      "closeness": 0.05,
      "pagerank": 0.028478843827392568,
      "degree_centrality": 0.03125,
      "cpd": {
        "values": [
          0.4001349312109797,
          0.6160698244880266,
          0.5998650687890204,
          0.3839301755119734
        ],
        "evidence": [
          6
        ],
        "evidence_card": [
          2
        ]
      }
    },
    "10": {
      "type": "leaf",
      "in_degree": 1,
      "out_degree": 0,
      "betweenness": 0.0,
      "closeness": 0.05,
      "pagerank": 0.026459163337554527,
      "degree_centrality": 0.03125,
      "cpd": {
        "values": [
          0.7512223304338586,
          0.4788271610463219,
          0.24877766956614142,
          0.5211728389536782
        ],
        "evidence": [
          5
        ],
        "evidence_card": [
          2
        ]
      }
    },
    "11": {
      "type": "leaf",
      "in_degree": 2,
      "out_degree": 0,
      "betweenness": 0.0,
      "closeness": 0.09375,
      "pagerank": 0.03775469860992232,
      "degree_centrality": 0.0625,
      "cpd": {
        "values": [
          0.45133374428271245,
          0.6814258663837737,
          0.7563224559102762,
          0.4669867937810682
        ],
        "evidence": [
          20,
          5
        ],
        "evidence_card": [
          2,
          2
        ]
      }
    },
    "12": {
      "type": "leaf",
      "in_degree": 1,
      "out_degree": 0,
      "betweenness": 0.0,
      "closeness": 0.05,
      "pagerank": 0.026459163337554527,
      "degree_centrality": 0.03125,
      "cpd": {
        "values": [
          0.6942234113535405,
          0.42115264298783345,
          0.30577658864645946,
          0.5788473570121666
        ],
        "evidence": [
          5
        ],
        "evidence_card": [
          2
        ]
      }
    },
    "13": {
      "type": "leaf",
      "in_degree": 2,
      "out_degree": 0,
      "betweenness": 0.0,
      "closeness": 0.08680555555555555,
      "pagerank": 0.03263618955577312,
      "degree_centrality": 0.0625,
      "cpd": {
        "values": [
          0.9243986253469504,
          0.5367258019418882,
          0.26088954383466295,
          0.589172102851233
        ],
        "evidence": [
          1,
          5
        ],
        "evidence_card": [
          2,
          2
        ]
      }
    },
    "14": {
      "type": "intermediate",
      "in_degree": 2,
      "out_degree": 4,
      "betweenness": 0.015120967741935484,
      "closeness": 0.08333333333333333,
      "pagerank": 0.05091885097984564,
      "degree_centrality": 0.1875,
      "cpd": {
        "values": [
          0.5632149756619277,
          0.4367913872257779,
          0.334531877403244,
          0.4553209012378724
        ],
        "evidence": [
          1,
          3
        ],
        "evidence_card": [
          2,
          2
        ]
      }
    },
    "15": {
      "type": "leaf",
      "in_degree": 2,
      "out_degree": 0,
      "betweenness": 0.0,
      "closeness": 0.09375,
      "pagerank": 0.03875099063737505,
      "degree_centrality": 0.0625,
      "cpd": {
        "values": [
          0.8142129012255443,
          0.5883091866128668,
          0.8615830558922538,
          0.6333784694063801
        ],
        "evidence": [
          19,
          14
        ],
        "evidence_card": [
          2,
          2
        ]
      }
    },
    "16": {
      "type": "leaf",