{
  "graph_index": 7891,
  "nodes": {
    "0": {
      "type": "root",
      "in_degree": 0,
      "out_degree": 1,
      "betweenness": 0.0,
      "closeness": 0.0,
      "pagerank": 0.0241492344448127,
      "degree_centrality": 0.037037037037037035,
      "cpd": {
        "values": [
          0.5,
          0.5,
          0.0,
          0.0
        ],
        "evidence": [],
        "evidence_card": []
      }
    },
    "1": {
      "type": "intermediate",
      "in_degree": 1,
      "out_degree": 2,
      "betweenness": 0.03703703703703704,
      "closeness": 0.037037037037037035,
      "pagerank": 0.04467544720204773,
      "degree_centrality": 0.1111111111111111,
      "cpd": {
        "values": [
          0.32011869630719425,
          0.4239218927383843,
          0.6798813036928057,
          0.5760781072616157
        ],
        "evidence": [
          0
        ],
        "evidence_card": [
          2
        ]
      }
    },
    "2": {
      "type": "intermediate",
      "in_degree": 1,
      "out_degree": 5,
      "betweenness": 0.03133903133903134,
      "closeness": 0.04938271604938271,
      "pagerank": 0.0431357531983564,
      "degree_centrality": 0.2222222222222222,
      "cpd": {
        "values": [
          0.3989524118794315,
          0.256881783720525,
          0.6010475881205685,
          0.743118216279475
        ],
        "evidence": [
          1
        ],
        "evidence_card": [
          2
        ]
      }
    },
    "3": {
      "type": "intermediate",
      "in_degree": 1,
      "out_degree": 4,
      "betweenness": 0.03703703703703704,
      "closeness": 0.04938271604938271,
      "pagerank": 0.0431357531983564,
      "degree_centrality": 0.18518518518518517,
      "cpd": {
        "values": [
          0.494002036315229,
          0.31726233320701336,
          0.505997963684771,
          0.6827376667929866
        ],
        "evidence": [
          1
        ],
        "evidence_card": [
          2
        ]
      }
    },
    "4": {
      "type": "intermediate",
      "in_degree": 1,
      "out_degree": 4,
      "betweenness": 0.017094017094017096,
      "closeness": 0.05555555555555555,
      "pagerank": 0.0333157625939796,
      "degree_centrality": 0.18518518518518517,
      "cpd": {
        "values": [
          0.49489348513407183,
          0.239418042928851,
          0.5051065148659282,
          0.760581957071149
        ],
        "evidence": [
          3
        ],
        "evidence_card": [
          2
        ]
      }
    },
    "5": {
      "type": "intermediate",
      "in_degree": 1,
      "out_degree": 2,
      "betweenness": 0.008547008547008548,
      "closeness": 0.05555555555555555,
      "pagerank": 0.0333157625939796,
      "degree_centrality": 0.1111111111111111,
      "cpd": {
        "values": [
          0.12548099696205006,
          0.31053371672020524,
          0.8745190030379498,
          0.6894662832797946
        ],
        "evidence": [
          3
        ],
        "evidence_card": [
          2
        ]
      }
    },
    "6": {
      "type": "intermediate",
      "in_degree": 1,
      "out_degree": 4,
      "betweenness": 0.014245014245014245,
      "closeness": 0.05555555555555555,
      "pagerank": 0.0333157625939796,
      "degree_centrality": 0.18518518518518517,
      "cpd": {
        "values": [
          0.27339168350668636,
          0.7747314496754165,
          0.7266083164933137,
          0.22526855032458348
        ],
        "evidence": [
          3
        ],
        "evidence_card": [
          2
        ]
      }
    },
    "7": {
      "type": "leaf",
      "in_degree": 2,
      "out_degree": 0,
      "betweenness": 0.0,
      "closeness": 0.102880658436214,
      "pagerank": 0.038561851717444556,
      "degree_centrality": 0.07407407407407407,
      "cpd": {
        "values": [
          0.7494252021704082,
          0.6667596637228386,
          0.9077669644567294,
          0.19146865944938005
        ],
        "evidence": [
          2,
          6
        ],
        "evidence_card": [
          2,
          2
        ]
      }
    },
    "8": {
      "type": "leaf",
      "in_degree": 1,
      "out_degree": 0,
      "betweenness": 0.0,
      "closeness": 0.05925925925925926,
      "pagerank": 0.03122862919811103,
      "degree_centrality": 0.037037037037037035,
      "cpd": {
        "values": [
          0.4026432904836504,
          0.47236108387511994,
          0.5973567095163497,
          0.5276389161248801
        ],
        "evidence": [
          6
        ],
        "evidence_card": [
          2
        ]
      }
    },
    "9": {
      "type": "leaf",
      "in_degree": 1,
      "out_degree": 0,
      "betweenness": 0.0,
      "closeness": 0.05925925925925926,
      "pagerank": 0.03122862919811103,
      "degree_centrality": 0.037037037037037035,
      "cpd": {
        "values": [
          0.6656299048176391,
          0.25624614128220796,
          0.33437009518236094,
          0.743753858717792
        ],
        "evidence": [
          6
        ],
        "evidence_card": [
          2
        ]
      }
    },
    "10": {
      "type": "leaf",
      "in_degree": 1,
      "out_degree": 0,
      "betweenness": 0.0,
      "closeness": 0.05925925925925926,
      "pagerank": 0.03122862919811103,
      "degree_centrality": 0.037037037037037035,
      "cpd": {
        "values": [
          0.49967675288775854,
          0.5450258591694432,
          0.5003232471122415,
          0.4549741408305566
        ],
        "evidence": [
          6
        ],
        "evidence_card": [
          2
        ]
      }
    },
    "11": {
      "type": "leaf",
      "in_degree": 1,
      "out_degree": 0,
      "betweenness": 0.0,
      "closeness": 0.05925925925925926,
      "pagerank": 0.03830802395140936,
      "degree_centrality": 0.037037037037037035,
      "cpd": {
        "values": [
          0.1105115440773061,
          0.8330787278198077,
          0.8894884559226939,
          0.16692127218019226
        ],
        "evidence": [
          5
        ],
        "evidence_card": [
          2
        ]
      }
    },
    "12": {
      "type": "leaf",
      "in_degree": 1,
      "out_degree": 0,
      "betweenness": 0.0,
      "closeness": 0.05925925925925926,
      "pagerank": 0.03830802395140936,
      "degree_centrality": 0.037037037037037035,
      "cpd": {
        "values": [
          0.2328582515886121,
          0.7331741511510276,
          0.7671417484113879,
          0.2668258488489724
        ],
        "evidence": [
          5
        ],
        "evidence_card": [
          2
        ]
      }
    },
    "13": {
      "type": "leaf",
      "in_degree": 1,
      "out_degree": 0,
      "betweenness": 0.0,
      "closeness": 0.05925925925925926,
      "pagerank": 0.03122862919811103,
      "degree_centrality": 0.037037037037037035,
      "cpd": {
        "values": [
          0.19659678389337323,
          0.5249276294909725,
          0.8034032161066268,
          0.4750723705090275
        ],
        "evidence": [
          4
        ],
        "evidence_card": [
          2
        ]
      }
    },
    "14": {
      "type": "leaf",
      "in_degree": 1,
      "out_degree": 0,
      "betweenness": 0.0,
      "closeness": 0.05925925925925926,
      "pagerank": 0.03122862919811103,
      "degree_centrality": 0.037037037037037035,
      "cpd": {
        "values": [
          0.7421485674818045,
          0.8319408838096553,
          0.2578514325181955,
          0.16805911619034472
        ],
        "evidence": [
          4
        ],
        "evidence_card": [
          2
        ]
      }
    },
    "15": {
      "type": "leaf",
      "in_degree": 1,
      "out_degree": 0,
      "betweenness": 0.0,
      "closeness": 0.05925925925925926,
      "pagerank": 0.03122862919811103,
      "degree_centrality": 0.037037037037037035,