{
  "graph_index": 185,
  "nodes": {
    "0": {
      "type": "root",
      "in_degree": 0,
      "out_degree": 1,
      "betweenness": 0.0,
      "closeness": 0.0,
      "pagerank": 0.06984373686140391,
      "degree_centrality": 0.16666666666666666,
      "cpd": {
        "values": [
          0.5,
          0.5,
          0.0,
          0.0
        ],
        "evidence": [],
        "evidence_card": []
      }
    },
    "1": {
      "type": "intermediate",
      "in_degree": 1,
      "out_degree": 1,
      "betweenness": 0.16666666666666666,
      "closeness": 0.16666666666666666,
      "pagerank": 0.12921091794545894,
      "degree_centrality": 0.3333333333333333,
      "cpd": {
        "values": [
          0.5911389602003944,
          0.3625285096646283,
          0.40886103979960564,
          0.6374714903353718
        ],
        "evidence": [
          0
        ],
        "evidence_card": [
          2
        ]
      }
    },
    "2": {
      "type": "intermediate",
      "in_degree": 1,
      "out_degree": 1,
      "betweenness": 0.26666666666666666,
      "closeness": 0.2222222222222222,
      "pagerank": 0.17967220533880993,
      "degree_centrality": 0.3333333333333333,
      "cpd": {
        "values": [
          0.6183498653282985,
          0.3217211378641016,
          0.38165013467170156,
          0.6782788621358984
        ],
        "evidence": [
          1
        ],
        "evidence_card": [
          2
        ]
      }
    },
    "3": {
      "type": "intermediate",
      "in_degree": 1,
      "out_degree": 3,
      "betweenness": 0.3,
      "closeness": 0.25,
      "pagerank": 0.2225634683884414,
      "degree_centrality": 0.6666666666666666,
      "cpd": {
        "values": [
          0.586803993636525,
          0.12802889936273032,
          0.4131960063634751,
          0.8719711006372697
        ],
        "evidence": [
          2
        ],
        "evidence_card": [
          2
        ]
      }
    },
    "4": {
      "type": "leaf",
      "in_degree": 1,
      "out_degree": 0,
      "betweenness": 0.0,
      "closeness": 0.26666666666666666,
      "pagerank": 0.13290322382196185,
      "degree_centrality": 0.16666666666666666,
      "cpd": {
        "values": [
          0.4753723110768226,
          0.43000794285728505,
          0.5246276889231773,
          0.569992057142715
        ],
        "evidence": [
          3
        ],
        "evidence_card": [
          2
        ]
      }
    },
    "5": {
      "type": "leaf",
      "in_degree": 1,
      "out_degree": 0,
      "betweenness": 0.0,
      "closeness": 0.26666666666666666,
      "pagerank": 0.13290322382196185,
      "degree_centrality": 0.16666666666666666,
      "cpd": {
        "values": [
          0.5501710185530071,
          0.559824865222521,
          0.4498289814469929,
          0.44017513477747905
        ],
        "evidence": [
          3
        ],
        "evidence_card": [
          2
        ]
      }
    },
    "6": {
      "type": "leaf",
      "in_degree": 1,
      "out_degree": 0,
      "betweenness": 0.0,
      "closeness": 0.26666666666666666,
      "pagerank": 0.13290322382196185,
      "degree_centrality": 0.16666666666666666,
      "cpd": {
        "values": [
          0.6575914957551079,
          0.14372100927718023,
          0.3424085042448921,
          0.8562789907228198
        ],
        "evidence": [
          3
        ],
        "evidence_card": [
          2
        ]
      }
    }
  },
  "edges": [
    [
      0,
      1
    ],
    [
      1,
      2
    ],
    [
      2,
      3
    ],
    [
      3,
      4
    ],
    [
      3,
      5
    ],
    [
      3,
      6
    ]
  ]
}