{
  "graph_index": 4584,
  "nodes": {
    "0": {
      "type": "root",
      "in_degree": 0,
      "out_degree": 1,
      "betweenness": 0.0,
      "closeness": 0.0,
      "pagerank": 0.04541797781189543,
      "degree_centrality": 0.08333333333333333,
      "cpd": {
        "values": [
          0.5,
          0.5,
          0.0,
          0.0
        ],
        "evidence": [],
        "evidence_card": []
      }
    },
    "1": {
      "type": "intermediate",
      "in_degree": 1,
      "out_degree": 1,
      "betweenness": 0.08333333333333334,
      "closeness": 0.08333333333333333,
      "pagerank": 0.08402285922791818,
      "degree_centrality": 0.16666666666666666,
      "cpd": {
        "values": [
          0.43666292469233065,
          0.6682114797370122,
          0.5633370753076693,
          0.3317885202629878
        ],
        "evidence": [
          0
        ],
        "evidence_card": [
          2
        ]
      }
    },
    "2": {
      "type": "intermediate",
      "in_degree": 1,
      "out_degree": 3,
      "betweenness": 0.15151515151515152,
      "closeness": 0.1111111111111111,
      "pagerank": 0.11683673008851464,
      "degree_centrality": 0.3333333333333333,
      "cpd": {
        "values": [
          0.3479699418164193,
          0.28102473808181516,
          0.6520300581835806,
          0.7189752619181848
        ],
        "evidence": [
          1
        ],
        "evidence_card": [
          2
        ]
      }
    },
    "3": {
      "type": "intermediate",
      "in_degree": 1,
      "out_degree": 3,
      "betweenness": 0.06818181818181818,
      "closeness": 0.125,
      "pagerank": 0.07852184918122883,
      "degree_centrality": 0.3333333333333333,
      "cpd": {
        "values": [
          0.300330626827262,
          0.9500985609661206,
          0.6996693731727379,
          0.049901439033879474
        ],
        "evidence": [
          2
        ],
        "evidence_card": [
          2
        ]
      }
    },
    "4": {
      "type": "intermediate",
      "in_degree": 1,
      "out_degree": 2,
      "betweenness": 0.045454545454545456,
      "closeness": 0.125,
      "pagerank": 0.07852184918122883,
      "degree_centrality": 0.25,
      "cpd": {
        "values": [
          0.7992575269099857,
          0.37726341458485557,
          0.20074247309001425,
          0.6227365854151445
        ],
        "evidence": [
          2
        ],
        "evidence_card": [
          2
        ]
      }
    },
    "5": {
      "type": "intermediate",
      "in_degree": 1,
      "out_degree": 2,
      "betweenness": 0.045454545454545456,
      "closeness": 0.125,
      "pagerank": 0.07852184918122883,
      "degree_centrality": 0.25,
      "cpd": {
        "values": [
          0.7776558741566237,
          0.9355297013755361,
          0.22234412584337634,
          0.06447029862446381
        ],
        "evidence": [
          2
        ],
        "evidence_card": [
          2
        ]
      }
    },
    "6": {
      "type": "leaf",
      "in_degree": 1,
      "out_degree": 0,
      "betweenness": 0.0,
      "closeness": 0.13333333333333333,
      "pagerank": 0.0787898179193483,
      "degree_centrality": 0.08333333333333333,
      "cpd": {
        "values": [
          0.31373469970375417,
          0.515825553758006,
          0.6862653002962459,
          0.484174446241994
        ],
        "evidence": [
          5
        ],
        "evidence_card": [
          2
        ]
      }
    },
    "7": {
      "type": "leaf",
      "in_degree": 1,
      "out_degree": 0,
      "betweenness": 0.0,
      "closeness": 0.13333333333333333,
      "pagerank": 0.0787898179193483,
      "degree_centrality": 0.08333333333333333,
      "cpd": {
        "values": [
          0.6843400514165173,
          0.490108702439993,
          0.3156599485834828,
          0.509891297560007
        ],
        "evidence": [
          5
        ],
        "evidence_card": [
          2
        ]
      }
    },
    "8": {
      "type": "leaf",
      "in_degree": 1,
      "out_degree": 0,
      "betweenness": 0.0,
      "closeness": 0.13333333333333333,
      "pagerank": 0.0787898179193483,
      "degree_centrality": 0.08333333333333333,
      "cpd": {
        "values": [
          0.8314906330055517,
          0.3650875373126728,
          0.16850936699444835,
          0.6349124626873272
        ],
        "evidence": [
          4
        ],
        "evidence_card": [
          2
        ]
      }
    },
    "9": {
      "type": "leaf",
      "in_degree": 1,
      "out_degree": 0,
      "betweenness": 0.0,
      "closeness": 0.13333333333333333,
      "pagerank": 0.0787898179193483,
      "degree_centrality": 0.08333333333333333,
      "cpd": {
        "values": [
          0.19368173011823897,
          0.7364144761980198,
          0.806318269881761,
          0.26358552380198014
        ],
        "evidence": [
          4
        ],
        "evidence_card": [
          2
        ]
      }
    },
    "10": {
      "type": "leaf",
      "in_degree": 1,
      "out_degree": 0,
      "betweenness": 0.0,
      "closeness": 0.13333333333333333,
      "pagerank": 0.06766587121686402,
      "degree_centrality": 0.08333333333333333,
      "cpd": {
        "values": [
          0.15592982519785684,
          0.5160988697693725,
          0.8440701748021431,
          0.4839011302306275
        ],
        "evidence": [
          3
        ],
        "evidence_card": [
          2
        ]
      }
    },
    "11": {
      "type": "leaf",
      "in_degree": 1,
      "out_degree": 0,
      "betweenness": 0.0,
      "closeness": 0.13333333333333333,
      "pagerank": 0.06766587121686402,
      "degree_centrality": 0.08333333333333333,
      "cpd": {
        "values": [
          0.41595484468462995,
          0.3980782303844727,
          0.58404515531537,
          0.6019217696155272
        ],
        "evidence": [
          3
        ],
        "evidence_card": [
          2
        ]
      }
    },
    "12": {
      "type": "leaf",
      "in_degree": 1,
      "out_degree": 0,
      "betweenness": 0.0,
      "closeness": 0.13333333333333333,
      "pagerank": 0.06766587121686402,
      "degree_centrality": 0.08333333333333333,
      "cpd": {
        "values": [
          0.600524543498647,
          0.39550490792062354,
          0.39947545650135285,
          0.6044950920793765
        ],
        "evidence": [
          3
        ],
        "evidence_card": [
          2
        ]
      }
    }
  },
  "edges": [
    [
      0,
      1
    ],
    [
      1,
      2
    ],
    [
      2,
      3
    ],
    [
      2,
      4
    ],
    [
      2,
      5
    ],
    [
      3,
      10
    ],
    [
      3,
      11
    ],
    [
      3,
      12
    ],
    [
      4,
      8
    ],
    [
      4,
      9
    ],
    [
      5,
      6
    ],
    [
      5,
      7
    ]
  ]
}