{
  "graph_index": 3265,
  "nodes": {
    "0": {
      "type": "root",
      "in_degree": 0,
      "out_degree": 1,
      "betweenness": 0.0,
      "closeness": 0.0,
      "pagerank": 0.019769891471677244,
      "degree_centrality": 0.02857142857142857,
      "cpd": {
        "values": [
          0.5,
          0.5,
          0.0,
          0.0
        ],
        "evidence": [],
        "evidence_card": []
      }
    },
    "1": {
      "type": "intermediate",
      "in_degree": 1,
      "out_degree": 2,
      "betweenness": 0.028571428571428574,
      "closeness": 0.02857142857142857,
      "pagerank": 0.03657383478614223,
      "degree_centrality": 0.08571428571428572,
      "cpd": {
        "values": [
          0.1753941629483183,
          0.463322004542942,
          0.8246058370516817,
          0.5366779954570579
        ],
        "evidence": [
          0
        ],
        "evidence_card": [
          2
        ]
      }
    },
    "2": {
      "type": "intermediate",
      "in_degree": 1,
      "out_degree": 4,
      "betweenness": 0.02689075630252101,
      "closeness": 0.03809523809523809,
      "pagerank": 0.03531364558569917,
      "degree_centrality": 0.14285714285714285,
      "cpd": {
        "values": [
          0.6329728236678674,
          0.3913287351494511,
          0.36702717633213255,
          0.6086712648505489
        ],
        "evidence": [
          1
        ],
        "evidence_card": [
          2
        ]
      }
    },
    "3": {
      "type": "intermediate",
      "in_degree": 1,
      "out_degree": 5,
      "betweenness": 0.02689075630252101,
      "closeness": 0.03809523809523809,
      "pagerank": 0.03531364558569917,
      "degree_centrality": 0.17142857142857143,
      "cpd": {
        "values": [
          0.8495967897908804,
          0.8420708963843521,
          0.1504032102091198,
          0.157929103615648
        ],
        "evidence": [
          1
        ],
        "evidence_card": [
          2
        ]
      }
    },
    "4": {
      "type": "intermediate",
      "in_degree": 1,
      "out_degree": 4,
      "betweenness": 0.010084033613445379,
      "closeness": 0.04285714285714286,
      "pagerank": 0.02577330283346216,
      "degree_centrality": 0.14285714285714285,
      "cpd": {
        "values": [
          0.7553084220067791,
          0.623368132115744,
          0.24469157799322094,
          0.37663186788425584
        ],
        "evidence": [
          3
        ],
        "evidence_card": [
          2
        ]
      }
    },
    "5": {
      "type": "intermediate",
      "in_degree": 1,
      "out_degree": 4,
      "betweenness": 0.010084033613445379,
      "closeness": 0.04285714285714286,
      "pagerank": 0.02577330283346216,
      "degree_centrality": 0.14285714285714285,
      "cpd": {
        "values": [
          0.49412135791036227,
          0.5234733829707056,
          0.5058786420896377,
          0.4765266170292945
        ],
        "evidence": [
          3
        ],
        "evidence_card": [
          2
        ]
      }
    },
    "6": {
      "type": "intermediate",
      "in_degree": 1,
      "out_degree": 2,
      "betweenness": 0.005042016806722689,
      "closeness": 0.04285714285714286,
      "pagerank": 0.02577330283346216,
      "degree_centrality": 0.08571428571428572,
      "cpd": {
        "values": [
          0.7129525431162601,
          0.3778497918231084,
          0.2870474568837397,
          0.6221502081768915
        ],
        "evidence": [
          3
        ],
        "evidence_card": [
          2
        ]
      }
    },
    "7": {
      "type": "intermediate",
      "in_degree": 1,
      "out_degree": 1,
      "betweenness": 0.0025210084033613447,
      "closeness": 0.04285714285714286,
      "pagerank": 0.02577330283346216,
      "degree_centrality": 0.05714285714285714,
      "cpd": {
        "values": [
          0.39033260311062057,
          0.22369750741304997,
          0.6096673968893795,
          0.77630249258695
        ],
        "evidence": [
          3
        ],
        "evidence_card": [
          2
        ]
      }
    },
    "8": {
      "type": "leaf",
      "in_degree": 1,
      "out_degree": 0,
      "betweenness": 0.0,
      "closeness": 0.045714285714285714,
      "pagerank": 0.041676812046535734,
      "degree_centrality": 0.02857142857142857,
      "cpd": {
        "values": [
          0.5144768579971205,
          0.520708921639862,
          0.4855231420028796,
          0.47929107836013796
        ],
        "evidence": [
          7
        ],
        "evidence_card": [
          2
        ]
      }
    },
    "9": {
      "type": "leaf",
      "in_degree": 1,
      "out_degree": 0,
      "betweenness": 0.0,
      "closeness": 0.045714285714285714,
      "pagerank": 0.03072335175910649,
      "degree_centrality": 0.02857142857142857,
      "cpd": {
        "values": [
          0.9425961354317435,
          0.582664443865059,
          0.057403864568256496,
          0.417335556134941
        ],
        "evidence": [
          6
        ],
        "evidence_card": [
          2
        ]
      }
    },
    "10": {
      "type": "leaf",
      "in_degree": 1,
      "out_degree": 0,
      "betweenness": 0.0,
      "closeness": 0.045714285714285714,
      "pagerank": 0.03072335175910649,
      "degree_centrality": 0.02857142857142857,
      "cpd": {
        "values": [
          0.31750908230781555,
          0.40274812553818334,
          0.6824909176921844,
          0.5972518744618167
        ],
        "evidence": [
          6
        ],
        "evidence_card": [
          2
        ]
      }
    },
    "11": {
      "type": "leaf",
      "in_degree": 1,
      "out_degree": 0,
      "betweenness": 0.0,
      "closeness": 0.045714285714285714,
      "pagerank": 0.025246621615391866,
      "degree_centrality": 0.02857142857142857,
      "cpd": {
        "values": [
          0.5514140941973861,
          0.8517713504519285,
          0.44858590580261387,
          0.14822864954807158
        ],
        "evidence": [
          5
        ],
        "evidence_card": [
          2
        ]
      }
    },
    "12": {
      "type": "leaf",
      "in_degree": 1,
      "out_degree": 0,
      "betweenness": 0.0,
      "closeness": 0.045714285714285714,
      "pagerank": 0.025246621615391866,
      "degree_centrality": 0.02857142857142857,
      "cpd": {
        "values": [
          0.34816910483252994,
          0.636431779909269,
          0.6518308951674701,
          0.36356822009073103
        ],
        "evidence": [
          5
        ],
        "evidence_card": [
          2
        ]
      }
    },
    "13": {
      "type": "leaf",
      "in_degree": 1,
      "out_degree": 0,
      "betweenness": 0.0,
      "closeness": 0.045714285714285714,
      "pagerank": 0.025246621615391866,
      "degree_centrality": 0.02857142857142857,
      "cpd": {
        "values": [
          0.5453401164046193,
          0.38125960280377447,
          0.45465988359538073,
          0.6187403971962255
        ],
        "evidence": [
          5
        ],
        "evidence_card": [
          2
        ]
      }
    },
    "14": {
      "type": "leaf",
      "in_degree": 1,
      "out_degree": 0,
      "betweenness": 0.0,
      "closeness": 0.045714285714285714,
      "pagerank": 0.025246621615391866,
      "degree_centrality": 0.02857142857142857,
      "cpd": {
        "values": [
          0.41636217084420435,
          0.6855790826186918,
          0.5836378291557957,
          0.314420917381308
        ],
        "evidence": [
          5
        ],
        "evidence_card": [
          2
        ]
      }
    },
    "15": {
      "type": "leaf",
      "in_degree": 1,
      "out_degree": 0,
      "betweenness": 0.0,
      "closeness": 0.045714285714285714,
      "pagerank": 0.025246621615391866,
      "degree_centrality": 0.02857142857142857,