{
  "graph_index": 861,
  "nodes": {
    "0": {
      "type": "root",
      "in_degree": 0,
      "out_degree": 1,
      "betweenness": 0.0,
      "closeness": 0.0,
      "pagerank": 0.037219210895869964,
      "degree_centrality": 0.0625,
      "cpd": {
        "values": [
          0.5,
          0.5,
          0.0,
          0.0
        ],
        "evidence": [],
        "evidence_card": []
      }
    },
    "1": {
      "type": "intermediate",
      "in_degree": 1,
      "out_degree": 1,
      "betweenness": 0.0625,
      "closeness": 0.0625,
      "pagerank": 0.06885612076501693,
      "degree_centrality": 0.125,
      "cpd": {
        "values": [
          0.5292280886176488,
          0.349246203230868,
          0.4707719113823512,
          0.6507537967691319
        ],
        "evidence": [
          0
        ],
        "evidence_card": [
          2
        ]
      }
    },
    "2": {
      "type": "intermediate",
      "in_degree": 1,
      "out_degree": 4,
      "betweenness": 0.11666666666666667,
      "closeness": 0.08333333333333333,
      "pagerank": 0.09574749529936151,
      "degree_centrality": 0.3125,
      "cpd": {
        "values": [
          0.4031859791487056,
          0.6143445435691153,
          0.5968140208512944,
          0.3856554564308847
        ],
        "evidence": [
          1
        ],
        "evidence_card": [
          2
        ]
      }
    },
    "3": {
      "type": "intermediate",
      "in_degree": 1,
      "out_degree": 4,
      "betweenness": 0.05,
      "closeness": 0.09375,
      "pagerank": 0.057565831919829,
      "degree_centrality": 0.3125,
      "cpd": {
        "values": [
          0.6044890741830994,
          0.4303066063783208,
          0.39551092581690056,
          0.5696933936216793
        ],
        "evidence": [
          2
        ],
        "evidence_card": [
          2
        ]
      }
    },
    "4": {
      "type": "intermediate",
      "in_degree": 1,
      "out_degree": 2,
      "betweenness": 0.025,
      "closeness": 0.09375,
      "pagerank": 0.057565831919829,
      "degree_centrality": 0.1875,
      "cpd": {
        "values": [
          0.5349126716738684,
          0.38756707437412674,
          0.46508732832613175,
          0.6124329256258733
        ],
        "evidence": [
          2
        ],
        "evidence_card": [
          2
        ]
      }
    },
    "5": {
      "type": "intermediate",
      "in_degree": 1,
      "out_degree": 1,
      "betweenness": 0.0125,
      "closeness": 0.09375,
      "pagerank": 0.057565831919829,
      "degree_centrality": 0.125,
      "cpd": {
        "values": [
          0.41044581342300995,
          0.45511515954152465,
          0.58955418657699,
          0.5448848404584753
        ],
        "evidence": [
          2
        ],
        "evidence_card": [
          2
        ]
      }
    },
    "6": {
      "type": "intermediate",
      "in_degree": 1,
      "out_degree": 3,
      "betweenness": 0.0375,
      "closeness": 0.09375,
      "pagerank": 0.057565831919829,
      "degree_centrality": 0.25,
      "cpd": {
        "values": [
          0.27351877896260635,
          0.44139310838239143,
          0.7264812210373937,
          0.5586068916176086
        ],
        "evidence": [
          2
        ],
        "evidence_card": [
          2
        ]
      }
    },
    "7": {
      "type": "leaf",
      "in_degree": 1,
      "out_degree": 0,
      "betweenness": 0.0,
      "closeness": 0.1,
      "pagerank": 0.05352935559601462,
      "degree_centrality": 0.0625,
      "cpd": {
        "values": [
          0.5523095740656602,
          0.1015832685595007,
          0.44769042593433983,
          0.8984167314404993
        ],
        "evidence": [
          6
        ],
        "evidence_card": [
          2
        ]
      }
    },
    "8": {
      "type": "leaf",
      "in_degree": 1,
      "out_degree": 0,
      "betweenness": 0.0,
      "closeness": 0.1,
      "pagerank": 0.05352935559601462,
      "degree_centrality": 0.0625,
      "cpd": {
        "values": [
          0.7345087230709626,
          0.23602008221408546,
          0.26549127692903735,
          0.7639799177859146
        ],
        "evidence": [
          6
        ],
        "evidence_card": [
          2
        ]
      }
    },
    "9": {
      "type": "leaf",
      "in_degree": 1,
      "out_degree": 0,
      "betweenness": 0.0,
      "closeness": 0.1,
      "pagerank": 0.05352935559601462,
      "degree_centrality": 0.0625,
      "cpd": {
        "values": [
          0.4852538052782858,
          0.36085108745756567,
          0.5147461947217141,
          0.6391489125424343
        ],
        "evidence": [
          6
        ],
        "evidence_card": [
          2
        ]
      }
    },
    "10": {
      "type": "leaf",
      "in_degree": 1,
      "out_degree": 0,
      "betweenness": 0.0,
      "closeness": 0.1,
      "pagerank": 0.08614964499630393,
      "degree_centrality": 0.0625,
      "cpd": {
        "values": [
          0.027796495631055657,
          0.5491653381023534,
          0.9722035043689443,
          0.45083466189764654
        ],
        "evidence": [
          5
        ],
        "evidence_card": [
          2
        ]
      }
    },
    "11": {
      "type": "leaf",
      "in_degree": 1,
      "out_degree": 0,
      "betweenness": 0.0,
      "closeness": 0.1,
      "pagerank": 0.061684427946086945,
      "degree_centrality": 0.0625,
      "cpd": {
        "values": [
          0.3807958294273739,
          0.2703597158327584,
          0.6192041705726261,
          0.7296402841672416
        ],
        "evidence": [
          4
        ],
        "evidence_card": [
          2
        ]
      }
    },
    "12": {
      "type": "leaf",
      "in_degree": 1,
      "out_degree": 0,
      "betweenness": 0.0,
      "closeness": 0.1,
      "pagerank": 0.061684427946086945,
      "degree_centrality": 0.0625,
      "cpd": {
        "values": [
          0.5297100689344342,
          0.2366578798395323,
          0.4702899310655658,
          0.7633421201604678
        ],
        "evidence": [
          4
        ],
        "evidence_card": [
          2
        ]
      }
    },
    "13": {
      "type": "leaf",
      "in_degree": 1,
      "out_degree": 0,
      "betweenness": 0.0,
      "closeness": 0.1,
      "pagerank": 0.049451819420978455,
      "degree_centrality": 0.0625,
      "cpd": {
        "values": [
          0.11169238323616647,
          0.6394212100151904,
          0.8883076167638335,
          0.36057878998480963
        ],
        "evidence": [
          3
        ],
        "evidence_card": [
          2
        ]
      }
    },
    "14": {
      "type": "leaf",
      "in_degree": 1,
      "out_degree": 0,
      "betweenness": 0.0,
      "closeness": 0.1,
      "pagerank": 0.049451819420978455,
      "degree_centrality": 0.0625,
      "cpd": {
        "values": [
          0.03006071983710084,
          0.7978716582772355,
          0.9699392801628992,
          0.2021283417227645
        ],
        "evidence": [
          3
        ],
        "evidence_card": [
          2
        ]
      }
    },
    "15": {
      "type": "leaf",
      "in_degree": 1,
      "out_degree": 0,
      "betweenness": 0.0,
      "closeness": 0.1,
      "pagerank": 0.049451819420978455,
      "degree_centrality": 0.0625,
      "cpd": {
        "values": [
          0.21266529389861102,
          0.6458523812414552,
          0.787334706101389,
          0.35414761875854495
        ],
        "evidence": [
          3
        ],
        "evidence_card": [
          2
        ]
      }
    },
    "16": {
      "type": "leaf",
      "in_degree": 1,
      "out_degree": 0,
      "betweenness": 0.0,
      "closeness": 0.1,
      "pagerank": 0.049451819420978455,
      "degree_centrality": 0.0625,