{
  "graph_index": 4122,
  "nodes": {
    "0": {
      "type": "root",
      "in_degree": 0,
      "out_degree": 1,
      "betweenness": 0.0,
      "closeness": 0.0,
      "pagerank": 0.034728322259803546,
      "degree_centrality": 0.058823529411764705,
      "cpd": {
        "values": [
          0.5,
          0.5,
          0.0,
          0.0
        ],
        "evidence": [],
        "evidence_card": []
      }
    },
    "1": {
      "type": "intermediate",
      "in_degree": 1,
      "out_degree": 2,
      "betweenness": 0.058823529411764705,
      "closeness": 0.058823529411764705,
      "pagerank": 0.06424853492521354,
      "degree_centrality": 0.1764705882352941,
      "cpd": {
        "values": [
          0.558416699223421,
          0.3692704878329753,
          0.44158330077657904,
          0.6307295121670248
        ],
        "evidence": [
          0
        ],
        "evidence_card": [
          2
        ]
      }
    },
    "2": {
      "type": "intermediate",
      "in_degree": 1,
      "out_degree": 2,
      "betweenness": 0.022058823529411763,
      "closeness": 0.0784313725490196,
      "pagerank": 0.062033274911862446,
      "degree_centrality": 0.1764705882352941,
      "cpd": {
        "values": [
          0.8881722949998301,
          0.4747181945584376,
          0.11182770500017,
          0.5252818054415623
        ],
        "evidence": [
          1
        ],
        "evidence_card": [
          2
        ]
      }
    },
    "3": {
      "type": "intermediate",
      "in_degree": 1,
      "out_degree": 3,
      "betweenness": 0.08088235294117647,
      "closeness": 0.0784313725490196,
      "pagerank": 0.062033274911862446,
      "degree_centrality": 0.23529411764705882,
      "cpd": {
        "values": [
          0.5841470745092839,
          0.17707473381235436,
          0.4158529254907161,
          0.8229252661876456
        ],
        "evidence": [
          1
        ],
        "evidence_card": [
          2
        ]
      }
    },
    "4": {
      "type": "intermediate",
      "in_degree": 1,
      "out_degree": 4,
      "betweenness": 0.03676470588235294,
      "closeness": 0.08823529411764706,
      "pagerank": 0.052304075662005345,
      "degree_centrality": 0.29411764705882354,
      "cpd": {
        "values": [
          0.2467802708983049,
          0.9280058159160016,
          0.7532197291016952,
          0.07199418408399844
        ],
        "evidence": [
          3
        ],
        "evidence_card": [
          2
        ]
      }
    },
    "5": {
      "type": "intermediate",
      "in_degree": 1,
      "out_degree": 2,
      "betweenness": 0.022058823529411763,
      "closeness": 0.08823529411764706,
      "pagerank": 0.052304075662005345,
      "degree_centrality": 0.1764705882352941,
      "cpd": {
        "values": [
          0.41039969949624605,
          0.6407203349655066,
          0.589600300503754,
          0.3592796650344933
        ],
        "evidence": [
          3
        ],
        "evidence_card": [
          2
        ]
      }
    },
    "6": {
      "type": "intermediate",
      "in_degree": 1,
      "out_degree": 3,
      "betweenness": 0.03308823529411765,
      "closeness": 0.08823529411764706,
      "pagerank": 0.052304075662005345,
      "degree_centrality": 0.23529411764705882,
      "cpd": {
        "values": [
          0.7133923618223613,
          0.7983613672618146,
          0.2866076381776388,
          0.20163863273818544
        ],
        "evidence": [
          3
        ],
        "evidence_card": [
          2
        ]
      }
    },
    "7": {
      "type": "leaf",
      "in_degree": 1,
      "out_degree": 0,
      "betweenness": 0.0,
      "closeness": 0.09411764705882353,
      "pagerank": 0.04954800131710002,
      "degree_centrality": 0.058823529411764705,
      "cpd": {
        "values": [
          0.46029516158586775,
          0.3011592211984662,
          0.5397048384141323,
          0.6988407788015337
        ],
        "evidence": [
          6
        ],
        "evidence_card": [
          2
        ]
      }
    },
    "8": {
      "type": "leaf",
      "in_degree": 1,
      "out_degree": 0,
      "betweenness": 0.0,
      "closeness": 0.09411764705882353,
      "pagerank": 0.04954800131710002,
      "degree_centrality": 0.058823529411764705,
      "cpd": {
        "values": [
          0.8162299581490375,
          0.2812567208713953,
          0.18377004185096246,
          0.7187432791286047
        ],
        "evidence": [
          6
        ],
        "evidence_card": [
          2
        ]
      }
    },
    "9": {
      "type": "leaf",
      "in_degree": 1,
      "out_degree": 0,
      "betweenness": 0.0,
      "closeness": 0.09411764705882353,
      "pagerank": 0.04954800131710002,
      "degree_centrality": 0.058823529411764705,
      "cpd": {
        "values": [
          0.4720584163694524,
          0.6019904899673624,
          0.5279415836305477,
          0.3980095100326376
        ],
        "evidence": [
          6
        ],
        "evidence_card": [
          2
        ]
      }
    },
    "10": {
      "type": "leaf",
      "in_degree": 1,
      "out_degree": 0,
      "betweenness": 0.0,
      "closeness": 0.09411764705882353,
      "pagerank": 0.05695784084574826,
      "degree_centrality": 0.058823529411764705,
      "cpd": {
        "values": [
          0.8917483213421682,
          0.7524221114185989,
          0.10825167865783179,
          0.24757788858140103
        ],
        "evidence": [
          5
        ],
        "evidence_card": [
          2
        ]
      }
    },
    "11": {
      "type": "leaf",
      "in_degree": 1,
      "out_degree": 0,
      "betweenness": 0.0,
      "closeness": 0.09411764705882353,
      "pagerank": 0.05695784084574826,
      "degree_centrality": 0.058823529411764705,
      "cpd": {
        "values": [
          0.45479962169309057,
          0.46450397860275616,
          0.5452003783069095,
          0.5354960213972437
        ],
        "evidence": [
          5
        ],
        "evidence_card": [
          2
        ]
      }
    },
    "12": {
      "type": "leaf",
      "in_degree": 2,
      "out_degree": 0,
      "betweenness": 0.0,
      "closeness": 0.16339869281045752,
      "pagerank": 0.0722067116560786,
      "degree_centrality": 0.11764705882352941,
      "cpd": {
        "values": [
          0.3748128505125024,
          0.07225892822839282,
          0.6600805506843896,
          0.9626695790141391
        ],
        "evidence": [
          2,
          4
        ],
        "evidence_card": [
          2,
          2
        ]
      }
    },
    "13": {
      "type": "leaf",
      "in_degree": 1,
      "out_degree": 0,
      "betweenness": 0.0,
      "closeness": 0.09411764705882353,
      "pagerank": 0.0458430815527759,
      "degree_centrality": 0.058823529411764705,
      "cpd": {
        "values": [
          0.5448196358585922,
          0.6243435535884925,
          0.45518036414140783,
          0.3756564464115076
        ],
        "evidence": [
          4
        ],
        "evidence_card": [
          2
        ]
      }
    },
    "14": {
      "type": "leaf",
      "in_degree": 1,
      "out_degree": 0,
      "betweenness": 0.0,
      "closeness": 0.09411764705882353,
      "pagerank": 0.0458430815527759,
      "degree_centrality": 0.058823529411764705,
      "cpd": {
        "values": [
          0.062009352643272696,
          0.8275646108129898,
          0.9379906473567273,
          0.1724353891870102
        ],
        "evidence": [
          4
        ],
        "evidence_card": [
          2
        ]
      }
    },
    "15": {
      "type": "leaf",
      "in_degree": 1,
      "out_degree": 0,
      "betweenness": 0.0,
      "closeness": 0.09411764705882353,
      "pagerank": 0.0458430815527759,
      "degree_centrality": 0.058823529411764705,