{
  "graph_index": 8583,
  "nodes": {
    "0": {
      "type": "root",
      "in_degree": 0,
      "out_degree": 1,
      "betweenness": 0.0,
      "closeness": 0.0,
      "pagerank": 0.0361727808254569,
      "degree_centrality": 0.06666666666666667,
      "cpd": {
        "values": [
          0.5,
          0.5,
          0.0,
          0.0
        ],
        "evidence": [],
        "evidence_card": []
      }
    },
    "1": {
      "type": "intermediate",
      "in_degree": 1,
      "out_degree": 2,
      "betweenness": 0.06666666666666668,
      "closeness": 0.06666666666666667,
      "pagerank": 0.06692000142517648,
      "degree_centrality": 0.2,
      "cpd": {
        "values": [
          0.49674657655938115,
          0.5588900189422739,
          0.5032534234406189,
          0.44110998105772614
        ],
        "evidence": [
          0
        ],
        "evidence_card": [
          2
        ]
      }
    },
    "2": {
      "type": "intermediate",
      "in_degree": 1,
      "out_degree": 4,
      "betweenness": 0.08571428571428572,
      "closeness": 0.08888888888888888,
      "pagerank": 0.06461366511493247,
      "degree_centrality": 0.3333333333333333,
      "cpd": {
        "values": [
          0.8759507465821393,
          0.7002858734951701,
          0.12404925341786062,
          0.2997141265048299
        ],
        "evidence": [
          1
        ],
        "evidence_card": [
          2
        ]
      }
    },
    "3": {
      "type": "intermediate",
      "in_degree": 1,
      "out_degree": 2,
      "betweenness": 0.028571428571428574,
      "closeness": 0.08888888888888888,
      "pagerank": 0.06461366511493247,
      "degree_centrality": 0.2,
      "cpd": {
        "values": [
          0.7519082575215941,
          0.1653586230090434,
          0.24809174247840593,
          0.8346413769909566
        ],
        "evidence": [
          1
        ],
        "evidence_card": [
          2
        ]
      }
    },
    "4": {
      "type": "intermediate",
      "in_degree": 1,
      "out_degree": 1,
      "betweenness": 0.014285714285714287,
      "closeness": 0.1,
      "pagerank": 0.06363396209496675,
      "degree_centrality": 0.13333333333333333,
      "cpd": {
        "values": [
          0.31954560373997537,
          0.4801824224640858,
          0.6804543962600246,
          0.5198175775359142
        ],
        "evidence": [
          3
        ],
        "evidence_card": [
          2
        ]
      }
    },
    "5": {
      "type": "leaf",
      "in_degree": 1,
      "out_degree": 0,
      "betweenness": 0.0,
      "closeness": 0.10666666666666667,
      "pagerank": 0.090261897937637,
      "degree_centrality": 0.06666666666666667,
      "cpd": {
        "values": [
          0.3391929078154226,
          0.47610593998945694,
          0.6608070921845774,
          0.5238940600105431
        ],
        "evidence": [
          4
        ],
        "evidence_card": [
          2
        ]
      }
    },
    "6": {
      "type": "intermediate",
      "in_degree": 1,
      "out_degree": 1,
      "betweenness": 0.014285714285714287,
      "closeness": 0.1,
      "pagerank": 0.04990337146021183,
      "degree_centrality": 0.13333333333333333,
      "cpd": {
        "values": [
          0.06838078677784783,
          0.446961355675294,
          0.9316192132221521,
          0.553038644324706
        ],
        "evidence": [
          2
        ],
        "evidence_card": [
          2
        ]
      }
    },
    "7": {
      "type": "intermediate",
      "in_degree": 1,
      "out_degree": 3,
      "betweenness": 0.04285714285714286,
      "closeness": 0.1,
      "pagerank": 0.04990337146021183,
      "degree_centrality": 0.26666666666666666,
      "cpd": {
        "values": [
          0.4311533629204601,
          0.2683582987913463,
          0.5688466370795399,
          0.7316417012086537
        ],
        "evidence": [
          2
        ],
        "evidence_card": [
          2
        ]
      }
    },
    "8": {
      "type": "intermediate",
      "in_degree": 1,
      "out_degree": 1,
      "betweenness": 0.004761904761904762,
      "closeness": 0.1,
      "pagerank": 0.04990337146021183,
      "degree_centrality": 0.13333333333333333,
      "cpd": {
        "values": [
          0.7769561587844017,
          0.17528224878491372,
          0.22304384121559828,
          0.8247177512150863
        ],
        "evidence": [
          2
        ],
        "evidence_card": [
          2
        ]
      }
    },
    "9": {
      "type": "intermediate",
      "in_degree": 1,
      "out_degree": 1,
      "betweenness": 0.014285714285714287,
      "closeness": 0.1,
      "pagerank": 0.04990337146021183,
      "degree_centrality": 0.13333333333333333,
      "cpd": {
        "values": [
          0.17146500952329374,
          0.6075924807036107,
          0.8285349904767062,
          0.3924075192963894
        ],
        "evidence": [
          2
        ],
        "evidence_card": [
          2
        ]
      }
    },
    "10": {
      "type": "leaf",
      "in_degree": 1,
      "out_degree": 0,
      "betweenness": 0.0,
      "closeness": 0.10666666666666667,
      "pagerank": 0.07859094968140676,
      "degree_centrality": 0.06666666666666667,
      "cpd": {
        "values": [
          0.19125195122554794,
          0.49109178721930496,
          0.808748048774452,
          0.508908212780695
        ],
        "evidence": [
          9
        ],
        "evidence_card": [
          2
        ]
      }
    },
    "11": {
      "type": "leaf",
      "in_degree": 2,
      "out_degree": 0,
      "betweenness": 0.0,
      "closeness": 0.18518518518518517,
      "pagerank": 0.10605213095091662,
      "degree_centrality": 0.13333333333333333,
      "cpd": {
        "values": [
          0.6083735459466856,
          0.6303913798945254,
          0.2920570567681575,
          0.669991732046103
        ],
        "evidence": [
          3,
          8
        ],
        "evidence_card": [
          2,
          2
        ]
      }
    },
    "12": {
      "type": "leaf",
      "in_degree": 1,
      "out_degree": 0,
      "betweenness": 0.0,
      "closeness": 0.10666666666666667,
      "pagerank": 0.050312170444106845,
      "degree_centrality": 0.06666666666666667,
      "cpd": {
        "values": [
          0.3000839382387975,
          0.8403893875141,
          0.6999160617612025,
          0.15961061248590008
        ],
        "evidence": [
          7
        ],
        "evidence_card": [
          2
        ]
      }
    },
    "13": {
      "type": "leaf",
      "in_degree": 1,
      "out_degree": 0,
      "betweenness": 0.0,
      "closeness": 0.10666666666666667,
      "pagerank": 0.050312170444106845,
      "degree_centrality": 0.06666666666666667,
      "cpd": {
        "values": [
          0.11118974301257208,
          0.4445149593171654,
          0.8888102569874279,
          0.5554850406828347
        ],
        "evidence": [
          7
        ],
        "evidence_card": [
          2
        ]
      }
    },
    "14": {
      "type": "leaf",
      "in_degree": 1,
      "out_degree": 0,
      "betweenness": 0.0,
      "closeness": 0.10666666666666667,
      "pagerank": 0.050312170444106845,
      "degree_centrality": 0.06666666666666667,
      "cpd": {
        "values": [
          0.37073723125755825,
          0.9805866992050031,
          0.6292627687424417,
          0.01941330079499692
        ],
        "evidence": [
          7
        ],
        "evidence_card": [
          2
        ]
      }
    },
    "15": {
      "type": "leaf",
      "in_degree": 1,
      "out_degree": 0,
      "betweenness": 0.0,
      "closeness": 0.10666666666666667,
      "pagerank": 0.07859094968140676,
      "degree_centrality": 0.06666666666666667,