{
  "graph_index": 1002,
  "nodes": {
    "0": {
      "type": "root",
      "in_degree": 0,
      "out_degree": 2,
      "betweenness": 0.0,
      "closeness": 0.0,
      "pagerank": 0.026293629715864273,
      "degree_centrality": 0.09090909090909091,
      "cpd": {
        "values": [
          0.5,
          0.5,
          0.0,
          0.0
        ],
        "evidence": [],
        "evidence_card": []
      }
    },
    "1": {
      "type": "intermediate",
      "in_degree": 1,
      "out_degree": 2,
      "betweenness": 0.02813852813852814,
      "closeness": 0.045454545454545456,
      "pagerank": 0.03746861511450031,
      "degree_centrality": 0.13636363636363635,
      "cpd": {
        "values": [
          0.33144060668559233,
          0.5310053885892927,
          0.6685593933144076,
          0.46899461141070736
        ],
        "evidence": [
          0
        ],
        "evidence_card": [
          2
        ]
      }
    },
    "2": {
      "type": "intermediate",
      "in_degree": 1,
      "out_degree": 2,
      "betweenness": 0.015151515151515152,
      "closeness": 0.045454545454545456,
      "pagerank": 0.03746861511450031,
      "degree_centrality": 0.13636363636363635,
      "cpd": {
        "values": [
          0.2954579396635443,
          0.48217673013016127,
          0.7045420603364557,
          0.5178232698698387
        ],
        "evidence": [
          0
        ],
        "evidence_card": [
          2
        ]
      }
    },
    "3": {
      "type": "intermediate",
      "in_degree": 1,
      "out_degree": 2,
      "betweenness": 0.012987012987012988,
      "closeness": 0.06060606060606061,
      "pagerank": 0.04221810541899515,
      "degree_centrality": 0.13636363636363635,
      "cpd": {
        "values": [
          0.7763475457438617,
          0.4882354341058449,
          0.2236524542561384,
          0.5117645658941551
        ],
        "evidence": [
          2
        ],
        "evidence_card": [
          2
        ]
      }
    },
    "4": {
      "type": "intermediate",
      "in_degree": 1,
      "out_degree": 1,
      "betweenness": 0.006493506493506494,
      "closeness": 0.06818181818181818,
      "pagerank": 0.0442365540280619,
      "degree_centrality": 0.09090909090909091,
      "cpd": {
        "values": [
          0.882243925446203,
          0.7452006551423308,
          0.11775607455379702,
          0.2547993448576692
        ],
        "evidence": [
          3
        ],
        "evidence_card": [
          2
        ]
      }
    },
    "5": {
      "type": "leaf",
      "in_degree": 1,
      "out_degree": 0,
      "betweenness": 0.0,
      "closeness": 0.07272727272727274,
      "pagerank": 0.0638946735608677,
      "degree_centrality": 0.045454545454545456,
      "cpd": {
        "values": [
          0.8072102729058024,
          0.6900201357564575,
          0.19278972709419767,
          0.30997986424354257
        ],
        "evidence": [
          4
        ],
        "evidence_card": [
          2
        ]
      }
    },
    "6": {
      "type": "intermediate",
      "in_degree": 1,
      "out_degree": 3,
      "betweenness": 0.049783549783549784,
      "closeness": 0.06060606060606061,
      "pagerank": 0.04221810541899515,
      "degree_centrality": 0.18181818181818182,
      "cpd": {
        "values": [
          0.5246773565645787,
          0.07844150857537818,
          0.47532264343542124,
          0.9215584914246218
        ],
        "evidence": [
          1
        ],
        "evidence_card": [
          2
        ]
      }
    },
    "7": {
      "type": "intermediate",
      "in_degree": 1,
      "out_degree": 1,
      "betweenness": 0.006493506493506494,
      "closeness": 0.06060606060606061,
      "pagerank": 0.04221810541899515,
      "degree_centrality": 0.09090909090909091,
      "cpd": {
        "values": [
          0.7580868562399907,
          0.866320294018435,
          0.2419131437600093,
          0.13367970598156498
        ],
        "evidence": [
          1
        ],
        "evidence_card": [
          2
        ]
      }
    },
    "8": {
      "type": "intermediate",
      "in_degree": 2,
      "out_degree": 2,
      "betweenness": 0.017316017316017316,
      "closeness": 0.12121212121212122,
      "pagerank": 0.07810395404339039,
      "degree_centrality": 0.18181818181818182,
      "cpd": {
        "values": [
          0.7234081817762426,
          0.20587100332772718,
          0.6306867379210517,
          0.6449060648564819
        ],
        "evidence": [
          2,
          7
        ],
        "evidence_card": [
          2,
          2
        ]
      }
    },
    "9": {
      "type": "leaf",
      "in_degree": 1,
      "out_degree": 0,
      "betweenness": 0.0,
      "closeness": 0.10330578512396693,
      "pagerank": 0.05948762707579325,
      "degree_centrality": 0.045454545454545456,
      "cpd": {
        "values": [
          0.7652889982000133,
          0.5103998585903159,
          0.23471100179998672,
          0.4896001414096841
        ],
        "evidence": [
          8
        ],
        "evidence_card": [
          2
        ]
      }
    },
    "10": {
      "type": "leaf",
      "in_degree": 1,
      "out_degree": 0,
      "betweenness": 0.0,
      "closeness": 0.10330578512396693,
      "pagerank": 0.05948762707579325,
      "degree_centrality": 0.045454545454545456,
      "cpd": {
        "values": [
          0.4619838731071628,
          0.7343195040245355,
          0.5380161268928371,
          0.26568049597546445
        ],
        "evidence": [
          8
        ],
        "evidence_card": [
          2
        ]
      }
    },
    "11": {
      "type": "intermediate",
      "in_degree": 1,
      "out_degree": 3,
      "betweenness": 0.01948051948051948,
      "closeness": 0.06818181818181818,
      "pagerank": 0.03825557925732935,
      "degree_centrality": 0.18181818181818182,
      "cpd": {
        "values": [
          0.4719268467756168,
          0.5389622731662826,
          0.5280731532243832,
          0.4610377268337174
        ],
        "evidence": [
          6
        ],
        "evidence_card": [
          2
        ]
      }
    },
    "12": {
      "type": "intermediate",
      "in_degree": 1,
      "out_degree": 4,
      "betweenness": 0.025974025974025976,
      "closeness": 0.06818181818181818,
      "pagerank": 0.03825557925732935,
      "degree_centrality": 0.2272727272727273,
      "cpd": {
        "values": [
          0.4229447849447251,
          0.09431174643297133,
          0.5770552150552749,
          0.9056882535670286
        ],
        "evidence": [
          6
        ],
        "evidence_card": [
          2
        ]
      }
    },
    "13": {
      "type": "intermediate",
      "in_degree": 1,
      "out_degree": 2,
      "betweenness": 0.010822510822510822,
      "closeness": 0.06818181818181818,
      "pagerank": 0.03825557925732935,
      "degree_centrality": 0.13636363636363635,
      "cpd": {
        "values": [
          0.7908032888146098,
          0.5761215987526751,
          0.20919671118539004,
          0.42387840124732495
        ],
        "evidence": [
          6
        ],
        "evidence_card": [
          2
        ]
      }
    },
    "14": {
      "type": "leaf",
      "in_degree": 1,
      "out_degree": 0,
      "betweenness": 0.0,
      "closeness": 0.07272727272727274,
      "pagerank": 0.042552306130410764,
      "degree_centrality": 0.045454545454545456,
      "cpd": {
        "values": [
          0.8166748972959912,
          0.5024448121929427,
          0.18332510270400879,
          0.49755518780705726
        ],
        "evidence": [
          13
        ],
        "evidence_card": [
          2
        ]
      }
    },
    "15": {
      "type": "leaf",
      "in_degree": 2,
      "out_degree": 0,
      "betweenness": 0.0,
      "closeness": 0.13636363636363635,
      "pagerank": 0.06049523044260838,