{
  "graph_index": 1481,
  "nodes": {
    "0": {
      "type": "root",
      "in_degree": 0,
      "out_degree": 1,
      "betweenness": 0.0,
      "closeness": 0.0,
      "pagerank": 0.02154737594527586,
      "degree_centrality": 0.03125,
      "cpd": {
        "values": [
          0.5,
          0.5,
          0.0,
          0.0
        ],
        "evidence": [],
        "evidence_card": []
      }
    },
    "1": {
      "type": "intermediate",
      "in_degree": 1,
      "out_degree": 2,
      "betweenness": 0.03125,
      "closeness": 0.03125,
      "pagerank": 0.03986222251930473,
      "degree_centrality": 0.09375,
      "cpd": {
        "values": [
          0.3223301256067086,
          0.8187224909226366,
          0.6776698743932914,
          0.1812775090773634
        ],
        "evidence": [
          0
        ],
        "evidence_card": [
          2
        ]
      }
    },
    "2": {
      "type": "intermediate",
      "in_degree": 1,
      "out_degree": 5,
      "betweenness": 0.038306451612903226,
      "closeness": 0.041666666666666664,
      "pagerank": 0.038488629629732964,
      "degree_centrality": 0.1875,
      "cpd": {
        "values": [
          0.3521342471247533,
          0.08841208480927215,
          0.6478657528752467,
          0.9115879151907278
        ],
        "evidence": [
          1
        ],
        "evidence_card": [
          2
        ]
      }
    },
    "3": {
      "type": "intermediate",
      "in_degree": 1,
      "out_degree": 4,
      "betweenness": 0.020161290322580645,
      "closeness": 0.041666666666666664,
      "pagerank": 0.038488629629732964,
      "degree_centrality": 0.15625,
      "cpd": {
        "values": [
          0.47072855078995396,
          0.09733966701646074,
          0.5292714492100461,
          0.9026603329835392
        ],
        "evidence": [
          1
        ],
        "evidence_card": [
          2
        ]
      }
    },
    "4": {
      "type": "intermediate",
      "in_degree": 1,
      "out_degree": 3,
      "betweenness": 0.00907258064516129,
      "closeness": 0.046875,
      "pagerank": 0.029726319136041214,
      "degree_centrality": 0.125,
      "cpd": {
        "values": [
          0.4995900348674874,
          0.2537367511549236,
          0.5004099651325126,
          0.7462632488450763
        ],
        "evidence": [
          3
        ],
        "evidence_card": [
          2
        ]
      }
    },
    "5": {
      "type": "intermediate",
      "in_degree": 1,
      "out_degree": 2,
      "betweenness": 0.006048387096774193,
      "closeness": 0.046875,
      "pagerank": 0.029726319136041214,
      "degree_centrality": 0.09375,
      "cpd": {
        "values": [
          0.9487140427291133,
          0.9903970804512332,
          0.05128595727088666,
          0.009602919548766778
        ],
        "evidence": [
          3
        ],
        "evidence_card": [
          2
        ]
      }
    },
    "6": {
      "type": "intermediate",
      "in_degree": 1,
      "out_degree": 2,
      "betweenness": 0.004032258064516129,
      "closeness": 0.046875,
      "pagerank": 0.029726319136041214,
      "degree_centrality": 0.09375,
      "cpd": {
        "values": [
          0.008814935673443066,
          0.47668339837896617,
          0.991185064326557,
          0.5233166016210338
        ],
        "evidence": [
          3
        ],
        "evidence_card": [
          2
        ]
      }
    },
    "7": {
      "type": "leaf",
      "in_degree": 2,
      "out_degree": 0,
      "betweenness": 0.0,
      "closeness": 0.08680555555555555,
      "pagerank": 0.040724064133179055,
      "degree_centrality": 0.0625,
      "cpd": {
        "values": [
          0.3780956513494094,
          0.38737506242705255,
          0.33046557235605295,
          0.1415437099171383
        ],
        "evidence": [
          2,
          6
        ],
        "evidence_card": [
          2,
          2
        ]
      }
    },
    "8": {
      "type": "leaf",
      "in_degree": 1,
      "out_degree": 0,
      "betweenness": 0.0,
      "closeness": 0.05,
      "pagerank": 0.03418090958056677,
      "degree_centrality": 0.03125,
      "cpd": {
        "values": [
          0.3838296992394383,
          0.4861686154860078,
          0.6161703007605617,
          0.5138313845139922
        ],
        "evidence": [
          6
        ],
        "evidence_card": [
          2
        ]
      }
    },
    "9": {
      "type": "leaf",
      "in_degree": 1,
      "out_degree": 0,
      "betweenness": 0.0,
      "closeness": 0.05,
      "pagerank": 0.03418090958056677,
      "degree_centrality": 0.03125,
      "cpd": {
        "values": [
          0.584315831772522,
          0.502184068529767,
          0.41568416822747806,
          0.497815931470233
        ],
        "evidence": [
          5
        ],
        "evidence_card": [
          2
        ]
      }
    },
    "10": {
      "type": "leaf",
      "in_degree": 1,
      "out_degree": 0,
      "betweenness": 0.0,
      "closeness": 0.05,
      "pagerank": 0.03418090958056677,
      "degree_centrality": 0.03125,
      "cpd": {
        "values": [
          0.8581663465473933,
          0.4921115788867094,
          0.14183365345260665,
          0.5078884211132906
        ],
        "evidence": [
          5
        ],
        "evidence_card": [
          2
        ]
      }
    },
    "11": {
      "type": "leaf",
      "in_degree": 1,
      "out_degree": 0,
      "betweenness": 0.0,
      "closeness": 0.05,
      "pagerank": 0.02996973170213647,
      "degree_centrality": 0.03125,
      "cpd": {
        "values": [
          0.3160804693297122,
          0.8140057699904368,
          0.6839195306702879,
          0.18599423000956317
        ],
        "evidence": [
          4
        ],
        "evidence_card": [
          2
        ]
      }
    },
    "12": {
      "type": "leaf",
      "in_degree": 1,
      "out_degree": 0,
      "betweenness": 0.0,
      "closeness": 0.05,
      "pagerank": 0.02996973170213647,
      "degree_centrality": 0.03125,
      "cpd": {
        "values": [
          0.7925208349142953,
          0.9520177164262208,
          0.20747916508570477,
          0.047982283573779226
        ],
        "evidence": [
          4
        ],
        "evidence_card": [
          2
        ]
      }
    },
    "13": {
      "type": "leaf",
      "in_degree": 1,
      "out_degree": 0,
      "betweenness": 0.0,
      "closeness": 0.05,
      "pagerank": 0.02996973170213647,
      "degree_centrality": 0.03125,
      "cpd": {
        "values": [
          0.45156915881601867,
          0.52485780693451,
          0.5484308411839813,
          0.47514219306548994
        ],
        "evidence": [
          4
        ],
        "evidence_card": [
          2
        ]
      }
    },
    "14": {
      "type": "intermediate",
      "in_degree": 1,
      "out_degree": 4,
      "betweenness": 0.012096774193548387,
      "closeness": 0.046875,
      "pagerank": 0.028090530497888143,
      "degree_centrality": 0.15625,
      "cpd": {
        "values": [
          0.5129351828173057,
          0.5964858134231543,
          0.48706481718269423,
          0.4035141865768457
        ],
        "evidence": [
          2
        ],
        "evidence_card": [
          2
        ]
      }
    },
    "15": {
      "type": "intermediate",
      "in_degree": 1,
      "out_degree": 4,
      "betweenness": 0.012096774193548387,
      "closeness": 0.046875,
      "pagerank": 0.028090530497888143,
      "degree_centrality": 0.15625,
      "cpd": {
        "values": [
          0.7709390882445574,
          0.5931887097078993,
          0.22906091175544258,
          0.40681129029210067
        ],
        "evidence": [
          2
        ],
        "evidence_card": [
          2
        ]
      }
    },
    "16": {
      "type": "intermediate",
      "in_degree": 1,
      "out_degree": 3,