{
  "graph_index": 4482,
  "nodes": {
    "0": {
      "type": "root",
      "in_degree": 0,
      "out_degree": 2,
      "betweenness": 0.0,
      "closeness": 0.0,
      "pagerank": 0.01764857259105267,
      "degree_centrality": 0.05714285714285714,
      "cpd": {
        "values": [
          0.5,
          0.5,
          0.0,
          0.0
        ],
        "evidence": [],
        "evidence_card": []
      }
    },
    "1": {
      "type": "intermediate",
      "in_degree": 1,
      "out_degree": 2,
      "betweenness": 0.013445378151260505,
      "closeness": 0.02857142857142857,
      "pagerank": 0.025149002895045708,
      "degree_centrality": 0.08571428571428572,
      "cpd": {
        "values": [
          0.014597985326243162,
          0.5626052992313872,
          0.9854020146737569,
          0.4373947007686128
        ],
        "evidence": [
          0
        ],
        "evidence_card": [
          2
        ]
      }
    },
    "2": {
      "type": "intermediate",
      "in_degree": 1,
      "out_degree": 3,
      "betweenness": 0.014285714285714287,
      "closeness": 0.02857142857142857,
      "pagerank": 0.025149002895045708,
      "degree_centrality": 0.11428571428571428,
      "cpd": {
        "values": [
          0.46280281113400695,
          0.2821541142518745,
          0.537197188865993,
          0.7178458857481256
        ],
        "evidence": [
          0
        ],
        "evidence_card": [
          2
        ]
      }
    },
    "3": {
      "type": "intermediate",
      "in_degree": 1,
      "out_degree": 2,
      "betweenness": 0.009243697478991597,
      "closeness": 0.03809523809523809,
      "pagerank": 0.024774064439139487,
      "degree_centrality": 0.08571428571428572,
      "cpd": {
        "values": [
          0.24012928220315707,
          0.6382437032257192,
          0.7598707177968428,
          0.36175629677428073
        ],
        "evidence": [
          2
        ],
        "evidence_card": [
          2
        ]
      }
    },
    "4": {
      "type": "intermediate",
      "in_degree": 1,
      "out_degree": 3,
      "betweenness": 0.010084033613445379,
      "closeness": 0.03809523809523809,
      "pagerank": 0.024774064439139487,
      "degree_centrality": 0.11428571428571428,
      "cpd": {
        "values": [
          0.25061661245997724,
          0.6598053809893984,
          0.7493833875400228,
          0.3401946190106015
        ],
        "evidence": [
          2
        ],
        "evidence_card": [
          2
        ]
      }
    },
    "5": {
      "type": "intermediate",
      "in_degree": 1,
      "out_degree": 2,
      "betweenness": 0.005042016806722689,
      "closeness": 0.03809523809523809,
      "pagerank": 0.024774064439139487,
      "degree_centrality": 0.08571428571428572,
      "cpd": {
        "values": [
          0.4182100642570623,
          0.6581499477402526,
          0.5817899357429377,
          0.34185005225974746
        ],
        "evidence": [
          2
        ],
        "evidence_card": [
          2
        ]
      }
    },
    "6": {
      "type": "intermediate",
      "in_degree": 1,
      "out_degree": 1,
      "betweenness": 0.0025210084033613447,
      "closeness": 0.04285714285714286,
      "pagerank": 0.028177129282260495,
      "degree_centrality": 0.05714285714285714,
      "cpd": {
        "values": [
          0.27179581610847864,
          0.6008942337967276,
          0.7282041838915214,
          0.3991057662032725
        ],
        "evidence": [
          5
        ],
        "evidence_card": [
          2
        ]
      }
    },
    "7": {
      "type": "leaf",
      "in_degree": 1,
      "out_degree": 0,
      "betweenness": 0.0,
      "closeness": 0.045714285714285714,
      "pagerank": 0.041599828808182436,
      "degree_centrality": 0.02857142857142857,
      "cpd": {
        "values": [
          0.42292879565446534,
          0.35309374195440363,
          0.5770712043455347,
          0.6469062580455963
        ],
        "evidence": [
          6
        ],
        "evidence_card": [
          2
        ]
      }
    },
    "8": {
      "type": "intermediate",
      "in_degree": 1,
      "out_degree": 2,
      "betweenness": 0.0033613445378151263,
      "closeness": 0.04285714285714286,
      "pagerank": 0.02466761038519122,
      "degree_centrality": 0.08571428571428572,
      "cpd": {
        "values": [
          0.665991988790758,
          0.26693826989808617,
          0.33400801120924195,
          0.7330617301019138
        ],
        "evidence": [
          4
        ],
        "evidence_card": [
          2
        ]
      }
    },
    "9": {
      "type": "intermediate",
      "in_degree": 1,
      "out_degree": 2,
      "betweenness": 0.005042016806722689,
      "closeness": 0.04285714285714286,
      "pagerank": 0.02466761038519122,
      "degree_centrality": 0.08571428571428572,
      "cpd": {
        "values": [
          0.8736789865241193,
          0.3096304123326572,
          0.12632101347588065,
          0.6903695876673428
        ],
        "evidence": [
          4
        ],
        "evidence_card": [
          2
        ]
      }
    },
    "10": {
      "type": "leaf",
      "in_degree": 1,
      "out_degree": 0,
      "betweenness": 0.0,
      "closeness": 0.045714285714285714,
      "pagerank": 0.028132468098093603,
      "degree_centrality": 0.02857142857142857,
      "cpd": {
        "values": [
          0.10451506188661984,
          0.4586359761427159,
          0.8954849381133801,
          0.5413640238572841
        ],
        "evidence": [
          9
        ],
        "evidence_card": [
          2
        ]
      }
    },
    "11": {
      "type": "leaf",
      "in_degree": 1,
      "out_degree": 0,
      "betweenness": 0.0,
      "closeness": 0.045714285714285714,
      "pagerank": 0.028132468098093603,
      "degree_centrality": 0.02857142857142857,
      "cpd": {
        "values": [
          0.2936604698042415,
          0.4056227374151871,
          0.7063395301957585,
          0.5943772625848129
        ],
        "evidence": [
          9
        ],
        "evidence_card": [
          2
        ]
      }
    },
    "12": {
      "type": "leaf",
      "in_degree": 2,
      "out_degree": 0,
      "betweenness": 0.0,
      "closeness": 0.07936507936507936,
      "pagerank": 0.03866102478930143,
      "degree_centrality": 0.05714285714285714,
      "cpd": {
        "values": [
          0.0683134673956492,
          0.46046308920014545,
          0.6531111595704802,
          0.5285510016262892
        ],
        "evidence": [
          5,
          8
        ],
        "evidence_card": [
          2,
          2
        ]
      }
    },
    "13": {
      "type": "leaf",
      "in_degree": 1,
      "out_degree": 0,
      "betweenness": 0.0,
      "closeness": 0.045714285714285714,
      "pagerank": 0.028132468098093603,
      "degree_centrality": 0.02857142857142857,
      "cpd": {
        "values": [
          0.4028149128170147,
          0.6153363388798128,
          0.5971850871829854,
          0.3846636611201873
        ],
        "evidence": [
          8
        ],
        "evidence_card": [
          2
        ]
      }
    },
    "14": {
      "type": "intermediate",
      "in_degree": 1,
      "out_degree": 4,
      "betweenness": 0.009243697478991597,
      "closeness": 0.04285714285714286,
      "pagerank": 0.028177129282260495,
      "degree_centrality": 0.14285714285714285,
      "cpd": {
        "values": [
          0.22992257384545328,
          0.46794194215652063,
          0.7700774261545467,
          0.5320580578434794
        ],
        "evidence": [
          3
        ],
        "evidence_card": [
          2
        ]
      }
    },
    "15": {
      "type": "leaf",
      "in_degree": 1,
      "out_degree": 0,
      "betweenness": 0.0,
      "closeness": 0.045714285714285714,
      "pagerank": 0.023636386645335114,