{
  "graph_index": 8465,
  "nodes": {
    "0": {
      "type": "root",
      "in_degree": 0,
      "out_degree": 3,
      "betweenness": 0.0,
      "closeness": 0.0,
      "pagerank": 0.019628908194941452,
      "degree_centrality": 0.0967741935483871,
      "cpd": {
        "values": [
          0.5,
          0.5,
          0.0,
          0.0
        ],
        "evidence": [],
        "evidence_card": []
      }
    },
    "1": {
      "type": "intermediate",
      "in_degree": 1,
      "out_degree": 3,
      "betweenness": 0.007526881720430107,
      "closeness": 0.03225806451612903,
      "pagerank": 0.025190571408935717,
      "degree_centrality": 0.12903225806451613,
      "cpd": {
        "values": [
          0.3953208646412685,
          0.5338478134185023,
          0.6046791353587315,
          0.46615218658149776
        ],
        "evidence": [
          0
        ],
        "evidence_card": [
          2
        ]
      }
    },
    "2": {
      "type": "intermediate",
      "in_degree": 1,
      "out_degree": 3,
      "betweenness": 0.010752688172043012,
      "closeness": 0.03225806451612903,
      "pagerank": 0.025190571408935717,
      "degree_centrality": 0.12903225806451613,
      "cpd": {
        "values": [
          0.522543408668708,
          0.6349381972779824,
          0.477456591331292,
          0.36506180272201766
        ],
        "evidence": [
          0
        ],
        "evidence_card": [
          2
        ]
      }
    },
    "3": {
      "type": "intermediate",
      "in_degree": 1,
      "out_degree": 2,
      "betweenness": 0.011827956989247311,
      "closeness": 0.03225806451612903,
      "pagerank": 0.025190571408935717,
      "degree_centrality": 0.0967741935483871,
      "cpd": {
        "values": [
          0.6933521502854094,
          0.4082149957846066,
          0.30664784971459064,
          0.5917850042153934
        ],
        "evidence": [
          0
        ],
        "evidence_card": [
          2
        ]
      }
    },
    "4": {
      "type": "intermediate",
      "in_degree": 1,
      "out_degree": 3,
      "betweenness": 0.02258064516129032,
      "closeness": 0.04301075268817204,
      "pagerank": 0.030334448962732723,
      "degree_centrality": 0.12903225806451613,
      "cpd": {
        "values": [
          0.7124577662621393,
          0.3853355469026075,
          0.2875422337378607,
          0.6146644530973924
        ],
        "evidence": [
          3
        ],
        "evidence_card": [
          2
        ]
      }
    },
    "5": {
      "type": "intermediate",
      "in_degree": 1,
      "out_degree": 3,
      "betweenness": 0.008602150537634409,
      "closeness": 0.04838709677419355,
      "pagerank": 0.028223788643548294,
      "degree_centrality": 0.12903225806451613,
      "cpd": {
        "values": [
          0.4689041659688732,
          0.3628262411613808,
          0.5310958340311268,
          0.6371737588386193
        ],
        "evidence": [
          4
        ],
        "evidence_card": [
          2
        ]
      }
    },
    "6": {
      "type": "intermediate",
      "in_degree": 1,
      "out_degree": 2,
      "betweenness": 0.005376344086021506,
      "closeness": 0.04838709677419355,
      "pagerank": 0.028223788643548294,
      "degree_centrality": 0.0967741935483871,
      "cpd": {
        "values": [
          0.011837395853141839,
          0.7431035003787633,
          0.9881626041468582,
          0.2568964996212368
        ],
        "evidence": [
          4
        ],
        "evidence_card": [
          2
        ]
      }
    },
    "7": {
      "type": "intermediate",
      "in_degree": 1,
      "out_degree": 4,
      "betweenness": 0.011827956989247311,
      "closeness": 0.04838709677419355,
      "pagerank": 0.028223788643548294,
      "degree_centrality": 0.16129032258064516,
      "cpd": {
        "values": [
          0.6313767935974343,
          0.18400644030427657,
          0.3686232064025658,
          0.8159935596957234
        ],
        "evidence": [
          4
        ],
        "evidence_card": [
          2
        ]
      }
    },
    "8": {
      "type": "leaf",
      "in_degree": 2,
      "out_degree": 0,
      "betweenness": 0.0,
      "closeness": 0.0967741935483871,
      "pagerank": 0.03321047375839441,
      "degree_centrality": 0.06451612903225806,
      "cpd": {
        "values": [
          0.4737048509814788,
          0.3712572844830827,
          0.5335326485178542,
          0.6089004141095791
        ],
        "evidence": [
          18,
          7
        ],
        "evidence_card": [
          2,
          2
        ]
      }
    },
    "9": {
      "type": "leaf",
      "in_degree": 1,
      "out_degree": 0,
      "betweenness": 0.0,
      "closeness": 0.05161290322580645,
      "pagerank": 0.02562666572132509,
      "degree_centrality": 0.03225806451612903,
      "cpd": {
        "values": [
          0.8961892001364621,
          0.9149605845572337,
          0.10381079986353794,
          0.08503941544276632
        ],
        "evidence": [
          7
        ],
        "evidence_card": [
          2
        ]
      }
    },
    "10": {
      "type": "leaf",
      "in_degree": 1,
      "out_degree": 0,
      "betweenness": 0.0,
      "closeness": 0.05161290322580645,
      "pagerank": 0.02562666572132509,
      "degree_centrality": 0.03225806451612903,
      "cpd": {
        "values": [
          0.5414888969650249,
          0.4665431855437549,
          0.45851110303497505,
          0.5334568144562449
        ],
        "evidence": [
          7
        ],
        "evidence_card": [
          2
        ]
      }
    },
    "11": {
      "type": "leaf",
      "in_degree": 1,
      "out_degree": 0,
      "betweenness": 0.0,
      "closeness": 0.05161290322580645,
      "pagerank": 0.02562666572132509,
      "degree_centrality": 0.03225806451612903,
      "cpd": {
        "values": [
          0.3909548857459816,
          0.42030007100165295,
          0.6090451142540184,
          0.5796999289983472
        ],
        "evidence": [
          7
        ],
        "evidence_card": [
          2
        ]
      }
    },
    "12": {
      "type": "leaf",
      "in_degree": 1,
      "out_degree": 0,
      "betweenness": 0.0,
      "closeness": 0.05161290322580645,
      "pagerank": 0.03162442324770873,
      "degree_centrality": 0.03225806451612903,
      "cpd": {
        "values": [
          0.4959279632484109,
          0.4733958436831229,
          0.5040720367515891,
          0.5266041563168772
        ],
        "evidence": [
          6
        ],
        "evidence_card": [
          2
        ]
      }
    },
    "13": {
      "type": "leaf",
      "in_degree": 2,
      "out_degree": 0,
      "betweenness": 0.0,
      "closeness": 0.08960573476702509,
      "pagerank": 0.038761450426236244,
      "degree_centrality": 0.06451612903225806,
      "cpd": {
        "values": [
          0.7377956381177887,
          0.40082168594850487,
          0.4781728774312985,
          0.5035017893258302
        ],
        "evidence": [
          2,
          6
        ],
        "evidence_card": [
          2,
          2
        ]
      }
    },
    "14": {
      "type": "leaf",
      "in_degree": 2,
      "out_degree": 0,
      "betweenness": 0.0,
      "closeness": 0.0967741935483871,
      "pagerank": 0.03900163028572361,
      "degree_centrality": 0.06451612903225806,
      "cpd": {
        "values": [
          0.2834526120238676,
          0.7070661379359557,
          0.31134845559647933,
          0.8377784988201193
        ],
        "evidence": [
          29,
          5
        ],
        "evidence_card": [
          2,
          2
        ]
      }
    },
    "15": {
      "type": "leaf",
      "in_degree": 1,
      "out_degree": 0,
      "betweenness": 0.0,
      "closeness": 0.05161290322580645,
      "pagerank": 0.027625918230119634,
      "degree_centrality": 0.03225806451612903,