{
  "graph_index": 459,
  "nodes": {
    "0": {
      "type": "root",
      "in_degree": 0,
      "out_degree": 2,
      "betweenness": 0.0,
      "closeness": 0.0,
      "pagerank": 0.025098466692190777,
      "degree_centrality": 0.08695652173913043,
      "cpd": {
        "values": [
          0.5,
          0.5,
          0.0,
          0.0
        ],
        "evidence": [],
        "evidence_card": []
      }
    },
    "1": {
      "type": "intermediate",
      "in_degree": 1,
      "out_degree": 2,
      "betweenness": 0.015151515151515154,
      "closeness": 0.043478260869565216,
      "pagerank": 0.035765105168792805,
      "degree_centrality": 0.13043478260869565,
      "cpd": {
        "values": [
          0.7410943805678459,
          0.5920953215354166,
          0.2589056194321541,
          0.40790467846458345
        ],
        "evidence": [
          0
        ],
        "evidence_card": [
          2
        ]
      }
    },
    "2": {
      "type": "intermediate",
      "in_degree": 1,
      "out_degree": 3,
      "betweenness": 0.026350461133069825,
      "closeness": 0.043478260869565216,
      "pagerank": 0.035765105168792805,
      "degree_centrality": 0.17391304347826086,
      "cpd": {
        "values": [
          0.834081731399979,
          0.5986460382054057,
          0.16591826860002115,
          0.4013539617945943
        ],
        "evidence": [
          0
        ],
        "evidence_card": [
          2
        ]
      }
    },
    "3": {
      "type": "intermediate",
      "in_degree": 1,
      "out_degree": 3,
      "betweenness": 0.021739130434782608,
      "closeness": 0.05797101449275362,
      "pagerank": 0.035231985315419365,
      "degree_centrality": 0.17391304347826086,
      "cpd": {
        "values": [
          0.48016891317688615,
          0.6966147707702508,
          0.5198310868231139,
          0.3033852292297492
        ],
        "evidence": [
          2
        ],
        "evidence_card": [
          2
        ]
      }
    },
    "4": {
      "type": "intermediate",
      "in_degree": 1,
      "out_degree": 4,
      "betweenness": 0.026350461133069825,
      "closeness": 0.05797101449275362,
      "pagerank": 0.035231985315419365,
      "degree_centrality": 0.21739130434782608,
      "cpd": {
        "values": [
          0.6353515992861852,
          0.8501006994238827,
          0.3646484007138147,
          0.14989930057611733
        ],
        "evidence": [
          2
        ],
        "evidence_card": [
          2
        ]
      }
    },
    "5": {
      "type": "intermediate",
      "in_degree": 1,
      "out_degree": 1,
      "betweenness": 0.005928853754940711,
      "closeness": 0.06521739130434782,
      "pagerank": 0.032584898553165625,
      "degree_centrality": 0.08695652173913043,
      "cpd": {
        "values": [
          0.5457831577707132,
          0.5837040730824892,
          0.4542168422292868,
          0.4162959269175107
        ],
        "evidence": [
          4
        ],
        "evidence_card": [
          2
        ]
      }
    },
    "6": {
      "type": "intermediate",
      "in_degree": 1,
      "out_degree": 1,
      "betweenness": 0.005928853754940711,
      "closeness": 0.06521739130434782,
      "pagerank": 0.032584898553165625,
      "degree_centrality": 0.08695652173913043,
      "cpd": {
        "values": [
          0.36762010233265996,
          0.7850362562678274,
          0.63237989766734,
          0.21496374373217267
        ],
        "evidence": [
          4
        ],
        "evidence_card": [
          2
        ]
      }
    },
    "7": {
      "type": "intermediate",
      "in_degree": 1,
      "out_degree": 1,
      "betweenness": 0.005928853754940711,
      "closeness": 0.06521739130434782,
      "pagerank": 0.032584898553165625,
      "degree_centrality": 0.08695652173913043,
      "cpd": {
        "values": [
          0.6306507525573899,
          0.44527828050193863,
          0.36934924744261,
          0.5547217194980614
        ],
        "evidence": [
          4
        ],
        "evidence_card": [
          2
        ]
      }
    },
    "8": {
      "type": "leaf",
      "in_degree": 1,
      "out_degree": 0,
      "betweenness": 0.0,
      "closeness": 0.06956521739130435,
      "pagerank": 0.052795846462151734,
      "degree_centrality": 0.043478260869565216,
      "cpd": {
        "values": [
          0.4731715461398565,
          0.005984946363469687,
          0.5268284538601434,
          0.9940150536365303
        ],
        "evidence": [
          7
        ],
        "evidence_card": [
          2
        ]
      }
    },
    "9": {
      "type": "leaf",
      "in_degree": 1,
      "out_degree": 0,
      "betweenness": 0.0,
      "closeness": 0.06956521739130435,
      "pagerank": 0.052795846462151734,
      "degree_centrality": 0.043478260869565216,
      "cpd": {
        "values": [
          0.4419340301741236,
          0.33839243949429754,
          0.5580659698258764,
          0.6616075605057025
        ],
        "evidence": [
          6
        ],
        "evidence_card": [
          2
        ]
      }
    },
    "10": {
      "type": "leaf",
      "in_degree": 1,
      "out_degree": 0,
      "betweenness": 0.0,
      "closeness": 0.06956521739130435,
      "pagerank": 0.052795846462151734,
      "degree_centrality": 0.043478260869565216,
      "cpd": {
        "values": [
          0.11387252038169932,
          0.3631457012555384,
          0.8861274796183006,
          0.6368542987444616
        ],
        "evidence": [
          5
        ],
        "evidence_card": [
          2
        ]
      }
    },
    "11": {
      "type": "intermediate",
      "in_degree": 1,
      "out_degree": 1,
      "betweenness": 0.005928853754940711,
      "closeness": 0.06521739130434782,
      "pagerank": 0.03508037584015724,
      "degree_centrality": 0.08695652173913043,
      "cpd": {
        "values": [
          0.7244479336658823,
          0.5907349841873716,
          0.27555206633411766,
          0.4092650158126284
        ],
        "evidence": [
          3
        ],
        "evidence_card": [
          2
        ]
      }
    },
    "12": {
      "type": "intermediate",
      "in_degree": 1,
      "out_degree": 1,
      "betweenness": 0.005928853754940711,
      "closeness": 0.06521739130434782,
      "pagerank": 0.03508037584015724,
      "degree_centrality": 0.08695652173913043,
      "cpd": {
        "values": [
          0.0989452352436871,
          0.5132728838851573,
          0.9010547647563129,
          0.4867271161148426
        ],
        "evidence": [
          3
        ],
        "evidence_card": [
          2
        ]
      }
    },
    "13": {
      "type": "intermediate",
      "in_degree": 2,
      "out_degree": 3,
      "betweenness": 0.019433465085639,
      "closeness": 0.11594202898550723,
      "pagerank": 0.05028065377500012,
      "degree_centrality": 0.21739130434782608,
      "cpd": {
        "values": [
          0.7759348701589146,
          0.6664170979726411,
          0.05960180447658129,
          0.3107322843721262
        ],
        "evidence": [
          1,
          3
        ],
        "evidence_card": [
          2,
          2
        ]
      }
    },
    "14": {
      "type": "leaf",
      "in_degree": 1,
      "out_degree": 0,
      "betweenness": 0.0,
      "closeness": 0.09881422924901186,
      "pagerank": 0.03934427439605397,
      "degree_centrality": 0.043478260869565216,
      "cpd": {
        "values": [
          0.3357175325868327,
          0.24880476989806496,
          0.6642824674131674,
          0.751195230101935
        ],
        "evidence": [
          13
        ],
        "evidence_card": [
          2
        ]
      }
    },
    "15": {
      "type": "leaf",
      "in_degree": 3,
      "out_degree": 0,
      "betweenness": 0.0,
      "closeness": 0.17753623188405798,
      "pagerank": 0.06395668260165234,