{
  "graph_index": 7031,
  "nodes": {
    "0": {
      "type": "root",
      "in_degree": 0,
      "out_degree": 1,
      "betweenness": 0.0,
      "closeness": 0.0,
      "pagerank": 0.038657949898520366,
      "degree_centrality": 0.06666666666666667,
      "cpd": {
        "values": [
          0.5,
          0.5,
          0.0,
          0.0
        ],
        "evidence": [],
        "evidence_card": []
      }
    },
    "1": {
      "type": "intermediate",
      "in_degree": 1,
      "out_degree": 1,
      "betweenness": 0.06666666666666668,
      "closeness": 0.06666666666666667,
      "pagerank": 0.07151794934928715,
      "degree_centrality": 0.13333333333333333,
      "cpd": {
        "values": [
          0.5210642977385068,
          0.5794774048252918,
          0.4789357022614931,
          0.4205225951747083
        ],
        "evidence": [
          0
        ],
        "evidence_card": [
          2
        ]
      }
    },
    "2": {
      "type": "intermediate",
      "in_degree": 1,
      "out_degree": 4,
      "betweenness": 0.12380952380952381,
      "closeness": 0.08888888888888888,
      "pagerank": 0.09944891183709839,
      "degree_centrality": 0.3333333333333333,
      "cpd": {
        "values": [
          0.48045988046651156,
          0.4334193216598465,
          0.5195401195334884,
          0.5665806783401535
        ],
        "evidence": [
          1
        ],
        "evidence_card": [
          2
        ]
      }
    },
    "3": {
      "type": "intermediate",
      "in_degree": 1,
      "out_degree": 1,
      "betweenness": 0.014285714285714287,
      "closeness": 0.1,
      "pagerank": 0.059791275403154695,
      "degree_centrality": 0.13333333333333333,
      "cpd": {
        "values": [
          0.4718255918498773,
          0.24760036718000442,
          0.5281744081501226,
          0.7523996328199956
        ],
        "evidence": [
          2
        ],
        "evidence_card": [
          2
        ]
      }
    },
    "4": {
      "type": "intermediate",
      "in_degree": 1,
      "out_degree": 3,
      "betweenness": 0.04285714285714286,
      "closeness": 0.1,
      "pagerank": 0.059791275403154695,
      "degree_centrality": 0.26666666666666666,
      "cpd": {
        "values": [
          0.501686320738577,
          0.44473971829893516,
          0.498313679261423,
          0.5552602817010649
        ],
        "evidence": [
          2
        ],
        "evidence_card": [
          2
        ]
      }
    },
    "5": {
      "type": "intermediate",
      "in_degree": 1,
      "out_degree": 3,
      "betweenness": 0.04285714285714286,
      "closeness": 0.1,
      "pagerank": 0.059791275403154695,
      "degree_centrality": 0.26666666666666666,
      "cpd": {
        "values": [
          0.25412690998862386,
          0.2135081627946894,
          0.7458730900113761,
          0.7864918372053106
        ],
        "evidence": [
          2
        ],
        "evidence_card": [
          2
        ]
      }
    },
    "6": {
      "type": "intermediate",
      "in_degree": 1,
      "out_degree": 2,
      "betweenness": 0.028571428571428574,
      "closeness": 0.1,
      "pagerank": 0.059791275403154695,
      "degree_centrality": 0.2,
      "cpd": {
        "values": [
          0.10752449532765575,
          0.7848880313711012,
          0.8924755046723443,
          0.2151119686288988
        ],
        "evidence": [
          2
        ],
        "evidence_card": [
          2
        ]
      }
    },
    "7": {
      "type": "leaf",
      "in_degree": 1,
      "out_degree": 0,
      "betweenness": 0.0,
      "closeness": 0.10666666666666667,
      "pagerank": 0.06406901717549437,
      "degree_centrality": 0.06666666666666667,
      "cpd": {
        "values": [
          0.6871603560600181,
          0.47701301059084816,
          0.3128396439399818,
          0.5229869894091519
        ],
        "evidence": [
          6
        ],
        "evidence_card": [
          2
        ]
      }
    },
    "8": {
      "type": "leaf",
      "in_degree": 1,
      "out_degree": 0,
      "betweenness": 0.0,
      "closeness": 0.10666666666666667,
      "pagerank": 0.06406901717549437,
      "degree_centrality": 0.06666666666666667,
      "cpd": {
        "values": [
          0.5015241061172997,
          0.3452187331085246,
          0.49847589388270036,
          0.6547812668914755
        ],
        "evidence": [
          6
        ],
        "evidence_card": [
          2
        ]
      }
    },
    "9": {
      "type": "leaf",
      "in_degree": 1,
      "out_degree": 0,
      "betweenness": 0.0,
      "closeness": 0.10666666666666667,
      "pagerank": 0.05559866141650304,
      "degree_centrality": 0.06666666666666667,
      "cpd": {
        "values": [
          0.47971157876828074,
          0.3619915177425572,
          0.5202884212317193,
          0.6380084822574428
        ],
        "evidence": [
          5
        ],
        "evidence_card": [
          2
        ]
      }
    },
    "10": {
      "type": "leaf",
      "in_degree": 1,
      "out_degree": 0,
      "betweenness": 0.0,
      "closeness": 0.10666666666666667,
      "pagerank": 0.05559866141650304,
      "degree_centrality": 0.06666666666666667,
      "cpd": {
        "values": [
          0.9272471454238065,
          0.08106229429594862,
          0.07275285457619347,
          0.9189377057040514
        ],
        "evidence": [
          5
        ],
        "evidence_card": [
          2
        ]
      }
    },
    "11": {
      "type": "leaf",
      "in_degree": 1,
      "out_degree": 0,
      "betweenness": 0.0,
      "closeness": 0.10666666666666667,
      "pagerank": 0.05559866141650304,
      "degree_centrality": 0.06666666666666667,
      "cpd": {
        "values": [
          0.44615957592175126,
          0.44097356666473503,
          0.5538404240782487,
          0.5590264333352649
        ],
        "evidence": [
          5
        ],
        "evidence_card": [
          2
        ]
      }
    },
    "12": {
      "type": "leaf",
      "in_degree": 1,
      "out_degree": 0,
      "betweenness": 0.0,
      "closeness": 0.10666666666666667,
      "pagerank": 0.05559866141650304,
      "degree_centrality": 0.06666666666666667,
      "cpd": {
        "values": [
          0.4357119246165056,
          0.9877861998995717,
          0.5642880753834943,
          0.012213800100428326
        ],
        "evidence": [
          4
        ],
        "evidence_card": [
          2
        ]
      }
    },
    "13": {
      "type": "leaf",
      "in_degree": 1,
      "out_degree": 0,
      "betweenness": 0.0,
      "closeness": 0.10666666666666667,
      "pagerank": 0.05559866141650304,
      "degree_centrality": 0.06666666666666667,
      "cpd": {
        "values": [
          0.5598938792530682,
          0.962404947125775,
          0.4401061207469318,
          0.03759505287422508
        ],
        "evidence": [
          4
        ],
        "evidence_card": [
          2
        ]
      }
    },
    "14": {
      "type": "leaf",
      "in_degree": 1,
      "out_degree": 0,
      "betweenness": 0.0,
      "closeness": 0.10666666666666667,
      "pagerank": 0.05559866141650304,
      "degree_centrality": 0.06666666666666667,
      "cpd": {
        "values": [
          0.8979173119228196,
          0.9296520987395864,
          0.10208268807718032,
          0.07034790126041363
        ],
        "evidence": [
          4
        ],
        "evidence_card": [
          2
        ]
      }
    },
    "15": {
      "type": "leaf",
      "in_degree": 1,
      "out_degree": 0,
      "betweenness": 0.0,
      "closeness": 0.10666666666666667,
      "pagerank": 0.08948008445246838,
      "degree_centrality": 0.06666666666666667,
      "cpd": {
        "values": [
          0.5499766473812628,
          0.039442633910102866,
          0.45002335261873727,
          0.9605573660898972
        ],