{
  "graph_index": 3032,
  "nodes": {
    "0": {
      "type": "root",
      "in_degree": 0,
      "out_degree": 3,
      "betweenness": 0.0,
      "closeness": 0.0,
      "pagerank": 0.019107608991095114,
      "degree_centrality": 0.09090909090909091,
      "cpd": {
        "values": [
          0.5,
          0.5,
          0.0,
          0.0
        ],
        "evidence": [],
        "evidence_card": []
      }
    },
    "1": {
      "type": "intermediate",
      "in_degree": 1,
      "out_degree": 2,
      "betweenness": 0.004734848484848485,
      "closeness": 0.030303030303030304,
      "pagerank": 0.02452126653701154,
      "degree_centrality": 0.09090909090909091,
      "cpd": {
        "values": [
          0.10383490493066486,
          0.28358984533809795,
          0.8961650950693352,
          0.716410154661902
        ],
        "evidence": [
          0
        ],
        "evidence_card": [
          2
        ]
      }
    },
    "2": {
      "type": "intermediate",
      "in_degree": 1,
      "out_degree": 3,
      "betweenness": 0.014678030303030304,
      "closeness": 0.030303030303030304,
      "pagerank": 0.02452126653701154,
      "degree_centrality": 0.12121212121212122,
      "cpd": {
        "values": [
          0.3055525297613951,
          0.05541494910534868,
          0.6944474702386049,
          0.9445850508946513
        ],
        "evidence": [
          0
        ],
        "evidence_card": [
          2
        ]
      }
    },
    "3": {
      "type": "intermediate",
      "in_degree": 1,
      "out_degree": 2,
      "betweenness": 0.008996212121212122,
      "closeness": 0.030303030303030304,
      "pagerank": 0.02452126653701154,
      "degree_centrality": 0.09090909090909091,
      "cpd": {
        "values": [
          0.5147252893224089,
          0.6913013575153785,
          0.48527471067759115,
          0.30869864248462164
        ],
        "evidence": [
          0
        ],
        "evidence_card": [
          2
        ]
      }
    },
    "4": {
      "type": "intermediate",
      "in_degree": 1,
      "out_degree": 2,
      "betweenness": 0.00946969696969697,
      "closeness": 0.0404040404040404,
      "pagerank": 0.02952849345649477,
      "degree_centrality": 0.09090909090909091,
      "cpd": {
        "values": [
          0.1373945527129881,
          0.05718594298777111,
          0.8626054472870119,
          0.9428140570122289
        ],
        "evidence": [
          3
        ],
        "evidence_card": [
          2
        ]
      }
    },
    "5": {
      "type": "intermediate",
      "in_degree": 1,
      "out_degree": 3,
      "betweenness": 0.008522727272727272,
      "closeness": 0.045454545454545456,
      "pagerank": 0.031657072512174346,
      "degree_centrality": 0.12121212121212122,
      "cpd": {
        "values": [
          0.7093568710817945,
          0.3506074478787377,
          0.2906431289182056,
          0.6493925521212623
        ],
        "evidence": [
          4
        ],
        "evidence_card": [
          2
        ]
      }
    },
    "6": {
      "type": "leaf",
      "in_degree": 1,
      "out_degree": 0,
      "betweenness": 0.0,
      "closeness": 0.04848484848484849,
      "pagerank": 0.028077454057020255,
      "degree_centrality": 0.030303030303030304,
      "cpd": {
        "values": [
          0.43495358352952024,
          0.10866023377338178,
          0.5650464164704797,
          0.8913397662266183
        ],
        "evidence": [
          5
        ],
        "evidence_card": [
          2
        ]
      }
    },
    "7": {
      "type": "leaf",
      "in_degree": 1,
      "out_degree": 0,
      "betweenness": 0.0,
      "closeness": 0.04848484848484849,
      "pagerank": 0.028077454057020255,
      "degree_centrality": 0.030303030303030304,
      "cpd": {
        "values": [
          0.5061884999987547,
          0.4702803003498373,
          0.49381150000124524,
          0.5297196996501627
        ],
        "evidence": [
          5
        ],
        "evidence_card": [
          2
        ]
      }
    },
    "8": {
      "type": "leaf",
      "in_degree": 1,
      "out_degree": 0,
      "betweenness": 0.0,
      "closeness": 0.04848484848484849,
      "pagerank": 0.028077454057020255,
      "degree_centrality": 0.030303030303030304,
      "cpd": {
        "values": [
          0.44688746559834047,
          0.11029976893954407,
          0.5531125344016595,
          0.8897002310604559
        ],
        "evidence": [
          5
        ],
        "evidence_card": [
          2
        ]
      }
    },
    "9": {
      "type": "intermediate",
      "in_degree": 1,
      "out_degree": 2,
      "betweenness": 0.007575757575757576,
      "closeness": 0.0404040404040404,
      "pagerank": 0.02605486530136155,
      "degree_centrality": 0.09090909090909091,
      "cpd": {
        "values": [
          0.24267315916298815,
          0.6777633431643064,
          0.7573268408370118,
          0.3222366568356936
        ],
        "evidence": [
          2
        ],
        "evidence_card": [
          2
        ]
      }
    },
    "10": {
      "type": "intermediate",
      "in_degree": 1,
      "out_degree": 3,
      "betweenness": 0.017518939393939396,
      "closeness": 0.0404040404040404,
      "pagerank": 0.02605486530136155,
      "degree_centrality": 0.12121212121212122,
      "cpd": {
        "values": [
          0.3466673847344108,
          0.3912390510089058,
          0.6533326152655893,
          0.6087609489910942
        ],
        "evidence": [
          2
        ],
        "evidence_card": [
          2
        ]
      }
    },
    "11": {
      "type": "intermediate",
      "in_degree": 1,
      "out_degree": 4,
      "betweenness": 0.010416666666666668,
      "closeness": 0.045454545454545456,
      "pagerank": 0.02648970084910247,
      "degree_centrality": 0.15151515151515152,
      "cpd": {
        "values": [
          0.4217750419566006,
          0.8951703811622311,
          0.5782249580433994,
          0.10482961883776887
        ],
        "evidence": [
          10
        ],
        "evidence_card": [
          2
        ]
      }
    },
    "12": {
      "type": "intermediate",
      "in_degree": 1,
      "out_degree": 4,
      "betweenness": 0.00946969696969697,
      "closeness": 0.045454545454545456,
      "pagerank": 0.02648970084910247,
      "degree_centrality": 0.15151515151515152,
      "cpd": {
        "values": [
          0.14489014981781034,
          0.4249346192078792,
          0.8551098501821897,
          0.5750653807921208
        ],
        "evidence": [
          10
        ],
        "evidence_card": [
          2
        ]
      }
    },
    "13": {
      "type": "leaf",
      "in_degree": 1,
      "out_degree": 0,
      "betweenness": 0.0,
      "closeness": 0.04848484848484849,
      "pagerank": 0.024736647681622842,
      "degree_centrality": 0.030303030303030304,
      "cpd": {
        "values": [
          0.40576636717043196,
          0.580141554041694,
          0.5942336328295681,
          0.41985844595830596
        ],
        "evidence": [
          12
        ],
        "evidence_card": [
          2
        ]
      }
    },
    "14": {
      "type": "leaf",
      "in_degree": 3,
      "out_degree": 0,
      "betweenness": 0.0,
      "closeness": 0.12121212121212122,
      "pagerank": 0.046230669934033526,
      "degree_centrality": 0.09090909090909091,
      "cpd": {
        "values": [
          0.6996371005141316,
          0.9118881744741496,
          0.7024383660968478,
          0.22294159874897254
        ],
        "evidence": [
          9,
          1,
          12
        ],
        "evidence_card": [
          2,
          2,
          2
        ]
      }
    },
    "15": {
      "type": "leaf",
      "in_degree": 1,
      "out_degree": 0,
      "betweenness": 0.0,
      "closeness": 0.04848484848484849,
      "pagerank": 0.024736647681622842,