{
  "graph_index": 4913,
  "nodes": {
    "0": {
      "type": "root",
      "in_degree": 0,
      "out_degree": 1,
      "betweenness": 0.0,
      "closeness": 0.0,
      "pagerank": 0.022527018214285044,
      "degree_centrality": 0.03333333333333333,
      "cpd": {
        "values": [
          0.5,
          0.5,
          0.0,
          0.0
        ],
        "evidence": [],
        "evidence_card": []
      }
    },
    "1": {
      "type": "intermediate",
      "in_degree": 1,
      "out_degree": 3,
      "betweenness": 0.03333333333333333,
      "closeness": 0.03333333333333333,
      "pagerank": 0.04167470847634152,
      "degree_centrality": 0.13333333333333333,
      "cpd": {
        "values": [
          0.15333634561765416,
          0.47064219082427483,
          0.8466636543823458,
          0.5293578091757251
        ],
        "evidence": [
          0
        ],
        "evidence_card": [
          2
        ]
      }
    },
    "2": {
      "type": "intermediate",
      "in_degree": 1,
      "out_degree": 2,
      "betweenness": 0.009195402298850575,
      "closeness": 0.04444444444444444,
      "pagerank": 0.034334716417301604,
      "degree_centrality": 0.1,
      "cpd": {
        "values": [
          0.6790472712618211,
          0.9029005842583634,
          0.3209527287381789,
          0.09709941574163658
        ],
        "evidence": [
          1
        ],
        "evidence_card": [
          2
        ]
      }
    },
    "3": {
      "type": "intermediate",
      "in_degree": 1,
      "out_degree": 2,
      "betweenness": 0.013793103448275862,
      "closeness": 0.04444444444444444,
      "pagerank": 0.034334716417301604,
      "degree_centrality": 0.1,
      "cpd": {
        "values": [
          0.020972884121352228,
          0.5546004076498144,
          0.9790271158786478,
          0.44539959235018556
        ],
        "evidence": [
          1
        ],
        "evidence_card": [
          2
        ]
      }
    },
    "4": {
      "type": "intermediate",
      "in_degree": 1,
      "out_degree": 5,
      "betweenness": 0.0367816091954023,
      "closeness": 0.04444444444444444,
      "pagerank": 0.034334716417301604,
      "degree_centrality": 0.2,
      "cpd": {
        "values": [
          0.3533831011256691,
          0.4568317509770523,
          0.6466168988743309,
          0.5431682490229476
        ],
        "evidence": [
          1
        ],
        "evidence_card": [
          2
        ]
      }
    },
    "5": {
      "type": "intermediate",
      "in_degree": 1,
      "out_degree": 4,
      "betweenness": 0.013793103448275862,
      "closeness": 0.05,
      "pagerank": 0.028363903606811396,
      "degree_centrality": 0.16666666666666666,
      "cpd": {
        "values": [
          0.7251997723387181,
          0.3602178213314435,
          0.2748002276612819,
          0.6397821786685566
        ],
        "evidence": [
          4
        ],
        "evidence_card": [
          2
        ]
      }
    },
    "6": {
      "type": "intermediate",
      "in_degree": 1,
      "out_degree": 3,
      "betweenness": 0.008045977011494253,
      "closeness": 0.05,
      "pagerank": 0.028363903606811396,
      "degree_centrality": 0.13333333333333333,
      "cpd": {
        "values": [
          0.6282062975397089,
          0.7658398087828077,
          0.3717937024602911,
          0.2341601912171923
        ],
        "evidence": [
          4
        ],
        "evidence_card": [
          2
        ]
      }
    },
    "7": {
      "type": "intermediate",
      "in_degree": 1,
      "out_degree": 4,
      "betweenness": 0.013793103448275862,
      "closeness": 0.05,
      "pagerank": 0.028363903606811396,
      "degree_centrality": 0.16666666666666666,
      "cpd": {
        "values": [
          0.5653387554600459,
          0.2965100079307805,
          0.43466124453995425,
          0.7034899920692195
        ],
        "evidence": [
          4
        ],
        "evidence_card": [
          2
        ]
      }
    },
    "8": {
      "type": "intermediate",
      "in_degree": 1,
      "out_degree": 2,
      "betweenness": 0.004597701149425287,
      "closeness": 0.05,
      "pagerank": 0.028363903606811396,
      "degree_centrality": 0.1,
      "cpd": {
        "values": [
          0.5614339423617692,
          0.5588990621171895,
          0.43856605763823064,
          0.4411009378828105
        ],
        "evidence": [
          4
        ],
        "evidence_card": [
          2
        ]
      }
    },
    "9": {
      "type": "leaf",
      "in_degree": 1,
      "out_degree": 0,
      "betweenness": 0.0,
      "closeness": 0.05333333333333334,
      "pagerank": 0.034581542680081234,
      "degree_centrality": 0.03333333333333333,
      "cpd": {
        "values": [
          0.3406469422202942,
          0.5349567542524012,
          0.6593530577797059,
          0.4650432457475988
        ],
        "evidence": [
          8
        ],
        "evidence_card": [
          2
        ]
      }
    },
    "10": {
      "type": "leaf",
      "in_degree": 2,
      "out_degree": 0,
      "betweenness": 0.0,
      "closeness": 0.09259259259259259,
      "pagerank": 0.0491737561613971,
      "degree_centrality": 0.06666666666666667,
      "cpd": {
        "values": [
          0.5541436409613464,
          0.7518740356531134,
          0.27084723668906785,
          0.29342958955329723
        ],
        "evidence": [
          3,
          8
        ],
        "evidence_card": [
          2,
          2
        ]
      }
    },
    "11": {
      "type": "leaf",
      "in_degree": 1,
      "out_degree": 0,
      "betweenness": 0.0,
      "closeness": 0.05333333333333334,
      "pagerank": 0.02855428044718314,
      "degree_centrality": 0.03333333333333333,
      "cpd": {
        "values": [
          0.513975975030823,
          0.1424125119875079,
          0.4860240249691769,
          0.8575874880124921
        ],
        "evidence": [
          7
        ],
        "evidence_card": [
          2
        ]
      }
    },
    "12": {
      "type": "leaf",
      "in_degree": 1,
      "out_degree": 0,
      "betweenness": 0.0,
      "closeness": 0.05333333333333334,
      "pagerank": 0.02855428044718314,
      "degree_centrality": 0.03333333333333333,
      "cpd": {
        "values": [
          0.2557529708016001,
          0.7878598882538997,
          0.7442470291983999,
          0.2121401117461003
        ],
        "evidence": [
          7
        ],
        "evidence_card": [
          2
        ]
      }
    },
    "13": {
      "type": "leaf",
      "in_degree": 1,
      "out_degree": 0,
      "betweenness": 0.0,
      "closeness": 0.05333333333333334,
      "pagerank": 0.02855428044718314,
      "degree_centrality": 0.03333333333333333,
      "cpd": {
        "values": [
          0.49256148538662464,
          0.7816776761632566,
          0.5074385146133753,
          0.21832232383674344
        ],
        "evidence": [
          7
        ],
        "evidence_card": [
          2
        ]
      }
    },
    "14": {
      "type": "leaf",
      "in_degree": 1,
      "out_degree": 0,
      "betweenness": 0.0,
      "closeness": 0.05333333333333334,
      "pagerank": 0.02855428044718314,
      "degree_centrality": 0.03333333333333333,
      "cpd": {
        "values": [
          0.3719281921408019,
          0.9672088393893703,
          0.628071807859198,
          0.03279116061062974
        ],
        "evidence": [
          7
        ],
        "evidence_card": [
          2
        ]
      }
    },
    "15": {
      "type": "leaf",
      "in_degree": 2,
      "out_degree": 0,
      "betweenness": 0.0,
      "closeness": 0.09259259259259259,
      "pagerank": 0.04515558133946504,
      "degree_centrality": 0.06666666666666667,