{
  "graph_index": 8647,
  "nodes": {
    "0": {
      "type": "root",
      "in_degree": 0,
      "out_degree": 1,
      "betweenness": 0.0,
      "closeness": 0.0,
      "pagerank": 0.024785794980074854,
      "degree_centrality": 0.04,
      "cpd": {
        "values": [
          0.5,
          0.5,
          0.0,
          0.0
        ],
        "evidence": [],
        "evidence_card": []
      }
    },
    "1": {
      "type": "intermediate",
      "in_degree": 1,
      "out_degree": 3,
      "betweenness": 0.04,
      "closeness": 0.04,
      "pagerank": 0.04585420031141557,
      "degree_centrality": 0.16,
      "cpd": {
        "values": [
          0.416748192059789,
          0.6286558123558764,
          0.583251807940211,
          0.3713441876441236
        ],
        "evidence": [
          0
        ],
        "evidence_card": [
          2
        ]
      }
    },
    "2": {
      "type": "intermediate",
      "in_degree": 1,
      "out_degree": 1,
      "betweenness": 0.016666666666666666,
      "closeness": 0.05333333333333333,
      "pagerank": 0.037777520261949554,
      "degree_centrality": 0.08,
      "cpd": {
        "values": [
          0.19742155029527095,
          0.3160137155747713,
          0.802578449704729,
          0.6839862844252287
        ],
        "evidence": [
          1
        ],
        "evidence_card": [
          2
        ]
      }
    },
    "3": {
      "type": "intermediate",
      "in_degree": 1,
      "out_degree": 3,
      "betweenness": 0.02,
      "closeness": 0.05333333333333333,
      "pagerank": 0.037777520261949554,
      "degree_centrality": 0.16,
      "cpd": {
        "values": [
          0.720912193753066,
          0.5219424467471802,
          0.2790878062469339,
          0.47805755325281984
        ],
        "evidence": [
          1
        ],
        "evidence_card": [
          2
        ]
      }
    },
    "4": {
      "type": "intermediate",
      "in_degree": 1,
      "out_degree": 3,
      "betweenness": 0.03333333333333333,
      "closeness": 0.05333333333333333,
      "pagerank": 0.037777520261949554,
      "degree_centrality": 0.16,
      "cpd": {
        "values": [
          0.8416234719688904,
          0.5091524302065454,
          0.15837652803110958,
          0.4908475697934546
        ],
        "evidence": [
          1
        ],
        "evidence_card": [
          2
        ]
      }
    },
    "5": {
      "type": "intermediate",
      "in_degree": 1,
      "out_degree": 2,
      "betweenness": 0.01,
      "closeness": 0.06,
      "pagerank": 0.035489521082491954,
      "degree_centrality": 0.12,
      "cpd": {
        "values": [
          0.5807197987382099,
          0.2898908939623235,
          0.4192802012617901,
          0.7101091060376765
        ],
        "evidence": [
          4
        ],
        "evidence_card": [
          2
        ]
      }
    },
    "6": {
      "type": "intermediate",
      "in_degree": 1,
      "out_degree": 2,
      "betweenness": 0.01,
      "closeness": 0.06,
      "pagerank": 0.035489521082491954,
      "degree_centrality": 0.12,
      "cpd": {
        "values": [
          0.7458263118663832,
          0.9699372755908424,
          0.2541736881336167,
          0.03006272440915757
        ],
        "evidence": [
          4
        ],
        "evidence_card": [
          2
        ]
      }
    },
    "7": {
      "type": "intermediate",
      "in_degree": 1,
      "out_degree": 4,
      "betweenness": 0.016666666666666666,
      "closeness": 0.06,
      "pagerank": 0.035489521082491954,
      "degree_centrality": 0.2,
      "cpd": {
        "values": [
          0.4364832738793839,
          0.9849105488416862,
          0.563516726120616,
          0.01508945115831386
        ],
        "evidence": [
          4
        ],
        "evidence_card": [
          2
        ]
      }
    },
    "8": {
      "type": "leaf",
      "in_degree": 1,
      "out_degree": 0,
      "betweenness": 0.0,
      "closeness": 0.064,
      "pagerank": 0.03232732701388788,
      "degree_centrality": 0.04,
      "cpd": {
        "values": [
          0.5863276361095962,
          0.4422768646500973,
          0.4136723638904039,
          0.5577231353499027
        ],
        "evidence": [
          7
        ],
        "evidence_card": [
          2
        ]
      }
    },
    "9": {
      "type": "leaf",
      "in_degree": 2,
      "out_degree": 0,
      "betweenness": 0.0,
      "closeness": 0.11111111111111112,
      "pagerank": 0.04303105311630498,
      "degree_centrality": 0.08,
      "cpd": {
        "values": [
          0.9269471308145544,
          0.7971593792007369,
          0.9270745994128102,
          0.08424721805550708
        ],
        "evidence": [
          3,
          7
        ],
        "evidence_card": [
          2,
          2
        ]
      }
    },
    "10": {
      "type": "leaf",
      "in_degree": 1,
      "out_degree": 0,
      "betweenness": 0.0,
      "closeness": 0.064,
      "pagerank": 0.03232732701388788,
      "degree_centrality": 0.04,
      "cpd": {
        "values": [
          0.4888685245021913,
          0.2136725480403889,
          0.5111314754978087,
          0.7863274519596111
        ],
        "evidence": [
          7
        ],
        "evidence_card": [
          2
        ]
      }
    },
    "11": {
      "type": "leaf",
      "in_degree": 1,
      "out_degree": 0,
      "betweenness": 0.0,
      "closeness": 0.064,
      "pagerank": 0.03232732701388788,
      "degree_centrality": 0.04,
      "cpd": {
        "values": [
          0.6598388402645513,
          0.5933690927251627,
          0.3401611597354487,
          0.40663090727483736
        ],
        "evidence": [
          7
        ],
        "evidence_card": [
          2
        ]
      }
    },
    "12": {
      "type": "leaf",
      "in_degree": 1,
      "out_degree": 0,
      "betweenness": 0.0,
      "closeness": 0.064,
      "pagerank": 0.03986885904770089,
      "degree_centrality": 0.04,
      "cpd": {
        "values": [
          0.04793467368205245,
          0.22475640281055514,
          0.9520653263179476,
          0.7752435971894448
        ],
        "evidence": [
          6
        ],
        "evidence_card": [
          2
        ]
      }
    },
    "13": {
      "type": "leaf",
      "in_degree": 1,
      "out_degree": 0,
      "betweenness": 0.0,
      "closeness": 0.064,
      "pagerank": 0.03986885904770089,
      "degree_centrality": 0.04,
      "cpd": {
        "values": [
          0.4144458124305074,
          0.0880247150628053,
          0.5855541875694926,
          0.9119752849371947
        ],
        "evidence": [
          6
        ],
        "evidence_card": [
          2
        ]
      }
    },
    "14": {
      "type": "leaf",
      "in_degree": 1,
      "out_degree": 0,
      "betweenness": 0.0,
      "closeness": 0.064,
      "pagerank": 0.03986885904770089,
      "degree_centrality": 0.04,
      "cpd": {
        "values": [
          0.5087262877617608,
          0.32541596419583924,
          0.4912737122382392,
          0.6745840358041607
        ],
        "evidence": [
          5
        ],
        "evidence_card": [
          2
        ]
      }
    },
    "15": {
      "type": "leaf",
      "in_degree": 1,
      "out_degree": 0,
      "betweenness": 0.0,
      "closeness": 0.064,
      "pagerank": 0.03986885904770089,
      "degree_centrality": 0.04,
      "cpd": {
        "values": [
          0.3397465042600604,
          0.4485543957891462,
          0.6602534957399396,
          0.5514456042108539
        ],
        "evidence": [
          5
        ],
        "evidence_card": [
          2
        ]
      }
    },
    "16": {
      "type": "intermediate",
      "in_degree": 1,
      "out_degree": 1,
      "betweenness": 0.005,
      "closeness": 0.06,
      "pagerank": 0.035489521082491954,
      "degree_centrality": 0.08,