{
  "graph_index": 6819,
  "nodes": {
    "0": {
      "type": "root",
      "in_degree": 0,
      "out_degree": 2,
      "betweenness": 0.0,
      "closeness": 0.0,
      "pagerank": 0.028979675531339955,
      "degree_centrality": 0.1,
      "cpd": {
        "values": [
          0.5,
          0.5,
          0.0,
          0.0
        ],
        "evidence": [],
        "evidence_card": []
      }
    },
    "1": {
      "type": "intermediate",
      "in_degree": 1,
      "out_degree": 2,
      "betweenness": 0.02368421052631579,
      "closeness": 0.05,
      "pagerank": 0.041296292792095964,
      "degree_centrality": 0.15000000000000002,
      "cpd": {
        "values": [
          0.49686641414991106,
          0.4956912222622324,
          0.5031335858500888,
          0.5043087777377676
        ],
        "evidence": [
          0
        ],
        "evidence_card": [
          2
        ]
      }
    },
    "2": {
      "type": "intermediate",
      "in_degree": 1,
      "out_degree": 1,
      "betweenness": 0.02368421052631579,
      "closeness": 0.05,
      "pagerank": 0.041296292792095964,
      "degree_centrality": 0.1,
      "cpd": {
        "values": [
          0.9754810815420474,
          0.7723595459369347,
          0.02451891845795258,
          0.22764045406306527
        ],
        "evidence": [
          0
        ],
        "evidence_card": [
          2
        ]
      }
    },
    "3": {
      "type": "intermediate",
      "in_degree": 1,
      "out_degree": 3,
      "betweenness": 0.04736842105263158,
      "closeness": 0.06666666666666667,
      "pagerank": 0.06408233122094342,
      "degree_centrality": 0.2,
      "cpd": {
        "values": [
          0.8450965376671631,
          0.9016117653714746,
          0.15490346233283694,
          0.09838823462852542
        ],
        "evidence": [
          2
        ],
        "evidence_card": [
          2
        ]
      }
    },
    "4": {
      "type": "intermediate",
      "in_degree": 1,
      "out_degree": 4,
      "betweenness": 0.02631578947368421,
      "closeness": 0.075,
      "pagerank": 0.047136346915004554,
      "degree_centrality": 0.25,
      "cpd": {
        "values": [
          0.6398001940132925,
          0.9539563532536672,
          0.36019980598670753,
          0.046043646746332795
        ],
        "evidence": [
          3
        ],
        "evidence_card": [
          2
        ]
      }
    },
    "5": {
      "type": "intermediate",
      "in_degree": 1,
      "out_degree": 3,
      "betweenness": 0.02368421052631579,
      "closeness": 0.075,
      "pagerank": 0.047136346915004554,
      "degree_centrality": 0.2,
      "cpd": {
        "values": [
          0.3187304681775035,
          0.21517233281172612,
          0.6812695318224965,
          0.7848276671882739
        ],
        "evidence": [
          3
        ],
        "evidence_card": [
          2
        ]
      }
    },
    "6": {
      "type": "leaf",
      "in_degree": 1,
      "out_degree": 0,
      "betweenness": 0.0,
      "closeness": 0.08000000000000002,
      "pagerank": 0.04233481521598708,
      "degree_centrality": 0.05,
      "cpd": {
        "values": [
          0.6945682548836015,
          0.9979196929188191,
          0.30543174511639853,
          0.002080307081180914
        ],
        "evidence": [
          5
        ],
        "evidence_card": [
          2
        ]
      }
    },
    "7": {
      "type": "leaf",
      "in_degree": 1,
      "out_degree": 0,
      "betweenness": 0.0,
      "closeness": 0.08000000000000002,
      "pagerank": 0.04233481521598708,
      "degree_centrality": 0.05,
      "cpd": {
        "values": [
          0.9067838576301095,
          0.8729398319303113,
          0.09321614236989051,
          0.12706016806968864
        ],
        "evidence": [
          5
        ],
        "evidence_card": [
          2
        ]
      }
    },
    "8": {
      "type": "leaf",
      "in_degree": 1,
      "out_degree": 0,
      "betweenness": 0.0,
      "closeness": 0.08000000000000002,
      "pagerank": 0.04233481521598708,
      "degree_centrality": 0.05,
      "cpd": {
        "values": [
          0.9250355196441874,
          0.5179131330396968,
          0.0749644803558127,
          0.4820868669603033
        ],
        "evidence": [
          5
        ],
        "evidence_card": [
          2
        ]
      }
    },
    "9": {
      "type": "leaf",
      "in_degree": 1,
      "out_degree": 0,
      "betweenness": 0.0,
      "closeness": 0.08000000000000002,
      "pagerank": 0.0389960302948253,
      "degree_centrality": 0.05,
      "cpd": {
        "values": [
          0.7448669669662294,
          0.26820126259485266,
          0.25513303303377055,
          0.7317987374051473
        ],
        "evidence": [
          4
        ],
        "evidence_card": [
          2
        ]
      }
    },
    "10": {
      "type": "leaf",
      "in_degree": 1,
      "out_degree": 0,
      "betweenness": 0.0,
      "closeness": 0.08000000000000002,
      "pagerank": 0.0389960302948253,
      "degree_centrality": 0.05,
      "cpd": {
        "values": [
          0.0686762528722001,
          0.7862891462611498,
          0.9313237471277999,
          0.2137108537388502
        ],
        "evidence": [
          4
        ],
        "evidence_card": [
          2
        ]
      }
    },
    "11": {
      "type": "leaf",
      "in_degree": 2,
      "out_degree": 0,
      "betweenness": 0.0,
      "closeness": 0.15,
      "pagerank": 0.05877184246295176,
      "degree_centrality": 0.1,
      "cpd": {
        "values": [
          0.5452438414234174,
          0.34486758273129087,
          0.22203009280297467,
          0.7830282892121527
        ],
        "evidence": [
          13,
          4
        ],
        "evidence_card": [
          2,
          2
        ]
      }
    },
    "12": {
      "type": "leaf",
      "in_degree": 2,
      "out_degree": 0,
      "betweenness": 0.0,
      "closeness": 0.15,
      "pagerank": 0.05877184246295176,
      "degree_centrality": 0.1,
      "cpd": {
        "values": [
          0.3012826366300234,
          0.261592134842013,
          0.6753112476946698,
          0.3333917665088932
        ],
        "evidence": [
          14,
          4
        ],
        "evidence_card": [
          2,
          2
        ]
      }
    },
    "13": {
      "type": "intermediate",
      "in_degree": 1,
      "out_degree": 2,
      "betweenness": 0.015789473684210527,
      "closeness": 0.06666666666666667,
      "pagerank": 0.046531003376141696,
      "degree_centrality": 0.15000000000000002,
      "cpd": {
        "values": [
          0.37494069055859186,
          0.06536127931498541,
          0.6250593094414081,
          0.9346387206850146
        ],
        "evidence": [
          1
        ],
        "evidence_card": [
          2
        ]
      }
    },
    "14": {
      "type": "intermediate",
      "in_degree": 1,
      "out_degree": 2,
      "betweenness": 0.02368421052631579,
      "closeness": 0.06666666666666667,
      "pagerank": 0.046531003376141696,
      "degree_centrality": 0.15000000000000002,
      "cpd": {
        "values": [
          0.4965103067263312,
          0.4838300929802082,
          0.5034896932736688,
          0.5161699070197918
        ],
        "evidence": [
          1
        ],
        "evidence_card": [
          2
        ]
      }
    },
    "15": {
      "type": "intermediate",
      "in_degree": 1,
      "out_degree": 3,
      "betweenness": 0.021052631578947368,
      "closeness": 0.075,
      "pagerank": 0.048755487699466415,
      "degree_centrality": 0.2,
      "cpd": {
        "values": [
          0.2282973499134704,
          0.14664913117730852,
          0.7717026500865296,
          0.8533508688226914
        ],
        "evidence": [
          14
        ],
        "evidence_card": [
          2
        ]
      }
    },