{
  "graph_index": 1050,
  "nodes": {
    "0": {
      "type": "root",
      "in_degree": 0,
      "out_degree": 1,
      "betweenness": 0.0,
      "closeness": 0.0,
      "pagerank": 0.038543023163207374,
      "degree_centrality": 0.06666666666666667,
      "cpd": {
        "values": [
          0.5,
          0.5,
          0.0,
          0.0
        ],
        "evidence": [],
        "evidence_card": []
      }
    },
    "1": {
      "type": "intermediate",
      "in_degree": 1,
      "out_degree": 2,
      "betweenness": 0.06666666666666668,
      "closeness": 0.06666666666666667,
      "pagerank": 0.07130490727622418,
      "degree_centrality": 0.2,
      "cpd": {
        "values": [
          0.47394485820576315,
          0.2951542766743064,
          0.5260551417942368,
          0.7048457233256936
        ],
        "evidence": [
          0
        ],
        "evidence_card": [
          2
        ]
      }
    },
    "2": {
      "type": "intermediate",
      "in_degree": 1,
      "out_degree": 2,
      "betweenness": 0.028571428571428574,
      "closeness": 0.08888888888888888,
      "pagerank": 0.06884851420462396,
      "degree_centrality": 0.2,
      "cpd": {
        "values": [
          0.6844003711244236,
          0.5207060402298089,
          0.31559962887557647,
          0.47929395977019107
        ],
        "evidence": [
          1
        ],
        "evidence_card": [
          2
        ]
      }
    },
    "3": {
      "type": "intermediate",
      "in_degree": 1,
      "out_degree": 2,
      "betweenness": 0.08571428571428572,
      "closeness": 0.08888888888888888,
      "pagerank": 0.06884851420462396,
      "degree_centrality": 0.2,
      "cpd": {
        "values": [
          0.5552519998048828,
          0.48684962727640674,
          0.44474800019511707,
          0.5131503727235932
        ],
        "evidence": [
          1
        ],
        "evidence_card": [
          2
        ]
      }
    },
    "4": {
      "type": "intermediate",
      "in_degree": 1,
      "out_degree": 4,
      "betweenness": 0.04761904761904762,
      "closeness": 0.1,
      "pagerank": 0.06780336106555104,
      "degree_centrality": 0.3333333333333333,
      "cpd": {
        "values": [
          0.5362814574346433,
          0.5843709068195176,
          0.4637185425653567,
          0.4156290931804823
        ],
        "evidence": [
          3
        ],
        "evidence_card": [
          2
        ]
      }
    },
    "5": {
      "type": "intermediate",
      "in_degree": 1,
      "out_degree": 4,
      "betweenness": 0.05714285714285715,
      "closeness": 0.1,
      "pagerank": 0.06780336106555104,
      "degree_centrality": 0.3333333333333333,
      "cpd": {
        "values": [
          0.19922676999444489,
          0.1484993878250209,
          0.8007732300055551,
          0.8515006121749791
        ],
        "evidence": [
          3
        ],
        "evidence_card": [
          2
        ]
      }
    },
    "6": {
      "type": "leaf",
      "in_degree": 1,
      "out_degree": 0,
      "betweenness": 0.0,
      "closeness": 0.10666666666666667,
      "pagerank": 0.052951140795162145,
      "degree_centrality": 0.06666666666666667,
      "cpd": {
        "values": [
          0.9150148664187503,
          0.6751962346523408,
          0.08498513358124977,
          0.3248037653476593
        ],
        "evidence": [
          5
        ],
        "evidence_card": [
          2
        ]
      }
    },
    "7": {
      "type": "leaf",
      "in_degree": 1,
      "out_degree": 0,
      "betweenness": 0.0,
      "closeness": 0.10666666666666667,
      "pagerank": 0.052951140795162145,
      "degree_centrality": 0.06666666666666667,
      "cpd": {
        "values": [
          0.4833205958697771,
          0.5109649705090541,
          0.5166794041302228,
          0.48903502949094585
        ],
        "evidence": [
          5
        ],
        "evidence_card": [
          2
        ]
      }
    },
    "8": {
      "type": "leaf",
      "in_degree": 1,
      "out_degree": 0,
      "betweenness": 0.0,
      "closeness": 0.10666666666666667,
      "pagerank": 0.052951140795162145,
      "degree_centrality": 0.06666666666666667,
      "cpd": {
        "values": [
          0.21255087313589313,
          0.4688801271903089,
          0.7874491268641068,
          0.531119872809691
        ],
        "evidence": [
          5
        ],
        "evidence_card": [
          2
        ]
      }
    },
    "9": {
      "type": "leaf",
      "in_degree": 1,
      "out_degree": 0,
      "betweenness": 0.0,
      "closeness": 0.10666666666666667,
      "pagerank": 0.052951140795162145,
      "degree_centrality": 0.06666666666666667,
      "cpd": {
        "values": [
          0.6850056277611767,
          0.4679047876363578,
          0.31499437223882326,
          0.5320952123636422
        ],
        "evidence": [
          5
        ],
        "evidence_card": [
          2
        ]
      }
    },
    "10": {
      "type": "leaf",
      "in_degree": 1,
      "out_degree": 0,
      "betweenness": 0.0,
      "closeness": 0.10666666666666667,
      "pagerank": 0.052951140795162145,
      "degree_centrality": 0.06666666666666667,
      "cpd": {
        "values": [
          0.36100589461186433,
          0.583054536051634,
          0.6389941053881356,
          0.416945463948366
        ],
        "evidence": [
          4
        ],
        "evidence_card": [
          2
        ]
      }
    },
    "11": {
      "type": "leaf",
      "in_degree": 1,
      "out_degree": 0,
      "betweenness": 0.0,
      "closeness": 0.10666666666666667,
      "pagerank": 0.052951140795162145,
      "degree_centrality": 0.06666666666666667,
      "cpd": {
        "values": [
          0.180786821950813,
          0.21478598486204753,
          0.819213178049187,
          0.7852140151379523
        ],
        "evidence": [
          4
        ],
        "evidence_card": [
          2
        ]
      }
    },
    "12": {
      "type": "leaf",
      "in_degree": 2,
      "out_degree": 0,
      "betweenness": 0.0,
      "closeness": 0.18518518518518517,
      "pagerank": 0.08221147869750584,
      "degree_centrality": 0.13333333333333333,
      "cpd": {
        "values": [
          0.16541586341663428,
          0.5873261388851294,
          0.25931783227497074,
          0.5131639402551352
        ],
        "evidence": [
          2,
          4
        ],
        "evidence_card": [
          2,
          2
        ]
      }
    },
    "13": {
      "type": "leaf",
      "in_degree": 1,
      "out_degree": 0,
      "betweenness": 0.0,
      "closeness": 0.10666666666666667,
      "pagerank": 0.052951140795162145,
      "degree_centrality": 0.06666666666666667,
      "cpd": {
        "values": [
          0.9687515227445441,
          0.5819271612057371,
          0.031248477255455834,
          0.418072838794263
        ],
        "evidence": [
          4
        ],
        "evidence_card": [
          2
        ]
      }
    },
    "14": {
      "type": "intermediate",
      "in_degree": 1,
      "out_degree": 1,
      "betweenness": 0.014285714285714287,
      "closeness": 0.1,
      "pagerank": 0.06780336106555104,
      "degree_centrality": 0.13333333333333333,
      "cpd": {
        "values": [
          0.4529111805135866,
          0.4260263051261975,
          0.5470888194864133,
          0.5739736948738026
        ],
        "evidence": [
          2
        ],
        "evidence_card": [
          2
        ]
      }
    },
    "15": {
      "type": "leaf",
      "in_degree": 1,
      "out_degree": 0,
      "betweenness": 0.0,
      "closeness": 0.10666666666666667,
      "pagerank": 0.09617549369102649,
      "degree_centrality": 0.06666666666666667,
      "cpd": {
        "values": [
          0.45048470291449033,
          0.6994197280129221,
          0.5495152970855096,
          0.3005802719870779
        ],