{
  "graph_index": 9226,
  "nodes": {
    "0": {
      "type": "root",
      "in_degree": 0,
      "out_degree": 1,
      "betweenness": 0.0,
      "closeness": 0.0,
      "pagerank": 0.01994877285398759,
      "degree_centrality": 0.030303030303030304,
      "cpd": {
        "values": [
          0.5,
          0.5,
          0.0,
          0.0
        ],
        "evidence": [],
        "evidence_card": []
      }
    },
    "1": {
      "type": "intermediate",
      "in_degree": 1,
      "out_degree": 4,
      "betweenness": 0.030303030303030304,
      "closeness": 0.030303030303030304,
      "pagerank": 0.036904806378844246,
      "degree_centrality": 0.15151515151515152,
      "cpd": {
        "values": [
          0.04428340513485256,
          0.11997176204224715,
          0.9557165948651475,
          0.8800282379577529
        ],
        "evidence": [
          0
        ],
        "evidence_card": [
          2
        ]
      }
    },
    "2": {
      "type": "intermediate",
      "in_degree": 1,
      "out_degree": 4,
      "betweenness": 0.032196969696969696,
      "closeness": 0.0404040404040404,
      "pagerank": 0.027791027898580036,
      "degree_centrality": 0.15151515151515152,
      "cpd": {
        "values": [
          0.9150725167023568,
          0.8847090211259525,
          0.08492748329764317,
          0.11529097887404749
        ],
        "evidence": [
          1
        ],
        "evidence_card": [
          2
        ]
      }
    },
    "3": {
      "type": "intermediate",
      "in_degree": 1,
      "out_degree": 1,
      "betweenness": 0.005681818181818182,
      "closeness": 0.0404040404040404,
      "pagerank": 0.027791027898580036,
      "degree_centrality": 0.06060606060606061,
      "cpd": {
        "values": [
          0.6243592244229178,
          0.9827315482162639,
          0.37564077557708225,
          0.017268451783736174
        ],
        "evidence": [
          1
        ],
        "evidence_card": [
          2
        ]
      }
    },
    "4": {
      "type": "intermediate",
      "in_degree": 1,
      "out_degree": 2,
      "betweenness": 0.010416666666666668,
      "closeness": 0.0404040404040404,
      "pagerank": 0.027791027898580036,
      "degree_centrality": 0.09090909090909091,
      "cpd": {
        "values": [
          0.3461584731988457,
          0.09433087675278949,
          0.6538415268011544,
          0.9056691232472105
        ],
        "evidence": [
          1
        ],
        "evidence_card": [
          2
        ]
      }
    },
    "5": {
      "type": "intermediate",
      "in_degree": 1,
      "out_degree": 2,
      "betweenness": 0.004734848484848485,
      "closeness": 0.0404040404040404,
      "pagerank": 0.027791027898580036,
      "degree_centrality": 0.09090909090909091,
      "cpd": {
        "values": [
          0.6002654603404242,
          0.037235867581740315,
          0.39973453965957584,
          0.9627641324182596
        ],
        "evidence": [
          1
        ],
        "evidence_card": [
          2
        ]
      }
    },
    "6": {
      "type": "intermediate",
      "in_degree": 1,
      "out_degree": 1,
      "betweenness": 0.002840909090909091,
      "closeness": 0.045454545454545456,
      "pagerank": 0.03175973120621039,
      "degree_centrality": 0.06060606060606061,
      "cpd": {
        "values": [
          0.9538122343303661,
          0.4709571251513203,
          0.04618776566963394,
          0.5290428748486796
        ],
        "evidence": [
          5
        ],
        "evidence_card": [
          2
        ]
      }
    },
    "7": {
      "type": "leaf",
      "in_degree": 1,
      "out_degree": 0,
      "betweenness": 0.0,
      "closeness": 0.04848484848484849,
      "pagerank": 0.046944267673746994,
      "degree_centrality": 0.030303030303030304,
      "cpd": {
        "values": [
          0.5366476669216141,
          0.8014521309971222,
          0.4633523330783859,
          0.1985478690028778
        ],
        "evidence": [
          6
        ],
        "evidence_card": [
          2
        ]
      }
    },
    "8": {
      "type": "intermediate",
      "in_degree": 1,
      "out_degree": 4,
      "betweenness": 0.011363636363636364,
      "closeness": 0.045454545454545456,
      "pagerank": 0.03175973120621039,
      "degree_centrality": 0.15151515151515152,
      "cpd": {
        "values": [
          0.5630159887722147,
          0.36680162433990027,
          0.43698401122778535,
          0.6331983756600997
        ],
        "evidence": [
          4
        ],
        "evidence_card": [
          2
        ]
      }
    },
    "9": {
      "type": "leaf",
      "in_degree": 1,
      "out_degree": 0,
      "betweenness": 0.0,
      "closeness": 0.04848484848484849,
      "pagerank": 0.02669764655892744,
      "degree_centrality": 0.030303030303030304,
      "cpd": {
        "values": [
          0.34878172165130766,
          0.9586801714715053,
          0.6512182783486924,
          0.04131982852849475
        ],
        "evidence": [
          8
        ],
        "evidence_card": [
          2
        ]
      }
    },
    "10": {
      "type": "leaf",
      "in_degree": 1,
      "out_degree": 0,
      "betweenness": 0.0,
      "closeness": 0.04848484848484849,
      "pagerank": 0.02669764655892744,
      "degree_centrality": 0.030303030303030304,
      "cpd": {
        "values": [
          0.46213695286877193,
          0.7154518704315744,
          0.537863047131228,
          0.28454812956842557
        ],
        "evidence": [
          8
        ],
        "evidence_card": [
          2
        ]
      }
    },
    "11": {
      "type": "leaf",
      "in_degree": 1,
      "out_degree": 0,
      "betweenness": 0.0,
      "closeness": 0.04848484848484849,
      "pagerank": 0.02669764655892744,
      "degree_centrality": 0.030303030303030304,
      "cpd": {
        "values": [
          0.5279502848179243,
          0.5766489944728815,
          0.4720497151820757,
          0.4233510055271184
        ],
        "evidence": [
          8
        ],
        "evidence_card": [
          2
        ]
      }
    },
    "12": {
      "type": "leaf",
      "in_degree": 1,
      "out_degree": 0,
      "betweenness": 0.0,
      "closeness": 0.04848484848484849,
      "pagerank": 0.02669764655892744,
      "degree_centrality": 0.030303030303030304,
      "cpd": {
        "values": [
          0.49280408482953253,
          0.9118937192904448,
          0.5071959151704675,
          0.08810628070955522
        ],
        "evidence": [
          8
        ],
        "evidence_card": [
          2
        ]
      }
    },
    "13": {
      "type": "intermediate",
      "in_degree": 1,
      "out_degree": 2,
      "betweenness": 0.005681818181818182,
      "closeness": 0.045454545454545456,
      "pagerank": 0.04357068955843318,
      "degree_centrality": 0.09090909090909091,
      "cpd": {
        "values": [
          0.2582959423201773,
          0.3150251308088766,
          0.7417040576798227,
          0.6849748691911234
        ],
        "evidence": [
          3
        ],
        "evidence_card": [
          2
        ]
      }
    },
    "14": {
      "type": "leaf",
      "in_degree": 1,
      "out_degree": 0,
      "betweenness": 0.0,
      "closeness": 0.04848484848484849,
      "pagerank": 0.03846625091131867,
      "degree_centrality": 0.030303030303030304,
      "cpd": {
        "values": [
          0.47202126016513446,
          0.5503088842133982,
          0.5279787398348654,
          0.44969111578660176
        ],
        "evidence": [
          13
        ],
        "evidence_card": [
          2
        ]
      }
    },
    "15": {
      "type": "leaf",
      "in_degree": 1,
      "out_degree": 0,
      "betweenness": 0.0,
      "closeness": 0.04848484848484849,
      "pagerank": 0.03846625091131867,
      "degree_centrality": 0.030303030303030304,