{
  "graph_index": 5011,
  "nodes": {
    "0": {
      "type": "root",
      "in_degree": 0,
      "out_degree": 1,
      "betweenness": 0.0,
      "closeness": 0.0,
      "pagerank": 0.02065032327593262,
      "degree_centrality": 0.030303030303030304,
      "cpd": {
        "values": [
          0.5,
          0.5,
          0.0,
          0.0
        ],
        "evidence": [],
        "evidence_card": []
      }
    },
    "1": {
      "type": "intermediate",
      "in_degree": 1,
      "out_degree": 3,
      "betweenness": 0.030303030303030304,
      "closeness": 0.030303030303030304,
      "pagerank": 0.03820305588430424,
      "degree_centrality": 0.12121212121212122,
      "cpd": {
        "values": [
          0.7943634817492562,
          0.4666828088096303,
          0.2056365182507438,
          0.5333171911903697
        ],
        "evidence": [
          0
        ],
        "evidence_card": [
          2
        ]
      }
    },
    "2": {
      "type": "intermediate",
      "in_degree": 1,
      "out_degree": 5,
      "betweenness": 0.03409090909090909,
      "closeness": 0.0404040404040404,
      "pagerank": 0.031474789277924825,
      "degree_centrality": 0.18181818181818182,
      "cpd": {
        "values": [
          0.991095582390156,
          0.797764894863504,
          0.00890441760984396,
          0.20223510513649598
        ],
        "evidence": [
          1
        ],
        "evidence_card": [
          2
        ]
      }
    },
    "3": {
      "type": "intermediate",
      "in_degree": 1,
      "out_degree": 3,
      "betweenness": 0.011363636363636364,
      "closeness": 0.0404040404040404,
      "pagerank": 0.031474789277924825,
      "degree_centrality": 0.12121212121212122,
      "cpd": {
        "values": [
          0.49818376009706744,
          0.3244365166439427,
          0.5018162399029327,
          0.6755634833560573
        ],
        "evidence": [
          1
        ],
        "evidence_card": [
          2
        ]
      }
    },
    "4": {
      "type": "intermediate",
      "in_degree": 1,
      "out_degree": 2,
      "betweenness": 0.00946969696969697,
      "closeness": 0.0404040404040404,
      "pagerank": 0.031474789277924825,
      "degree_centrality": 0.09090909090909091,
      "cpd": {
        "values": [
          0.7917663161219273,
          0.26199061346825653,
          0.2082336838780727,
          0.7380093865317435
        ],
        "evidence": [
          1
        ],
        "evidence_card": [
          2
        ]
      }
    },
    "5": {
      "type": "intermediate",
      "in_degree": 1,
      "out_degree": 4,
      "betweenness": 0.00946969696969697,
      "closeness": 0.045454545454545456,
      "pagerank": 0.03402710339587108,
      "degree_centrality": 0.15151515151515152,
      "cpd": {
        "values": [
          0.2214609550694765,
          0.44920618390340045,
          0.7785390449305235,
          0.5507938160965995
        ],
        "evidence": [
          4
        ],
        "evidence_card": [
          2
        ]
      }
    },
    "6": {
      "type": "leaf",
      "in_degree": 1,
      "out_degree": 0,
      "betweenness": 0.0,
      "closeness": 0.04848484848484849,
      "pagerank": 0.027881709967795265,
      "degree_centrality": 0.030303030303030304,
      "cpd": {
        "values": [
          0.5311914937419888,
          0.6132472488381204,
          0.4688085062580112,
          0.38675275116187957
        ],
        "evidence": [
          5
        ],
        "evidence_card": [
          2
        ]
      }
    },
    "7": {
      "type": "leaf",
      "in_degree": 1,
      "out_degree": 0,
      "betweenness": 0.0,
      "closeness": 0.04848484848484849,
      "pagerank": 0.027881709967795265,
      "degree_centrality": 0.030303030303030304,
      "cpd": {
        "values": [
          0.3434669996717627,
          0.2821508198166576,
          0.6565330003282374,
          0.7178491801833424
        ],
        "evidence": [
          5
        ],
        "evidence_card": [
          2
        ]
      }
    },
    "8": {
      "type": "leaf",
      "in_degree": 1,
      "out_degree": 0,
      "betweenness": 0.0,
      "closeness": 0.04848484848484849,
      "pagerank": 0.027881709967795265,
      "degree_centrality": 0.030303030303030304,
      "cpd": {
        "values": [
          0.6448675253203876,
          0.6964951666922797,
          0.3551324746796124,
          0.30350483330772027
        ],
        "evidence": [
          5
        ],
        "evidence_card": [
          2
        ]
      }
    },
    "9": {
      "type": "leaf",
      "in_degree": 2,
      "out_degree": 0,
      "betweenness": 0.0,
      "closeness": 0.08417508417508418,
      "pagerank": 0.036799563381087565,
      "degree_centrality": 0.06060606060606061,
      "cpd": {
        "values": [
          0.12918823052946138,
          0.6717503924315226,
          0.7707391847891604,
          0.26051094036911726
        ],
        "evidence": [
          3,
          5
        ],
        "evidence_card": [
          2,
          2
        ]
      }
    },
    "10": {
      "type": "intermediate",
      "in_degree": 1,
      "out_degree": 3,
      "betweenness": 0.006628787878787879,
      "closeness": 0.045454545454545456,
      "pagerank": 0.029568176689224925,
      "degree_centrality": 0.12121212121212122,
      "cpd": {
        "values": [
          0.5675197500036834,
          0.7631351754041777,
          0.43248024999631657,
          0.2368648245958222
        ],
        "evidence": [
          3
        ],
        "evidence_card": [
          2
        ]
      }
    },
    "11": {
      "type": "intermediate",
      "in_degree": 1,
      "out_degree": 1,
      "betweenness": 0.002840909090909091,
      "closeness": 0.045454545454545456,
      "pagerank": 0.029568176689224925,
      "degree_centrality": 0.06060606060606061,
      "cpd": {
        "values": [
          0.2952486637723015,
          0.8828104279472117,
          0.7047513362276984,
          0.11718957205278831
        ],
        "evidence": [
          3
        ],
        "evidence_card": [
          2
        ]
      }
    },
    "12": {
      "type": "leaf",
      "in_degree": 1,
      "out_degree": 0,
      "betweenness": 0.0,
      "closeness": 0.04848484848484849,
      "pagerank": 0.04578493199035688,
      "degree_centrality": 0.030303030303030304,
      "cpd": {
        "values": [
          0.49199329362571553,
          0.5387316356320725,
          0.5080067063742845,
          0.46126836436792756
        ],
        "evidence": [
          11
        ],
        "evidence_card": [
          2
        ]
      }
    },
    "13": {
      "type": "leaf",
      "in_degree": 1,
      "out_degree": 0,
      "betweenness": 0.0,
      "closeness": 0.04848484848484849,
      "pagerank": 0.029028526180740706,
      "degree_centrality": 0.030303030303030304,
      "cpd": {
        "values": [
          0.47217749966207306,
          0.404518225482447,
          0.527822500337927,
          0.5954817745175529
        ],
        "evidence": [
          10
        ],
        "evidence_card": [
          2
        ]
      }
    },
    "14": {
      "type": "leaf",
      "in_degree": 1,
      "out_degree": 0,
      "betweenness": 0.0,
      "closeness": 0.04848484848484849,
      "pagerank": 0.029028526180740706,
      "degree_centrality": 0.030303030303030304,
      "cpd": {
        "values": [
          0.3810659466050779,
          0.5472417455425995,
          0.6189340533949221,
          0.45275825445740053
        ],
        "evidence": [
          10
        ],
        "evidence_card": [
          2
        ]
      }
    },
    "15": {
      "type": "leaf",
      "in_degree": 2,
      "out_degree": 0,
      "betweenness": 0.0,
      "closeness": 0.08417508417508418,
      "pagerank": 0.034379238228716094,
      "degree_centrality": 0.06060606060606061,