{
  "graph_index": 3239,
  "nodes": {
    "0": {
      "type": "root",
      "in_degree": 0,
      "out_degree": 1,
      "betweenness": 0.0,
      "closeness": 0.0,
      "pagerank": 0.024806732448148933,
      "degree_centrality": 0.038461538461538464,
      "cpd": {
        "values": [
          0.5,
          0.5,
          0.0,
          0.0
        ],
        "evidence": [],
        "evidence_card": []
      }
    },
    "1": {
      "type": "intermediate",
      "in_degree": 1,
      "out_degree": 3,
      "betweenness": 0.038461538461538464,
      "closeness": 0.038461538461538464,
      "pagerank": 0.04589134007756682,
      "degree_centrality": 0.15384615384615385,
      "cpd": {
        "values": [
          0.15999321295312816,
          0.744818553633099,
          0.8400067870468718,
          0.25518144636690104
        ],
        "evidence": [
          0
        ],
        "evidence_card": [
          2
        ]
      }
    },
    "2": {
      "type": "intermediate",
      "in_degree": 1,
      "out_degree": 2,
      "betweenness": 0.01846153846153846,
      "closeness": 0.05128205128205128,
      "pagerank": 0.03780903116565727,
      "degree_centrality": 0.11538461538461539,
      "cpd": {
        "values": [
          0.5584270846166883,
          0.7959944201017687,
          0.44157291538331156,
          0.20400557989823126
        ],
        "evidence": [
          1
        ],
        "evidence_card": [
          2
        ]
      }
    },
    "3": {
      "type": "intermediate",
      "in_degree": 1,
      "out_degree": 1,
      "betweenness": 0.015384615384615385,
      "closeness": 0.05128205128205128,
      "pagerank": 0.03780903116565727,
      "degree_centrality": 0.07692307692307693,
      "cpd": {
        "values": [
          0.45091327753692867,
          0.39841244338694076,
          0.5490867224630712,
          0.6015875566130592
        ],
        "evidence": [
          1
        ],
        "evidence_card": [
          2
        ]
      }
    },
    "4": {
      "type": "intermediate",
      "in_degree": 1,
      "out_degree": 3,
      "betweenness": 0.033846153846153845,
      "closeness": 0.05128205128205128,
      "pagerank": 0.03780903116565727,
      "degree_centrality": 0.15384615384615385,
      "cpd": {
        "values": [
          0.3067067001224746,
          0.3399825650719196,
          0.6932932998775253,
          0.6600174349280805
        ],
        "evidence": [
          1
        ],
        "evidence_card": [
          2
        ]
      }
    },
    "5": {
      "type": "intermediate",
      "in_degree": 1,
      "out_degree": 2,
      "betweenness": 0.006153846153846154,
      "closeness": 0.057692307692307696,
      "pagerank": 0.03551888963928725,
      "degree_centrality": 0.11538461538461539,
      "cpd": {
        "values": [
          0.0719494696009429,
          0.5816296489289224,
          0.928050530399057,
          0.41837035107107756
        ],
        "evidence": [
          4
        ],
        "evidence_card": [
          2
        ]
      }
    },
    "6": {
      "type": "intermediate",
      "in_degree": 1,
      "out_degree": 4,
      "betweenness": 0.01846153846153846,
      "closeness": 0.057692307692307696,
      "pagerank": 0.03551888963928725,
      "degree_centrality": 0.19230769230769232,
      "cpd": {
        "values": [
          0.7703101090398293,
          0.41976317872358204,
          0.22968989096017073,
          0.580236821276418
        ],
        "evidence": [
          4
        ],
        "evidence_card": [
          2
        ]
      }
    },
    "7": {
      "type": "intermediate",
      "in_degree": 1,
      "out_degree": 3,
      "betweenness": 0.013846153846153847,
      "closeness": 0.057692307692307696,
      "pagerank": 0.03551888963928725,
      "degree_centrality": 0.15384615384615385,
      "cpd": {
        "values": [
          0.621808873688823,
          0.7560841416835363,
          0.37819112631117696,
          0.24391585831646367
        ],
        "evidence": [
          4
        ],
        "evidence_card": [
          2
        ]
      }
    },
    "8": {
      "type": "leaf",
      "in_degree": 1,
      "out_degree": 0,
      "betweenness": 0.0,
      "closeness": 0.06153846153846154,
      "pagerank": 0.03487023575798607,
      "degree_centrality": 0.038461538461538464,
      "cpd": {
        "values": [
          0.28341276147608774,
          0.4699490290328521,
          0.7165872385239123,
          0.5300509709671479
        ],
        "evidence": [
          7
        ],
        "evidence_card": [
          2
        ]
      }
    },
    "9": {
      "type": "leaf",
      "in_degree": 1,
      "out_degree": 0,
      "betweenness": 0.0,
      "closeness": 0.06153846153846154,
      "pagerank": 0.03487023575798607,
      "degree_centrality": 0.038461538461538464,
      "cpd": {
        "values": [
          0.8037227232432921,
          0.31792732390997114,
          0.19627727675670792,
          0.682072676090029
        ],
        "evidence": [
          7
        ],
        "evidence_card": [
          2
        ]
      }
    },
    "10": {
      "type": "leaf",
      "in_degree": 1,
      "out_degree": 0,
      "betweenness": 0.0,
      "closeness": 0.06153846153846154,
      "pagerank": 0.03487023575798607,
      "degree_centrality": 0.038461538461538464,
      "cpd": {
        "values": [
          0.9242712817319241,
          0.7771663916957656,
          0.07572871826807587,
          0.2228336083042344
        ],
        "evidence": [
          7
        ],
        "evidence_card": [
          2
        ]
      }
    },
    "11": {
      "type": "leaf",
      "in_degree": 1,
      "out_degree": 0,
      "betweenness": 0.0,
      "closeness": 0.06153846153846154,
      "pagerank": 0.03235435993052678,
      "degree_centrality": 0.038461538461538464,
      "cpd": {
        "values": [
          0.4586547324898372,
          0.5013271571527703,
          0.5413452675101628,
          0.4986728428472298
        ],
        "evidence": [
          6
        ],
        "evidence_card": [
          2
        ]
      }
    },
    "12": {
      "type": "leaf",
      "in_degree": 1,
      "out_degree": 0,
      "betweenness": 0.0,
      "closeness": 0.06153846153846154,
      "pagerank": 0.03235435993052678,
      "degree_centrality": 0.038461538461538464,
      "cpd": {
        "values": [
          0.2874179875483496,
          0.6668826613162722,
          0.7125820124516504,
          0.3331173386837278
        ],
        "evidence": [
          6
        ],
        "evidence_card": [
          2
        ]
      }
    },
    "13": {
      "type": "leaf",
      "in_degree": 1,
      "out_degree": 0,
      "betweenness": 0.0,
      "closeness": 0.06153846153846154,
      "pagerank": 0.03235435993052678,
      "degree_centrality": 0.038461538461538464,
      "cpd": {
        "values": [
          0.9898408506061775,
          0.39407102127201166,
          0.010159149393822476,
          0.6059289787279883
        ],
        "evidence": [
          6
        ],
        "evidence_card": [
          2
        ]
      }
    },
    "14": {
      "type": "leaf",
      "in_degree": 1,
      "out_degree": 0,
      "betweenness": 0.0,
      "closeness": 0.06153846153846154,
      "pagerank": 0.03235435993052678,
      "degree_centrality": 0.038461538461538464,
      "cpd": {
        "values": [
          0.2405638767102969,
          0.26634750361049425,
          0.7594361232897032,
          0.7336524963895058
        ],
        "evidence": [
          6
        ],
        "evidence_card": [
          2
        ]
      }
    },
    "15": {
      "type": "leaf",
      "in_degree": 1,
      "out_degree": 0,
      "betweenness": 0.0,
      "closeness": 0.06153846153846154,
      "pagerank": 0.039901987412904634,
      "degree_centrality": 0.038461538461538464,