{
  "graph_index": 1518,
  "nodes": {
    "0": {
      "type": "root",
      "in_degree": 0,
      "out_degree": 1,
      "betweenness": 0.0,
      "closeness": 0.0,
      "pagerank": 0.04995596820670921,
      "degree_centrality": 0.1,
      "cpd": {
        "values": [
          0.5,
          0.5,
          0.0,
          0.0
        ],
        "evidence": [],
        "evidence_card": []
      }
    },
    "1": {
      "type": "intermediate",
      "in_degree": 1,
      "out_degree": 1,
      "betweenness": 0.1,
      "closeness": 0.1,
      "pagerank": 0.09241803589344985,
      "degree_centrality": 0.2,
      "cpd": {
        "values": [
          0.37616316084082146,
          0.6402241053372145,
          0.6238368391591785,
          0.3597758946627855
        ],
        "evidence": [
          0
        ],
        "evidence_card": [
          2
        ]
      }
    },
    "2": {
      "type": "intermediate",
      "in_degree": 1,
      "out_degree": 3,
      "betweenness": 0.17777777777777778,
      "closeness": 0.13333333333333333,
      "pagerank": 0.12850962362881715,
      "degree_centrality": 0.4,
      "cpd": {
        "values": [
          0.900779075497941,
          0.45985032946411747,
          0.09922092450205902,
          0.5401496705358825
        ],
        "evidence": [
          1
        ],
        "evidence_card": [
          2
        ]
      }
    },
    "3": {
      "type": "intermediate",
      "in_degree": 1,
      "out_degree": 2,
      "betweenness": 0.06666666666666667,
      "closeness": 0.15,
      "pagerank": 0.08636707313707241,
      "degree_centrality": 0.30000000000000004,
      "cpd": {
        "values": [
          0.5447660614290052,
          0.553899270304067,
          0.45523393857099487,
          0.44610072969593295
        ],
        "evidence": [
          2
        ],
        "evidence_card": [
          2
        ]
      }
    },
    "4": {
      "type": "intermediate",
      "in_degree": 1,
      "out_degree": 1,
      "betweenness": 0.03333333333333333,
      "closeness": 0.15,
      "pagerank": 0.08636707313707241,
      "degree_centrality": 0.2,
      "cpd": {
        "values": [
          0.4851286124818868,
          0.4795939096439183,
          0.5148713875181132,
          0.5204060903560818
        ],
        "evidence": [
          2
        ],
        "evidence_card": [
          2
        ]
      }
    },
    "5": {
      "type": "intermediate",
      "in_degree": 1,
      "out_degree": 2,
      "betweenness": 0.06666666666666667,
      "closeness": 0.15,
      "pagerank": 0.08636707313707241,
      "degree_centrality": 0.30000000000000004,
      "cpd": {
        "values": [
          0.9182597824000611,
          0.06179710176747572,
          0.08174021759993891,
          0.9382028982325242
        ],
        "evidence": [
          2
        ],
        "evidence_card": [
          2
        ]
      }
    },
    "6": {
      "type": "leaf",
      "in_degree": 1,
      "out_degree": 0,
      "betweenness": 0.0,
      "closeness": 0.16000000000000003,
      "pagerank": 0.08666185351108598,
      "degree_centrality": 0.1,
      "cpd": {
        "values": [
          0.45758336259162746,
          0.2792332468202511,
          0.5424166374083725,
          0.7207667531797489
        ],
        "evidence": [
          5
        ],
        "evidence_card": [
          2
        ]
      }
    },
    "7": {
      "type": "leaf",
      "in_degree": 1,
      "out_degree": 0,
      "betweenness": 0.0,
      "closeness": 0.16000000000000003,
      "pagerank": 0.08666185351108598,
      "degree_centrality": 0.1,
      "cpd": {
        "values": [
          0.09128214666471826,
          0.5867897511259461,
          0.9087178533352818,
          0.41321024887405394
        ],
        "evidence": [
          5
        ],
        "evidence_card": [
          2
        ]
      }
    },
    "8": {
      "type": "leaf",
      "in_degree": 1,
      "out_degree": 0,
      "betweenness": 0.0,
      "closeness": 0.16000000000000003,
      "pagerank": 0.12336773881546272,
      "degree_centrality": 0.1,
      "cpd": {
        "values": [
          0.16708296319157306,
          0.0668542156331155,
          0.832917036808427,
          0.9331457843668844
        ],
        "evidence": [
          4
        ],
        "evidence_card": [
          2
        ]
      }
    },
    "9": {
      "type": "leaf",
      "in_degree": 1,
      "out_degree": 0,
      "betweenness": 0.0,
      "closeness": 0.16000000000000003,
      "pagerank": 0.08666185351108598,
      "degree_centrality": 0.1,
      "cpd": {
        "values": [
          0.5035777583749583,
          0.38359051736711963,
          0.49642224162504167,
          0.6164094826328802
        ],
        "evidence": [
          3
        ],
        "evidence_card": [
          2
        ]
      }
    },
    "10": {
      "type": "leaf",
      "in_degree": 1,
      "out_degree": 0,
      "betweenness": 0.0,
      "closeness": 0.16000000000000003,
      "pagerank": 0.08666185351108598,
      "degree_centrality": 0.1,
      "cpd": {
        "values": [
          0.8882307146404166,
          0.392026370884207,
          0.11176928535958339,
          0.607973629115793
        ],
        "evidence": [
          3
        ],
        "evidence_card": [
          2
        ]
      }
    }
  },
  "edges": [
    [
      0,
      1
    ],
    [
      1,
      2
    ],
    [
      2,
      3
    ],
    [
      2,
      4
    ],
    [
      2,
      5
    ],
    [
      3,
      9
    ],
    [
      3,
      10
    ],
    [
      4,
      8
    ],
    [
      5,
      6
    ],
    [
      5,
      7
    ]
  ]
}