{
  "graph_index": 300,
  "nodes": {
    "0": {
      "type": "root",
      "in_degree": 0,
      "out_degree": 1,
      "betweenness": 0.0,
      "closeness": 0.0,
      "pagerank": 0.040212359249385335,
      "degree_centrality": 0.07142857142857142,
      "cpd": {
        "values": [
          0.5,
          0.5,
          0.0,
          0.0
        ],
        "evidence": [],
        "evidence_card": []
      }
    },
    "1": {
      "type": "intermediate",
      "in_degree": 1,
      "out_degree": 1,
      "betweenness": 0.07142857142857144,
      "closeness": 0.07142857142857142,
      "pagerank": 0.07439383260361465,
      "degree_centrality": 0.14285714285714285,
      "cpd": {
        "values": [
          0.5844795654154938,
          0.7555531035216496,
          0.41552043458450627,
          0.24444689647835044
        ],
        "evidence": [
          0
        ],
        "evidence_card": [
          2
        ]
      }
    },
    "2": {
      "type": "intermediate",
      "in_degree": 1,
      "out_degree": 4,
      "betweenness": 0.13186813186813187,
      "closeness": 0.09523809523809523,
      "pagerank": 0.10344794135381458,
      "degree_centrality": 0.3571428571428571,
      "cpd": {
        "values": [
          0.4631330371690283,
          0.69347258388366,
          0.5368669628309717,
          0.30652741611634005
        ],
        "evidence": [
          1
        ],
        "evidence_card": [
          2
        ]
      }
    },
    "3": {
      "type": "intermediate",
      "in_degree": 1,
      "out_degree": 3,
      "betweenness": 0.049450549450549455,
      "closeness": 0.10714285714285714,
      "pagerank": 0.062195685599008704,
      "degree_centrality": 0.2857142857142857,
      "cpd": {
        "values": [
          0.05079523839735622,
          0.2870631685515372,
          0.9492047616026438,
          0.7129368314484628
        ],
        "evidence": [
          2
        ],
        "evidence_card": [
          2
        ]
      }
    },
    "4": {
      "type": "intermediate",
      "in_degree": 1,
      "out_degree": 2,
      "betweenness": 0.03296703296703297,
      "closeness": 0.10714285714285714,
      "pagerank": 0.062195685599008704,
      "degree_centrality": 0.21428571428571427,
      "cpd": {
        "values": [
          0.47168437020133647,
          0.16053996753957026,
          0.5283156297986635,
          0.8394600324604297
        ],
        "evidence": [
          2
        ],
        "evidence_card": [
          2
        ]
      }
    },
    "5": {
      "type": "intermediate",
      "in_degree": 1,
      "out_degree": 1,
      "betweenness": 0.016483516483516484,
      "closeness": 0.10714285714285714,
      "pagerank": 0.062195685599008704,
      "degree_centrality": 0.14285714285714285,
      "cpd": {
        "values": [
          0.2564399804991244,
          0.18987074649926272,
          0.7435600195008756,
          0.8101292535007372
        ],
        "evidence": [
          2
        ],
        "evidence_card": [
          2
        ]
      }
    },
    "6": {
      "type": "intermediate",
      "in_degree": 1,
      "out_degree": 2,
      "betweenness": 0.03296703296703297,
      "closeness": 0.10714285714285714,
      "pagerank": 0.062195685599008704,
      "degree_centrality": 0.21428571428571427,
      "cpd": {
        "values": [
          0.2066302890743661,
          0.6123883301708337,
          0.7933697109256339,
          0.3876116698291662
        ],
        "evidence": [
          2
        ],
        "evidence_card": [
          2
        ]
      }
    },
    "7": {
      "type": "leaf",
      "in_degree": 1,
      "out_degree": 0,
      "betweenness": 0.0,
      "closeness": 0.11428571428571428,
      "pagerank": 0.06664539054964383,
      "degree_centrality": 0.07142857142857142,
      "cpd": {
        "values": [
          0.2211380213402013,
          0.8176315826799472,
          0.7788619786597987,
          0.1823684173200528
        ],
        "evidence": [
          6
        ],
        "evidence_card": [
          2
        ]
      }
    },
    "8": {
      "type": "leaf",
      "in_degree": 1,
      "out_degree": 0,
      "betweenness": 0.0,
      "closeness": 0.11428571428571428,
      "pagerank": 0.06664539054964383,
      "degree_centrality": 0.07142857142857142,
      "cpd": {
        "values": [
          0.7702242715165841,
          0.23744699025347224,
          0.22977572848341588,
          0.7625530097465277
        ],
        "evidence": [
          6
        ],
        "evidence_card": [
          2
        ]
      }
    },
    "9": {
      "type": "leaf",
      "in_degree": 1,
      "out_degree": 0,
      "betweenness": 0.0,
      "closeness": 0.11428571428571428,
      "pagerank": 0.09307842184990231,
      "degree_centrality": 0.07142857142857142,
      "cpd": {
        "values": [
          0.5625911415912814,
          0.5013616152861216,
          0.43740885840871857,
          0.4986383847138785
        ],
        "evidence": [
          5
        ],
        "evidence_card": [
          2
        ]
      }
    },
    "10": {
      "type": "leaf",
      "in_degree": 1,
      "out_degree": 0,
      "betweenness": 0.0,
      "closeness": 0.11428571428571428,
      "pagerank": 0.06664539054964383,
      "degree_centrality": 0.07142857142857142,
      "cpd": {
        "values": [
          0.34625760032111086,
          0.7626796972037415,
          0.6537423996788891,
          0.2373203027962586
        ],
        "evidence": [
          4
        ],
        "evidence_card": [
          2
        ]
      }
    },
    "11": {
      "type": "leaf",
      "in_degree": 1,
      "out_degree": 0,
      "betweenness": 0.0,
      "closeness": 0.11428571428571428,
      "pagerank": 0.06664539054964383,
      "degree_centrality": 0.07142857142857142,
      "cpd": {
        "values": [
          0.08728388256212843,
          0.43071808963895,
          0.9127161174378716,
          0.56928191036105
        ],
        "evidence": [
          4
        ],
        "evidence_card": [
          2
        ]
      }
    },
    "12": {
      "type": "leaf",
      "in_degree": 1,
      "out_degree": 0,
      "betweenness": 0.0,
      "closeness": 0.11428571428571428,
      "pagerank": 0.057834380116224327,
      "degree_centrality": 0.07142857142857142,
      "cpd": {
        "values": [
          0.388671894141898,
          0.509543250107513,
          0.611328105858102,
          0.490456749892487
        ],
        "evidence": [
          3
        ],
        "evidence_card": [
          2
        ]
      }
    },
    "13": {
      "type": "leaf",
      "in_degree": 1,
      "out_degree": 0,
      "betweenness": 0.0,
      "closeness": 0.11428571428571428,
      "pagerank": 0.057834380116224327,
      "degree_centrality": 0.07142857142857142,
      "cpd": {
        "values": [
          0.30476851315662495,
          0.7022024312263662,
          0.695231486843375,
          0.2977975687736339
        ],
        "evidence": [
          3
        ],
        "evidence_card": [
          2
        ]
      }
    },
    "14": {
      "type": "leaf",
      "in_degree": 1,
      "out_degree": 0,
      "betweenness": 0.0,
      "closeness": 0.11428571428571428,
      "pagerank": 0.057834380116224327,
      "degree_centrality": 0.07142857142857142,
      "cpd": {
        "values": [
          0.54587484748392,
          0.33804073587306266,
          0.4541251525160799,
          0.6619592641269374
        ],
        "evidence": [
          3
        ],
        "evidence_card": [
          2
        ]
      }
    }
  },