{
  "graph_index": 5512,
  "nodes": {
    "0": {
      "type": "root",
      "in_degree": 0,
      "out_degree": 1,
      "betweenness": 0.0,
      "closeness": 0.0,
      "pagerank": 0.026564155037080147,
      "degree_centrality": 0.04,
      "cpd": {
        "values": [
          0.5,
          0.5,
          0.0,
          0.0
        ],
        "evidence": [],
        "evidence_card": []
      }
    },
    "1": {
      "type": "intermediate",
      "in_degree": 1,
      "out_degree": 2,
      "betweenness": 0.04,
      "closeness": 0.04,
      "pagerank": 0.0491427034839215,
      "degree_centrality": 0.12,
      "cpd": {
        "values": [
          0.48931499939932543,
          0.6375602507576066,
          0.5106850006006746,
          0.36243974924239347
        ],
        "evidence": [
          0
        ],
        "evidence_card": [
          2
        ]
      }
    },
    "2": {
      "type": "intermediate",
      "in_degree": 1,
      "out_degree": 4,
      "betweenness": 0.05666666666666667,
      "closeness": 0.05333333333333333,
      "pagerank": 0.04744925665410302,
      "degree_centrality": 0.2,
      "cpd": {
        "values": [
          0.09075985817409722,
          0.08269040840180608,
          0.9092401418259027,
          0.9173095915981939
        ],
        "evidence": [
          1
        ],
        "evidence_card": [
          2
        ]
      }
    },
    "3": {
      "type": "intermediate",
      "in_degree": 1,
      "out_degree": 2,
      "betweenness": 0.016666666666666666,
      "closeness": 0.05333333333333333,
      "pagerank": 0.04744925665410302,
      "degree_centrality": 0.12,
      "cpd": {
        "values": [
          0.49773405985019203,
          0.5128671160754213,
          0.5022659401498079,
          0.4871328839245787
        ],
        "evidence": [
          1
        ],
        "evidence_card": [
          2
        ]
      }
    },
    "4": {
      "type": "intermediate",
      "in_degree": 1,
      "out_degree": 3,
      "betweenness": 0.015000000000000001,
      "closeness": 0.06,
      "pagerank": 0.046730177848473095,
      "degree_centrality": 0.16,
      "cpd": {
        "values": [
          0.9787222288209291,
          0.7118297079286837,
          0.021277771179070912,
          0.2881702920713163
        ],
        "evidence": [
          3
        ],
        "evidence_card": [
          2
        ]
      }
    },
    "5": {
      "type": "leaf",
      "in_degree": 1,
      "out_degree": 0,
      "betweenness": 0.0,
      "closeness": 0.064,
      "pagerank": 0.03980438050549957,
      "degree_centrality": 0.04,
      "cpd": {
        "values": [
          0.47904974328557254,
          0.7647107748566964,
          0.5209502567144275,
          0.23528922514330364
        ],
        "evidence": [
          4
        ],
        "evidence_card": [
          2
        ]
      }
    },
    "6": {
      "type": "leaf",
      "in_degree": 1,
      "out_degree": 0,
      "betweenness": 0.0,
      "closeness": 0.064,
      "pagerank": 0.03980438050549957,
      "degree_centrality": 0.04,
      "cpd": {
        "values": [
          0.8095264846445969,
          0.6474691336284476,
          0.19047351535540308,
          0.35253086637155223
        ],
        "evidence": [
          4
        ],
        "evidence_card": [
          2
        ]
      }
    },
    "7": {
      "type": "leaf",
      "in_degree": 1,
      "out_degree": 0,
      "betweenness": 0.0,
      "closeness": 0.064,
      "pagerank": 0.03980438050549957,
      "degree_centrality": 0.04,
      "cpd": {
        "values": [
          0.5022298350956556,
          0.46941500714236845,
          0.4977701649043444,
          0.5305849928576315
        ],
        "evidence": [
          4
        ],
        "evidence_card": [
          2
        ]
      }
    },
    "8": {
      "type": "intermediate",
      "in_degree": 1,
      "out_degree": 4,
      "betweenness": 0.016666666666666666,
      "closeness": 0.06,
      "pagerank": 0.03664716644277662,
      "degree_centrality": 0.2,
      "cpd": {
        "values": [
          0.4135249457022569,
          0.5066804304177859,
          0.586475054297743,
          0.4933195695822142
        ],
        "evidence": [
          2
        ],
        "evidence_card": [
          2
        ]
      }
    },
    "9": {
      "type": "intermediate",
      "in_degree": 1,
      "out_degree": 4,
      "betweenness": 0.02,
      "closeness": 0.06,
      "pagerank": 0.03664716644277662,
      "degree_centrality": 0.2,
      "cpd": {
        "values": [
          0.3291207728965139,
          0.8798098392686825,
          0.6708792271034861,
          0.12019016073131747
        ],
        "evidence": [
          2
        ],
        "evidence_card": [
          2
        ]
      }
    },
    "10": {
      "type": "intermediate",
      "in_degree": 1,
      "out_degree": 2,
      "betweenness": 0.01,
      "closeness": 0.06,
      "pagerank": 0.03664716644277662,
      "degree_centrality": 0.12,
      "cpd": {
        "values": [
          0.5587285868170094,
          0.21746091976548654,
          0.4412714131829906,
          0.7825390802345135
        ],
        "evidence": [
          2
        ],
        "evidence_card": [
          2
        ]
      }
    },
    "11": {
      "type": "intermediate",
      "in_degree": 1,
      "out_degree": 4,
      "betweenness": 0.02,
      "closeness": 0.06,
      "pagerank": 0.03664716644277662,
      "degree_centrality": 0.2,
      "cpd": {
        "values": [
          0.3056487642272734,
          0.7992494028250335,
          0.6943512357727265,
          0.2007505971749665
        ],
        "evidence": [
          2
        ],
        "evidence_card": [
          2
        ]
      }
    },
    "12": {
      "type": "leaf",
      "in_degree": 1,
      "out_degree": 0,
      "betweenness": 0.0,
      "closeness": 0.064,
      "pagerank": 0.0343515581435926,
      "degree_centrality": 0.04,
      "cpd": {
        "values": [
          0.8801127086482985,
          0.4495574643880724,
          0.11988729135170147,
          0.5504425356119275
        ],
        "evidence": [
          11
        ],
        "evidence_card": [
          2
        ]
      }
    },
    "13": {
      "type": "leaf",
      "in_degree": 1,
      "out_degree": 0,
      "betweenness": 0.0,
      "closeness": 0.064,
      "pagerank": 0.0343515581435926,
      "degree_centrality": 0.04,
      "cpd": {
        "values": [
          0.5242535173006069,
          0.295955272936775,
          0.4757464826993931,
          0.7040447270632251
        ],
        "evidence": [
          11
        ],
        "evidence_card": [
          2
        ]
      }
    },
    "14": {
      "type": "leaf",
      "in_degree": 1,
      "out_degree": 0,
      "betweenness": 0.0,
      "closeness": 0.064,
      "pagerank": 0.0343515581435926,
      "degree_centrality": 0.04,
      "cpd": {
        "values": [
          0.5055479635858847,
          0.7995685912583701,
          0.4944520364141153,
          0.20043140874162982
        ],
        "evidence": [
          11
        ],
        "evidence_card": [
          2
        ]
      }
    },
    "15": {
      "type": "leaf",
      "in_degree": 1,
      "out_degree": 0,
      "betweenness": 0.0,
      "closeness": 0.064,
      "pagerank": 0.0343515581435926,
      "degree_centrality": 0.04,
      "cpd": {
        "values": [
          0.4007473356645926,
          0.6930601209699727,
          0.5992526643354075,
          0.3069398790300273
        ],
        "evidence": [
          11
        ],
        "evidence_card": [
          2
        ]
      }
    },
    "16": {
      "type": "leaf",
      "in_degree": 1,
      "out_degree": 0,
      "betweenness": 0.0,
      "closeness": 0.064,
      "pagerank": 0.04213896125010506,
      "degree_centrality": 0.04,