{
  "graph_index": 8116,
  "nodes": {
    "0": {
      "type": "root",
      "in_degree": 0,
      "out_degree": 1,
      "betweenness": 0.0,
      "closeness": 0.0,
      "pagerank": 0.04372963861029573,
      "degree_centrality": 0.08333333333333333,
      "cpd": {
        "values": [
          0.5,
          0.5,
          0.0,
          0.0
        ],
        "evidence": [],
        "evidence_card": []
      }
    },
    "1": {
      "type": "intermediate",
      "in_degree": 1,
      "out_degree": 1,
      "betweenness": 0.08333333333333334,
      "closeness": 0.08333333333333333,
      "pagerank": 0.08089910136649846,
      "degree_centrality": 0.16666666666666666,
      "cpd": {
        "values": [
          0.5565632850193737,
          0.2538874394824602,
          0.4434367149806264,
          0.7461125605175397
        ],
        "evidence": [
          0
        ],
        "evidence_card": [
          2
        ]
      }
    },
    "2": {
      "type": "intermediate",
      "in_degree": 1,
      "out_degree": 4,
      "betweenness": 0.15151515151515152,
      "closeness": 0.1111111111111111,
      "pagerank": 0.1124946860770965,
      "degree_centrality": 0.41666666666666663,
      "cpd": {
        "values": [
          0.48853122928886616,
          0.40391175049082756,
          0.5114687707111337,
          0.5960882495091725
        ],
        "evidence": [
          1
        ],
        "evidence_card": [
          2
        ]
      }
    },
    "3": {
      "type": "intermediate",
      "in_degree": 1,
      "out_degree": 1,
      "betweenness": 0.022727272727272728,
      "closeness": 0.125,
      "pagerank": 0.0676347889181576,
      "degree_centrality": 0.16666666666666666,
      "cpd": {
        "values": [
          0.44967906665787954,
          0.3067801790304938,
          0.5503209333421205,
          0.6932198209695061
        ],
        "evidence": [
          2
        ],
        "evidence_card": [
          2
        ]
      }
    },
    "4": {
      "type": "intermediate",
      "in_degree": 1,
      "out_degree": 3,
      "betweenness": 0.06818181818181818,
      "closeness": 0.125,
      "pagerank": 0.0676347889181576,
      "degree_centrality": 0.3333333333333333,
      "cpd": {
        "values": [
          0.45668806745676493,
          0.37873140342202644,
          0.5433119325432351,
          0.6212685965779736
        ],
        "evidence": [
          2
        ],
        "evidence_card": [
          2
        ]
      }
    },
    "5": {
      "type": "intermediate",
      "in_degree": 1,
      "out_degree": 1,
      "betweenness": 0.022727272727272728,
      "closeness": 0.125,
      "pagerank": 0.0676347889181576,
      "degree_centrality": 0.16666666666666666,
      "cpd": {
        "values": [
          0.6541904076898285,
          0.45834592131718555,
          0.3458095923101715,
          0.5416540786828143
        ],
        "evidence": [
          2
        ],
        "evidence_card": [
          2
        ]
      }
    },
    "6": {
      "type": "intermediate",
      "in_degree": 1,
      "out_degree": 1,
      "betweenness": 0.022727272727272728,
      "closeness": 0.125,
      "pagerank": 0.0676347889181576,
      "degree_centrality": 0.16666666666666666,
      "cpd": {
        "values": [
          0.3675323499614561,
          0.46240110659704625,
          0.6324676500385439,
          0.5375988934029539
        ],
        "evidence": [
          2
        ],
        "evidence_card": [
          2
        ]
      }
    },
    "7": {
      "type": "leaf",
      "in_degree": 1,
      "out_degree": 0,
      "betweenness": 0.0,
      "closeness": 0.13333333333333333,
      "pagerank": 0.10121953526322186,
      "degree_centrality": 0.08333333333333333,
      "cpd": {
        "values": [
          0.3997862457715451,
          0.5182498753176681,
          0.6002137542284549,
          0.4817501246823319
        ],
        "evidence": [
          6
        ],
        "evidence_card": [
          2
        ]
      }
    },
    "8": {
      "type": "leaf",
      "in_degree": 1,
      "out_degree": 0,
      "betweenness": 0.0,
      "closeness": 0.13333333333333333,
      "pagerank": 0.10121953526322186,
      "degree_centrality": 0.08333333333333333,
      "cpd": {
        "values": [
          0.17477652288245898,
          0.36967730731649184,
          0.825223477117541,
          0.6303226926835083
        ],
        "evidence": [
          5
        ],
        "evidence_card": [
          2
        ]
      }
    },
    "9": {
      "type": "leaf",
      "in_degree": 1,
      "out_degree": 0,
      "betweenness": 0.0,
      "closeness": 0.13333333333333333,
      "pagerank": 0.06289293749460445,
      "degree_centrality": 0.08333333333333333,
      "cpd": {
        "values": [
          0.48745521050916596,
          0.6714114632546232,
          0.512544789490834,
          0.3285885367453768
        ],
        "evidence": [
          4
        ],
        "evidence_card": [
          2
        ]
      }
    },
    "10": {
      "type": "leaf",
      "in_degree": 1,
      "out_degree": 0,
      "betweenness": 0.0,
      "closeness": 0.13333333333333333,
      "pagerank": 0.06289293749460445,
      "degree_centrality": 0.08333333333333333,
      "cpd": {
        "values": [
          0.6067968188459477,
          0.4671259707886916,
          0.3932031811540523,
          0.5328740292113083
        ],
        "evidence": [
          4
        ],
        "evidence_card": [
          2
        ]
      }
    },
    "11": {
      "type": "leaf",
      "in_degree": 1,
      "out_degree": 0,
      "betweenness": 0.0,
      "closeness": 0.13333333333333333,
      "pagerank": 0.06289293749460445,
      "degree_centrality": 0.08333333333333333,
      "cpd": {
        "values": [
          0.4841532286333386,
          0.47706808442347975,
          0.5158467713666615,
          0.5229319155765202
        ],
        "evidence": [
          4
        ],
        "evidence_card": [
          2
        ]
      }
    },
    "12": {
      "type": "leaf",
      "in_degree": 1,
      "out_degree": 0,
      "betweenness": 0.0,
      "closeness": 0.13333333333333333,
      "pagerank": 0.10121953526322186,
      "degree_centrality": 0.08333333333333333,
      "cpd": {
        "values": [
          0.7112091976013803,
          0.11500657461605648,
          0.28879080239861965,
          0.8849934253839435
        ],
        "evidence": [
          3
        ],
        "evidence_card": [
          2
        ]
      }
    }
  },
  "edges": [
    [
      0,
      1
    ],
    [
      1,
      2
    ],
    [
      2,
      3
    ],
    [
      2,
      4
    ],
    [
      2,
      5
    ],
    [
      2,
      6
    ],
    [
      3,
      12
    ],
    [
      4,
      9
    ],
    [
      4,
      10
    ],
    [
      4,
      11
    ],
    [
      5,
      8
    ],
    [
      6,
      7
    ]
  ]
}