{
  "graph_index": 1006,
  "nodes": {
    "0": {
      "type": "root",
      "in_degree": 0,
      "out_degree": 1,
      "betweenness": 0.0,
      "closeness": 0.0,
      "pagerank": 0.018641176650717378,
      "degree_centrality": 0.029411764705882353,
      "cpd": {
        "values": [
          0.5,
          0.5,
          0.0,
          0.0
        ],
        "evidence": [],
        "evidence_card": []
      }
    },
    "1": {
      "type": "intermediate",
      "in_degree": 1,
      "out_degree": 4,
      "betweenness": 0.029411764705882353,
      "closeness": 0.029411764705882353,
      "pagerank": 0.03448581397574261,
      "degree_centrality": 0.14705882352941177,
      "cpd": {
        "values": [
          0.6788554004593511,
          0.11949225754813773,
          0.32114459954064883,
          0.8805077424518623
        ],
        "evidence": [
          0
        ],
        "evidence_card": [
          2
        ]
      }
    },
    "2": {
      "type": "intermediate",
      "in_degree": 1,
      "out_degree": 3,
      "betweenness": 0.0142602495543672,
      "closeness": 0.0392156862745098,
      "pagerank": 0.025969300735458743,
      "degree_centrality": 0.11764705882352941,
      "cpd": {
        "values": [
          0.5133724534023966,
          0.3919345839993399,
          0.4866275465976035,
          0.6080654160006601
        ],
        "evidence": [
          1
        ],
        "evidence_card": [
          2
        ]
      }
    },
    "3": {
      "type": "intermediate",
      "in_degree": 1,
      "out_degree": 5,
      "betweenness": 0.0196078431372549,
      "closeness": 0.0392156862745098,
      "pagerank": 0.025969300735458743,
      "degree_centrality": 0.1764705882352941,
      "cpd": {
        "values": [
          0.5669806917471594,
          0.9414123092541776,
          0.4330193082528406,
          0.05858769074582241
        ],
        "evidence": [
          1
        ],
        "evidence_card": [
          2
        ]
      }
    },
    "4": {
      "type": "intermediate",
      "in_degree": 1,
      "out_degree": 2,
      "betweenness": 0.0089126559714795,
      "closeness": 0.0392156862745098,
      "pagerank": 0.025969300735458743,
      "degree_centrality": 0.08823529411764705,
      "cpd": {
        "values": [
          0.9351254538501811,
          0.015355365494904231,
          0.06487454614981893,
          0.9846446345050958
        ],
        "evidence": [
          1
        ],
        "evidence_card": [
          2
        ]
      }
    },
    "5": {
      "type": "intermediate",
      "in_degree": 1,
      "out_degree": 3,
      "betweenness": 0.0089126559714795,
      "closeness": 0.0392156862745098,
      "pagerank": 0.025969300735458743,
      "degree_centrality": 0.11764705882352941,
      "cpd": {
        "values": [
          0.3823474157331248,
          0.9943007217965666,
          0.6176525842668752,
          0.005699278203433464
        ],
        "evidence": [
          1
        ],
        "evidence_card": [
          2
        ]
      }
    },
    "6": {
      "type": "intermediate",
      "in_degree": 1,
      "out_degree": 2,
      "betweenness": 0.0035650623885918,
      "closeness": 0.04411764705882353,
      "pagerank": 0.02599914742963426,
      "degree_centrality": 0.08823529411764705,
      "cpd": {
        "values": [
          0.860383088472379,
          0.7087568157161039,
          0.13961691152762107,
          0.29124318428389606
        ],
        "evidence": [
          5
        ],
        "evidence_card": [
          2
        ]
      }
    },
    "7": {
      "type": "intermediate",
      "in_degree": 1,
      "out_degree": 1,
      "betweenness": 0.00267379679144385,
      "closeness": 0.04411764705882353,
      "pagerank": 0.02599914742963426,
      "degree_centrality": 0.058823529411764705,
      "cpd": {
        "values": [
          0.12352404402905233,
          0.351818096117852,
          0.8764759559709476,
          0.648181903882148
        ],
        "evidence": [
          5
        ],
        "evidence_card": [
          2
        ]
      }
    },
    "8": {
      "type": "leaf",
      "in_degree": 1,
      "out_degree": 0,
      "betweenness": 0.0,
      "closeness": 0.047058823529411764,
      "pagerank": 0.04073970846603989,
      "degree_centrality": 0.029411764705882353,
      "cpd": {
        "values": [
          0.2988141659855482,
          0.35145735418013946,
          0.7011858340144518,
          0.6485426458198607
        ],
        "evidence": [
          7
        ],
        "evidence_card": [
          2
        ]
      }
    },
    "9": {
      "type": "leaf",
      "in_degree": 1,
      "out_degree": 0,
      "betweenness": 0.0,
      "closeness": 0.047058823529411764,
      "pagerank": 0.02969044255837863,
      "degree_centrality": 0.029411764705882353,
      "cpd": {
        "values": [
          0.4155366819888452,
          0.23777799784473228,
          0.5844633180111548,
          0.7622220021552677
        ],
        "evidence": [
          6
        ],
        "evidence_card": [
          2
        ]
      }
    },
    "10": {
      "type": "leaf",
      "in_degree": 2,
      "out_degree": 0,
      "betweenness": 0.0,
      "closeness": 0.08169934640522876,
      "pagerank": 0.03410522502572876,
      "degree_centrality": 0.058823529411764705,
      "cpd": {
        "values": [
          0.5174780569799722,
          0.6138831759263769,
          0.6193100544499291,
          0.47615830164772016
        ],
        "evidence": [
          3,
          6
        ],
        "evidence_card": [
          2,
          2
        ]
      }
    },
    "11": {
      "type": "intermediate",
      "in_degree": 1,
      "out_degree": 3,
      "betweenness": 0.00802139037433155,
      "closeness": 0.04411764705882353,
      "pagerank": 0.029678132819092703,
      "degree_centrality": 0.11764705882352941,
      "cpd": {
        "values": [
          0.31291311565719343,
          0.43318756904264694,
          0.6870868843428066,
          0.566812430957353
        ],
        "evidence": [
          4
        ],
        "evidence_card": [
          2
        ]
      }
    },
    "12": {
      "type": "leaf",
      "in_degree": 1,
      "out_degree": 0,
      "betweenness": 0.0,
      "closeness": 0.047058823529411764,
      "pagerank": 0.027049669670874424,
      "degree_centrality": 0.029411764705882353,
      "cpd": {
        "values": [
          0.4549955341925065,
          0.769527120953856,
          0.5450044658074935,
          0.23047287904614389
        ],
        "evidence": [
          11
        ],
        "evidence_card": [
          2
        ]
      }
    },
    "13": {
      "type": "leaf",
      "in_degree": 1,
      "out_degree": 0,
      "betweenness": 0.0,
      "closeness": 0.047058823529411764,
      "pagerank": 0.027049669670874424,
      "degree_centrality": 0.029411764705882353,
      "cpd": {
        "values": [
          0.9738443294422507,
          0.2891498830866123,
          0.026155670557749273,
          0.7108501169133876
        ],
        "evidence": [
          11
        ],
        "evidence_card": [
          2
        ]
      }
    },
    "14": {
      "type": "leaf",
      "in_degree": 1,
      "out_degree": 0,
      "betweenness": 0.0,
      "closeness": 0.047058823529411764,
      "pagerank": 0.027049669670874424,
      "degree_centrality": 0.029411764705882353,
      "cpd": {
        "values": [
          0.6789577948481764,
          0.00410400894939345,
          0.3210422051518236,
          0.9958959910506066
        ],
        "evidence": [
          11
        ],
        "evidence_card": [
          2
        ]
      }
    },
    "15": {
      "type": "intermediate",
      "in_degree": 1,
      "out_degree": 1,
      "betweenness": 0.00267379679144385,
      "closeness": 0.04411764705882353,
      "pagerank": 0.023055959118067508,