{
  "graph_index": 857,
  "nodes": {
    "0": {
      "type": "root",
      "in_degree": 0,
      "out_degree": 1,
      "betweenness": 0.0,
      "closeness": 0.0,
      "pagerank": 0.024550588337974206,
      "degree_centrality": 0.038461538461538464,
      "cpd": {
        "values": [
          0.5,
          0.5,
          0.0,
          0.0
        ],
        "evidence": [],
        "evidence_card": []
      }
    },
    "1": {
      "type": "intermediate",
      "in_degree": 1,
      "out_degree": 2,
      "betweenness": 0.038461538461538464,
      "closeness": 0.038461538461538464,
      "pagerank": 0.04541893876835689,
      "degree_centrality": 0.11538461538461539,
      "cpd": {
        "values": [
          0.42006843895429496,
          0.10723369948038376,
          0.579931561045705,
          0.8927663005196163
        ],
        "evidence": [
          0
        ],
        "evidence_card": [
          2
        ]
      }
    },
    "2": {
      "type": "intermediate",
      "in_degree": 1,
      "out_degree": 5,
      "betweenness": 0.043076923076923075,
      "closeness": 0.05128205128205128,
      "pagerank": 0.04385329678028069,
      "degree_centrality": 0.23076923076923078,
      "cpd": {
        "values": [
          0.3567686077977758,
          0.19426886842123292,
          0.6432313922022243,
          0.8057311315787671
        ],
        "evidence": [
          1
        ],
        "evidence_card": [
          2
        ]
      }
    },
    "3": {
      "type": "intermediate",
      "in_degree": 1,
      "out_degree": 3,
      "betweenness": 0.027692307692307693,
      "closeness": 0.05128205128205128,
      "pagerank": 0.04385329678028069,
      "degree_centrality": 0.15384615384615385,
      "cpd": {
        "values": [
          0.8705655035597407,
          0.638830648298029,
          0.12943449644025937,
          0.361169351701971
        ],
        "evidence": [
          1
        ],
        "evidence_card": [
          2
        ]
      }
    },
    "4": {
      "type": "intermediate",
      "in_degree": 1,
      "out_degree": 4,
      "betweenness": 0.015384615384615385,
      "closeness": 0.057692307692307696,
      "pagerank": 0.03697559973040988,
      "degree_centrality": 0.19230769230769232,
      "cpd": {
        "values": [
          0.7958816048634207,
          0.3525607142395897,
          0.20411839513657923,
          0.6474392857604104
        ],
        "evidence": [
          3
        ],
        "evidence_card": [
          2
        ]
      }
    },
    "5": {
      "type": "intermediate",
      "in_degree": 1,
      "out_degree": 1,
      "betweenness": 0.004615384615384615,
      "closeness": 0.057692307692307696,
      "pagerank": 0.03697559973040988,
      "degree_centrality": 0.07692307692307693,
      "cpd": {
        "values": [
          0.9366245894928561,
          0.39748927313529825,
          0.06337541050714386,
          0.6025107268647016
        ],
        "evidence": [
          3
        ],
        "evidence_card": [
          2
        ]
      }
    },
    "6": {
      "type": "intermediate",
      "in_degree": 1,
      "out_degree": 2,
      "betweenness": 0.00923076923076923,
      "closeness": 0.057692307692307696,
      "pagerank": 0.03697559973040988,
      "degree_centrality": 0.11538461538461539,
      "cpd": {
        "values": [
          0.026738448443502927,
          0.33234730483547,
          0.9732615515564971,
          0.6676526951645301
        ],
        "evidence": [
          3
        ],
        "evidence_card": [
          2
        ]
      }
    },
    "7": {
      "type": "leaf",
      "in_degree": 1,
      "out_degree": 0,
      "betweenness": 0.0,
      "closeness": 0.06153846153846154,
      "pagerank": 0.0402654882006107,
      "degree_centrality": 0.038461538461538464,
      "cpd": {
        "values": [
          0.6644154532137438,
          0.40134414115041983,
          0.3355845467862562,
          0.5986558588495802
        ],
        "evidence": [
          6
        ],
        "evidence_card": [
          2
        ]
      }
    },
    "8": {
      "type": "leaf",
      "in_degree": 1,
      "out_degree": 0,
      "betweenness": 0.0,
      "closeness": 0.06153846153846154,
      "pagerank": 0.0402654882006107,
      "degree_centrality": 0.038461538461538464,
      "cpd": {
        "values": [
          0.2529062192573656,
          0.5232008360407026,
          0.7470937807426344,
          0.4767991639592974
        ],
        "evidence": [
          6
        ],
        "evidence_card": [
          2
        ]
      }
    },
    "9": {
      "type": "leaf",
      "in_degree": 1,
      "out_degree": 0,
      "betweenness": 0.0,
      "closeness": 0.06153846153846154,
      "pagerank": 0.055980388063247184,
      "degree_centrality": 0.038461538461538464,
      "cpd": {
        "values": [
          0.6746546103446297,
          0.5411597971854555,
          0.3253453896553703,
          0.4588402028145445
        ],
        "evidence": [
          5
        ],
        "evidence_card": [
          2
        ]
      }
    },
    "10": {
      "type": "leaf",
      "in_degree": 2,
      "out_degree": 0,
      "betweenness": 0.0,
      "closeness": 0.10683760683760685,
      "pagerank": 0.03986304510475386,
      "degree_centrality": 0.07692307692307693,
      "cpd": {
        "values": [
          0.26000280287144206,
          0.40738451489501665,
          0.19051459314064415,
          0.46259021788162913
        ],
        "evidence": [
          2,
          4
        ],
        "evidence_card": [
          2,
          2
        ]
      }
    },
    "11": {
      "type": "leaf",
      "in_degree": 1,
      "out_degree": 0,
      "betweenness": 0.0,
      "closeness": 0.06153846153846154,
      "pagerank": 0.03240803826929245,
      "degree_centrality": 0.038461538461538464,
      "cpd": {
        "values": [
          0.6830465865636004,
          0.16093605627498067,
          0.31695341343639966,
          0.8390639437250194
        ],
        "evidence": [
          4
        ],
        "evidence_card": [
          2
        ]
      }
    },
    "12": {
      "type": "leaf",
      "in_degree": 1,
      "out_degree": 0,
      "betweenness": 0.0,
      "closeness": 0.06153846153846154,
      "pagerank": 0.03240803826929245,
      "degree_centrality": 0.038461538461538464,
      "cpd": {
        "values": [
          0.48640209370986787,
          0.6145645390090484,
          0.5135979062901321,
          0.3854354609909516
        ],
        "evidence": [
          4
        ],
        "evidence_card": [
          2
        ]
      }
    },
    "13": {
      "type": "leaf",
      "in_degree": 1,
      "out_degree": 0,
      "betweenness": 0.0,
      "closeness": 0.06153846153846154,
      "pagerank": 0.03240803826929245,
      "degree_centrality": 0.038461538461538464,
      "cpd": {
        "values": [
          0.7802931677775875,
          0.020508987599996694,
          0.21970683222241247,
          0.9794910124000034
        ],
        "evidence": [
          4
        ],
        "evidence_card": [
          2
        ]
      }
    },
    "14": {
      "type": "intermediate",
      "in_degree": 1,
      "out_degree": 4,
      "betweenness": 0.01846153846153846,
      "closeness": 0.057692307692307696,
      "pagerank": 0.03200559517343561,
      "degree_centrality": 0.19230769230769232,
      "cpd": {
        "values": [
          0.9627150437521418,
          0.1801011051468789,
          0.037284956247858186,
          0.8198988948531211
        ],
        "evidence": [
          2
        ],
        "evidence_card": [
          2
        ]
      }
    },
    "15": {
      "type": "intermediate",
      "in_degree": 1,
      "out_degree": 2,
      "betweenness": 0.00923076923076923,
      "closeness": 0.057692307692307696,
      "pagerank": 0.03200559517343561,
      "degree_centrality": 0.11538461538461539,