{
  "graph_index": 3443,
  "nodes": {
    "0": {
      "type": "root",
      "in_degree": 0,
      "out_degree": 1,
      "betweenness": 0.0,
      "closeness": 0.0,
      "pagerank": 0.039093320007092244,
      "degree_centrality": 0.07142857142857142,
      "cpd": {
        "values": [
          0.5,
          0.5,
          0.0,
          0.0
        ],
        "evidence": [],
        "evidence_card": []
      }
    },
    "1": {
      "type": "intermediate",
      "in_degree": 1,
      "out_degree": 2,
      "betweenness": 0.07142857142857144,
      "closeness": 0.07142857142857142,
      "pagerank": 0.07232224663120304,
      "degree_centrality": 0.21428571428571427,
      "cpd": {
        "values": [
          0.6514184043793231,
          0.554549683660296,
          0.3485815956206769,
          0.44545031633970394
        ],
        "evidence": [
          0
        ],
        "evidence_card": [
          2
        ]
      }
    },
    "2": {
      "type": "intermediate",
      "in_degree": 1,
      "out_degree": 3,
      "betweenness": 0.05494505494505495,
      "closeness": 0.09523809523809523,
      "pagerank": 0.0698308754621649,
      "degree_centrality": 0.2857142857142857,
      "cpd": {
        "values": [
          0.70402833823261,
          0.3179806079705475,
          0.29597166176739,
          0.6820193920294526
        ],
        "evidence": [
          1
        ],
        "evidence_card": [
          2
        ]
      }
    },
    "3": {
      "type": "intermediate",
      "in_degree": 1,
      "out_degree": 3,
      "betweenness": 0.06593406593406594,
      "closeness": 0.09523809523809523,
      "pagerank": 0.0698308754621649,
      "degree_centrality": 0.2857142857142857,
      "cpd": {
        "values": [
          0.8514623487645928,
          0.45744469812593536,
          0.1485376512354073,
          0.5425553018740646
        ],
        "evidence": [
          1
        ],
        "evidence_card": [
          2
        ]
      }
    },
    "4": {
      "type": "intermediate",
      "in_degree": 1,
      "out_degree": 2,
      "betweenness": 0.03296703296703297,
      "closeness": 0.10714285714285714,
      "pagerank": 0.058878680931579754,
      "degree_centrality": 0.21428571428571427,
      "cpd": {
        "values": [
          0.10815043231296699,
          0.12752200556984503,
          0.891849567687033,
          0.872477994430155
        ],
        "evidence": [
          3
        ],
        "evidence_card": [
          2
        ]
      }
    },
    "5": {
      "type": "intermediate",
      "in_degree": 1,
      "out_degree": 2,
      "betweenness": 0.02197802197802198,
      "closeness": 0.10714285714285714,
      "pagerank": 0.058878680931579754,
      "degree_centrality": 0.21428571428571427,
      "cpd": {
        "values": [
          0.535729408788522,
          0.4550984324600966,
          0.46427059121147796,
          0.5449015675399035
        ],
        "evidence": [
          3
        ],
        "evidence_card": [
          2
        ]
      }
    },
    "6": {
      "type": "leaf",
      "in_degree": 2,
      "out_degree": 0,
      "betweenness": 0.0,
      "closeness": 0.19841269841269843,
      "pagerank": 0.08390168053313413,
      "degree_centrality": 0.14285714285714285,
      "cpd": {
        "values": [
          0.45589385793510995,
          0.6953233739300498,
          0.7315981519416128,
          0.5237495589823052
        ],
        "evidence": [
          2,
          5
        ],
        "evidence_card": [
          2,
          2
        ]
      }
    },
    "7": {
      "type": "leaf",
      "in_degree": 1,
      "out_degree": 0,
      "betweenness": 0.0,
      "closeness": 0.11428571428571428,
      "pagerank": 0.06411631960864664,
      "degree_centrality": 0.07142857142857142,
      "cpd": {
        "values": [
          0.9103241550774144,
          0.2179591708468485,
          0.08967584492258561,
          0.7820408291531515
        ],
        "evidence": [
          5
        ],
        "evidence_card": [
          2
        ]
      }
    },
    "8": {
      "type": "leaf",
      "in_degree": 1,
      "out_degree": 0,
      "betweenness": 0.0,
      "closeness": 0.11428571428571428,
      "pagerank": 0.06411631960864664,
      "degree_centrality": 0.07142857142857142,
      "cpd": {
        "values": [
          0.734908151291103,
          0.5390789142188336,
          0.26509184870889707,
          0.4609210857811664
        ],
        "evidence": [
          4
        ],
        "evidence_card": [
          2
        ]
      }
    },
    "9": {
      "type": "leaf",
      "in_degree": 1,
      "out_degree": 0,
      "betweenness": 0.0,
      "closeness": 0.11428571428571428,
      "pagerank": 0.06411631960864664,
      "degree_centrality": 0.07142857142857142,
      "cpd": {
        "values": [
          0.3204347980572732,
          0.2853589528648778,
          0.6795652019427268,
          0.7146410471351222
        ],
        "evidence": [
          4
        ],
        "evidence_card": [
          2
        ]
      }
    },
    "10": {
      "type": "intermediate",
      "in_degree": 1,
      "out_degree": 2,
      "betweenness": 0.02197802197802198,
      "closeness": 0.10714285714285714,
      "pagerank": 0.058878680931579754,
      "degree_centrality": 0.21428571428571427,
      "cpd": {
        "values": [
          0.6550092104380412,
          0.37107095706300464,
          0.34499078956195883,
          0.6289290429369954
        ],
        "evidence": [
          2
        ],
        "evidence_card": [
          2
        ]
      }
    },
    "11": {
      "type": "intermediate",
      "in_degree": 1,
      "out_degree": 1,
      "betweenness": 0.016483516483516484,
      "closeness": 0.10714285714285714,
      "pagerank": 0.058878680931579754,
      "degree_centrality": 0.14285714285714285,
      "cpd": {
        "values": [
          0.6931721788804518,
          0.810486879615351,
          0.3068278211195482,
          0.18951312038464882
        ],
        "evidence": [
          2
        ],
        "evidence_card": [
          2
        ]
      }
    },
    "12": {
      "type": "leaf",
      "in_degree": 1,
      "out_degree": 0,
      "betweenness": 0.0,
      "closeness": 0.11428571428571428,
      "pagerank": 0.08913931921020102,
      "degree_centrality": 0.07142857142857142,
      "cpd": {
        "values": [
          0.6266320818705692,
          0.7033765864130124,
          0.3733679181294308,
          0.2966234135869876
        ],
        "evidence": [
          11
        ],
        "evidence_card": [
          2
        ]
      }
    },
    "13": {
      "type": "leaf",
      "in_degree": 1,
      "out_degree": 0,
      "betweenness": 0.0,
      "closeness": 0.11428571428571428,
      "pagerank": 0.06411631960864664,
      "degree_centrality": 0.07142857142857142,
      "cpd": {
        "values": [
          0.4081077903577356,
          0.4771821682799148,
          0.5918922096422644,
          0.5228178317200852
        ],
        "evidence": [
          10
        ],
        "evidence_card": [
          2
        ]
      }
    },
    "14": {
      "type": "leaf",
      "in_degree": 2,
      "out_degree": 0,
      "betweenness": 0.0,
      "closeness": 0.19841269841269843,
      "pagerank": 0.08390168053313413,
      "degree_centrality": 0.14285714285714285,
      "cpd": {
        "values": [
          0.5673724556651826,
          0.8932482925196714,
          0.12064352852485323,
          0.38111756430259824
        ],
        "evidence": [
          3,
          10
        ],
        "evidence_card": [
          2,
          2
        ]
      }
    }
  },