{
  "graph_index": 44,
  "nodes": {
    "0": {
      "type": "root",
      "in_degree": 0,
      "out_degree": 1,
      "betweenness": 0.0,
      "closeness": 0.0,
      "pagerank": 0.03721921089586997,
      "degree_centrality": 0.0625,
      "cpd": {
        "values": [
          0.5,
          0.5,
          0.0,
          0.0
        ],
        "evidence": [],
        "evidence_card": []
      }
    },
    "1": {
      "type": "intermediate",
      "in_degree": 1,
      "out_degree": 1,
      "betweenness": 0.0625,
      "closeness": 0.0625,
      "pagerank": 0.06885612076501693,
      "degree_centrality": 0.125,
      "cpd": {
        "values": [
          0.5345204878229787,
          0.32241058115329674,
          0.46547951217702127,
          0.6775894188467032
        ],
        "evidence": [
          0
        ],
        "evidence_card": [
          2
        ]
      }
    },
    "2": {
      "type": "intermediate",
      "in_degree": 1,
      "out_degree": 4,
      "betweenness": 0.11666666666666667,
      "closeness": 0.08333333333333333,
      "pagerank": 0.09574749529936151,
      "degree_centrality": 0.3125,
      "cpd": {
        "values": [
          0.2784080340368481,
          0.43016921251809653,
          0.7215919659631519,
          0.5698307874819034
        ],
        "evidence": [
          1
        ],
        "evidence_card": [
          2
        ]
      }
    },
    "3": {
      "type": "intermediate",
      "in_degree": 1,
      "out_degree": 2,
      "betweenness": 0.025,
      "closeness": 0.09375,
      "pagerank": 0.057565831919829016,
      "degree_centrality": 0.1875,
      "cpd": {
        "values": [
          0.15596388261016333,
          0.2962271940850178,
          0.8440361173898366,
          0.7037728059149821
        ],
        "evidence": [
          2
        ],
        "evidence_card": [
          2
        ]
      }
    },
    "4": {
      "type": "intermediate",
      "in_degree": 1,
      "out_degree": 4,
      "betweenness": 0.05,
      "closeness": 0.09375,
      "pagerank": 0.057565831919829016,
      "degree_centrality": 0.3125,
      "cpd": {
        "values": [
          0.6612510016276739,
          0.8216314792978195,
          0.3387489983723261,
          0.17836852070218034
        ],
        "evidence": [
          2
        ],
        "evidence_card": [
          2
        ]
      }
    },
    "5": {
      "type": "intermediate",
      "in_degree": 1,
      "out_degree": 3,
      "betweenness": 0.0375,
      "closeness": 0.09375,
      "pagerank": 0.057565831919829016,
      "degree_centrality": 0.25,
      "cpd": {
        "values": [
          0.5185350272059307,
          0.36636425587235616,
          0.48146497279406936,
          0.6336357441276438
        ],
        "evidence": [
          2
        ],
        "evidence_card": [
          2
        ]
      }
    },
    "6": {
      "type": "intermediate",
      "in_degree": 1,
      "out_degree": 1,
      "betweenness": 0.0125,
      "closeness": 0.09375,
      "pagerank": 0.057565831919829016,
      "degree_centrality": 0.125,
      "cpd": {
        "values": [
          0.5418414367365958,
          0.735416422280221,
          0.4581585632634042,
          0.264583577719779
        ],
        "evidence": [
          2
        ],
        "evidence_card": [
          2
        ]
      }
    },
    "7": {
      "type": "leaf",
      "in_degree": 1,
      "out_degree": 0,
      "betweenness": 0.0,
      "closeness": 0.1,
      "pagerank": 0.08614964499630394,
      "degree_centrality": 0.0625,
      "cpd": {
        "values": [
          0.5480540648157755,
          0.16976457958188765,
          0.4519459351842245,
          0.8302354204181124
        ],
        "evidence": [
          6
        ],
        "evidence_card": [
          2
        ]
      }
    },
    "8": {
      "type": "leaf",
      "in_degree": 1,
      "out_degree": 0,
      "betweenness": 0.0,
      "closeness": 0.1,
      "pagerank": 0.05352935559601463,
      "degree_centrality": 0.0625,
      "cpd": {
        "values": [
          0.425895587610351,
          0.6459092734882621,
          0.5741044123896489,
          0.35409072651173784
        ],
        "evidence": [
          5
        ],
        "evidence_card": [
          2
        ]
      }
    },
    "9": {
      "type": "leaf",
      "in_degree": 1,
      "out_degree": 0,
      "betweenness": 0.0,
      "closeness": 0.1,
      "pagerank": 0.05352935559601463,
      "degree_centrality": 0.0625,
      "cpd": {
        "values": [
          0.46250240086557337,
          0.014693696314910186,
          0.5374975991344265,
          0.9853063036850899
        ],
        "evidence": [
          5
        ],
        "evidence_card": [
          2
        ]
      }
    },
    "10": {
      "type": "leaf",
      "in_degree": 1,
      "out_degree": 0,
      "betweenness": 0.0,
      "closeness": 0.1,
      "pagerank": 0.05352935559601463,
      "degree_centrality": 0.0625,
      "cpd": {
        "values": [
          0.4172144799563374,
          0.6213293196459359,
          0.5827855200436626,
          0.37867068035406415
        ],
        "evidence": [
          5
        ],
        "evidence_card": [
          2
        ]
      }
    },
    "11": {
      "type": "leaf",
      "in_degree": 1,
      "out_degree": 0,
      "betweenness": 0.0,
      "closeness": 0.1,
      "pagerank": 0.04945181942097847,
      "degree_centrality": 0.0625,
      "cpd": {
        "values": [
          0.3270411111701216,
          0.7047211179924409,
          0.6729588888298783,
          0.29527888200755914
        ],
        "evidence": [
          4
        ],
        "evidence_card": [
          2
        ]
      }
    },
    "12": {
      "type": "leaf",
      "in_degree": 1,
      "out_degree": 0,
      "betweenness": 0.0,
      "closeness": 0.1,
      "pagerank": 0.04945181942097847,
      "degree_centrality": 0.0625,
      "cpd": {
        "values": [
          0.5760461480420729,
          0.3805923115026804,
          0.42395385195792723,
          0.6194076884973195
        ],
        "evidence": [
          4
        ],
        "evidence_card": [
          2
        ]
      }
    },
    "13": {
      "type": "leaf",
      "in_degree": 1,
      "out_degree": 0,
      "betweenness": 0.0,
      "closeness": 0.1,
      "pagerank": 0.04945181942097847,
      "degree_centrality": 0.0625,
      "cpd": {
        "values": [
          0.8704405765457914,
          0.6592437471877814,
          0.1295594234542087,
          0.3407562528122186
        ],
        "evidence": [
          4
        ],
        "evidence_card": [
          2
        ]
      }
    },
    "14": {
      "type": "leaf",
      "in_degree": 1,
      "out_degree": 0,
      "betweenness": 0.0,
      "closeness": 0.1,
      "pagerank": 0.04945181942097847,
      "degree_centrality": 0.0625,
      "cpd": {
        "values": [
          0.3335853451455685,
          0.7052955600149484,
          0.6664146548544315,
          0.2947044399850516
        ],
        "evidence": [
          4
        ],
        "evidence_card": [
          2
        ]
      }
    },
    "15": {
      "type": "leaf",
      "in_degree": 1,
      "out_degree": 0,
      "betweenness": 0.0,
      "closeness": 0.1,
      "pagerank": 0.06168442794608696,
      "degree_centrality": 0.0625,
      "cpd": {
        "values": [
          0.5919472092889306,
          0.9057061169530061,
          0.4080527907110693,
          0.09429388304699392
        ],
        "evidence": [
          3
        ],
        "evidence_card": [
          2
        ]
      }
    },
    "16": {
      "type": "leaf",
      "in_degree": 1,
      "out_degree": 0,
      "betweenness": 0.0,
      "closeness": 0.1,
      "pagerank": 0.06168442794608696,
      "degree_centrality": 0.0625,