{
  "graph_index": 6676,
  "nodes": {
    "0": {
      "type": "root",
      "in_degree": 0,
      "out_degree": 1,
      "betweenness": 0.0,
      "closeness": 0.0,
      "pagerank": 0.06528370643235423,
      "degree_centrality": 0.14285714285714285,
      "cpd": {
        "values": [
          0.5,
          0.5,
          0.0,
          0.0
        ],
        "evidence": [],
        "evidence_card": []
      }
    },
    "1": {
      "type": "intermediate",
      "in_degree": 1,
      "out_degree": 1,
      "betweenness": 0.14285714285714285,
      "closeness": 0.14285714285714285,
      "pagerank": 0.12077429175541829,
      "degree_centrality": 0.2857142857142857,
      "cpd": {
        "values": [
          0.19814533562028258,
          0.3003031473615677,
          0.8018546643797175,
          0.6996968526384323
        ],
        "evidence": [
          0
        ],
        "evidence_card": [
          2
        ]
      }
    },
    "2": {
      "type": "intermediate",
      "in_degree": 1,
      "out_degree": 1,
      "betweenness": 0.23809523809523808,
      "closeness": 0.19047619047619047,
      "pagerank": 0.1679412113452476,
      "degree_centrality": 0.2857142857142857,
      "cpd": {
        "values": [
          0.5240969756901841,
          0.567298229911631,
          0.47590302430981596,
          0.43270177008836885
        ],
        "evidence": [
          1
        ],
        "evidence_card": [
          2
        ]
      }
    },
    "3": {
      "type": "intermediate",
      "in_degree": 1,
      "out_degree": 4,
      "betweenness": 0.2857142857142857,
      "closeness": 0.21428571428571427,
      "pagerank": 0.20803441460289585,
      "degree_centrality": 0.7142857142857142,
      "cpd": {
        "values": [
          0.6000871837805186,
          0.41826948684532206,
          0.39991281621948144,
          0.5817305131546778
        ],
        "evidence": [
          2
        ],
        "evidence_card": [
          2
        ]
      }
    },
    "4": {
      "type": "leaf",
      "in_degree": 1,
      "out_degree": 0,
      "betweenness": 0.0,
      "closeness": 0.22857142857142856,
      "pagerank": 0.10949159396602103,
      "degree_centrality": 0.14285714285714285,
      "cpd": {
        "values": [
          0.20650918040749286,
          0.8879422060141288,
          0.7934908195925071,
          0.1120577939858712
        ],
        "evidence": [
          3
        ],
        "evidence_card": [
          2
        ]
      }
    },
    "5": {
      "type": "leaf",
      "in_degree": 1,
      "out_degree": 0,
      "betweenness": 0.0,
      "closeness": 0.22857142857142856,
      "pagerank": 0.10949159396602103,
      "degree_centrality": 0.14285714285714285,
      "cpd": {
        "values": [
          0.6975901849044257,
          0.7264448811038324,
          0.3024098150955742,
          0.2735551188961677
        ],
        "evidence": [
          3
        ],
        "evidence_card": [
          2
        ]
      }
    },
    "6": {
      "type": "leaf",
      "in_degree": 1,
      "out_degree": 0,
      "betweenness": 0.0,
      "closeness": 0.22857142857142856,
      "pagerank": 0.10949159396602103,
      "degree_centrality": 0.14285714285714285,
      "cpd": {
        "values": [
          0.42695111738580366,
          0.6490416622507393,
          0.5730488826141963,
          0.35095833774926066
        ],
        "evidence": [
          3
        ],
        "evidence_card": [
          2
        ]
      }
    },
    "7": {
      "type": "leaf",
      "in_degree": 1,
      "out_degree": 0,
      "betweenness": 0.0,
      "closeness": 0.22857142857142856,
      "pagerank": 0.10949159396602103,
      "degree_centrality": 0.14285714285714285,
      "cpd": {
        "values": [
          0.7102968651574854,
          0.5672997616368627,
          0.2897031348425146,
          0.4327002383631374
        ],
        "evidence": [
          3
        ],
        "evidence_card": [
          2
        ]
      }
    }
  },
  "edges": [
    [
      0,
      1
    ],
    [
      1,
      2
    ],
    [
      2,
      3
    ],
    [
      3,
      4
    ],
    [
      3,
      5
    ],
    [
      3,
      6
    ],
    [
      3,
      7
    ]
  ]
}