{
  "graph_index": 1889,
  "nodes": {
    "0": {
      "type": "root",
      "in_degree": 0,
      "out_degree": 1,
      "betweenness": 0.0,
      "closeness": 0.0,
      "pagerank": 0.037012699521651385,
      "degree_centrality": 0.058823529411764705,
      "cpd": {
        "values": [
          0.5,
          0.5,
          0.0,
          0.0
        ],
        "evidence": [],
        "evidence_card": []
      }
    },
    "1": {
      "type": "intermediate",
      "in_degree": 1,
      "out_degree": 1,
      "betweenness": 0.058823529411764705,
      "closeness": 0.058823529411764705,
      "pagerank": 0.06847401622787737,
      "degree_centrality": 0.11764705882352941,
      "cpd": {
        "values": [
          0.6134792027949125,
          0.7162377385186074,
          0.3865207972050874,
          0.28376226148139266
        ],
        "evidence": [
          0
        ],
        "evidence_card": [
          2
        ]
      }
    },
    "2": {
      "type": "intermediate",
      "in_degree": 1,
      "out_degree": 3,
      "betweenness": 0.11029411764705882,
      "closeness": 0.0784313725490196,
      "pagerank": 0.09521634072577372,
      "degree_centrality": 0.23529411764705882,
      "cpd": {
        "values": [
          0.32560403000342875,
          0.6224067713025796,
          0.6743959699965713,
          0.3775932286974203
        ],
        "evidence": [
          1
        ],
        "evidence_card": [
          2
        ]
      }
    },
    "3": {
      "type": "intermediate",
      "in_degree": 1,
      "out_degree": 4,
      "betweenness": 0.044117647058823525,
      "closeness": 0.08823529411764706,
      "pagerank": 0.06399068831721304,
      "degree_centrality": 0.29411764705882354,
      "cpd": {
        "values": [
          0.2977653697803325,
          0.09954557064451343,
          0.7022346302196676,
          0.9004544293554866
        ],
        "evidence": [
          2
        ],
        "evidence_card": [
          2
        ]
      }
    },
    "4": {
      "type": "intermediate",
      "in_degree": 1,
      "out_degree": 4,
      "betweenness": 0.044117647058823525,
      "closeness": 0.08823529411764706,
      "pagerank": 0.06399068831721304,
      "degree_centrality": 0.29411764705882354,
      "cpd": {
        "values": [
          0.6540818972095878,
          0.10791199576495782,
          0.3459181027904122,
          0.8920880042350421
        ],
        "evidence": [
          2
        ],
        "evidence_card": [
          2
        ]
      }
    },
    "5": {
      "type": "intermediate",
      "in_degree": 1,
      "out_degree": 4,
      "betweenness": 0.044117647058823525,
      "closeness": 0.08823529411764706,
      "pagerank": 0.06399068831721304,
      "degree_centrality": 0.29411764705882354,
      "cpd": {
        "values": [
          0.516509887892045,
          0.11337654651051551,
          0.483490112107955,
          0.8866234534894846
        ],
        "evidence": [
          2
        ],
        "evidence_card": [
          2
        ]
      }
    },
    "6": {
      "type": "leaf",
      "in_degree": 1,
      "out_degree": 0,
      "betweenness": 0.0,
      "closeness": 0.09411764705882353,
      "pagerank": 0.05061040654775488,
      "degree_centrality": 0.058823529411764705,
      "cpd": {
        "values": [
          0.9736388165998813,
          0.2739226104611152,
          0.02636118340011867,
          0.7260773895388848
        ],
        "evidence": [
          5
        ],
        "evidence_card": [
          2
        ]
      }
    },
    "7": {
      "type": "leaf",
      "in_degree": 1,
      "out_degree": 0,
      "betweenness": 0.0,
      "closeness": 0.09411764705882353,
      "pagerank": 0.05061040654775488,
      "degree_centrality": 0.058823529411764705,
      "cpd": {
        "values": [
          0.2790817549142003,
          0.8005494508821459,
          0.7209182450857996,
          0.19945054911785412
        ],
        "evidence": [
          5
        ],
        "evidence_card": [
          2
        ]
      }
    },
    "8": {
      "type": "leaf",
      "in_degree": 1,
      "out_degree": 0,
      "betweenness": 0.0,
      "closeness": 0.09411764705882353,
      "pagerank": 0.05061040654775488,
      "degree_centrality": 0.058823529411764705,
      "cpd": {
        "values": [
          0.6416823997476586,
          0.007063198248187414,
          0.3583176002523414,
          0.9929368017518125
        ],
        "evidence": [
          5
        ],
        "evidence_card": [
          2
        ]
      }
    },
    "9": {
      "type": "leaf",
      "in_degree": 1,
      "out_degree": 0,
      "betweenness": 0.0,
      "closeness": 0.09411764705882353,
      "pagerank": 0.05061040654775488,
      "degree_centrality": 0.058823529411764705,
      "cpd": {
        "values": [
          0.32777744410062093,
          0.3715593941212356,
          0.6722225558993791,
          0.6284406058787644
        ],
        "evidence": [
          5
        ],
        "evidence_card": [
          2
        ]
      }
    },
    "10": {
      "type": "leaf",
      "in_degree": 1,
      "out_degree": 0,
      "betweenness": 0.0,
      "closeness": 0.09411764705882353,
      "pagerank": 0.05061040654775488,
      "degree_centrality": 0.058823529411764705,
      "cpd": {
        "values": [
          0.9007615443039839,
          0.4816558429051036,
          0.09923845569601612,
          0.5183441570948965
        ],
        "evidence": [
          4
        ],
        "evidence_card": [
          2
        ]
      }
    },
    "11": {
      "type": "leaf",
      "in_degree": 1,
      "out_degree": 0,
      "betweenness": 0.0,
      "closeness": 0.09411764705882353,
      "pagerank": 0.05061040654775488,
      "degree_centrality": 0.058823529411764705,
      "cpd": {
        "values": [
          0.9033845555846934,
          0.38267050922259027,
          0.09661544441530656,
          0.6173294907774097
        ],
        "evidence": [
          4
        ],
        "evidence_card": [
          2
        ]
      }
    },
    "12": {
      "type": "leaf",
      "in_degree": 1,
      "out_degree": 0,
      "betweenness": 0.0,
      "closeness": 0.09411764705882353,
      "pagerank": 0.05061040654775488,
      "degree_centrality": 0.058823529411764705,
      "cpd": {
        "values": [
          0.5679926329417689,
          0.6257853916944537,
          0.43200736705823106,
          0.3742146083055464
        ],
        "evidence": [
          4
        ],
        "evidence_card": [
          2
        ]
      }
    },
    "13": {
      "type": "leaf",
      "in_degree": 1,
      "out_degree": 0,
      "betweenness": 0.0,
      "closeness": 0.09411764705882353,
      "pagerank": 0.05061040654775488,
      "degree_centrality": 0.058823529411764705,
      "cpd": {
        "values": [
          0.112240002963651,
          0.507396692025159,
          0.887759997036349,
          0.4926033079748409
        ],
        "evidence": [
          4
        ],
        "evidence_card": [
          2
        ]
      }
    },
    "14": {
      "type": "leaf",
      "in_degree": 1,
      "out_degree": 0,
      "betweenness": 0.0,
      "closeness": 0.09411764705882353,
      "pagerank": 0.05061040654775488,
      "degree_centrality": 0.058823529411764705,
      "cpd": {
        "values": [
          0.15864986529366104,
          0.37161204572251466,
          0.8413501347063389,
          0.6283879542774854
        ],
        "evidence": [
          3
        ],
        "evidence_card": [
          2
        ]
      }
    },
    "15": {
      "type": "leaf",
      "in_degree": 1,
      "out_degree": 0,
      "betweenness": 0.0,
      "closeness": 0.09411764705882353,
      "pagerank": 0.05061040654775488,
      "degree_centrality": 0.058823529411764705,