{
  "graph_index": 6167,
  "nodes": {
    "0": {
      "type": "root",
      "in_degree": 0,
      "out_degree": 1,
      "betweenness": 0.0,
      "closeness": 0.0,
      "pagerank": 0.02972213918253526,
      "degree_centrality": 0.047619047619047616,
      "cpd": {
        "values": [
          0.5,
          0.5,
          0.0,
          0.0
        ],
        "evidence": [],
        "evidence_card": []
      }
    },
    "1": {
      "type": "intermediate",
      "in_degree": 1,
      "out_degree": 2,
      "betweenness": 0.04761904761904762,
      "closeness": 0.047619047619047616,
      "pagerank": 0.05498639462885044,
      "degree_centrality": 0.14285714285714285,
      "cpd": {
        "values": [
          0.9986841064831323,
          0.7237077216115959,
          0.0013158935168676718,
          0.27629227838840414
        ],
        "evidence": [
          0
        ],
        "evidence_card": [
          2
        ]
      }
    },
    "2": {
      "type": "intermediate",
      "in_degree": 1,
      "out_degree": 2,
      "betweenness": 0.028571428571428574,
      "closeness": 0.06349206349206349,
      "pagerank": 0.053090925763778246,
      "degree_centrality": 0.14285714285714285,
      "cpd": {
        "values": [
          0.5633550289859048,
          0.3336511544170439,
          0.4366449710140952,
          0.666348845582956
        ],
        "evidence": [
          1
        ],
        "evidence_card": [
          2
        ]
      }
    },
    "3": {
      "type": "intermediate",
      "in_degree": 1,
      "out_degree": 4,
      "betweenness": 0.05714285714285715,
      "closeness": 0.06349206349206349,
      "pagerank": 0.053090925763778246,
      "degree_centrality": 0.23809523809523808,
      "cpd": {
        "values": [
          0.5756024151002739,
          0.3409541765240886,
          0.424397584899726,
          0.6590458234759115
        ],
        "evidence": [
          1
        ],
        "evidence_card": [
          2
        ]
      }
    },
    "4": {
      "type": "intermediate",
      "in_degree": 1,
      "out_degree": 4,
      "betweenness": 0.02380952380952381,
      "closeness": 0.07142857142857142,
      "pagerank": 0.04100381099110874,
      "degree_centrality": 0.23809523809523808,
      "cpd": {
        "values": [
          0.5996223116043483,
          0.6743929317267463,
          0.40037768839565174,
          0.3256070682732537
        ],
        "evidence": [
          3
        ],
        "evidence_card": [
          2
        ]
      }
    },
    "5": {
      "type": "intermediate",
      "in_degree": 1,
      "out_degree": 1,
      "betweenness": 0.0071428571428571435,
      "closeness": 0.07142857142857142,
      "pagerank": 0.04100381099110874,
      "degree_centrality": 0.09523809523809523,
      "cpd": {
        "values": [
          0.5381791017784807,
          0.14905022097389825,
          0.4618208982215194,
          0.8509497790261017
        ],
        "evidence": [
          3
        ],
        "evidence_card": [
          2
        ]
      }
    },
    "6": {
      "type": "intermediate",
      "in_degree": 1,
      "out_degree": 3,
      "betweenness": 0.02142857142857143,
      "closeness": 0.07142857142857142,
      "pagerank": 0.04100381099110874,
      "degree_centrality": 0.19047619047619047,
      "cpd": {
        "values": [
          0.28221600224688553,
          0.07817478411536877,
          0.7177839977531144,
          0.9218252158846312
        ],
        "evidence": [
          3
        ],
        "evidence_card": [
          2
        ]
      }
    },
    "7": {
      "type": "intermediate",
      "in_degree": 1,
      "out_degree": 1,
      "betweenness": 0.0071428571428571435,
      "closeness": 0.07142857142857142,
      "pagerank": 0.04100381099110874,
      "degree_centrality": 0.09523809523809523,
      "cpd": {
        "values": [
          0.43452887788074335,
          0.37569765017301915,
          0.5654711221192565,
          0.6243023498269809
        ],
        "evidence": [
          3
        ],
        "evidence_card": [
          2
        ]
      }
    },
    "8": {
      "type": "leaf",
      "in_degree": 1,
      "out_degree": 0,
      "betweenness": 0.0,
      "closeness": 0.0761904761904762,
      "pagerank": 0.0645758042413937,
      "degree_centrality": 0.047619047619047616,
      "cpd": {
        "values": [
          0.07600807757941154,
          0.09795920942402771,
          0.9239919224205885,
          0.9020407905759723
        ],
        "evidence": [
          7
        ],
        "evidence_card": [
          2
        ]
      }
    },
    "9": {
      "type": "leaf",
      "in_degree": 1,
      "out_degree": 0,
      "betweenness": 0.0,
      "closeness": 0.0761904761904762,
      "pagerank": 0.04134002753548807,
      "degree_centrality": 0.047619047619047616,
      "cpd": {
        "values": [
          0.14053064301912682,
          0.6218562968337022,
          0.8594693569808731,
          0.37814370316629775
        ],
        "evidence": [
          6
        ],
        "evidence_card": [
          2
        ]
      }
    },
    "10": {
      "type": "leaf",
      "in_degree": 1,
      "out_degree": 0,
      "betweenness": 0.0,
      "closeness": 0.0761904761904762,
      "pagerank": 0.04134002753548807,
      "degree_centrality": 0.047619047619047616,
      "cpd": {
        "values": [
          0.9175042320928878,
          0.5762611806846674,
          0.08249576790711219,
          0.4237388193153327
        ],
        "evidence": [
          6
        ],
        "evidence_card": [
          2
        ]
      }
    },
    "11": {
      "type": "leaf",
      "in_degree": 1,
      "out_degree": 0,
      "betweenness": 0.0,
      "closeness": 0.0761904761904762,
      "pagerank": 0.04134002753548807,
      "degree_centrality": 0.047619047619047616,
      "cpd": {
        "values": [
          0.744579160405721,
          0.3372580680696722,
          0.25542083959427897,
          0.6627419319303278
        ],
        "evidence": [
          6
        ],
        "evidence_card": [
          2
        ]
      }
    },
    "12": {
      "type": "leaf",
      "in_degree": 1,
      "out_degree": 0,
      "betweenness": 0.0,
      "closeness": 0.0761904761904762,
      "pagerank": 0.0645758042413937,
      "degree_centrality": 0.047619047619047616,
      "cpd": {
        "values": [
          0.647108165091281,
          0.07268087330591629,
          0.35289183490871895,
          0.9273191266940837
        ],
        "evidence": [
          5
        ],
        "evidence_card": [
          2
        ]
      }
    },
    "13": {
      "type": "leaf",
      "in_degree": 1,
      "out_degree": 0,
      "betweenness": 0.0,
      "closeness": 0.0761904761904762,
      "pagerank": 0.03843555544724987,
      "degree_centrality": 0.047619047619047616,
      "cpd": {
        "values": [
          0.0727307023834291,
          0.37691289442288206,
          0.9272692976165708,
          0.623087105577118
        ],
        "evidence": [
          4
        ],
        "evidence_card": [
          2
        ]
      }
    },
    "14": {
      "type": "leaf",
      "in_degree": 1,
      "out_degree": 0,
      "betweenness": 0.0,
      "closeness": 0.0761904761904762,
      "pagerank": 0.03843555544724987,
      "degree_centrality": 0.047619047619047616,
      "cpd": {
        "values": [
          0.8423784768656727,
          0.6220101602316107,
          0.15762152313432734,
          0.37798983976838935
        ],
        "evidence": [
          4
        ],
        "evidence_card": [
          2
        ]
      }
    },
    "15": {
      "type": "leaf",
      "in_degree": 1,
      "out_degree": 0,
      "betweenness": 0.0,
      "closeness": 0.0761904761904762,
      "pagerank": 0.03843555544724987,
      "degree_centrality": 0.047619047619047616,