{
  "graph_index": 8387,
  "nodes": {
    "0": {
      "type": "root",
      "in_degree": 0,
      "out_degree": 1,
      "betweenness": 0.0,
      "closeness": 0.0,
      "pagerank": 0.024772840509171626,
      "degree_centrality": 0.041666666666666664,
      "cpd": {
        "values": [
          0.5,
          0.5,
          0.0,
          0.0
        ],
        "evidence": [],
        "evidence_card": []
      }
    },
    "1": {
      "type": "intermediate",
      "in_degree": 1,
      "out_degree": 3,
      "betweenness": 0.041666666666666664,
      "closeness": 0.041666666666666664,
      "pagerank": 0.04583002611068143,
      "degree_centrality": 0.16666666666666666,
      "cpd": {
        "values": [
          0.4323240564833049,
          0.6317412795812319,
          0.5676759435166951,
          0.36825872041876806
        ],
        "evidence": [
          0
        ],
        "evidence_card": [
          2
        ]
      }
    },
    "2": {
      "type": "intermediate",
      "in_degree": 1,
      "out_degree": 4,
      "betweenness": 0.028985507246376812,
      "closeness": 0.05555555555555555,
      "pagerank": 0.037758118165258085,
      "degree_centrality": 0.20833333333333331,
      "cpd": {
        "values": [
          0.7641553307675446,
          0.5761764395509766,
          0.23584466923245537,
          0.42382356044902336
        ],
        "evidence": [
          1
        ],
        "evidence_card": [
          2
        ]
      }
    },
    "3": {
      "type": "intermediate",
      "in_degree": 1,
      "out_degree": 5,
      "betweenness": 0.036231884057971016,
      "closeness": 0.05555555555555555,
      "pagerank": 0.037758118165258085,
      "degree_centrality": 0.25,
      "cpd": {
        "values": [
          0.2509485216929924,
          0.4573241537708621,
          0.7490514783070076,
          0.542675846229138
        ],
        "evidence": [
          1
        ],
        "evidence_card": [
          2
        ]
      }
    },
    "4": {
      "type": "intermediate",
      "in_degree": 1,
      "out_degree": 2,
      "betweenness": 0.007246376811594203,
      "closeness": 0.05555555555555555,
      "pagerank": 0.037758118165258085,
      "degree_centrality": 0.125,
      "cpd": {
        "values": [
          0.2834092156657767,
          0.2167720209633099,
          0.7165907843342234,
          0.7832279790366901
        ],
        "evidence": [
          1
        ],
        "evidence_card": [
          2
        ]
      }
    },
    "5": {
      "type": "intermediate",
      "in_degree": 1,
      "out_degree": 1,
      "betweenness": 0.0018115942028985507,
      "closeness": 0.0625,
      "pagerank": 0.04081984790298963,
      "degree_centrality": 0.08333333333333333,
      "cpd": {
        "values": [
          0.4387732469883208,
          0.011749340492142496,
          0.5612267530116791,
          0.9882506595078575
        ],
        "evidence": [
          4
        ],
        "evidence_card": [
          2
        ]
      }
    },
    "6": {
      "type": "leaf",
      "in_degree": 2,
      "out_degree": 0,
      "betweenness": 0.0,
      "closeness": 0.11574074074074076,
      "pagerank": 0.06588942407453874,
      "degree_centrality": 0.08333333333333333,
      "cpd": {
        "values": [
          0.5992411914905258,
          0.1659189383732545,
          0.4136524029339028,
          0.020320535018066046
        ],
        "evidence": [
          3,
          5
        ],
        "evidence_card": [
          2,
          2
        ]
      }
    },
    "7": {
      "type": "intermediate",
      "in_degree": 1,
      "out_degree": 1,
      "betweenness": 0.005434782608695652,
      "closeness": 0.0625,
      "pagerank": 0.03119164346669883,
      "degree_centrality": 0.08333333333333333,
      "cpd": {
        "values": [
          0.9492061784680996,
          0.468116986169811,
          0.05079382153190035,
          0.531883013830189
        ],
        "evidence": [
          3
        ],
        "evidence_card": [
          2
        ]
      }
    },
    "8": {
      "type": "intermediate",
      "in_degree": 1,
      "out_degree": 2,
      "betweenness": 0.007246376811594203,
      "closeness": 0.0625,
      "pagerank": 0.03119164346669883,
      "degree_centrality": 0.125,
      "cpd": {
        "values": [
          0.7047984898692605,
          0.4477934712405562,
          0.2952015101307394,
          0.5522065287594438
        ],
        "evidence": [
          3
        ],
        "evidence_card": [
          2
        ]
      }
    },
    "9": {
      "type": "intermediate",
      "in_degree": 1,
      "out_degree": 2,
      "betweenness": 0.007246376811594203,
      "closeness": 0.0625,
      "pagerank": 0.03119164346669883,
      "degree_centrality": 0.125,
      "cpd": {
        "values": [
          0.719262564421787,
          0.6178531517747481,
          0.28073743557821296,
          0.38214684822525197
        ],
        "evidence": [
          3
        ],
        "evidence_card": [
          2
        ]
      }
    },
    "10": {
      "type": "intermediate",
      "in_degree": 1,
      "out_degree": 2,
      "betweenness": 0.010869565217391304,
      "closeness": 0.0625,
      "pagerank": 0.03119164346669883,
      "degree_centrality": 0.125,
      "cpd": {
        "values": [
          0.6018006687179894,
          0.8183440840952678,
          0.39819933128201074,
          0.1816559159047322
        ],
        "evidence": [
          3
        ],
        "evidence_card": [
          2
        ]
      }
    },
    "11": {
      "type": "leaf",
      "in_degree": 1,
      "out_degree": 0,
      "betweenness": 0.0,
      "closeness": 0.06666666666666667,
      "pagerank": 0.038029552311192545,
      "degree_centrality": 0.041666666666666664,
      "cpd": {
        "values": [
          0.30627402867120784,
          0.9618921802822156,
          0.6937259713287921,
          0.03810781971778443
        ],
        "evidence": [
          10
        ],
        "evidence_card": [
          2
        ]
      }
    },
    "12": {
      "type": "leaf",
      "in_degree": 1,
      "out_degree": 0,
      "betweenness": 0.0,
      "closeness": 0.06666666666666667,
      "pagerank": 0.038029552311192545,
      "degree_centrality": 0.041666666666666664,
      "cpd": {
        "values": [
          0.4372582566771109,
          0.42214521009827455,
          0.5627417433228892,
          0.5778547899017253
        ],
        "evidence": [
          10
        ],
        "evidence_card": [
          2
        ]
      }
    },
    "13": {
      "type": "leaf",
      "in_degree": 1,
      "out_degree": 0,
      "betweenness": 0.0,
      "closeness": 0.06666666666666667,
      "pagerank": 0.038029552311192545,
      "degree_centrality": 0.041666666666666664,
      "cpd": {
        "values": [
          0.889579560445081,
          0.5479857021239724,
          0.11042043955491904,
          0.45201429787602765
        ],
        "evidence": [
          9
        ],
        "evidence_card": [
          2
        ]
      }
    },
    "14": {
      "type": "leaf",
      "in_degree": 2,
      "out_degree": 0,
      "betweenness": 0.0,
      "closeness": 0.11574074074074076,
      "pagerank": 0.05407655970501057,
      "degree_centrality": 0.08333333333333333,
      "cpd": {
        "values": [
          0.0653924908225417,
          0.17102267171167565,
          0.2877612211606219,
          0.2883155808934746
        ],
        "evidence": [
          4,
          9
        ],
        "evidence_card": [
          2,
          2
        ]
      }
    },
    "15": {
      "type": "leaf",
      "in_degree": 1,
      "out_degree": 0,
      "betweenness": 0.0,
      "closeness": 0.06666666666666667,
      "pagerank": 0.038029552311192545,
      "degree_centrality": 0.041666666666666664,