{
  "graph_index": 6408,
  "nodes": {
    "0": {
      "type": "root",
      "in_degree": 0,
      "out_degree": 1,
      "betweenness": 0.0,
      "closeness": 0.0,
      "pagerank": 0.05824860438720182,
      "degree_centrality": 0.125,
      "cpd": {
        "values": [
          0.5,
          0.5,
          0.0,
          0.0
        ],
        "evidence": [],
        "evidence_card": []
      }
    },
    "1": {
      "type": "intermediate",
      "in_degree": 1,
      "out_degree": 1,
      "betweenness": 0.125,
      "closeness": 0.125,
      "pagerank": 0.10776024284941452,
      "degree_centrality": 0.25,
      "cpd": {
        "values": [
          0.2057175126026911,
          0.47490066726386543,
          0.7942824873973089,
          0.5250993327361346
        ],
        "evidence": [
          0
        ],
        "evidence_card": [
          2
        ]
      }
    },
    "2": {
      "type": "intermediate",
      "in_degree": 1,
      "out_degree": 2,
      "betweenness": 0.21428571428571427,
      "closeness": 0.16666666666666666,
      "pagerank": 0.14984601071634757,
      "degree_centrality": 0.375,
      "cpd": {
        "values": [
          0.5253670601863778,
          0.9527268911951006,
          0.4746329398136221,
          0.047273108804899475
        ],
        "evidence": [
          1
        ],
        "evidence_card": [
          2
        ]
      }
    },
    "3": {
      "type": "intermediate",
      "in_degree": 1,
      "out_degree": 3,
      "betweenness": 0.1607142857142857,
      "closeness": 0.1875,
      "pagerank": 0.12193316733776963,
      "degree_centrality": 0.5,
      "cpd": {
        "values": [
          0.3528314357109811,
          0.6063432454951231,
          0.6471685642890189,
          0.39365675450487686
        ],
        "evidence": [
          2
        ],
        "evidence_card": [
          2
        ]
      }
    },
    "4": {
      "type": "intermediate",
      "in_degree": 1,
      "out_degree": 1,
      "betweenness": 0.05357142857142857,
      "closeness": 0.1875,
      "pagerank": 0.12193316733776963,
      "degree_centrality": 0.25,
      "cpd": {
        "values": [
          0.11586675018245464,
          0.517688701863343,
          0.8841332498175454,
          0.48231129813665696
        ],
        "evidence": [
          2
        ],
        "evidence_card": [
          2
        ]
      }
    },
    "5": {
      "type": "leaf",
      "in_degree": 1,
      "out_degree": 0,
      "betweenness": 0.0,
      "closeness": 0.2,
      "pagerank": 0.16189079929854644,
      "degree_centrality": 0.125,
      "cpd": {
        "values": [
          0.5522228678591589,
          0.3973648694625664,
          0.44777713214084114,
          0.6026351305374336
        ],
        "evidence": [
          4
        ],
        "evidence_card": [
          2
        ]
      }
    },
    "6": {
      "type": "leaf",
      "in_degree": 1,
      "out_degree": 0,
      "betweenness": 0.0,
      "closeness": 0.2,
      "pagerank": 0.09279600269098337,
      "degree_centrality": 0.125,
      "cpd": {
        "values": [
          0.6149624092306277,
          0.5488828934481395,
          0.3850375907693722,
          0.4511171065518605
        ],
        "evidence": [
          3
        ],
        "evidence_card": [
          2
        ]
      }
    },
    "7": {
      "type": "leaf",
      "in_degree": 1,
      "out_degree": 0,
      "betweenness": 0.0,
      "closeness": 0.2,
      "pagerank": 0.09279600269098337,
      "degree_centrality": 0.125,
      "cpd": {
        "values": [
          0.5157737317021244,
          0.21339405108293352,
          0.4842262682978756,
          0.7866059489170665
        ],
        "evidence": [
          3
        ],
        "evidence_card": [
          2
        ]
      }
    },
    "8": {
      "type": "leaf",
      "in_degree": 1,
      "out_degree": 0,
      "betweenness": 0.0,
      "closeness": 0.2,
      "pagerank": 0.09279600269098337,
      "degree_centrality": 0.125,
      "cpd": {
        "values": [
          0.7435524247982792,
          0.39285372023091125,
          0.2564475752017208,
          0.6071462797690887
        ],
        "evidence": [
          3
        ],
        "evidence_card": [
          2
        ]
      }
    }
  },
  "edges": [
    [
      0,
      1
    ],
    [
      1,
      2
    ],
    [
      2,
      3
    ],
    [
      2,
      4
    ],
    [
      3,
      6
    ],
    [
      3,
      7
    ],
    [
      3,
      8
    ],
    [
      4,
      5
    ]
  ]
}