{
  "graph_index": 6609,
  "nodes": {
    "0": {
      "type": "root",
      "in_degree": 0,
      "out_degree": 1,
      "betweenness": 0.0,
      "closeness": 0.0,
      "pagerank": 0.04541797781189543,
      "degree_centrality": 0.08333333333333333,
      "cpd": {
        "values": [
          0.5,
          0.5,
          0.0,
          0.0
        ],
        "evidence": [],
        "evidence_card": []
      }
    },
    "1": {
      "type": "intermediate",
      "in_degree": 1,
      "out_degree": 1,
      "betweenness": 0.08333333333333334,
      "closeness": 0.08333333333333333,
      "pagerank": 0.08402285922791818,
      "degree_centrality": 0.16666666666666666,
      "cpd": {
        "values": [
          0.8164010758115818,
          0.32609270305939075,
          0.18359892418841808,
          0.6739072969406092
        ],
        "evidence": [
          0
        ],
        "evidence_card": [
          2
        ]
      }
    },
    "2": {
      "type": "intermediate",
      "in_degree": 1,
      "out_degree": 3,
      "betweenness": 0.15151515151515152,
      "closeness": 0.1111111111111111,
      "pagerank": 0.11683673008851464,
      "degree_centrality": 0.3333333333333333,
      "cpd": {
        "values": [
          0.027508649076140472,
          0.2061147692732224,
          0.9724913509238595,
          0.7938852307267776
        ],
        "evidence": [
          1
        ],
        "evidence_card": [
          2
        ]
      }
    },
    "3": {
      "type": "intermediate",
      "in_degree": 1,
      "out_degree": 2,
      "betweenness": 0.045454545454545456,
      "closeness": 0.125,
      "pagerank": 0.07852184918122883,
      "degree_centrality": 0.25,
      "cpd": {
        "values": [
          0.6276368429669805,
          0.06860635003194485,
          0.37236315703301953,
          0.9313936499680552
        ],
        "evidence": [
          2
        ],
        "evidence_card": [
          2
        ]
      }
    },
    "4": {
      "type": "intermediate",
      "in_degree": 1,
      "out_degree": 3,
      "betweenness": 0.06818181818181818,
      "closeness": 0.125,
      "pagerank": 0.07852184918122883,
      "degree_centrality": 0.3333333333333333,
      "cpd": {
        "values": [
          0.5373483761693885,
          0.5524778153907935,
          0.4626516238306116,
          0.44752218460920645
        ],
        "evidence": [
          2
        ],
        "evidence_card": [
          2
        ]
      }
    },
    "5": {
      "type": "intermediate",
      "in_degree": 1,
      "out_degree": 2,
      "betweenness": 0.045454545454545456,
      "closeness": 0.125,
      "pagerank": 0.07852184918122883,
      "degree_centrality": 0.25,
      "cpd": {
        "values": [
          0.35360539813660996,
          0.12116541306891139,
          0.64639460186339,
          0.8788345869310886
        ],
        "evidence": [
          2
        ],
        "evidence_card": [
          2
        ]
      }
    },
    "6": {
      "type": "leaf",
      "in_degree": 1,
      "out_degree": 0,
      "betweenness": 0.0,
      "closeness": 0.13333333333333333,
      "pagerank": 0.0787898179193483,
      "degree_centrality": 0.08333333333333333,
      "cpd": {
        "values": [
          0.02456063338030518,
          0.5319989936211924,
          0.9754393666196948,
          0.4680010063788076
        ],
        "evidence": [
          5
        ],
        "evidence_card": [
          2
        ]
      }
    },
    "7": {
      "type": "leaf",
      "in_degree": 1,
      "out_degree": 0,
      "betweenness": 0.0,
      "closeness": 0.13333333333333333,
      "pagerank": 0.0787898179193483,
      "degree_centrality": 0.08333333333333333,
      "cpd": {
        "values": [
          0.6426788327537032,
          0.659603524776401,
          0.357321167246297,
          0.3403964752235989
        ],
        "evidence": [
          5
        ],
        "evidence_card": [
          2
        ]
      }
    },
    "8": {
      "type": "leaf",
      "in_degree": 1,
      "out_degree": 0,
      "betweenness": 0.0,
      "closeness": 0.13333333333333333,
      "pagerank": 0.06766587121686402,
      "degree_centrality": 0.08333333333333333,
      "cpd": {
        "values": [
          0.5454768922077582,
          0.23598712832833477,
          0.45452310779224186,
          0.7640128716716652
        ],
        "evidence": [
          4
        ],
        "evidence_card": [
          2
        ]
      }
    },
    "9": {
      "type": "leaf",
      "in_degree": 1,
      "out_degree": 0,
      "betweenness": 0.0,
      "closeness": 0.13333333333333333,
      "pagerank": 0.06766587121686402,
      "degree_centrality": 0.08333333333333333,
      "cpd": {
        "values": [
          0.3724890451239157,
          0.6572686696439379,
          0.6275109548760843,
          0.3427313303560621
        ],
        "evidence": [
          4
        ],
        "evidence_card": [
          2
        ]
      }
    },
    "10": {
      "type": "leaf",
      "in_degree": 1,
      "out_degree": 0,
      "betweenness": 0.0,
      "closeness": 0.13333333333333333,
      "pagerank": 0.06766587121686402,
      "degree_centrality": 0.08333333333333333,
      "cpd": {
        "values": [
          0.18733293873195125,
          0.26420808122382394,
          0.8126670612680488,
          0.735791918776176
        ],
        "evidence": [
          4
        ],
        "evidence_card": [
          2
        ]
      }
    },
    "11": {
      "type": "leaf",
      "in_degree": 1,
      "out_degree": 0,
      "betweenness": 0.0,
      "closeness": 0.13333333333333333,
      "pagerank": 0.0787898179193483,
      "degree_centrality": 0.08333333333333333,
      "cpd": {
        "values": [
          0.0010734371604388985,
          5.129009213707492e-05,
          0.998926562839561,
          0.9999487099078629
        ],
        "evidence": [
          3
        ],
        "evidence_card": [
          2
        ]
      }
    },
    "12": {
      "type": "leaf",
      "in_degree": 1,
      "out_degree": 0,
      "betweenness": 0.0,
      "closeness": 0.13333333333333333,
      "pagerank": 0.0787898179193483,
      "degree_centrality": 0.08333333333333333,
      "cpd": {
        "values": [
          0.6881132569553736,
          0.4055823624197579,
          0.3118867430446264,
          0.5944176375802421
        ],
        "evidence": [
          3
        ],
        "evidence_card": [
          2
        ]
      }
    }
  },
  "edges": [
    [
      0,
      1
    ],
    [
      1,
      2
    ],
    [
      2,
      3
    ],
    [
      2,
      4
    ],
    [
      2,
      5
    ],
    [
      3,
      11
    ],
    [
      3,
      12
    ],
    [
      4,
      8
    ],
    [
      4,
      9
    ],
    [
      4,
      10
    ],
    [
      5,
      6
    ],
    [
      5,
      7
    ]
  ]
}