{
  "graph_index": 7020,
  "nodes": {
    "0": {
      "type": "root",
      "in_degree": 0,
      "out_degree": 1,
      "betweenness": 0.0,
      "closeness": 0.0,
      "pagerank": 0.025833383230669114,
      "degree_centrality": 0.04,
      "cpd": {
        "values": [
          0.5,
          0.5,
          0.0,
          0.0
        ],
        "evidence": [],
        "evidence_card": []
      }
    },
    "1": {
      "type": "intermediate",
      "in_degree": 1,
      "out_degree": 2,
      "betweenness": 0.04,
      "closeness": 0.04,
      "pagerank": 0.04779055680712448,
      "degree_centrality": 0.12,
      "cpd": {
        "values": [
          0.42669208180320684,
          0.8043076002466386,
          0.5733079181967932,
          0.19569239975336153
        ],
        "evidence": [
          0
        ],
        "evidence_card": [
          2
        ]
      }
    },
    "2": {
      "type": "intermediate",
      "in_degree": 1,
      "out_degree": 3,
      "betweenness": 0.02666666666666667,
      "closeness": 0.05333333333333333,
      "pagerank": 0.04614369703637486,
      "degree_centrality": 0.16,
      "cpd": {
        "values": [
          0.18088521932735552,
          0.3577321434693498,
          0.8191147806726444,
          0.6422678565306502
        ],
        "evidence": [
          1
        ],
        "evidence_card": [
          2
        ]
      }
    },
    "3": {
      "type": "intermediate",
      "in_degree": 1,
      "out_degree": 4,
      "betweenness": 0.04666666666666667,
      "closeness": 0.05333333333333333,
      "pagerank": 0.04614369703637486,
      "degree_centrality": 0.2,
      "cpd": {
        "values": [
          0.40491216588440726,
          0.96502215008694,
          0.5950878341155927,
          0.03497784991305993
        ],
        "evidence": [
          1
        ],
        "evidence_card": [
          2
        ]
      }
    },
    "4": {
      "type": "intermediate",
      "in_degree": 1,
      "out_degree": 4,
      "betweenness": 0.016666666666666666,
      "closeness": 0.06,
      "pagerank": 0.035639001335299084,
      "degree_centrality": 0.2,
      "cpd": {
        "values": [
          0.1218192033180462,
          0.4077389718696172,
          0.8781807966819538,
          0.5922610281303827
        ],
        "evidence": [
          3
        ],
        "evidence_card": [
          2
        ]
      }
    },
    "5": {
      "type": "intermediate",
      "in_degree": 1,
      "out_degree": 2,
      "betweenness": 0.01,
      "closeness": 0.06,
      "pagerank": 0.035639001335299084,
      "degree_centrality": 0.12,
      "cpd": {
        "values": [
          0.7308682673368048,
          0.5650366834064977,
          0.26913173266319523,
          0.43496331659350224
        ],
        "evidence": [
          3
        ],
        "evidence_card": [
          2
        ]
      }
    },
    "6": {
      "type": "intermediate",
      "in_degree": 1,
      "out_degree": 2,
      "betweenness": 0.01,
      "closeness": 0.06,
      "pagerank": 0.035639001335299084,
      "degree_centrality": 0.12,
      "cpd": {
        "values": [
          0.35402071322173007,
          0.05345387205724152,
          0.64597928677827,
          0.9465461279427584
        ],
        "evidence": [
          3
        ],
        "evidence_card": [
          2
        ]
      }
    },
    "7": {
      "type": "intermediate",
      "in_degree": 1,
      "out_degree": 3,
      "betweenness": 0.015000000000000001,
      "closeness": 0.06,
      "pagerank": 0.035639001335299084,
      "degree_centrality": 0.16,
      "cpd": {
        "values": [
          0.4398412357308712,
          0.26590351278982177,
          0.5601587642691288,
          0.7340964872101783
        ],
        "evidence": [
          3
        ],
        "evidence_card": [
          2
        ]
      }
    },
    "8": {
      "type": "leaf",
      "in_degree": 1,
      "out_degree": 0,
      "betweenness": 0.0,
      "closeness": 0.064,
      "pagerank": 0.035930753515435794,
      "degree_centrality": 0.04,
      "cpd": {
        "values": [
          0.3337075153719418,
          0.9597132996015241,
          0.6662924846280582,
          0.040286700398475914
        ],
        "evidence": [
          7
        ],
        "evidence_card": [
          2
        ]
      }
    },
    "9": {
      "type": "leaf",
      "in_degree": 1,
      "out_degree": 0,
      "betweenness": 0.0,
      "closeness": 0.064,
      "pagerank": 0.035930753515435794,
      "degree_centrality": 0.04,
      "cpd": {
        "values": [
          0.6097715921979475,
          0.2297911910593414,
          0.3902284078020525,
          0.7702088089406585
        ],
        "evidence": [
          7
        ],
        "evidence_card": [
          2
        ]
      }
    },
    "10": {
      "type": "leaf",
      "in_degree": 1,
      "out_degree": 0,
      "betweenness": 0.0,
      "closeness": 0.064,
      "pagerank": 0.035930753515435794,
      "degree_centrality": 0.04,
      "cpd": {
        "values": [
          0.14765240306340466,
          0.22067984367799245,
          0.8523475969365953,
          0.7793201563220076
        ],
        "evidence": [
          7
        ],
        "evidence_card": [
          2
        ]
      }
    },
    "11": {
      "type": "leaf",
      "in_degree": 1,
      "out_degree": 0,
      "betweenness": 0.0,
      "closeness": 0.064,
      "pagerank": 0.04097943865781913,
      "degree_centrality": 0.04,
      "cpd": {
        "values": [
          0.5230808828078147,
          0.5391716755089743,
          0.4769191171921852,
          0.46082832449102584
        ],
        "evidence": [
          6
        ],
        "evidence_card": [
          2
        ]
      }
    },
    "12": {
      "type": "leaf",
      "in_degree": 1,
      "out_degree": 0,
      "betweenness": 0.0,
      "closeness": 0.064,
      "pagerank": 0.04097943865781913,
      "degree_centrality": 0.04,
      "cpd": {
        "values": [
          0.22837232434790478,
          0.508539634819694,
          0.7716276756520952,
          0.491460365180306
        ],
        "evidence": [
          6
        ],
        "evidence_card": [
          2
        ]
      }
    },
    "13": {
      "type": "leaf",
      "in_degree": 1,
      "out_degree": 0,
      "betweenness": 0.0,
      "closeness": 0.064,
      "pagerank": 0.04097943865781913,
      "degree_centrality": 0.04,
      "cpd": {
        "values": [
          0.632650752943131,
          0.35117546604033373,
          0.367349247056869,
          0.6488245339596663
        ],
        "evidence": [
          5
        ],
        "evidence_card": [
          2
        ]
      }
    },
    "14": {
      "type": "leaf",
      "in_degree": 1,
      "out_degree": 0,
      "betweenness": 0.0,
      "closeness": 0.064,
      "pagerank": 0.04097943865781913,
      "degree_centrality": 0.04,
      "cpd": {
        "values": [
          0.4876855018333224,
          0.537796128805358,
          0.5123144981666777,
          0.46220387119464207
        ],
        "evidence": [
          5
        ],
        "evidence_card": [
          2
        ]
      }
    },
    "15": {
      "type": "leaf",
      "in_degree": 1,
      "out_degree": 0,
      "betweenness": 0.0,
      "closeness": 0.064,
      "pagerank": 0.033406410944244125,
      "degree_centrality": 0.04,
      "cpd": {
        "values": [
          0.5702294437527422,
          0.660935631934919,
          0.42977055624725785,
          0.33906436806508095
        ],
        "evidence": [
          4
        ],
        "evidence_card": [
          2
        ]
      }
    },
    "16": {
      "type": "leaf",
      "in_degree": 2,
      "out_degree": 0,
      "betweenness": 0.0,
      "closeness": 0.11111111111111112,
      "pagerank": 0.046480568417084075,
      "degree_centrality": 0.08,