{
  "graph_index": 1108,
  "nodes": {
    "0": {
      "type": "root",
      "in_degree": 0,
      "out_degree": 1,
      "betweenness": 0.0,
      "closeness": 0.0,
      "pagerank": 0.038657949898520366,
      "degree_centrality": 0.06666666666666667,
      "cpd": {
        "values": [
          0.5,
          0.5,
          0.0,
          0.0
        ],
        "evidence": [],
        "evidence_card": []
      }
    },
    "1": {
      "type": "intermediate",
      "in_degree": 1,
      "out_degree": 1,
      "betweenness": 0.06666666666666668,
      "closeness": 0.06666666666666667,
      "pagerank": 0.07151794934928715,
      "degree_centrality": 0.13333333333333333,
      "cpd": {
        "values": [
          0.4626289807072474,
          0.6478675097846088,
          0.5373710192927527,
          0.35213249021539117
        ],
        "evidence": [
          0
        ],
        "evidence_card": [
          2
        ]
      }
    },
    "2": {
      "type": "intermediate",
      "in_degree": 1,
      "out_degree": 4,
      "betweenness": 0.12380952380952381,
      "closeness": 0.08888888888888888,
      "pagerank": 0.09944891183709842,
      "degree_centrality": 0.3333333333333333,
      "cpd": {
        "values": [
          0.22808603176744713,
          0.39512697390126145,
          0.771913968232553,
          0.6048730260987386
        ],
        "evidence": [
          1
        ],
        "evidence_card": [
          2
        ]
      }
    },
    "3": {
      "type": "intermediate",
      "in_degree": 1,
      "out_degree": 1,
      "betweenness": 0.014285714285714287,
      "closeness": 0.1,
      "pagerank": 0.059791275403154695,
      "degree_centrality": 0.13333333333333333,
      "cpd": {
        "values": [
          0.167515866126474,
          0.8335784739911403,
          0.8324841338735259,
          0.16642152600885973
        ],
        "evidence": [
          2
        ],
        "evidence_card": [
          2
        ]
      }
    },
    "4": {
      "type": "intermediate",
      "in_degree": 1,
      "out_degree": 2,
      "betweenness": 0.028571428571428574,
      "closeness": 0.1,
      "pagerank": 0.059791275403154695,
      "degree_centrality": 0.2,
      "cpd": {
        "values": [
          0.5392870407441047,
          0.7754023424566239,
          0.4607129592558953,
          0.22459765754337613
        ],
        "evidence": [
          2
        ],
        "evidence_card": [
          2
        ]
      }
    },
    "5": {
      "type": "intermediate",
      "in_degree": 1,
      "out_degree": 2,
      "betweenness": 0.028571428571428574,
      "closeness": 0.1,
      "pagerank": 0.059791275403154695,
      "degree_centrality": 0.2,
      "cpd": {
        "values": [
          0.3320591486669151,
          0.14833566159646042,
          0.6679408513330849,
          0.8516643384035396
        ],
        "evidence": [
          2
        ],
        "evidence_card": [
          2
        ]
      }
    },
    "6": {
      "type": "intermediate",
      "in_degree": 1,
      "out_degree": 4,
      "betweenness": 0.05714285714285715,
      "closeness": 0.1,
      "pagerank": 0.059791275403154695,
      "degree_centrality": 0.3333333333333333,
      "cpd": {
        "values": [
          0.820918763580649,
          0.460181579319556,
          0.17908123641935106,
          0.5398184206804439
        ],
        "evidence": [
          2
        ],
        "evidence_card": [
          2
        ]
      }
    },
    "7": {
      "type": "leaf",
      "in_degree": 1,
      "out_degree": 0,
      "betweenness": 0.0,
      "closeness": 0.10666666666666667,
      "pagerank": 0.05136348353700738,
      "degree_centrality": 0.06666666666666667,
      "cpd": {
        "values": [
          0.431682965818088,
          0.23245962954799462,
          0.5683170341819119,
          0.7675403704520054
        ],
        "evidence": [
          6
        ],
        "evidence_card": [
          2
        ]
      }
    },
    "8": {
      "type": "leaf",
      "in_degree": 1,
      "out_degree": 0,
      "betweenness": 0.0,
      "closeness": 0.10666666666666667,
      "pagerank": 0.05136348353700738,
      "degree_centrality": 0.06666666666666667,
      "cpd": {
        "values": [
          0.99912737731615,
          0.07418370515111482,
          0.0008726226838499711,
          0.9258162948488852
        ],
        "evidence": [
          6
        ],
        "evidence_card": [
          2
        ]
      }
    },
    "9": {
      "type": "leaf",
      "in_degree": 1,
      "out_degree": 0,
      "betweenness": 0.0,
      "closeness": 0.10666666666666667,
      "pagerank": 0.05136348353700738,
      "degree_centrality": 0.06666666666666667,
      "cpd": {
        "values": [
          0.8335755531371617,
          0.4655047105541247,
          0.16642444686283833,
          0.5344952894458753
        ],
        "evidence": [
          6
        ],
        "evidence_card": [
          2
        ]
      }
    },
    "10": {
      "type": "leaf",
      "in_degree": 1,
      "out_degree": 0,
      "betweenness": 0.0,
      "closeness": 0.10666666666666667,
      "pagerank": 0.05136348353700738,
      "degree_centrality": 0.06666666666666667,
      "cpd": {
        "values": [
          0.24878126041670984,
          0.9385608170684133,
          0.7512187395832902,
          0.06143918293158663
        ],
        "evidence": [
          6
        ],
        "evidence_card": [
          2
        ]
      }
    },
    "11": {
      "type": "leaf",
      "in_degree": 1,
      "out_degree": 0,
      "betweenness": 0.0,
      "closeness": 0.10666666666666667,
      "pagerank": 0.06406901717549437,
      "degree_centrality": 0.06666666666666667,
      "cpd": {
        "values": [
          0.6256214018137404,
          0.4553498459350504,
          0.37437859818625957,
          0.5446501540649497
        ],
        "evidence": [
          5
        ],
        "evidence_card": [
          2
        ]
      }
    },
    "12": {
      "type": "leaf",
      "in_degree": 1,
      "out_degree": 0,
      "betweenness": 0.0,
      "closeness": 0.10666666666666667,
      "pagerank": 0.06406901717549437,
      "degree_centrality": 0.06666666666666667,
      "cpd": {
        "values": [
          0.3878593310709529,
          0.6466349081407432,
          0.6121406689290472,
          0.35336509185925685
        ],
        "evidence": [
          5
        ],
        "evidence_card": [
          2
        ]
      }
    },
    "13": {
      "type": "leaf",
      "in_degree": 1,
      "out_degree": 0,
      "betweenness": 0.0,
      "closeness": 0.10666666666666667,
      "pagerank": 0.06406901717549437,
      "degree_centrality": 0.06666666666666667,
      "cpd": {
        "values": [
          0.8109784553612941,
          0.752751398899305,
          0.18902154463870588,
          0.247248601100695
        ],
        "evidence": [
          4
        ],
        "evidence_card": [
          2
        ]
      }
    },
    "14": {
      "type": "leaf",
      "in_degree": 1,
      "out_degree": 0,
      "betweenness": 0.0,
      "closeness": 0.10666666666666667,
      "pagerank": 0.06406901717549437,
      "degree_centrality": 0.06666666666666667,
      "cpd": {
        "values": [
          0.39771671681135046,
          0.331057540696542,
          0.6022832831886497,
          0.6689424593034581
        ],
        "evidence": [
          4
        ],
        "evidence_card": [
          2
        ]
      }
    },
    "15": {
      "type": "leaf",
      "in_degree": 1,
      "out_degree": 0,
      "betweenness": 0.0,
      "closeness": 0.10666666666666667,
      "pagerank": 0.08948008445246841,
      "degree_centrality": 0.06666666666666667,
      "cpd": {
        "values": [
          0.3304226682777213,
          0.37647649966978125,
          0.6695773317222786,
          0.6235235003302187
        ],