{
  "graph_index": 3716,
  "nodes": {
    "0": {
      "type": "root",
      "in_degree": 0,
      "out_degree": 1,
      "betweenness": 0.0,
      "closeness": 0.0,
      "pagerank": 0.023730477080186864,
      "degree_centrality": 0.03571428571428571,
      "cpd": {
        "values": [
          0.5,
          0.5,
          0.0,
          0.0
        ],
        "evidence": [],
        "evidence_card": []
      }
    },
    "1": {
      "type": "intermediate",
      "in_degree": 1,
      "out_degree": 2,
      "betweenness": 0.03571428571428571,
      "closeness": 0.03571428571428571,
      "pagerank": 0.04389996318567147,
      "degree_centrality": 0.10714285714285714,
      "cpd": {
        "values": [
          0.4989497569765918,
          0.2915468903664661,
          0.5010502430234083,
          0.7084531096335339
        ],
        "evidence": [
          0
        ],
        "evidence_card": [
          2
        ]
      }
    },
    "2": {
      "type": "intermediate",
      "in_degree": 1,
      "out_degree": 4,
      "betweenness": 0.047619047619047616,
      "closeness": 0.047619047619047616,
      "pagerank": 0.0423876208750316,
      "degree_centrality": 0.17857142857142855,
      "cpd": {
        "values": [
          0.38582449820482817,
          0.8199397911447059,
          0.6141755017951718,
          0.18006020885529406
        ],
        "evidence": [
          1
        ],
        "evidence_card": [
          2
        ]
      }
    },
    "3": {
      "type": "intermediate",
      "in_degree": 1,
      "out_degree": 2,
      "betweenness": 0.018518518518518517,
      "closeness": 0.047619047619047616,
      "pagerank": 0.0423876208750316,
      "degree_centrality": 0.10714285714285714,
      "cpd": {
        "values": [
          0.18611777707873353,
          0.6295715919913205,
          0.8138822229212664,
          0.3704284080086796
        ],
        "evidence": [
          1
        ],
        "evidence_card": [
          2
        ]
      }
    },
    "4": {
      "type": "intermediate",
      "in_degree": 1,
      "out_degree": 1,
      "betweenness": 0.003968253968253968,
      "closeness": 0.05357142857142857,
      "pagerank": 0.0417453054298647,
      "degree_centrality": 0.07142857142857142,
      "cpd": {
        "values": [
          0.03937808900943402,
          0.5212105983004444,
          0.9606219109905659,
          0.47878940169955564
        ],
        "evidence": [
          3
        ],
        "evidence_card": [
          2
        ]
      }
    },
    "5": {
      "type": "intermediate",
      "in_degree": 1,
      "out_degree": 4,
      "betweenness": 0.015873015873015872,
      "closeness": 0.05357142857142857,
      "pagerank": 0.0417453054298647,
      "degree_centrality": 0.17857142857142855,
      "cpd": {
        "values": [
          0.14409252935569927,
          0.62876869605735,
          0.8559074706443008,
          0.37123130394265
        ],
        "evidence": [
          3
        ],
        "evidence_card": [
          2
        ]
      }
    },
    "6": {
      "type": "leaf",
      "in_degree": 1,
      "out_degree": 0,
      "betweenness": 0.0,
      "closeness": 0.05714285714285714,
      "pagerank": 0.03260135866579474,
      "degree_centrality": 0.03571428571428571,
      "cpd": {
        "values": [
          0.6449896755871045,
          0.5581196185518456,
          0.3550103244128955,
          0.4418803814481544
        ],
        "evidence": [
          5
        ],
        "evidence_card": [
          2
        ]
      }
    },
    "7": {
      "type": "leaf",
      "in_degree": 1,
      "out_degree": 0,
      "betweenness": 0.0,
      "closeness": 0.05714285714285714,
      "pagerank": 0.03260135866579474,
      "degree_centrality": 0.03571428571428571,
      "cpd": {
        "values": [
          0.5116920867454237,
          0.707250661598656,
          0.4883079132545763,
          0.292749338401344
        ],
        "evidence": [
          5
        ],
        "evidence_card": [
          2
        ]
      }
    },
    "8": {
      "type": "leaf",
      "in_degree": 1,
      "out_degree": 0,
      "betweenness": 0.0,
      "closeness": 0.05714285714285714,
      "pagerank": 0.03260135866579474,
      "degree_centrality": 0.03571428571428571,
      "cpd": {
        "values": [
          0.8937738582571718,
          0.46487191297773645,
          0.10622614174282821,
          0.5351280870222636
        ],
        "evidence": [
          5
        ],
        "evidence_card": [
          2
        ]
      }
    },
    "9": {
      "type": "leaf",
      "in_degree": 1,
      "out_degree": 0,
      "betweenness": 0.0,
      "closeness": 0.05714285714285714,
      "pagerank": 0.03260135866579474,
      "degree_centrality": 0.03571428571428571,
      "cpd": {
        "values": [
          0.41723559378295655,
          0.29251679552576715,
          0.5827644062170435,
          0.707483204474233
        ],
        "evidence": [
          5
        ],
        "evidence_card": [
          2
        ]
      }
    },
    "10": {
      "type": "leaf",
      "in_degree": 1,
      "out_degree": 0,
      "betweenness": 0.0,
      "closeness": 0.05714285714285714,
      "pagerank": 0.059214003422618386,
      "degree_centrality": 0.03571428571428571,
      "cpd": {
        "values": [
          0.41503966282193244,
          0.12527689423173283,
          0.5849603371780675,
          0.8747231057682672
        ],
        "evidence": [
          4
        ],
        "evidence_card": [
          2
        ]
      }
    },
    "11": {
      "type": "intermediate",
      "in_degree": 1,
      "out_degree": 4,
      "betweenness": 0.015873015873015872,
      "closeness": 0.05357142857142857,
      "pagerank": 0.03273789125502578,
      "degree_centrality": 0.17857142857142855,
      "cpd": {
        "values": [
          0.6554757501497602,
          0.5688788991993904,
          0.3445242498502399,
          0.43112110080060956
        ],
        "evidence": [
          2
        ],
        "evidence_card": [
          2
        ]
      }
    },
    "12": {
      "type": "intermediate",
      "in_degree": 1,
      "out_degree": 3,
      "betweenness": 0.011904761904761904,
      "closeness": 0.05357142857142857,
      "pagerank": 0.03273789125502578,
      "degree_centrality": 0.14285714285714285,
      "cpd": {
        "values": [
          0.2799421839059329,
          0.41178946333630917,
          0.720057816094067,
          0.5882105366636908
        ],
        "evidence": [
          2
        ],
        "evidence_card": [
          2
        ]
      }
    },
    "13": {
      "type": "intermediate",
      "in_degree": 1,
      "out_degree": 4,
      "betweenness": 0.015873015873015872,
      "closeness": 0.05357142857142857,
      "pagerank": 0.03273789125502578,
      "degree_centrality": 0.17857142857142855,
      "cpd": {
        "values": [
          0.9393734740248006,
          0.5418589277590211,
          0.06062652597519931,
          0.45814107224097883
        ],
        "evidence": [
          2
        ],
        "evidence_card": [
          2
        ]
      }
    },
    "14": {
      "type": "intermediate",
      "in_degree": 1,
      "out_degree": 3,
      "betweenness": 0.011904761904761904,
      "closeness": 0.05357142857142857,
      "pagerank": 0.03273789125502578,
      "degree_centrality": 0.14285714285714285,
      "cpd": {
        "values": [
          0.30171771725442154,
          0.8347460050684775,
          0.6982822827455784,
          0.16525399493152246
        ],
        "evidence": [
          2
        ],
        "evidence_card": [
          2
        ]
      }
    },
    "15": {
      "type": "leaf",
      "in_degree": 1,
      "out_degree": 0,
      "betweenness": 0.0,
      "closeness": 0.05714285714285714,
      "pagerank": 0.03300597915483955,
      "degree_centrality": 0.03571428571428571,