{
  "graph_index": 4692,
  "nodes": {
    "0": {
      "type": "root",
      "in_degree": 0,
      "out_degree": 1,
      "betweenness": 0.0,
      "closeness": 0.0,
      "pagerank": 0.02805476721499657,
      "degree_centrality": 0.043478260869565216,
      "cpd": {
        "values": [
          0.5,
          0.5,
          0.0,
          0.0
        ],
        "evidence": [],
        "evidence_card": []
      }
    },
    "1": {
      "type": "intermediate",
      "in_degree": 1,
      "out_degree": 2,
      "betweenness": 0.043478260869565216,
      "closeness": 0.043478260869565216,
      "pagerank": 0.05190008515387113,
      "degree_centrality": 0.13043478260869565,
      "cpd": {
        "values": [
          0.19921050751819513,
          0.8868595259034433,
          0.8007894924818049,
          0.11314047409655673
        ],
        "evidence": [
          0
        ],
        "evidence_card": [
          2
        ]
      }
    },
    "2": {
      "type": "intermediate",
      "in_degree": 1,
      "out_degree": 4,
      "betweenness": 0.05928853754940711,
      "closeness": 0.05797101449275362,
      "pagerank": 0.05011148518397431,
      "degree_centrality": 0.21739130434782608,
      "cpd": {
        "values": [
          0.5510386088500392,
          0.795674811797591,
          0.44896139114996075,
          0.20432518820240891
        ],
        "evidence": [
          1
        ],
        "evidence_card": [
          2
        ]
      }
    },
    "3": {
      "type": "intermediate",
      "in_degree": 1,
      "out_degree": 2,
      "betweenness": 0.01976284584980237,
      "closeness": 0.05797101449275362,
      "pagerank": 0.05011148518397431,
      "degree_centrality": 0.13043478260869565,
      "cpd": {
        "values": [
          0.4948039476156437,
          0.5660859945881647,
          0.5051960523843563,
          0.43391400541183545
        ],
        "evidence": [
          1
        ],
        "evidence_card": [
          2
        ]
      }
    },
    "4": {
      "type": "intermediate",
      "in_degree": 1,
      "out_degree": 3,
      "betweenness": 0.017786561264822132,
      "closeness": 0.06521739130434782,
      "pagerank": 0.049352170851537466,
      "degree_centrality": 0.17391304347826086,
      "cpd": {
        "values": [
          0.2768446886050053,
          0.25298148682507676,
          0.7231553113949948,
          0.7470185131749233
        ],
        "evidence": [
          3
        ],
        "evidence_card": [
          2
        ]
      }
    },
    "5": {
      "type": "leaf",
      "in_degree": 1,
      "out_degree": 0,
      "betweenness": 0.0,
      "closeness": 0.06956521739130435,
      "pagerank": 0.042037720830478714,
      "degree_centrality": 0.043478260869565216,
      "cpd": {
        "values": [
          0.24477320614571552,
          0.8830866633443064,
          0.7552267938542845,
          0.11691333665569356
        ],
        "evidence": [
          4
        ],
        "evidence_card": [
          2
        ]
      }
    },
    "6": {
      "type": "leaf",
      "in_degree": 1,
      "out_degree": 0,
      "betweenness": 0.0,
      "closeness": 0.06956521739130435,
      "pagerank": 0.042037720830478714,
      "degree_centrality": 0.043478260869565216,
      "cpd": {
        "values": [
          0.7362983613575756,
          0.3699710438790076,
          0.26370163864242435,
          0.6300289561209924
        ],
        "evidence": [
          4
        ],
        "evidence_card": [
          2
        ]
      }
    },
    "7": {
      "type": "leaf",
      "in_degree": 1,
      "out_degree": 0,
      "betweenness": 0.0,
      "closeness": 0.06956521739130435,
      "pagerank": 0.042037720830478714,
      "degree_centrality": 0.043478260869565216,
      "cpd": {
        "values": [
          0.2621636004948639,
          0.9561364074366945,
          0.737836399505136,
          0.043863592563305506
        ],
        "evidence": [
          4
        ],
        "evidence_card": [
          2
        ]
      }
    },
    "8": {
      "type": "intermediate",
      "in_degree": 1,
      "out_degree": 4,
      "betweenness": 0.01976284584980237,
      "closeness": 0.06521739130434782,
      "pagerank": 0.03870346903326702,
      "degree_centrality": 0.21739130434782608,
      "cpd": {
        "values": [
          0.3258887012638392,
          0.8901211978643004,
          0.6741112987361608,
          0.1098788021356996
        ],
        "evidence": [
          2
        ],
        "evidence_card": [
          2
        ]
      }
    },
    "9": {
      "type": "intermediate",
      "in_degree": 1,
      "out_degree": 4,
      "betweenness": 0.023715415019762844,
      "closeness": 0.06521739130434782,
      "pagerank": 0.03870346903326702,
      "degree_centrality": 0.21739130434782608,
      "cpd": {
        "values": [
          0.5903538403151667,
          0.7119244230041671,
          0.4096461596848333,
          0.28807557699583286
        ],
        "evidence": [
          2
        ],
        "evidence_card": [
          2
        ]
      }
    },
    "10": {
      "type": "intermediate",
      "in_degree": 1,
      "out_degree": 3,
      "betweenness": 0.017786561264822132,
      "closeness": 0.06521739130434782,
      "pagerank": 0.03870346903326702,
      "degree_centrality": 0.17391304347826086,
      "cpd": {
        "values": [
          0.8287615696947329,
          0.48638868171567007,
          0.1712384303052671,
          0.5136113182843299
        ],
        "evidence": [
          2
        ],
        "evidence_card": [
          2
        ]
      }
    },
    "11": {
      "type": "intermediate",
      "in_degree": 1,
      "out_degree": 1,
      "betweenness": 0.005928853754940711,
      "closeness": 0.06521739130434782,
      "pagerank": 0.03870346903326702,
      "degree_centrality": 0.08695652173913043,
      "cpd": {
        "values": [
          0.21821793659056823,
          0.19510599389634473,
          0.7817820634094318,
          0.8048940061036552
        ],
        "evidence": [
          2
        ],
        "evidence_card": [
          2
        ]
      }
    },
    "12": {
      "type": "leaf",
      "in_degree": 1,
      "out_degree": 0,
      "betweenness": 0.0,
      "closeness": 0.06956521739130435,
      "pagerank": 0.060951856607657055,
      "degree_centrality": 0.043478260869565216,
      "cpd": {
        "values": [
          0.19359307456350117,
          0.10821778202427179,
          0.8064069254364988,
          0.8917822179757282
        ],
        "evidence": [
          11
        ],
        "evidence_card": [
          2
        ]
      }
    },
    "13": {
      "type": "leaf",
      "in_degree": 1,
      "out_degree": 0,
      "betweenness": 0.0,
      "closeness": 0.06956521739130435,
      "pagerank": 0.03902046367921673,
      "degree_centrality": 0.043478260869565216,
      "cpd": {
        "values": [
          0.4664880677957226,
          0.4905184951100884,
          0.5335119322042773,
          0.5094815048899116
        ],
        "evidence": [
          10
        ],
        "evidence_card": [
          2
        ]
      }
    },
    "14": {
      "type": "leaf",
      "in_degree": 1,
      "out_degree": 0,
      "betweenness": 0.0,
      "closeness": 0.06956521739130435,
      "pagerank": 0.03902046367921673,
      "degree_centrality": 0.043478260869565216,
      "cpd": {
        "values": [
          0.6548729617664647,
          0.5148628406384781,
          0.34512703823353535,
          0.4851371593615219
        ],
        "evidence": [
          10
        ],
        "evidence_card": [
          2
        ]
      }
    },
    "15": {
      "type": "leaf",
      "in_degree": 1,
      "out_degree": 0,
      "betweenness": 0.0,
      "closeness": 0.06956521739130435,
      "pagerank": 0.03902046367921673,
      "degree_centrality": 0.043478260869565216,