{
  "graph_index": 450,
  "nodes": {
    "0": {
      "type": "root",
      "in_degree": 0,
      "out_degree": 1,
      "betweenness": 0.0,
      "closeness": 0.0,
      "pagerank": 0.022810007037401447,
      "degree_centrality": 0.03571428571428571,
      "cpd": {
        "values": [
          0.5,
          0.5,
          0.0,
          0.0
        ],
        "evidence": [],
        "evidence_card": []
      }
    },
    "1": {
      "type": "intermediate",
      "in_degree": 1,
      "out_degree": 2,
      "betweenness": 0.03571428571428571,
      "closeness": 0.03571428571428571,
      "pagerank": 0.042198905840885995,
      "degree_centrality": 0.10714285714285714,
      "cpd": {
        "values": [
          0.2687085167208401,
          0.4185419710555238,
          0.7312914832791598,
          0.5814580289444762
        ],
        "evidence": [
          0
        ],
        "evidence_card": [
          2
        ]
      }
    },
    "2": {
      "type": "intermediate",
      "in_degree": 1,
      "out_degree": 4,
      "betweenness": 0.03439153439153439,
      "closeness": 0.047619047619047616,
      "pagerank": 0.04074420633257971,
      "degree_centrality": 0.17857142857142855,
      "cpd": {
        "values": [
          0.014481687942970283,
          0.8743965744600866,
          0.9855183120570297,
          0.12560342553991347
        ],
        "evidence": [
          1
        ],
        "evidence_card": [
          2
        ]
      }
    },
    "3": {
      "type": "intermediate",
      "in_degree": 1,
      "out_degree": 4,
      "betweenness": 0.031746031746031744,
      "closeness": 0.047619047619047616,
      "pagerank": 0.04074420633257971,
      "degree_centrality": 0.17857142857142855,
      "cpd": {
        "values": [
          0.307274380864058,
          0.07425650569943833,
          0.692725619135942,
          0.9257434943005617
        ],
        "evidence": [
          1
        ],
        "evidence_card": [
          2
        ]
      }
    },
    "4": {
      "type": "intermediate",
      "in_degree": 1,
      "out_degree": 1,
      "betweenness": 0.003968253968253968,
      "closeness": 0.05357142857142857,
      "pagerank": 0.03146810620199785,
      "degree_centrality": 0.07142857142857142,
      "cpd": {
        "values": [
          0.1472803762032819,
          0.9640350394737782,
          0.8527196237967181,
          0.03596496052622174
        ],
        "evidence": [
          3
        ],
        "evidence_card": [
          2
        ]
      }
    },
    "5": {
      "type": "intermediate",
      "in_degree": 1,
      "out_degree": 1,
      "betweenness": 0.003968253968253968,
      "closeness": 0.05357142857142857,
      "pagerank": 0.03146810620199785,
      "degree_centrality": 0.07142857142857142,
      "cpd": {
        "values": [
          0.7512870163938402,
          0.08074428448478418,
          0.24871298360615982,
          0.9192557155152158
        ],
        "evidence": [
          3
        ],
        "evidence_card": [
          2
        ]
      }
    },
    "6": {
      "type": "intermediate",
      "in_degree": 1,
      "out_degree": 2,
      "betweenness": 0.007936507936507936,
      "closeness": 0.05357142857142857,
      "pagerank": 0.03146810620199785,
      "degree_centrality": 0.10714285714285714,
      "cpd": {
        "values": [
          0.015930732094092293,
          0.4957238120108583,
          0.9840692679059078,
          0.5042761879891416
        ],
        "evidence": [
          3
        ],
        "evidence_card": [
          2
        ]
      }
    },
    "7": {
      "type": "intermediate",
      "in_degree": 1,
      "out_degree": 4,
      "betweenness": 0.015873015873015872,
      "closeness": 0.05357142857142857,
      "pagerank": 0.03146810620199785,
      "degree_centrality": 0.17857142857142855,
      "cpd": {
        "values": [
          0.8557506859665646,
          0.9117938912130747,
          0.1442493140334354,
          0.08820610878692525
        ],
        "evidence": [
          3
        ],
        "evidence_card": [
          2
        ]
      }
    },
    "8": {
      "type": "leaf",
      "in_degree": 1,
      "out_degree": 0,
      "betweenness": 0.0,
      "closeness": 0.05714285714285714,
      "pagerank": 0.02949712282504975,
      "degree_centrality": 0.03571428571428571,
      "cpd": {
        "values": [
          0.8239033693521848,
          0.4227358482213303,
          0.17609663064781528,
          0.5772641517786697
        ],
        "evidence": [
          7
        ],
        "evidence_card": [
          2
        ]
      }
    },
    "9": {
      "type": "leaf",
      "in_degree": 1,
      "out_degree": 0,
      "betweenness": 0.0,
      "closeness": 0.05714285714285714,
      "pagerank": 0.02949712282504975,
      "degree_centrality": 0.03571428571428571,
      "cpd": {
        "values": [
          0.9769388400631008,
          0.399438493388561,
          0.023061159936899115,
          0.600561506611439
        ],
        "evidence": [
          7
        ],
        "evidence_card": [
          2
        ]
      }
    },
    "10": {
      "type": "leaf",
      "in_degree": 1,
      "out_degree": 0,
      "betweenness": 0.0,
      "closeness": 0.05714285714285714,
      "pagerank": 0.02949712282504975,
      "degree_centrality": 0.03571428571428571,
      "cpd": {
        "values": [
          0.6374316644021013,
          0.6119304572980916,
          0.36256833559789864,
          0.38806954270190847
        ],
        "evidence": [
          7
        ],
        "evidence_card": [
          2
        ]
      }
    },
    "11": {
      "type": "leaf",
      "in_degree": 1,
      "out_degree": 0,
      "betweenness": 0.0,
      "closeness": 0.05714285714285714,
      "pagerank": 0.02949712282504975,
      "degree_centrality": 0.03571428571428571,
      "cpd": {
        "values": [
          0.37971047321402307,
          0.4949398740747553,
          0.6202895267859769,
          0.5050601259252447
        ],
        "evidence": [
          7
        ],
        "evidence_card": [
          2
        ]
      }
    },
    "12": {
      "type": "leaf",
      "in_degree": 1,
      "out_degree": 0,
      "betweenness": 0.0,
      "closeness": 0.05714285714285714,
      "pagerank": 0.03618423861269806,
      "degree_centrality": 0.03571428571428571,
      "cpd": {
        "values": [
          0.4504277287740747,
          0.36959056453706424,
          0.5495722712259253,
          0.6304094354629358
        ],
        "evidence": [
          6
        ],
        "evidence_card": [
          2
        ]
      }
    },
    "13": {
      "type": "leaf",
      "in_degree": 1,
      "out_degree": 0,
      "betweenness": 0.0,
      "closeness": 0.05714285714285714,
      "pagerank": 0.03618423861269806,
      "degree_centrality": 0.03571428571428571,
      "cpd": {
        "values": [
          0.3931683205804274,
          0.6936521844079483,
          0.6068316794195726,
          0.3063478155920517
        ],
        "evidence": [
          6
        ],
        "evidence_card": [
          2
        ]
      }
    },
    "14": {
      "type": "leaf",
      "in_degree": 1,
      "out_degree": 0,
      "betweenness": 0.0,
      "closeness": 0.05714285714285714,
      "pagerank": 0.04955847018799467,
      "degree_centrality": 0.03571428571428571,
      "cpd": {
        "values": [
          0.5809788761417126,
          0.2722613586116518,
          0.41902112385828744,
          0.7277386413883482
        ],
        "evidence": [
          5
        ],
        "evidence_card": [
          2
        ]
      }
    },
    "15": {
      "type": "leaf",
      "in_degree": 1,
      "out_degree": 0,
      "betweenness": 0.0,
      "closeness": 0.05714285714285714,
      "pagerank": 0.04955847018799467,
      "degree_centrality": 0.03571428571428571,