{
  "graph_index": 3413,
  "nodes": {
    "0": {
      "type": "root",
      "in_degree": 0,
      "out_degree": 1,
      "betweenness": 0.0,
      "closeness": 0.0,
      "pagerank": 0.02516846886401686,
      "degree_centrality": 0.04,
      "cpd": {
        "values": [
          0.5,
          0.5,
          0.0,
          0.0
        ],
        "evidence": [],
        "evidence_card": []
      }
    },
    "1": {
      "type": "intermediate",
      "in_degree": 1,
      "out_degree": 2,
      "betweenness": 0.04,
      "closeness": 0.04,
      "pagerank": 0.046562106981862236,
      "degree_centrality": 0.12,
      "cpd": {
        "values": [
          0.516754975340385,
          0.2424872010791814,
          0.4832450246596151,
          0.7575127989208186
        ],
        "evidence": [
          0
        ],
        "evidence_card": [
          2
        ]
      }
    },
    "2": {
      "type": "intermediate",
      "in_degree": 1,
      "out_degree": 5,
      "betweenness": 0.05,
      "closeness": 0.05333333333333333,
      "pagerank": 0.04495702089920984,
      "degree_centrality": 0.24,
      "cpd": {
        "values": [
          0.3283207395411574,
          0.5871111879203808,
          0.6716792604588426,
          0.4128888120796193
        ],
        "evidence": [
          1
        ],
        "evidence_card": [
          2
        ]
      }
    },
    "3": {
      "type": "intermediate",
      "in_degree": 1,
      "out_degree": 3,
      "betweenness": 0.023333333333333334,
      "closeness": 0.05333333333333333,
      "pagerank": 0.04495702089920984,
      "degree_centrality": 0.16,
      "cpd": {
        "values": [
          0.3506067385112639,
          0.5081468250038764,
          0.6493932614887361,
          0.49185317499612347
        ],
        "evidence": [
          1
        ],
        "evidence_card": [
          2
        ]
      }
    },
    "4": {
      "type": "intermediate",
      "in_degree": 1,
      "out_degree": 2,
      "betweenness": 0.006666666666666667,
      "closeness": 0.06,
      "pagerank": 0.03790617996253294,
      "degree_centrality": 0.12,
      "cpd": {
        "values": [
          0.9805545712683321,
          0.5283510664113945,
          0.01944542873166792,
          0.4716489335886055
        ],
        "evidence": [
          3
        ],
        "evidence_card": [
          2
        ]
      }
    },
    "5": {
      "type": "intermediate",
      "in_degree": 1,
      "out_degree": 2,
      "betweenness": 0.01,
      "closeness": 0.06,
      "pagerank": 0.03790617996253294,
      "degree_centrality": 0.12,
      "cpd": {
        "values": [
          0.47586256401178284,
          0.5317628301352166,
          0.5241374359882173,
          0.4682371698647835
        ],
        "evidence": [
          3
        ],
        "evidence_card": [
          2
        ]
      }
    },
    "6": {
      "type": "intermediate",
      "in_degree": 1,
      "out_degree": 1,
      "betweenness": 0.005,
      "closeness": 0.06,
      "pagerank": 0.03790617996253294,
      "degree_centrality": 0.08,
      "cpd": {
        "values": [
          0.5757374454487361,
          0.4865797228761701,
          0.4242625545512639,
          0.5134202771238299
        ],
        "evidence": [
          3
        ],
        "evidence_card": [
          2
        ]
      }
    },
    "7": {
      "type": "leaf",
      "in_degree": 1,
      "out_degree": 0,
      "betweenness": 0.0,
      "closeness": 0.064,
      "pagerank": 0.05738939104321712,
      "degree_centrality": 0.04,
      "cpd": {
        "values": [
          0.6104820894343954,
          0.4232507892291596,
          0.3895179105656046,
          0.5767492107708405
        ],
        "evidence": [
          6
        ],
        "evidence_card": [
          2
        ]
      }
    },
    "8": {
      "type": "leaf",
      "in_degree": 1,
      "out_degree": 0,
      "betweenness": 0.0,
      "closeness": 0.064,
      "pagerank": 0.04127892995361699,
      "degree_centrality": 0.04,
      "cpd": {
        "values": [
          0.46124331247927747,
          0.693187708746478,
          0.5387566875207225,
          0.30681229125352205
        ],
        "evidence": [
          5
        ],
        "evidence_card": [
          2
        ]
      }
    },
    "9": {
      "type": "leaf",
      "in_degree": 1,
      "out_degree": 0,
      "betweenness": 0.0,
      "closeness": 0.064,
      "pagerank": 0.04127892995361699,
      "degree_centrality": 0.04,
      "cpd": {
        "values": [
          0.3374564953241271,
          0.9344195968786392,
          0.6625435046758729,
          0.06558040312136079
        ],
        "evidence": [
          5
        ],
        "evidence_card": [
          2
        ]
      }
    },
    "10": {
      "type": "leaf",
      "in_degree": 1,
      "out_degree": 0,
      "betweenness": 0.0,
      "closeness": 0.064,
      "pagerank": 0.04127892995361699,
      "degree_centrality": 0.04,
      "cpd": {
        "values": [
          0.6185558692722682,
          0.8585906785955989,
          0.3814441307277317,
          0.1414093214044011
        ],
        "evidence": [
          4
        ],
        "evidence_card": [
          2
        ]
      }
    },
    "11": {
      "type": "leaf",
      "in_degree": 2,
      "out_degree": 0,
      "betweenness": 0.0,
      "closeness": 0.11111111111111112,
      "pagerank": 0.04892155661272663,
      "degree_centrality": 0.08,
      "cpd": {
        "values": [
          0.47219626317453434,
          0.5935520510002366,
          0.19566695599269524,
          0.38081617384642547
        ],
        "evidence": [
          2,
          4
        ],
        "evidence_card": [
          2,
          2
        ]
      }
    },
    "12": {
      "type": "intermediate",
      "in_degree": 1,
      "out_degree": 2,
      "betweenness": 0.01,
      "closeness": 0.06,
      "pagerank": 0.032811095523126506,
      "degree_centrality": 0.12,
      "cpd": {
        "values": [
          0.6433421459980991,
          0.45672502764107126,
          0.3566578540019009,
          0.5432749723589289
        ],
        "evidence": [
          2
        ],
        "evidence_card": [
          2
        ]
      }
    },
    "13": {
      "type": "intermediate",
      "in_degree": 1,
      "out_degree": 3,
      "betweenness": 0.015000000000000001,
      "closeness": 0.06,
      "pagerank": 0.032811095523126506,
      "degree_centrality": 0.16,
      "cpd": {
        "values": [
          0.5959076687062431,
          0.7017355336913608,
          0.4040923312937568,
          0.29826446630863923
        ],
        "evidence": [
          2
        ],
        "evidence_card": [
          2
        ]
      }
    },
    "14": {
      "type": "intermediate",
      "in_degree": 1,
      "out_degree": 4,
      "betweenness": 0.02,
      "closeness": 0.06,
      "pagerank": 0.032811095523126506,
      "degree_centrality": 0.2,
      "cpd": {
        "values": [
          0.37873302479438453,
          0.597454986265984,
          0.6212669752056154,
          0.402545013734016
        ],
        "evidence": [
          2
        ],
        "evidence_card": [
          2
        ]
      }
    },
    "15": {
      "type": "intermediate",
      "in_degree": 1,
      "out_degree": 1,
      "betweenness": 0.005,
      "closeness": 0.06,
      "pagerank": 0.032811095523126506,
      "degree_centrality": 0.08,
      "cpd": {
        "values": [
          0.6860704377563683,
          0.44672964477851457,
          0.3139295622436316,
          0.5532703552214855
        ],
        "evidence": [
          2
        ],
        "evidence_card": [
          2
        ]
      }
    },
    "16": {
      "type": "leaf",
      "in_degree": 1,
      "out_degree": 0,
      "betweenness": 0.0,
      "closeness": 0.064,
      "pagerank": 0.05305847741867517,
      "degree_centrality": 0.04,