{
  "graph_index": 7206,
  "nodes": {
    "0": {
      "type": "root",
      "in_degree": 0,
      "out_degree": 2,
      "betweenness": 0.0,
      "closeness": 0.0,
      "pagerank": 0.019892036401847727,
      "degree_centrality": 0.06060606060606061,
      "cpd": {
        "values": [
          0.5,
          0.5,
          0.0,
          0.0
        ],
        "evidence": [],
        "evidence_card": []
      }
    },
    "1": {
      "type": "intermediate",
      "in_degree": 1,
      "out_degree": 3,
      "betweenness": 0.019886363636363636,
      "closeness": 0.030303030303030304,
      "pagerank": 0.028345720250622018,
      "degree_centrality": 0.12121212121212122,
      "cpd": {
        "values": [
          0.41239437628898334,
          0.4343033682874611,
          0.5876056237110167,
          0.565696631712539
        ],
        "evidence": [
          0
        ],
        "evidence_card": [
          2
        ]
      }
    },
    "2": {
      "type": "intermediate",
      "in_degree": 1,
      "out_degree": 2,
      "betweenness": 0.00946969696969697,
      "closeness": 0.030303030303030304,
      "pagerank": 0.028345720250622018,
      "degree_centrality": 0.09090909090909091,
      "cpd": {
        "values": [
          0.4931764249909671,
          0.044722598075144795,
          0.5068235750090329,
          0.9552774019248552
        ],
        "evidence": [
          0
        ],
        "evidence_card": [
          2
        ]
      }
    },
    "3": {
      "type": "intermediate",
      "in_degree": 1,
      "out_degree": 2,
      "betweenness": 0.008522727272727272,
      "closeness": 0.0404040404040404,
      "pagerank": 0.031938463529672674,
      "degree_centrality": 0.09090909090909091,
      "cpd": {
        "values": [
          0.24506420965546274,
          0.5327094944805417,
          0.7549357903445373,
          0.4672905055194582
        ],
        "evidence": [
          2
        ],
        "evidence_card": [
          2
        ]
      }
    },
    "4": {
      "type": "intermediate",
      "in_degree": 1,
      "out_degree": 3,
      "betweenness": 0.007575757575757576,
      "closeness": 0.045454545454545456,
      "pagerank": 0.03346704734337529,
      "degree_centrality": 0.12121212121212122,
      "cpd": {
        "values": [
          0.37559016844983284,
          0.8987018888976327,
          0.6244098315501672,
          0.10129811110236726
        ],
        "evidence": [
          3
        ],
        "evidence_card": [
          2
        ]
      }
    },
    "5": {
      "type": "leaf",
      "in_degree": 1,
      "out_degree": 0,
      "betweenness": 0.0,
      "closeness": 0.04848484848484849,
      "pagerank": 0.029374709285527784,
      "degree_centrality": 0.030303030303030304,
      "cpd": {
        "values": [
          0.4529059110181192,
          0.8065138126056917,
          0.5470940889818807,
          0.1934861873943084
        ],
        "evidence": [
          4
        ],
        "evidence_card": [
          2
        ]
      }
    },
    "6": {
      "type": "leaf",
      "in_degree": 2,
      "out_degree": 0,
      "betweenness": 0.0,
      "closeness": 0.09090909090909091,
      "pagerank": 0.04124261119613759,
      "degree_centrality": 0.06060606060606061,
      "cpd": {
        "values": [
          0.8208374852657893,
          0.023850375953080805,
          0.15929065813147425,
          0.3983360245413036
        ],
        "evidence": [
          8,
          4
        ],
        "evidence_card": [
          2,
          2
        ]
      }
    },
    "7": {
      "type": "leaf",
      "in_degree": 1,
      "out_degree": 0,
      "betweenness": 0.0,
      "closeness": 0.04848484848484849,
      "pagerank": 0.029374709285527784,
      "degree_centrality": 0.030303030303030304,
      "cpd": {
        "values": [
          0.749234653262335,
          0.22505695062927975,
          0.25076534673766504,
          0.7749430493707201
        ],
        "evidence": [
          4
        ],
        "evidence_card": [
          2
        ]
      }
    },
    "8": {
      "type": "intermediate",
      "in_degree": 1,
      "out_degree": 2,
      "betweenness": 0.00946969696969697,
      "closeness": 0.0404040404040404,
      "pagerank": 0.027922987820397694,
      "degree_centrality": 0.09090909090909091,
      "cpd": {
        "values": [
          0.3699943670724467,
          0.5247580680456402,
          0.6300056329275533,
          0.4752419319543598
        ],
        "evidence": [
          1
        ],
        "evidence_card": [
          2
        ]
      }
    },
    "9": {
      "type": "intermediate",
      "in_degree": 1,
      "out_degree": 3,
      "betweenness": 0.017992424242424244,
      "closeness": 0.0404040404040404,
      "pagerank": 0.027922987820397694,
      "degree_centrality": 0.12121212121212122,
      "cpd": {
        "values": [
          0.4888193319592411,
          0.5409006470001236,
          0.5111806680407589,
          0.4590993529998764
        ],
        "evidence": [
          1
        ],
        "evidence_card": [
          2
        ]
      }
    },
    "10": {
      "type": "intermediate",
      "in_degree": 1,
      "out_degree": 3,
      "betweenness": 0.01231060606060606,
      "closeness": 0.0404040404040404,
      "pagerank": 0.027922987820397694,
      "degree_centrality": 0.12121212121212122,
      "cpd": {
        "values": [
          0.6729012899865824,
          0.4694464493372031,
          0.32709871001341756,
          0.530553550662797
        ],
        "evidence": [
          1
        ],
        "evidence_card": [
          2
        ]
      }
    },
    "11": {
      "type": "intermediate",
      "in_degree": 1,
      "out_degree": 3,
      "betweenness": 0.006628787878787879,
      "closeness": 0.045454545454545456,
      "pagerank": 0.027803971008920934,
      "degree_centrality": 0.12121212121212122,
      "cpd": {
        "values": [
          0.4460059188976245,
          0.5030862292316127,
          0.5539940811023755,
          0.4969137707683872
        ],
        "evidence": [
          10
        ],
        "evidence_card": [
          2
        ]
      }
    },
    "12": {
      "type": "intermediate",
      "in_degree": 2,
      "out_degree": 4,
      "betweenness": 0.015151515151515152,
      "closeness": 0.0808080808080808,
      "pagerank": 0.03985039813674589,
      "degree_centrality": 0.18181818181818182,
      "cpd": {
        "values": [
          0.6084979423361193,
          0.21349988978407422,
          0.5349736688287343,
          0.1988036973256422
        ],
        "evidence": [
          2,
          10
        ],
        "evidence_card": [
          2,
          2
        ]
      }
    },
    "13": {
      "type": "leaf",
      "in_degree": 1,
      "out_degree": 0,
      "betweenness": 0.0,
      "closeness": 0.06887052341597796,
      "pagerank": 0.028361030120671763,
      "degree_centrality": 0.030303030303030304,
      "cpd": {
        "values": [
          0.5911173123933091,
          0.5051663885913478,
          0.4088826876066909,
          0.4948336114086523
        ],
        "evidence": [
          12
        ],
        "evidence_card": [
          2
        ]
      }
    },
    "14": {
      "type": "leaf",
      "in_degree": 1,
      "out_degree": 0,
      "betweenness": 0.0,
      "closeness": 0.06887052341597796,
      "pagerank": 0.028361030120671763,
      "degree_centrality": 0.030303030303030304,
      "cpd": {
        "values": [
          0.522432272282535,
          0.6100668518890932,
          0.47756772771746514,
          0.3899331481109068
        ],
        "evidence": [
          12
        ],
        "evidence_card": [
          2
        ]
      }
    },
    "15": {
      "type": "leaf",
      "in_degree": 1,
      "out_degree": 0,
      "betweenness": 0.0,
      "closeness": 0.06887052341597796,
      "pagerank": 0.028361030120671763,