{
  "graph_index": 1523,
  "nodes": {
    "0": {
      "type": "root",
      "in_degree": 0,
      "out_degree": 1,
      "betweenness": 0.0,
      "closeness": 0.0,
      "pagerank": 0.028139627196053077,
      "degree_centrality": 0.043478260869565216,
      "cpd": {
        "values": [
          0.5,
          0.5,
          0.0,
          0.0
        ],
        "evidence": [],
        "evidence_card": []
      }
    },
    "1": {
      "type": "intermediate",
      "in_degree": 1,
      "out_degree": 2,
      "betweenness": 0.043478260869565216,
      "closeness": 0.043478260869565216,
      "pagerank": 0.05205728171256751,
      "degree_centrality": 0.13043478260869565,
      "cpd": {
        "values": [
          0.3042054249567586,
          0.024717868709949447,
          0.6957945750432413,
          0.9752821312900506
        ],
        "evidence": [
          0
        ],
        "evidence_card": [
          2
        ]
      }
    },
    "2": {
      "type": "intermediate",
      "in_degree": 1,
      "out_degree": 4,
      "betweenness": 0.04743083003952569,
      "closeness": 0.05797101449275362,
      "pagerank": 0.05026318969572339,
      "degree_centrality": 0.21739130434782608,
      "cpd": {
        "values": [
          0.16882781140405773,
          0.4765748248234285,
          0.8311721885959422,
          0.5234251751765715
        ],
        "evidence": [
          1
        ],
        "evidence_card": [
          2
        ]
      }
    },
    "3": {
      "type": "intermediate",
      "in_degree": 1,
      "out_degree": 3,
      "betweenness": 0.03162055335968379,
      "closeness": 0.05797101449275362,
      "pagerank": 0.05026318969572339,
      "degree_centrality": 0.17391304347826086,
      "cpd": {
        "values": [
          0.41569173940994997,
          0.47880087377333697,
          0.58430826059005,
          0.5211991262266631
        ],
        "evidence": [
          1
        ],
        "evidence_card": [
          2
        ]
      }
    },
    "4": {
      "type": "intermediate",
      "in_degree": 1,
      "out_degree": 4,
      "betweenness": 0.023715415019762844,
      "closeness": 0.06521739130434782,
      "pagerank": 0.04238090949307208,
      "degree_centrality": 0.21739130434782608,
      "cpd": {
        "values": [
          0.14154583109334987,
          0.6154221624545942,
          0.8584541689066502,
          0.38457783754540564
        ],
        "evidence": [
          3
        ],
        "evidence_card": [
          2
        ]
      }
    },
    "5": {
      "type": "intermediate",
      "in_degree": 1,
      "out_degree": 2,
      "betweenness": 0.007905138339920948,
      "closeness": 0.06521739130434782,
      "pagerank": 0.04238090949307208,
      "degree_centrality": 0.13043478260869565,
      "cpd": {
        "values": [
          0.5597015435207348,
          0.5090925703387409,
          0.44029845647926524,
          0.4909074296612591
        ],
        "evidence": [
          3
        ],
        "evidence_card": [
          2
        ]
      }
    },
    "6": {
      "type": "leaf",
      "in_degree": 2,
      "out_degree": 0,
      "betweenness": 0.0,
      "closeness": 0.12077294685990338,
      "pagerank": 0.05683214575521392,
      "degree_centrality": 0.08695652173913043,
      "cpd": {
        "values": [
          0.747004760883908,
          0.4713341426123319,
          0.9062512525853237,
          0.504744653207569
        ],
        "evidence": [
          2,
          5
        ],
        "evidence_card": [
          2,
          2
        ]
      }
    },
    "7": {
      "type": "leaf",
      "in_degree": 1,
      "out_degree": 0,
      "betweenness": 0.0,
      "closeness": 0.06956521739130435,
      "pagerank": 0.046151184032449666,
      "degree_centrality": 0.043478260869565216,
      "cpd": {
        "values": [
          0.8851481781622923,
          0.27224113462361843,
          0.11485182183770769,
          0.7277588653763816
        ],
        "evidence": [
          5
        ],
        "evidence_card": [
          2
        ]
      }
    },
    "8": {
      "type": "leaf",
      "in_degree": 1,
      "out_degree": 0,
      "betweenness": 0.0,
      "closeness": 0.06956521739130435,
      "pagerank": 0.03714540561425137,
      "degree_centrality": 0.043478260869565216,
      "cpd": {
        "values": [
          0.7082872457929058,
          0.754976804236773,
          0.29171275420709425,
          0.24502319576322698
        ],
        "evidence": [
          4
        ],
        "evidence_card": [
          2
        ]
      }
    },
    "9": {
      "type": "leaf",
      "in_degree": 1,
      "out_degree": 0,
      "betweenness": 0.0,
      "closeness": 0.06956521739130435,
      "pagerank": 0.03714540561425137,
      "degree_centrality": 0.043478260869565216,
      "cpd": {
        "values": [
          0.7230743776220425,
          0.164179142659203,
          0.27692562237795737,
          0.835820857340797
        ],
        "evidence": [
          4
        ],
        "evidence_card": [
          2
        ]
      }
    },
    "10": {
      "type": "leaf",
      "in_degree": 1,
      "out_degree": 0,
      "betweenness": 0.0,
      "closeness": 0.06956521739130435,
      "pagerank": 0.03714540561425137,
      "degree_centrality": 0.043478260869565216,
      "cpd": {
        "values": [
          0.4496755036017542,
          0.9533348681578105,
          0.5503244963982459,
          0.0466651318421895
        ],
        "evidence": [
          4
        ],
        "evidence_card": [
          2
        ]
      }
    },
    "11": {
      "type": "leaf",
      "in_degree": 1,
      "out_degree": 0,
      "betweenness": 0.0,
      "closeness": 0.06956521739130435,
      "pagerank": 0.03714540561425137,
      "degree_centrality": 0.043478260869565216,
      "cpd": {
        "values": [
          0.7577705085861411,
          0.5149424929207396,
          0.24222949141385883,
          0.4850575070792604
        ],
        "evidence": [
          4
        ],
        "evidence_card": [
          2
        ]
      }
    },
    "12": {
      "type": "intermediate",
      "in_degree": 1,
      "out_degree": 4,
      "betweenness": 0.023715415019762844,
      "closeness": 0.06521739130434782,
      "pagerank": 0.038820588918817324,
      "degree_centrality": 0.21739130434782608,
      "cpd": {
        "values": [
          0.5900186683727957,
          0.5795072097108908,
          0.40998133162720435,
          0.42049279028910924
        ],
        "evidence": [
          2
        ],
        "evidence_card": [
          2
        ]
      }
    },
    "13": {
      "type": "intermediate",
      "in_degree": 1,
      "out_degree": 2,
      "betweenness": 0.011857707509881422,
      "closeness": 0.06521739130434782,
      "pagerank": 0.038820588918817324,
      "degree_centrality": 0.13043478260869565,
      "cpd": {
        "values": [
          0.6173856790350916,
          0.48892032844510286,
          0.3826143209649084,
          0.5110796715548972
        ],
        "evidence": [
          2
        ],
        "evidence_card": [
          2
        ]
      }
    },
    "14": {
      "type": "intermediate",
      "in_degree": 1,
      "out_degree": 3,
      "betweenness": 0.01383399209486166,
      "closeness": 0.06521739130434782,
      "pagerank": 0.038820588918817324,
      "degree_centrality": 0.17391304347826086,
      "cpd": {
        "values": [
          0.6791346025618287,
          0.614986974340982,
          0.3208653974381712,
          0.38501302565901807
        ],
        "evidence": [
          2
        ],
        "evidence_card": [
          2
        ]
      }
    },
    "15": {
      "type": "leaf",
      "in_degree": 1,
      "out_degree": 0,
      "betweenness": 0.0,
      "closeness": 0.06956521739130435,
      "pagerank": 0.03913854349062757,
      "degree_centrality": 0.043478260869565216,