{
  "graph_index": 5804,
  "nodes": {
    "0": {
      "type": "root",
      "in_degree": 0,
      "out_degree": 1,
      "betweenness": 0.0,
      "closeness": 0.0,
      "pagerank": 0.05504289508045185,
      "degree_centrality": 0.1111111111111111,
      "cpd": {
        "values": [
          0.5,
          0.5,
          0.0,
          0.0
        ],
        "evidence": [],
        "evidence_card": []
      }
    },
    "1": {
      "type": "intermediate",
      "in_degree": 1,
      "out_degree": 1,
      "betweenness": 0.1111111111111111,
      "closeness": 0.1111111111111111,
      "pagerank": 0.10182976148862197,
      "degree_centrality": 0.2222222222222222,
      "cpd": {
        "values": [
          0.6331187639814093,
          0.8283302390437907,
          0.3668812360185907,
          0.17166976095620937
        ],
        "evidence": [
          0
        ],
        "evidence_card": [
          2
        ]
      }
    },
    "2": {
      "type": "intermediate",
      "in_degree": 1,
      "out_degree": 2,
      "betweenness": 0.19444444444444442,
      "closeness": 0.14814814814814814,
      "pagerank": 0.14159733209971292,
      "degree_centrality": 0.3333333333333333,
      "cpd": {
        "values": [
          0.5059665574777739,
          0.39716442449952233,
          0.49403344252222614,
          0.6028355755004776
        ],
        "evidence": [
          1
        ],
        "evidence_card": [
          2
        ]
      }
    },
    "3": {
      "type": "intermediate",
      "in_degree": 1,
      "out_degree": 3,
      "betweenness": 0.125,
      "closeness": 0.16666666666666666,
      "pagerank": 0.11522056378109469,
      "degree_centrality": 0.4444444444444444,
      "cpd": {
        "values": [
          0.001438613209412069,
          0.020645102955865826,
          0.9985613867905879,
          0.9793548970441341
        ],
        "evidence": [
          2
        ],
        "evidence_card": [
          2
        ]
      }
    },
    "4": {
      "type": "intermediate",
      "in_degree": 1,
      "out_degree": 2,
      "betweenness": 0.08333333333333333,
      "closeness": 0.16666666666666666,
      "pagerank": 0.11522056378109469,
      "degree_centrality": 0.3333333333333333,
      "cpd": {
        "values": [
          0.3291458237433758,
          0.4185760095364184,
          0.6708541762566242,
          0.5814239904635816
        ],
        "evidence": [
          2
        ],
        "evidence_card": [
          2
        ]
      }
    },
    "5": {
      "type": "leaf",
      "in_degree": 1,
      "out_degree": 0,
      "betweenness": 0.0,
      "closeness": 0.17777777777777778,
      "pagerank": 0.10401149717214304,
      "degree_centrality": 0.1111111111111111,
      "cpd": {
        "values": [
          0.49378605749138066,
          0.892252204055488,
          0.5062139425086193,
          0.10774779594451196
        ],
        "evidence": [
          4
        ],
        "evidence_card": [
          2
        ]
      }
    },
    "6": {
      "type": "leaf",
      "in_degree": 1,
      "out_degree": 0,
      "betweenness": 0.0,
      "closeness": 0.17777777777777778,
      "pagerank": 0.10401149717214304,
      "degree_centrality": 0.1111111111111111,
      "cpd": {
        "values": [
          0.10545080521209997,
          0.46150711552212687,
          0.8945491947879001,
          0.5384928844778731
        ],
        "evidence": [
          4
        ],
        "evidence_card": [
          2
        ]
      }
    },
    "7": {
      "type": "leaf",
      "in_degree": 1,
      "out_degree": 0,
      "betweenness": 0.0,
      "closeness": 0.17777777777777778,
      "pagerank": 0.08768862980824597,
      "degree_centrality": 0.1111111111111111,
      "cpd": {
        "values": [
          0.9011686650378177,
          0.5098539581042711,
          0.0988313349621823,
          0.49014604189572875
        ],
        "evidence": [
          3
        ],
        "evidence_card": [
          2
        ]
      }
    },
    "8": {
      "type": "leaf",
      "in_degree": 1,
      "out_degree": 0,
      "betweenness": 0.0,
      "closeness": 0.17777777777777778,
      "pagerank": 0.08768862980824597,
      "degree_centrality": 0.1111111111111111,
      "cpd": {
        "values": [
          0.5504216457328815,
          0.4693172217210959,
          0.44957835426711834,
          0.530682778278904
        ],
        "evidence": [
          3
        ],
        "evidence_card": [
          2
        ]
      }
    },
    "9": {
      "type": "leaf",
      "in_degree": 1,
      "out_degree": 0,
      "betweenness": 0.0,
      "closeness": 0.17777777777777778,
      "pagerank": 0.08768862980824597,
      "degree_centrality": 0.1111111111111111,
      "cpd": {
        "values": [
          0.3776202728036856,
          0.43909671248077653,
          0.6223797271963144,
          0.5609032875192235
        ],
        "evidence": [
          3
        ],
        "evidence_card": [
          2
        ]
      }
    }
  },
  "edges": [
    [
      0,
      1
    ],
    [
      1,
      2
    ],
    [
      2,
      3
    ],
    [
      2,
      4
    ],
    [
      3,
      7
    ],
    [
      3,
      8
    ],
    [
      3,
      9
    ],
    [
      4,
      5
    ],
    [
      4,
      6
    ]
  ]
}