{
  "graph_index": 2912,
  "nodes": {
    "0": {
      "type": "root",
      "in_degree": 0,
      "out_degree": 1,
      "betweenness": 0.0,
      "closeness": 0.0,
      "pagerank": 0.04740444194683925,
      "degree_centrality": 0.09090909090909091,
      "cpd": {
        "values": [
          0.5,
          0.5,
          0.0,
          0.0
        ],
        "evidence": [],
        "evidence_card": []
      }
    },
    "1": {
      "type": "intermediate",
      "in_degree": 1,
      "out_degree": 2,
      "betweenness": 0.09090909090909091,
      "closeness": 0.09090909090909091,
      "pagerank": 0.08769755603108725,
      "degree_centrality": 0.2727272727272727,
      "cpd": {
        "values": [
          0.41070688746998096,
          0.4163650658495834,
          0.589293112530019,
          0.5836349341504167
        ],
        "evidence": [
          0
        ],
        "evidence_card": [
          2
        ]
      }
    },
    "2": {
      "type": "intermediate",
      "in_degree": 1,
      "out_degree": 2,
      "betweenness": 0.07272727272727272,
      "closeness": 0.12121212121212122,
      "pagerank": 0.084675891216218,
      "degree_centrality": 0.2727272727272727,
      "cpd": {
        "values": [
          0.3223243634723932,
          0.6437841048776476,
          0.6776756365276068,
          0.3562158951223524
        ],
        "evidence": [
          1
        ],
        "evidence_card": [
          2
        ]
      }
    },
    "3": {
      "type": "intermediate",
      "in_degree": 1,
      "out_degree": 1,
      "betweenness": 0.07272727272727272,
      "closeness": 0.12121212121212122,
      "pagerank": 0.084675891216218,
      "degree_centrality": 0.18181818181818182,
      "cpd": {
        "values": [
          0.7810728282786717,
          0.8270877327816223,
          0.21892717172132825,
          0.17291226721837766
        ],
        "evidence": [
          1
        ],
        "evidence_card": [
          2
        ]
      }
    },
    "4": {
      "type": "intermediate",
      "in_degree": 1,
      "out_degree": 4,
      "betweenness": 0.09090909090909091,
      "closeness": 0.13636363636363635,
      "pagerank": 0.11938104893924231,
      "degree_centrality": 0.4545454545454546,
      "cpd": {
        "values": [
          0.37337931905371075,
          0.9560786561155572,
          0.6266206809462892,
          0.04392134388444287
        ],
        "evidence": [
          3
        ],
        "evidence_card": [
          2
        ]
      }
    },
    "5": {
      "type": "leaf",
      "in_degree": 1,
      "out_degree": 0,
      "betweenness": 0.0,
      "closeness": 0.14545454545454548,
      "pagerank": 0.07277292744483807,
      "degree_centrality": 0.09090909090909091,
      "cpd": {
        "values": [
          0.5100521294748145,
          0.48179092408964547,
          0.4899478705251855,
          0.5182090759103545
        ],
        "evidence": [
          4
        ],
        "evidence_card": [
          2
        ]
      }
    },
    "6": {
      "type": "leaf",
      "in_degree": 1,
      "out_degree": 0,
      "betweenness": 0.0,
      "closeness": 0.14545454545454548,
      "pagerank": 0.07277292744483807,
      "degree_centrality": 0.09090909090909091,
      "cpd": {
        "values": [
          0.4215759426218495,
          0.606496898107016,
          0.5784240573781506,
          0.39350310189298404
        ],
        "evidence": [
          4
        ],
        "evidence_card": [
          2
        ]
      }
    },
    "7": {
      "type": "leaf",
      "in_degree": 1,
      "out_degree": 0,
      "betweenness": 0.0,
      "closeness": 0.14545454545454548,
      "pagerank": 0.07277292744483807,
      "degree_centrality": 0.09090909090909091,
      "cpd": {
        "values": [
          0.39569136667138005,
          0.48679714765009985,
          0.60430863332862,
          0.5132028523499002
        ],
        "evidence": [
          4
        ],
        "evidence_card": [
          2
        ]
      }
    },
    "8": {
      "type": "leaf",
      "in_degree": 2,
      "out_degree": 0,
      "betweenness": 0.0,
      "closeness": 0.25252525252525254,
      "pagerank": 0.10876123094103961,
      "degree_centrality": 0.18181818181818182,
      "cpd": {
        "values": [
          0.28658407985598155,
          0.2211867772563593,
          0.471203309008435,
          0.4412971257601085
        ],
        "evidence": [
          2,
          4
        ],
        "evidence_card": [
          2,
          2
        ]
      }
    },
    "9": {
      "type": "intermediate",
      "in_degree": 1,
      "out_degree": 2,
      "betweenness": 0.05454545454545454,
      "closeness": 0.13636363636363635,
      "pagerank": 0.08339274544304077,
      "degree_centrality": 0.2727272727272727,
      "cpd": {
        "values": [
          0.2651929160148841,
          0.331627350492111,
          0.734807083985116,
          0.668372649507889
        ],
        "evidence": [
          2
        ],
        "evidence_card": [
          2
        ]
      }
    },
    "10": {
      "type": "leaf",
      "in_degree": 1,
      "out_degree": 0,
      "betweenness": 0.0,
      "closeness": 0.14545454545454548,
      "pagerank": 0.08284620596590007,
      "degree_centrality": 0.09090909090909091,
      "cpd": {
        "values": [
          0.9814728675599362,
          0.07571291885138007,
          0.018527132440063807,
          0.9242870811486198
        ],
        "evidence": [
          9
        ],
        "evidence_card": [
          2
        ]
      }
    },
    "11": {
      "type": "leaf",
      "in_degree": 1,
      "out_degree": 0,
      "betweenness": 0.0,
      "closeness": 0.14545454545454548,
      "pagerank": 0.08284620596590007,
      "degree_centrality": 0.09090909090909091,
      "cpd": {
        "values": [
          0.7476680491551103,
          0.4398545472633353,
          0.2523319508448897,
          0.5601454527366647
        ],
        "evidence": [
          9
        ],
        "evidence_card": [
          2
        ]
      }
    }
  },
  "edges": [
    [
      0,
      1
    ],
    [
      1,
      2
    ],
    [
      1,
      3
    ],
    [
      2,
      9
    ],
    [
      2,
      8
    ],
    [
      3,
      4
    ],
    [
      4,
      5
    ],
    [
      4,
      6
    ],
    [
      4,
      7
    ],
    [
      4,
      8
    ],
    [
      9,
      10
    ],
    [
      9,
      11
    ]
  ]
}