{
  "graph_index": 6415,
  "nodes": {
    "0": {
      "type": "root",
      "in_degree": 0,
      "out_degree": 1,
      "betweenness": 0.0,
      "closeness": 0.0,
      "pagerank": 0.025182773492638467,
      "degree_centrality": 0.038461538461538464,
      "cpd": {
        "values": [
          0.5,
          0.5,
          0.0,
          0.0
        ],
        "evidence": [],
        "evidence_card": []
      }
    },
    "1": {
      "type": "intermediate",
      "in_degree": 1,
      "out_degree": 2,
      "betweenness": 0.038461538461538464,
      "closeness": 0.038461538461538464,
      "pagerank": 0.04658705298067913,
      "degree_centrality": 0.11538461538461539,
      "cpd": {
        "values": [
          0.5745399531919381,
          0.5064949645719947,
          0.42546004680806193,
          0.4935050354280054
        ],
        "evidence": [
          0
        ],
        "evidence_card": [
          2
        ]
      }
    },
    "2": {
      "type": "intermediate",
      "in_degree": 1,
      "out_degree": 3,
      "betweenness": 0.021538461538461538,
      "closeness": 0.05128205128205128,
      "pagerank": 0.044981728089046255,
      "degree_centrality": 0.15384615384615385,
      "cpd": {
        "values": [
          0.9184367036587568,
          0.7380261537030252,
          0.08156329634124321,
          0.2619738462969748
        ],
        "evidence": [
          1
        ],
        "evidence_card": [
          2
        ]
      }
    },
    "3": {
      "type": "intermediate",
      "in_degree": 1,
      "out_degree": 4,
      "betweenness": 0.04923076923076923,
      "closeness": 0.05128205128205128,
      "pagerank": 0.044981728089046255,
      "degree_centrality": 0.19230769230769232,
      "cpd": {
        "values": [
          0.5538950461758017,
          0.08260957012800103,
          0.44610495382419835,
          0.9173904298719989
        ],
        "evidence": [
          1
        ],
        "evidence_card": [
          2
        ]
      }
    },
    "4": {
      "type": "intermediate",
      "in_degree": 1,
      "out_degree": 4,
      "betweenness": 0.015384615384615385,
      "closeness": 0.057692307692307696,
      "pagerank": 0.03474147248252318,
      "degree_centrality": 0.19230769230769232,
      "cpd": {
        "values": [
          0.7883343100790732,
          0.17422343493780224,
          0.21166568992092682,
          0.8257765650621978
        ],
        "evidence": [
          3
        ],
        "evidence_card": [
          2
        ]
      }
    },
    "5": {
      "type": "intermediate",
      "in_degree": 1,
      "out_degree": 4,
      "betweenness": 0.01846153846153846,
      "closeness": 0.057692307692307696,
      "pagerank": 0.03474147248252318,
      "degree_centrality": 0.19230769230769232,
      "cpd": {
        "values": [
          0.448963880006085,
          0.2554426510196045,
          0.551036119993915,
          0.7445573489803955
        ],
        "evidence": [
          3
        ],
        "evidence_card": [
          2
        ]
      }
    },
    "6": {
      "type": "intermediate",
      "in_degree": 1,
      "out_degree": 3,
      "betweenness": 0.013846153846153847,
      "closeness": 0.057692307692307696,
      "pagerank": 0.03474147248252318,
      "degree_centrality": 0.15384615384615385,
      "cpd": {
        "values": [
          0.23716267760655246,
          0.6839925651632981,
          0.7628373223934476,
          0.31600743483670196
        ],
        "evidence": [
          3
        ],
        "evidence_card": [
          2
        ]
      }
    },
    "7": {
      "type": "intermediate",
      "in_degree": 1,
      "out_degree": 2,
      "betweenness": 0.00923076923076923,
      "closeness": 0.057692307692307696,
      "pagerank": 0.03474147248252318,
      "degree_centrality": 0.11538461538461539,
      "cpd": {
        "values": [
          0.17704992990814936,
          0.5394311058278392,
          0.8229500700918506,
          0.4605688941721609
        ],
        "evidence": [
          3
        ],
        "evidence_card": [
          2
        ]
      }
    },
    "8": {
      "type": "leaf",
      "in_degree": 1,
      "out_degree": 0,
      "betweenness": 0.0,
      "closeness": 0.06153846153846154,
      "pagerank": 0.039947487599452554,
      "degree_centrality": 0.038461538461538464,
      "cpd": {
        "values": [
          0.8732143461774483,
          0.5408893516296502,
          0.12678565382255166,
          0.4591106483703497
        ],
        "evidence": [
          7
        ],
        "evidence_card": [
          2
        ]
      }
    },
    "9": {
      "type": "leaf",
      "in_degree": 1,
      "out_degree": 0,
      "betweenness": 0.0,
      "closeness": 0.06153846153846154,
      "pagerank": 0.039947487599452554,
      "degree_centrality": 0.038461538461538464,
      "cpd": {
        "values": [
          0.40654642454016504,
          0.6780278828989037,
          0.593453575459835,
          0.3219721171010962
        ],
        "evidence": [
          7
        ],
        "evidence_card": [
          2
        ]
      }
    },
    "10": {
      "type": "leaf",
      "in_degree": 1,
      "out_degree": 0,
      "betweenness": 0.0,
      "closeness": 0.06153846153846154,
      "pagerank": 0.03502591623051452,
      "degree_centrality": 0.038461538461538464,
      "cpd": {
        "values": [
          0.2679203592853133,
          0.04278560380076205,
          0.7320796407146868,
          0.957214396199238
        ],
        "evidence": [
          6
        ],
        "evidence_card": [
          2
        ]
      }
    },
    "11": {
      "type": "leaf",
      "in_degree": 1,
      "out_degree": 0,
      "betweenness": 0.0,
      "closeness": 0.06153846153846154,
      "pagerank": 0.03502591623051452,
      "degree_centrality": 0.038461538461538464,
      "cpd": {
        "values": [
          0.5165384860538808,
          0.7773801725455992,
          0.4834615139461193,
          0.22261982745440076
        ],
        "evidence": [
          6
        ],
        "evidence_card": [
          2
        ]
      }
    },
    "12": {
      "type": "leaf",
      "in_degree": 1,
      "out_degree": 0,
      "betweenness": 0.0,
      "closeness": 0.06153846153846154,
      "pagerank": 0.03502591623051452,
      "degree_centrality": 0.038461538461538464,
      "cpd": {
        "values": [
          0.3094679523311529,
          0.4453669332578099,
          0.6905320476688471,
          0.55463306674219
        ],
        "evidence": [
          6
        ],
        "evidence_card": [
          2
        ]
      }
    },
    "13": {
      "type": "leaf",
      "in_degree": 1,
      "out_degree": 0,
      "betweenness": 0.0,
      "closeness": 0.06153846153846154,
      "pagerank": 0.03256513054604551,
      "degree_centrality": 0.038461538461538464,
      "cpd": {
        "values": [
          0.4432459739231876,
          0.07106299925589281,
          0.5567540260768123,
          0.9289370007441072
        ],
        "evidence": [
          5
        ],
        "evidence_card": [
          2
        ]
      }
    },
    "14": {
      "type": "leaf",
      "in_degree": 1,
      "out_degree": 0,
      "betweenness": 0.0,
      "closeness": 0.06153846153846154,
      "pagerank": 0.03256513054604551,
      "degree_centrality": 0.038461538461538464,
      "cpd": {
        "values": [
          0.18136047727972854,
          0.2499970978763462,
          0.8186395227202714,
          0.7500029021236537
        ],
        "evidence": [
          5
        ],
        "evidence_card": [
          2
        ]
      }
    },
    "15": {
      "type": "leaf",
      "in_degree": 1,
      "out_degree": 0,
      "betweenness": 0.0,
      "closeness": 0.06153846153846154,
      "pagerank": 0.03256513054604551,
      "degree_centrality": 0.038461538461538464,