{
  "graph_index": 5265,
  "nodes": {
    "0": {
      "type": "root",
      "in_degree": 0,
      "out_degree": 2,
      "betweenness": 0.0,
      "closeness": 0.0,
      "pagerank": 0.020234310217328882,
      "degree_centrality": 0.06666666666666667,
      "cpd": {
        "values": [
          0.5,
          0.5,
          0.0,
          0.0
        ],
        "evidence": [],
        "evidence_card": []
      }
    },
    "1": {
      "type": "intermediate",
      "in_degree": 1,
      "out_degree": 2,
      "betweenness": 0.006896551724137931,
      "closeness": 0.03333333333333333,
      "pagerank": 0.028834130765876667,
      "degree_centrality": 0.1,
      "cpd": {
        "values": [
          0.6545174939080033,
          0.9290090574993736,
          0.3454825060919967,
          0.07099094250062649
        ],
        "evidence": [
          0
        ],
        "evidence_card": [
          2
        ]
      }
    },
    "2": {
      "type": "intermediate",
      "in_degree": 1,
      "out_degree": 4,
      "betweenness": 0.02528735632183908,
      "closeness": 0.03333333333333333,
      "pagerank": 0.028834130765876667,
      "degree_centrality": 0.16666666666666666,
      "cpd": {
        "values": [
          0.39863187218341317,
          0.2325462144106322,
          0.6013681278165869,
          0.7674537855893678
        ],
        "evidence": [
          0
        ],
        "evidence_card": [
          2
        ]
      }
    },
    "3": {
      "type": "intermediate",
      "in_degree": 1,
      "out_degree": 2,
      "betweenness": 0.009195402298850575,
      "closeness": 0.04444444444444444,
      "pagerank": 0.026361575901047277,
      "degree_centrality": 0.1,
      "cpd": {
        "values": [
          0.43074802206077734,
          0.45115568845913423,
          0.5692519779392227,
          0.5488443115408658
        ],
        "evidence": [
          2
        ],
        "evidence_card": [
          2
        ]
      }
    },
    "4": {
      "type": "intermediate",
      "in_degree": 1,
      "out_degree": 2,
      "betweenness": 0.011494252873563218,
      "closeness": 0.04444444444444444,
      "pagerank": 0.026361575901047277,
      "degree_centrality": 0.1,
      "cpd": {
        "values": [
          0.6066986869125501,
          0.2536287324940907,
          0.3933013130874498,
          0.7463712675059094
        ],
        "evidence": [
          2
        ],
        "evidence_card": [
          2
        ]
      }
    },
    "5": {
      "type": "intermediate",
      "in_degree": 1,
      "out_degree": 1,
      "betweenness": 0.004597701149425287,
      "closeness": 0.04444444444444444,
      "pagerank": 0.026361575901047277,
      "degree_centrality": 0.06666666666666667,
      "cpd": {
        "values": [
          0.5554260367427957,
          0.7442574265626843,
          0.44457396325720433,
          0.25574257343731566
        ],
        "evidence": [
          2
        ],
        "evidence_card": [
          2
        ]
      }
    },
    "6": {
      "type": "intermediate",
      "in_degree": 1,
      "out_degree": 3,
      "betweenness": 0.01839080459770115,
      "closeness": 0.04444444444444444,
      "pagerank": 0.026361575901047277,
      "degree_centrality": 0.13333333333333333,
      "cpd": {
        "values": [
          0.5542003262877035,
          0.8227996108031177,
          0.4457996737122965,
          0.17720038919688225
        ],
        "evidence": [
          2
        ],
        "evidence_card": [
          2
        ]
      }
    },
    "7": {
      "type": "intermediate",
      "in_degree": 1,
      "out_degree": 4,
      "betweenness": 0.01264367816091954,
      "closeness": 0.05,
      "pagerank": 0.027703377069303425,
      "degree_centrality": 0.16666666666666666,
      "cpd": {
        "values": [
          0.333167278174517,
          0.9846149688314662,
          0.6668327218254829,
          0.015385031168533889
        ],
        "evidence": [
          6
        ],
        "evidence_card": [
          2
        ]
      }
    },
    "8": {
      "type": "intermediate",
      "in_degree": 1,
      "out_degree": 1,
      "betweenness": 0.0022988505747126436,
      "closeness": 0.05,
      "pagerank": 0.027703377069303425,
      "degree_centrality": 0.06666666666666667,
      "cpd": {
        "values": [
          0.6060946932996143,
          0.6062855351120411,
          0.39390530670038565,
          0.3937144648879589
        ],
        "evidence": [
          6
        ],
        "evidence_card": [
          2
        ]
      }
    },
    "9": {
      "type": "intermediate",
      "in_degree": 1,
      "out_degree": 2,
      "betweenness": 0.004597701149425287,
      "closeness": 0.05,
      "pagerank": 0.027703377069303425,
      "degree_centrality": 0.1,
      "cpd": {
        "values": [
          0.6278894267563322,
          0.44559678830288113,
          0.3721105732436679,
          0.5544032116971189
        ],
        "evidence": [
          6
        ],
        "evidence_card": [
          2
        ]
      }
    },
    "10": {
      "type": "leaf",
      "in_degree": 2,
      "out_degree": 0,
      "betweenness": 0.0,
      "closeness": 0.09259259259259259,
      "pagerank": 0.043212188894489495,
      "degree_centrality": 0.06666666666666667,
      "cpd": {
        "values": [
          0.4221485781577071,
          0.5242558062781618,
          0.16925423527531178,
          0.24082540180637538
        ],
        "evidence": [
          3,
          9
        ],
        "evidence_card": [
          2,
          2
        ]
      }
    },
    "11": {
      "type": "leaf",
      "in_degree": 1,
      "out_degree": 0,
      "betweenness": 0.0,
      "closeness": 0.05333333333333334,
      "pagerank": 0.032008588616527694,
      "degree_centrality": 0.03333333333333333,
      "cpd": {
        "values": [
          0.9191604775072413,
          0.4652982419351266,
          0.08083952249275861,
          0.5347017580648734
        ],
        "evidence": [
          9
        ],
        "evidence_card": [
          2
        ]
      }
    },
    "12": {
      "type": "leaf",
      "in_degree": 2,
      "out_degree": 0,
      "betweenness": 0.0,
      "closeness": 0.09259259259259259,
      "pagerank": 0.05603739838316329,
      "degree_centrality": 0.06666666666666667,
      "cpd": {
        "values": [
          0.5433619637801087,
          0.3094579464378013,
          0.18657923696986373,
          0.9938031015067794
        ],
        "evidence": [
          1,
          8
        ],
        "evidence_card": [
          2,
          2
        ]
      }
    },
    "13": {
      "type": "leaf",
      "in_degree": 2,
      "out_degree": 0,
      "betweenness": 0.0,
      "closeness": 0.1,
      "pagerank": 0.03992882942430412,
      "degree_centrality": 0.06666666666666667,
      "cpd": {
        "values": [
          0.8687483425411437,
          0.45187388287021246,
          0.9809448935100998,
          0.4108266711753849
        ],
        "evidence": [
          27,
          7
        ],
        "evidence_card": [
          2,
          2
        ]
      }
    },
    "14": {
      "type": "leaf",
      "in_degree": 1,
      "out_degree": 0,
      "betweenness": 0.0,
      "closeness": 0.05333333333333334,
      "pagerank": 0.02612144941692829,
      "degree_centrality": 0.03333333333333333,
      "cpd": {
        "values": [
          0.21548006668324332,
          0.6249744858391392,
          0.7845199333167567,
          0.37502551416086083
        ],
        "evidence": [
          7
        ],
        "evidence_card": [
          2
        ]
      }
    },
    "15": {
      "type": "leaf",
      "in_degree": 1,
      "out_degree": 0,
      "betweenness": 0.0,
      "closeness": 0.05333333333333334,
      "pagerank": 0.02612144941692829,
      "degree_centrality": 0.03333333333333333,