{
  "graph_index": 9667,
  "nodes": {
    "0": {
      "type": "root",
      "in_degree": 0,
      "out_degree": 1,
      "betweenness": 0.0,
      "closeness": 0.0,
      "pagerank": 0.04662048287933604,
      "degree_centrality": 0.08333333333333333,
      "cpd": {
        "values": [
          0.5,
          0.5,
          0.0,
          0.0
        ],
        "evidence": [],
        "evidence_card": []
      }
    },
    "1": {
      "type": "intermediate",
      "in_degree": 1,
      "out_degree": 2,
      "betweenness": 0.08333333333333334,
      "closeness": 0.08333333333333333,
      "pagerank": 0.08624802256907081,
      "degree_centrality": 0.25,
      "cpd": {
        "values": [
          0.43245904107291827,
          0.7775070041863882,
          0.5675409589270817,
          0.22249299581361195
        ],
        "evidence": [
          0
        ],
        "evidence_card": [
          2
        ]
      }
    },
    "2": {
      "type": "intermediate",
      "in_degree": 1,
      "out_degree": 2,
      "betweenness": 0.07575757575757576,
      "closeness": 0.1111111111111111,
      "pagerank": 0.08327679311558436,
      "degree_centrality": 0.25,
      "cpd": {
        "values": [
          0.5432720199838451,
          0.9636529894130332,
          0.45672798001615483,
          0.036347010586966794
        ],
        "evidence": [
          1
        ],
        "evidence_card": [
          2
        ]
      }
    },
    "3": {
      "type": "intermediate",
      "in_degree": 1,
      "out_degree": 2,
      "betweenness": 0.06060606060606061,
      "closeness": 0.1111111111111111,
      "pagerank": 0.08327679311558436,
      "degree_centrality": 0.25,
      "cpd": {
        "values": [
          0.32986822967265766,
          0.05070838923035287,
          0.6701317703273423,
          0.9492916107696471
        ],
        "evidence": [
          1
        ],
        "evidence_card": [
          2
        ]
      }
    },
    "4": {
      "type": "intermediate",
      "in_degree": 1,
      "out_degree": 3,
      "betweenness": 0.05303030303030303,
      "closeness": 0.125,
      "pagerank": 0.08201344636175324,
      "degree_centrality": 0.3333333333333333,
      "cpd": {
        "values": [
          0.29721054582655637,
          0.2925561030417014,
          0.7027894541734436,
          0.7074438969582986
        ],
        "evidence": [
          3
        ],
        "evidence_card": [
          2
        ]
      }
    },
    "5": {
      "type": "leaf",
      "in_degree": 1,
      "out_degree": 0,
      "betweenness": 0.0,
      "closeness": 0.13333333333333333,
      "pagerank": 0.06985743429212463,
      "degree_centrality": 0.08333333333333333,
      "cpd": {
        "values": [
          0.8272957717127184,
          0.6216392876113866,
          0.17270422828728155,
          0.37836071238861335
        ],
        "evidence": [
          4
        ],
        "evidence_card": [
          2
        ]
      }
    },
    "6": {
      "type": "leaf",
      "in_degree": 1,
      "out_degree": 0,
      "betweenness": 0.0,
      "closeness": 0.13333333333333333,
      "pagerank": 0.06985743429212463,
      "degree_centrality": 0.08333333333333333,
      "cpd": {
        "values": [
          0.38904244663984994,
          0.7194582268739562,
          0.61095755336015,
          0.2805417731260437
        ],
        "evidence": [
          4
        ],
        "evidence_card": [
          2
        ]
      }
    },
    "7": {
      "type": "leaf",
      "in_degree": 2,
      "out_degree": 0,
      "betweenness": 0.0,
      "closeness": 0.2314814814814815,
      "pagerank": 0.10525039777454182,
      "degree_centrality": 0.16666666666666666,
      "cpd": {
        "values": [
          0.7930781564485998,
          0.4552796416286591,
          0.5804952760834619,
          0.5779474644772942
        ],
        "evidence": [
          2,
          4
        ],
        "evidence_card": [
          2,
          2
        ]
      }
    },
    "8": {
      "type": "intermediate",
      "in_degree": 1,
      "out_degree": 4,
      "betweenness": 0.07575757575757576,
      "closeness": 0.125,
      "pagerank": 0.08201344636175324,
      "degree_centrality": 0.41666666666666663,
      "cpd": {
        "values": [
          0.3877345580783138,
          0.3216237923055171,
          0.6122654419216863,
          0.6783762076944829
        ],
        "evidence": [
          2
        ],
        "evidence_card": [
          2
        ]
      }
    },
    "9": {
      "type": "leaf",
      "in_degree": 1,
      "out_degree": 0,
      "betweenness": 0.0,
      "closeness": 0.13333333333333333,
      "pagerank": 0.06404819643892748,
      "degree_centrality": 0.08333333333333333,
      "cpd": {
        "values": [
          0.12575550788825632,
          0.3957694411291684,
          0.8742444921117437,
          0.6042305588708315
        ],
        "evidence": [
          8
        ],
        "evidence_card": [
          2
        ]
      }
    },
    "10": {
      "type": "leaf",
      "in_degree": 1,
      "out_degree": 0,
      "betweenness": 0.0,
      "closeness": 0.13333333333333333,
      "pagerank": 0.06404819643892748,
      "degree_centrality": 0.08333333333333333,
      "cpd": {
        "values": [
          0.4755017076759471,
          0.38363340101706356,
          0.5244982923240528,
          0.6163665989829364
        ],
        "evidence": [
          8
        ],
        "evidence_card": [
          2
        ]
      }
    },
    "11": {
      "type": "leaf",
      "in_degree": 2,
      "out_degree": 0,
      "betweenness": 0.0,
      "closeness": 0.2314814814814815,
      "pagerank": 0.09944115992134467,
      "degree_centrality": 0.16666666666666666,
      "cpd": {
        "values": [
          0.7990591151638522,
          0.7428439579140647,
          0.4064302179263232,
          0.483319727174615
        ],
        "evidence": [
          3,
          8
        ],
        "evidence_card": [
          2,
          2
        ]
      }
    },
    "12": {
      "type": "leaf",
      "in_degree": 1,
      "out_degree": 0,
      "betweenness": 0.0,
      "closeness": 0.13333333333333333,
      "pagerank": 0.06404819643892748,
      "degree_centrality": 0.08333333333333333,
      "cpd": {
        "values": [
          0.7150350709495593,
          0.3112227183905851,
          0.2849649290504407,
          0.688777281609415
        ],
        "evidence": [
          8
        ],
        "evidence_card": [
          2
        ]
      }
    }
  },
  "edges": [
    [
      0,
      1
    ],
    [
      1,
      2
    ],
    [
      1,
      3
    ],
    [
      2,
      8
    ],
    [
      2,
      7
    ],
    [
      3,
      4
    ],
    [
      3,
      11
    ],
    [
      4,
      5
    ],
    [
      4,
      6
    ],
    [
      4,
      7
    ],
    [
      8,
      9
    ],
    [
      8,
      10
    ],
    [
      8,
      11
    ],
    [
      8,
      12
    ]
  ]
}