{
  "graph_index": 6216,
  "nodes": {
    "0": {
      "type": "root",
      "in_degree": 0,
      "out_degree": 1,
      "betweenness": 0.0,
      "closeness": 0.0,
      "pagerank": 0.040212359249385335,
      "degree_centrality": 0.07142857142857142,
      "cpd": {
        "values": [
          0.5,
          0.5,
          0.0,
          0.0
        ],
        "evidence": [],
        "evidence_card": []
      }
    },
    "1": {
      "type": "intermediate",
      "in_degree": 1,
      "out_degree": 1,
      "betweenness": 0.07142857142857144,
      "closeness": 0.07142857142857142,
      "pagerank": 0.07439383260361465,
      "degree_centrality": 0.14285714285714285,
      "cpd": {
        "values": [
          0.6258461245793099,
          0.4330096951267609,
          0.3741538754206901,
          0.5669903048732392
        ],
        "evidence": [
          0
        ],
        "evidence_card": [
          2
        ]
      }
    },
    "2": {
      "type": "intermediate",
      "in_degree": 1,
      "out_degree": 4,
      "betweenness": 0.13186813186813187,
      "closeness": 0.09523809523809523,
      "pagerank": 0.10344794135381458,
      "degree_centrality": 0.3571428571428571,
      "cpd": {
        "values": [
          0.9961049109339314,
          0.4518316422915296,
          0.0038950890660686046,
          0.5481683577084704
        ],
        "evidence": [
          1
        ],
        "evidence_card": [
          2
        ]
      }
    },
    "3": {
      "type": "intermediate",
      "in_degree": 1,
      "out_degree": 3,
      "betweenness": 0.049450549450549455,
      "closeness": 0.10714285714285714,
      "pagerank": 0.0621956855990087,
      "degree_centrality": 0.2857142857142857,
      "cpd": {
        "values": [
          0.38770372639104833,
          0.6240435621783635,
          0.6122962736089517,
          0.3759564378216364
        ],
        "evidence": [
          2
        ],
        "evidence_card": [
          2
        ]
      }
    },
    "4": {
      "type": "intermediate",
      "in_degree": 1,
      "out_degree": 1,
      "betweenness": 0.016483516483516484,
      "closeness": 0.10714285714285714,
      "pagerank": 0.0621956855990087,
      "degree_centrality": 0.14285714285714285,
      "cpd": {
        "values": [
          0.32552272021736756,
          0.55475107363152,
          0.6744772797826324,
          0.44524892636848
        ],
        "evidence": [
          2
        ],
        "evidence_card": [
          2
        ]
      }
    },
    "5": {
      "type": "intermediate",
      "in_degree": 1,
      "out_degree": 2,
      "betweenness": 0.03296703296703297,
      "closeness": 0.10714285714285714,
      "pagerank": 0.0621956855990087,
      "degree_centrality": 0.21428571428571427,
      "cpd": {
        "values": [
          0.5084820212510921,
          0.7431777169238162,
          0.49151797874890796,
          0.25682228307618377
        ],
        "evidence": [
          2
        ],
        "evidence_card": [
          2
        ]
      }
    },
    "6": {
      "type": "intermediate",
      "in_degree": 1,
      "out_degree": 2,
      "betweenness": 0.03296703296703297,
      "closeness": 0.10714285714285714,
      "pagerank": 0.0621956855990087,
      "degree_centrality": 0.21428571428571427,
      "cpd": {
        "values": [
          0.532660135110003,
          0.41265221928906876,
          0.46733986488999707,
          0.5873477807109312
        ],
        "evidence": [
          2
        ],
        "evidence_card": [
          2
        ]
      }
    },
    "7": {
      "type": "leaf",
      "in_degree": 1,
      "out_degree": 0,
      "betweenness": 0.0,
      "closeness": 0.11428571428571428,
      "pagerank": 0.06664539054964383,
      "degree_centrality": 0.07142857142857142,
      "cpd": {
        "values": [
          0.21340696553429894,
          0.2931525991199487,
          0.7865930344657011,
          0.7068474008800513
        ],
        "evidence": [
          6
        ],
        "evidence_card": [
          2
        ]
      }
    },
    "8": {
      "type": "leaf",
      "in_degree": 1,
      "out_degree": 0,
      "betweenness": 0.0,
      "closeness": 0.11428571428571428,
      "pagerank": 0.06664539054964383,
      "degree_centrality": 0.07142857142857142,
      "cpd": {
        "values": [
          0.5076955840790106,
          0.3364239990574704,
          0.49230441592098945,
          0.6635760009425296
        ],
        "evidence": [
          6
        ],
        "evidence_card": [
          2
        ]
      }
    },
    "9": {
      "type": "leaf",
      "in_degree": 1,
      "out_degree": 0,
      "betweenness": 0.0,
      "closeness": 0.11428571428571428,
      "pagerank": 0.06664539054964383,
      "degree_centrality": 0.07142857142857142,
      "cpd": {
        "values": [
          0.5880966842527582,
          0.29108263740362794,
          0.4119033157472419,
          0.7089173625963721
        ],
        "evidence": [
          5
        ],
        "evidence_card": [
          2
        ]
      }
    },
    "10": {
      "type": "leaf",
      "in_degree": 1,
      "out_degree": 0,
      "betweenness": 0.0,
      "closeness": 0.11428571428571428,
      "pagerank": 0.06664539054964383,
      "degree_centrality": 0.07142857142857142,
      "cpd": {
        "values": [
          0.74131298081989,
          0.4253027058651182,
          0.25868701918010995,
          0.5746972941348818
        ],
        "evidence": [
          5
        ],
        "evidence_card": [
          2
        ]
      }
    },
    "11": {
      "type": "leaf",
      "in_degree": 1,
      "out_degree": 0,
      "betweenness": 0.0,
      "closeness": 0.11428571428571428,
      "pagerank": 0.09307842184990231,
      "degree_centrality": 0.07142857142857142,
      "cpd": {
        "values": [
          0.6313181373798464,
          0.4801608977188712,
          0.36868186262015346,
          0.5198391022811288
        ],
        "evidence": [
          4
        ],
        "evidence_card": [
          2
        ]
      }
    },
    "12": {
      "type": "leaf",
      "in_degree": 1,
      "out_degree": 0,
      "betweenness": 0.0,
      "closeness": 0.11428571428571428,
      "pagerank": 0.057834380116224327,
      "degree_centrality": 0.07142857142857142,
      "cpd": {
        "values": [
          0.5248294296046075,
          0.34129500082941305,
          0.4751705703953924,
          0.658704999170587
        ],
        "evidence": [
          3
        ],
        "evidence_card": [
          2
        ]
      }
    },
    "13": {
      "type": "leaf",
      "in_degree": 1,
      "out_degree": 0,
      "betweenness": 0.0,
      "closeness": 0.11428571428571428,
      "pagerank": 0.057834380116224327,
      "degree_centrality": 0.07142857142857142,
      "cpd": {
        "values": [
          0.7994300950994829,
          0.3255258208616471,
          0.2005699049005171,
          0.6744741791383528
        ],
        "evidence": [
          3
        ],
        "evidence_card": [
          2
        ]
      }
    },
    "14": {
      "type": "leaf",
      "in_degree": 1,
      "out_degree": 0,
      "betweenness": 0.0,
      "closeness": 0.11428571428571428,
      "pagerank": 0.057834380116224327,
      "degree_centrality": 0.07142857142857142,
      "cpd": {
        "values": [
          0.6680911417466271,
          0.6594425074197796,
          0.33190885825337296,
          0.34055749258022044
        ],
        "evidence": [
          3
        ],
        "evidence_card": [
          2
        ]
      }
    }
  },