{
  "graph_index": 753,
  "nodes": {
    "0": {
      "type": "root",
      "in_degree": 0,
      "out_degree": 1,
      "betweenness": 0.0,
      "closeness": 0.0,
      "pagerank": 0.01936373168085926,
      "degree_centrality": 0.029411764705882353,
      "cpd": {
        "values": [
          0.5,
          0.5,
          0.0,
          0.0
        ],
        "evidence": [],
        "evidence_card": []
      }
    },
    "1": {
      "type": "intermediate",
      "in_degree": 1,
      "out_degree": 4,
      "betweenness": 0.029411764705882353,
      "closeness": 0.029411764705882353,
      "pagerank": 0.03582262429421332,
      "degree_centrality": 0.14705882352941177,
      "cpd": {
        "values": [
          0.5091919921847051,
          0.5055755894469157,
          0.4908080078152948,
          0.4944244105530842
        ],
        "evidence": [
          0
        ],
        "evidence_card": [
          2
        ]
      }
    },
    "2": {
      "type": "intermediate",
      "in_degree": 1,
      "out_degree": 2,
      "betweenness": 0.0053475935828877,
      "closeness": 0.0392156862745098,
      "pagerank": 0.026975992468177758,
      "degree_centrality": 0.08823529411764705,
      "cpd": {
        "values": [
          0.4243981295186995,
          0.9708951322528316,
          0.5756018704813004,
          0.02910486774716834
        ],
        "evidence": [
          1
        ],
        "evidence_card": [
          2
        ]
      }
    },
    "3": {
      "type": "intermediate",
      "in_degree": 1,
      "out_degree": 4,
      "betweenness": 0.024955436720142603,
      "closeness": 0.0392156862745098,
      "pagerank": 0.026975992468177758,
      "degree_centrality": 0.14705882352941177,
      "cpd": {
        "values": [
          0.25610631055354316,
          0.1486914278254886,
          0.7438936894464568,
          0.8513085721745114
        ],
        "evidence": [
          1
        ],
        "evidence_card": [
          2
        ]
      }
    },
    "4": {
      "type": "intermediate",
      "in_degree": 1,
      "out_degree": 2,
      "betweenness": 0.0071301247771836,
      "closeness": 0.0392156862745098,
      "pagerank": 0.026975992468177758,
      "degree_centrality": 0.08823529411764705,
      "cpd": {
        "values": [
          0.3977352334233738,
          0.29516857648463807,
          0.6022647665766263,
          0.7048314235153619
        ],
        "evidence": [
          1
        ],
        "evidence_card": [
          2
        ]
      }
    },
    "5": {
      "type": "intermediate",
      "in_degree": 1,
      "out_degree": 3,
      "betweenness": 0.0142602495543672,
      "closeness": 0.0392156862745098,
      "pagerank": 0.026975992468177758,
      "degree_centrality": 0.11764705882352941,
      "cpd": {
        "values": [
          0.852037939753179,
          0.6660268819574192,
          0.147962060246821,
          0.33397311804258073
        ],
        "evidence": [
          1
        ],
        "evidence_card": [
          2
        ]
      }
    },
    "6": {
      "type": "intermediate",
      "in_degree": 1,
      "out_degree": 2,
      "betweenness": 0.0035650623885918,
      "closeness": 0.04411764705882353,
      "pagerank": 0.027006874861425053,
      "degree_centrality": 0.08823529411764705,
      "cpd": {
        "values": [
          0.8515121633508606,
          0.5272874342819426,
          0.1484878366491394,
          0.4727125657180573
        ],
        "evidence": [
          5
        ],
        "evidence_card": [
          2
        ]
      }
    },
    "7": {
      "type": "intermediate",
      "in_degree": 1,
      "out_degree": 4,
      "betweenness": 0.0106951871657754,
      "closeness": 0.04411764705882353,
      "pagerank": 0.027006874861425053,
      "degree_centrality": 0.14705882352941177,
      "cpd": {
        "values": [
          0.5587070485998347,
          0.4321128527469352,
          0.44129295140016533,
          0.5678871472530648
        ],
        "evidence": [
          5
        ],
        "evidence_card": [
          2
        ]
      }
    },
    "8": {
      "type": "leaf",
      "in_degree": 1,
      "out_degree": 0,
      "betweenness": 0.0,
      "closeness": 0.047058823529411764,
      "pagerank": 0.025102598469625138,
      "degree_centrality": 0.029411764705882353,
      "cpd": {
        "values": [
          0.5390697221066552,
          0.6056864999958566,
          0.46093027789334473,
          0.3943135000041434
        ],
        "evidence": [
          7
        ],
        "evidence_card": [
          2
        ]
      }
    },
    "9": {
      "type": "leaf",
      "in_degree": 1,
      "out_degree": 0,
      "betweenness": 0.0,
      "closeness": 0.047058823529411764,
      "pagerank": 0.025102598469625138,
      "degree_centrality": 0.029411764705882353,
      "cpd": {
        "values": [
          0.93835311095119,
          0.4200080752071741,
          0.061646889048810036,
          0.5799919247928258
        ],
        "evidence": [
          7
        ],
        "evidence_card": [
          2
        ]
      }
    },
    "10": {
      "type": "leaf",
      "in_degree": 1,
      "out_degree": 0,
      "betweenness": 0.0,
      "closeness": 0.047058823529411764,
      "pagerank": 0.025102598469625138,
      "degree_centrality": 0.029411764705882353,
      "cpd": {
        "values": [
          0.12714529595111437,
          0.5120780717052891,
          0.8728547040488857,
          0.48792192829471087
        ],
        "evidence": [
          7
        ],
        "evidence_card": [
          2
        ]
      }
    },
    "11": {
      "type": "leaf",
      "in_degree": 1,
      "out_degree": 0,
      "betweenness": 0.0,
      "closeness": 0.047058823529411764,
      "pagerank": 0.025102598469625138,
      "degree_centrality": 0.029411764705882353,
      "cpd": {
        "values": [
          0.3075594449189672,
          0.5211689280883871,
          0.6924405550810327,
          0.4788310719116129
        ],
        "evidence": [
          7
        ],
        "evidence_card": [
          2
        ]
      }
    },
    "12": {
      "type": "leaf",
      "in_degree": 2,
      "out_degree": 0,
      "betweenness": 0.0,
      "closeness": 0.08169934640522876,
      "pagerank": 0.042306180029239714,
      "degree_centrality": 0.058823529411764705,
      "cpd": {
        "values": [
          0.4646279449556349,
          0.13981035911016249,
          0.5077103627217905,
          0.5464376205334648
        ],
        "evidence": [
          2,
          6
        ],
        "evidence_card": [
          2,
          2
        ]
      }
    },
    "13": {
      "type": "leaf",
      "in_degree": 1,
      "out_degree": 0,
      "betweenness": 0.0,
      "closeness": 0.047058823529411764,
      "pagerank": 0.030841465258391015,
      "degree_centrality": 0.029411764705882353,
      "cpd": {
        "values": [
          0.13118715897330568,
          0.4167594521903586,
          0.8688128410266943,
          0.5832405478096414
        ],
        "evidence": [
          6
        ],
        "evidence_card": [
          2
        ]
      }
    },
    "14": {
      "type": "intermediate",
      "in_degree": 1,
      "out_degree": 2,
      "betweenness": 0.0053475935828877,
      "closeness": 0.04411764705882353,
      "pagerank": 0.03082844645170795,
      "degree_centrality": 0.08823529411764705,
      "cpd": {
        "values": [
          0.9407400359704984,
          0.5958461469943575,
          0.05925996402950165,
          0.40415385300564255
        ],
        "evidence": [
          4
        ],
        "evidence_card": [
          2
        ]
      }
    },
    "15": {
      "type": "leaf",
      "in_degree": 1,
      "out_degree": 0,
      "betweenness": 0.0,
      "closeness": 0.047058823529411764,
      "pagerank": 0.03246560889381839,
      "degree_centrality": 0.029411764705882353,