{
  "graph_index": 1494,
  "nodes": {
    "0": {
      "type": "root",
      "in_degree": 0,
      "out_degree": 1,
      "betweenness": 0.0,
      "closeness": 0.0,
      "pagerank": 0.021788844258308578,
      "degree_centrality": 0.03571428571428571,
      "cpd": {
        "values": [
          0.5,
          0.5,
          0.0,
          0.0
        ],
        "evidence": [],
        "evidence_card": []
      }
    },
    "1": {
      "type": "intermediate",
      "in_degree": 1,
      "out_degree": 4,
      "betweenness": 0.03571428571428571,
      "closeness": 0.03571428571428571,
      "pagerank": 0.040309734564589826,
      "degree_centrality": 0.17857142857142855,
      "cpd": {
        "values": [
          0.47353890929054054,
          0.223092408070347,
          0.5264610907094596,
          0.776907591929653
        ],
        "evidence": [
          0
        ],
        "evidence_card": [
          2
        ]
      }
    },
    "2": {
      "type": "intermediate",
      "in_degree": 1,
      "out_degree": 3,
      "betweenness": 0.018518518518518517,
      "closeness": 0.047619047619047616,
      "pagerank": 0.030354596628142636,
      "degree_centrality": 0.14285714285714285,
      "cpd": {
        "values": [
          0.17385441104497573,
          0.4162368756628077,
          0.8261455889550243,
          0.5837631243371924
        ],
        "evidence": [
          1
        ],
        "evidence_card": [
          2
        ]
      }
    },
    "3": {
      "type": "intermediate",
      "in_degree": 1,
      "out_degree": 2,
      "betweenness": 0.007936507936507936,
      "closeness": 0.047619047619047616,
      "pagerank": 0.030354596628142636,
      "degree_centrality": 0.10714285714285714,
      "cpd": {
        "values": [
          0.7851165571964742,
          0.5023036634866984,
          0.21488344280352573,
          0.49769633651330164
        ],
        "evidence": [
          1
        ],
        "evidence_card": [
          2
        ]
      }
    },
    "4": {
      "type": "intermediate",
      "in_degree": 1,
      "out_degree": 4,
      "betweenness": 0.023809523809523808,
      "closeness": 0.047619047619047616,
      "pagerank": 0.030354596628142636,
      "degree_centrality": 0.17857142857142855,
      "cpd": {
        "values": [
          0.6158097641024767,
          0.3903711878111173,
          0.3841902358975233,
          0.6096288121888828
        ],
        "evidence": [
          1
        ],
        "evidence_card": [
          2
        ]
      }
    },
    "5": {
      "type": "intermediate",
      "in_degree": 1,
      "out_degree": 2,
      "betweenness": 0.010582010582010581,
      "closeness": 0.047619047619047616,
      "pagerank": 0.030354596628142636,
      "degree_centrality": 0.10714285714285714,
      "cpd": {
        "values": [
          0.23248902910177993,
          0.37370390490884764,
          0.7675109708982201,
          0.6262960950911525
        ],
        "evidence": [
          1
        ],
        "evidence_card": [
          2
        ]
      }
    },
    "6": {
      "type": "intermediate",
      "in_degree": 1,
      "out_degree": 3,
      "betweenness": 0.009259259259259259,
      "closeness": 0.05357142857142857,
      "pagerank": 0.034689679902583086,
      "degree_centrality": 0.14285714285714285,
      "cpd": {
        "values": [
          0.049087960032697386,
          0.34647757071320184,
          0.9509120399673027,
          0.6535224292867982
        ],
        "evidence": [
          5
        ],
        "evidence_card": [
          2
        ]
      }
    },
    "7": {
      "type": "leaf",
      "in_degree": 2,
      "out_degree": 0,
      "betweenness": 0.0,
      "closeness": 0.09920634920634921,
      "pagerank": 0.04021822054909892,
      "degree_centrality": 0.07142857142857142,
      "cpd": {
        "values": [
          0.516943803151634,
          0.6173752610539766,
          0.704205610352303,
          0.8314935392764224
        ],
        "evidence": [
          2,
          6
        ],
        "evidence_card": [
          2,
          2
        ]
      }
    },
    "8": {
      "type": "leaf",
      "in_degree": 1,
      "out_degree": 0,
      "betweenness": 0.0,
      "closeness": 0.05714285714285714,
      "pagerank": 0.03161766345291592,
      "degree_centrality": 0.03571428571428571,
      "cpd": {
        "values": [
          0.6360881505078202,
          0.6473135583230256,
          0.3639118494921797,
          0.35268644167697444
        ],
        "evidence": [
          6
        ],
        "evidence_card": [
          2
        ]
      }
    },
    "9": {
      "type": "leaf",
      "in_degree": 1,
      "out_degree": 0,
      "betweenness": 0.0,
      "closeness": 0.05714285714285714,
      "pagerank": 0.03161766345291592,
      "degree_centrality": 0.03571428571428571,
      "cpd": {
        "values": [
          0.04200510070376556,
          0.5148437788618441,
          0.9579948992962344,
          0.48515622113815593
        ],
        "evidence": [
          6
        ],
        "evidence_card": [
          2
        ]
      }
    },
    "10": {
      "type": "intermediate",
      "in_degree": 1,
      "out_degree": 1,
      "betweenness": 0.003968253968253968,
      "closeness": 0.05357142857142857,
      "pagerank": 0.028239262080445828,
      "degree_centrality": 0.07142857142857142,
      "cpd": {
        "values": [
          0.5297298995523365,
          0.594121158893665,
          0.47027010044766343,
          0.40587884110633493
        ],
        "evidence": [
          4
        ],
        "evidence_card": [
          2
        ]
      }
    },
    "11": {
      "type": "intermediate",
      "in_degree": 1,
      "out_degree": 4,
      "betweenness": 0.015873015873015872,
      "closeness": 0.05357142857142857,
      "pagerank": 0.028239262080445828,
      "degree_centrality": 0.17857142857142855,
      "cpd": {
        "values": [
          0.5307513417596825,
          0.6165298638265472,
          0.46924865824031753,
          0.3834701361734529
        ],
        "evidence": [
          4
        ],
        "evidence_card": [
          2
        ]
      }
    },
    "12": {
      "type": "intermediate",
      "in_degree": 1,
      "out_degree": 1,
      "betweenness": 0.0013227513227513227,
      "closeness": 0.05357142857142857,
      "pagerank": 0.028239262080445828,
      "degree_centrality": 0.07142857142857142,
      "cpd": {
        "values": [
          0.6408617882531816,
          0.34206197470909055,
          0.35913821174681837,
          0.6579380252909094
        ],
        "evidence": [
          4
        ],
        "evidence_card": [
          2
        ]
      }
    },
    "13": {
      "type": "leaf",
      "in_degree": 2,
      "out_degree": 0,
      "betweenness": 0.0,
      "closeness": 0.09920634920634921,
      "pagerank": 0.058693353847634716,
      "degree_centrality": 0.07142857142857142,
      "cpd": {
        "values": [
          0.5521182337463615,
          0.7754019527523998,
          0.3642985920098901,
          0.0553109326312583
        ],
        "evidence": [
          5,
          12
        ],
        "evidence_card": [
          2,
          2
        ]
      }
    },
    "14": {
      "type": "leaf",
      "in_degree": 1,
      "out_degree": 0,
      "betweenness": 0.0,
      "closeness": 0.05714285714285714,
      "pagerank": 0.027789762744571483,
      "degree_centrality": 0.03571428571428571,
      "cpd": {
        "values": [
          0.6442828766737994,
          0.45542527386675924,
          0.3557171233262006,
          0.5445747261332408
        ],
        "evidence": [
          11
        ],
        "evidence_card": [
          2
        ]
      }
    },
    "15": {
      "type": "leaf",
      "in_degree": 1,
      "out_degree": 0,
      "betweenness": 0.0,
      "closeness": 0.05714285714285714,
      "pagerank": 0.027789762744571483,