,success_rate,mae_when_successful,mae_std,time_ms_median,expected_mae
VE-Exact,1.0,0.0,0.0,2.723813056945801,0.0
BP-Approx,0.2916666666666667,1.4485647304678702e-13,3.831314340659474e-13,8.609453837076822,0.3541666666667089
Sampling-10000,1.0,0.08235947675847237,0.10770712709226822,215.69116910298666,0.08235947675847237
