,MAE,MAE,MAE,MAE,MAE,RMSE,RMSE,Time_ms,Time_ms,Time_ms,Time_ms,Time_ms,Success_Rate
,mean,std,median,min,max,mean,std,mean,std,median,min,max,mean
Method,,,,,,,,,,,,,
BP-Approx,0.0,0.0,0.0,0.0,0.0,0.0,0.0,12314.266453,25798.735116,33.868353,2.16186,74157.351176,0.75
Sampling-10000,0.082262,0.107698,0.018619,0.0,0.332493,0.121264,0.161238,828.636717,1099.199964,211.939017,12.449622,3004.751603,1.0
VE-Exact,0.0,0.0,0.0,0.0,0.0,0.0,0.0,17.35783,24.790157,2.889097,0.272393,66.054026,1.0
